F1,F2,p,pi,A_exact,inflation,gap_abs,gap_abs_m2,gap_abs_m3
0.005,0.005,0.01,0.5,0.005012562893380035,1.002512578676007,1.2562893380034697e-05,2.5125786760069393e-05,3.768868014010409e-05
0.005,0.01,0.015,0.33333333333333337,0.005025210439853933,1.0050420879707866,2.5210439853933127e-05,5.0420879707866254e-05,7.563131956179938e-05
0.005,0.015,0.02,0.25,0.005037943607311912,1.0075887214623824,3.794360731191205e-05,7.58872146238241e-05,0.00011383082193573615
0.005,0.02,0.025,0.19999999999999998,0.005050763379468082,1.0101526758936163,5.076337946808163e-05,0.00010152675893616327,0.0001522901384042449
0.005,0.025,0.030000000000000002,0.16666666666666666,0.005063670756198957,1.0127341512397914,6.36707561989568e-05,0.0001273415123979136,0.0001910122685968704
0.005,0.03,0.034999999999999996,0.14285714285714288,0.005076666753891401,1.0153333507782802,7.66667538914011e-05,0.0001533335077828022,0.0002300002616742033
0.005,0.035,0.04,0.125,0.005089752405799675,1.017950481159935,8.975240579967448e-05,0.00017950481159934896,0.00026925721739902344
0.005,0.04,0.045,0.11111111111111112,0.005102928762411141,1.0205857524822282,0.00010292876241114069,0.00020585752482228138,0.0003087862872334221
0.005,0.045,0.049999999999999996,0.1,0.005116196891823743,1.0232393783647487,0.00011619689182374316,0.00023239378364748632,0.0003485906754712295
0.005,0.05,0.055,0.09090909090909091,0.0051295578801315855,1.025911576026317,0.00012955788013158543,0.00025911576026317086,0.0003886736403947563
0.005,0.055,0.06,0.08333333333333334,0.005143012831822946,1.0286025663645892,0.00014301283182294611,0.00028602566364589223,0.00042903849546883834
0.005,0.06,0.065,0.07692307692307693,0.005156562870187509,1.0313125740375018,0.0001565628701875087,0.0003131257403750174,0.0004696886105625261
0.005,0.065,0.07,0.07142857142857142,0.005170209137735915,1.034041827547183,0.00017020913773591485,0.0003404182754718297,0.0005106274132077445
0.005,0.07,0.07500000000000001,0.06666666666666665,0.005183952796630864,1.0367905593261728,0.00018395279663086395,0.0003679055932617279,0.0005518583898925919
0.005,0.075,0.08,0.0625,0.005197795029129426,1.0395590058258852,0.00019779502912942604,0.0003955900582588521,0.0005933850873882781
0.005,0.08,0.085,0.058823529411764705,0.005211737038038566,1.0423474076077133,0.00021173703803856626,0.0004234740760771325,0.0006352111141156988
0.005,0.085,0.09000000000000001,0.05555555555555555,0.005225780047183326,1.0451560094366652,0.0002257800471833259,0.0004515600943666518,0.0006773401415499777
0.005,0.09,0.095,0.05263157894736842,0.005239925301887438,1.0479850603774876,0.000239925301887438,0.000479850603774876,0.000719775905662314
0.005,0.095,0.1,0.049999999999999996,0.005254174069468931,1.0508348138937862,0.00025417406946893085,0.0005083481389378617,0.0007625222084067925
0.005,0.1,0.10500000000000001,0.047619047619047616,0.005268527639749054,1.0537055279498109,0.00026852763974905425,0.0005370552794981085,0.0008055829192471628
0.005,0.105,0.11,0.045454545454545456,0.005282987325575639,1.0565974651151278,0.00028298732557563867,0.0005659746511512773,0.000848961976726916
0.005,0.11,0.115,0.043478260869565216,0.005297554463362442,1.0595108926724883,0.0002975544633624415,0.000595108926724883,0.0008926633900873246
0.005,0.115,0.12000000000000001,0.041666666666666664,0.005312230413643371,1.0624460827286741,0.00031223041364337057,0.0006244608272867411,0.0009366912409301117
0.005,0.12,0.125,0.04,0.00532701656164325,1.06540331232865,0.00032701656164324956,0.0006540331232864991,0.0009810496849297487
0.005,0.125,0.13,0.038461538461538464,0.005341914317865459,1.0683828635730919,0.00034191431786545923,0.0006838286357309185,0.0010257429535963777
0.005,0.13,0.135,0.037037037037037035,0.005356925118696787,1.0713850237393574,0.0003569251186967869,0.0007138502373935738,0.0010707753560903607
0.005,0.135,0.14,0.03571428571428571,0.0053720504270300395,1.074410085406008,0.00037205042703003944,0.0007441008540600789,0.0011161512810901183
0.005,0.14,0.14500000000000002,0.034482758620689655,0.005387291732905974,1.0774583465811949,0.0003872917329059743,0.0007745834658119486,0.001161875198717923
0.005,0.145,0.15,0.03333333333333333,0.00540265055417366,1.080530110834732,0.00040265055417366014,0.0008053011083473203,0.0012079516625209804
0.005,0.15,0.155,0.03225806451612903,0.005418128437171377,1.0836256874342753,0.0004181284371713766,0.0008362568743427532,0.0012543853115141298
0.005,0.155,0.16,0.03125,0.005433726957428164,1.0867453914856329,0.00043372695742816426,0.0008674539148563285,0.0013011808722844928
0.005,0.16,0.165,0.030303030303030304,0.005449447720386691,1.0898895440773382,0.0004494477203866908,0.0008988954407733816,0.0013483431611600724
0.005,0.165,0.17,0.029411764705882353,0.005465292362148655,1.093058472429731,0.0004652923621486548,0.0009305847242973096,0.0013958770864459643
0.005,0.17,0.17500000000000002,0.02857142857142857,0.005481262550242505,1.096252510048501,0.00048126255024250487,0.0009625251004850097,0.0014437876507275146
0.005,0.175,0.18,0.02777777777777778,0.005497359984416361,1.0994719968832722,0.0004973599844163611,0.0009947199688327222,0.0014920799532490833
0.005,0.18,0.185,0.02702702702702703,0.005513586397454473,1.1027172794908946,0.0005135863974544729,0.0010271727949089458,0.0015407591923634186
0.005,0.185,0.19,0.02631578947368421,0.0055299435560203225,1.1059887112040645,0.0005299435560203224,0.0010598871120406448,0.0015898306680609672
0.005,0.19,0.195,0.02564102564102564,0.00554643326152604,1.109286652305208,0.0005464332615260402,0.0010928665230520804,0.0016392997845781207
0.005,0.195,0.2,0.024999999999999998,0.005563057351029577,1.1126114702059153,0.0005630573510295766,0.001126114702059153,0.0016891720530887297
0.005,0.2,0.20500000000000002,0.024390243902439022,0.0055798176981611824,1.1159635396322365,0.0005798176981611823,0.0011596353963223647,0.001739453094483547
0.005,0.205,0.21,0.02380952380952381,0.005596716214078867,1.1193432428157735,0.0005967162140788672,0.0011934324281577344,0.0017901486422366017
0.005,0.21,0.215,0.023255813953488372,0.005613754848455832,1.1227509696911664,0.0006137548484558318,0.0012275096969116637,0.0018412645453674955
0.005,0.215,0.22,0.022727272727272728,0.005630935590499875,1.126187118099975,0.0006309355904998747,0.0012618711809997494,0.001892806771499624
0.005,0.22,0.225,0.022222222222222223,0.005648260470006217,1.1296520940012433,0.0006482604700062166,0.0012965209400124331,0.0019447814100186497
0.005,0.225,0.23,0.021739130434782608,0.005665731558445408,1.1331463116890816,0.0006657315584454081,0.0013314631168908162,0.0019971946753362243
0.005,0.23,0.23500000000000001,0.02127659574468085,0.00568335097008732,1.136670194017464,0.0006833509700873196,0.0013667019401746392,0.002050052910261959
0.005,0.235,0.24,0.020833333333333336,0.0057011208631631005,1.14022417263262,0.0007011208631631004,0.0014022417263262008,0.0021033625894893012
0.005,0.24,0.245,0.020408163265306124,0.005719043441066551,1.1438086882133103,0.0007190434410665513,0.0014380868821331026,0.002157130323199654
0.005,0.245,0.25,0.02,0.005737120953595243,1.1474241907190486,0.0007371209535952427,0.0014742419071904853,0.002211362860785728
0.005,0.25,0.255,0.0196078431372549,0.00575535569823582,1.151071139647164,0.00075535569823582,0.00151071139647164,0.00226606709470746
0.005,0.255,0.26,0.019230769230769232,0.005773750021492163,1.1547500042984327,0.0007737500214921632,0.0015475000429843264,0.0023212500644764896
0.005,0.26,0.265,0.018867924528301886,0.005792306320260399,1.1584612640520797,0.0007923063202603985,0.001584612640520797,0.0023769189607811955
0.005,0.265,0.27,0.018518518518518517,0.005811027043251538,1.1622054086503075,0.0008110270432515375,0.001622054086503075,0.0024330811297546126
0.005,0.27,0.275,0.01818181818181818,0.005829914692464189,1.1659829384928377,0.0008299146924641886,0.0016598293849283772,0.0024897440773925658
0.005,0.275,0.28,0.017857142857142856,0.00584897182470967,1.169794364941934,0.0008489718247096699,0.0016979436494193399,0.0025469154741290098
0.005,0.28,0.28500000000000003,0.017543859649122806,0.005868201053190858,1.1736402106381716,0.0008682010531908578,0.0017364021063817157,0.0026046031595725735
0.005,0.285,0.29,0.01724137931034483,0.005887605049138767,1.1775210098277533,0.0008876050491387665,0.001775210098277533,0.0026628151474162995
0.005,0.29,0.295,0.01694915254237288,0.005907186543506637,1.1814373087013275,0.0009071865435066372,0.0018143730870132744,0.0027215596305199116
0.005,0.295,0.3,0.016666666666666666,0.005926948328727311,1.1853896657454621,0.0009269483287273105,0.001853896657454621,0.0027808449861819315
0.005,0.3,0.305,0.01639344262295082,0.005946893260533881,1.1893786521067762,0.0009468932605338808,0.0018937865210677616,0.0028406797816016424
0.005,0.305,0.31,0.016129032258064516,0.005967024259848075,1.193404851969615,0.0009670242598480748,0.0019340485196961497,0.0029010727795442245
0.005,0.31,0.315,0.015873015873015872,0.005987344314738574,1.1974688629477148,0.000987344314738574,0.001974688629477148,0.002962032944215722
0.005,0.315,0.32,0.015625,0.0060078564824528335,1.2015712964905667,0.0010078564824528334,0.002015712964905667,0.0030235694473585003
0.005,0.32,0.325,0.015384615384615384,0.006028563891525174,1.2057127783050348,0.0010285638915251737,0.0020571277830503474,0.003085691674575521
0.005,0.325,0.33,0.015151515151515152,0.00604946974396503,1.209893948793006,0.0010494697439650301,0.0020989394879300603,0.0031484092318950904
0.005,0.33,0.335,0.014925373134328358,0.006070577317529691,1.2141154635059381,0.0010705773175296905,0.002141154635059381,0.0032117319525890716
0.005,0.335,0.34,0.014705882352941176,0.006091889968083297,1.2183779936166594,0.001091889968083297,0.002183779936166594,0.0032756699042498913
0.005,0.34,0.34500000000000003,0.014492753623188404,0.006113411132048219,1.2226822264096437,0.0011134111320482186,0.0022268222640964373,0.003340233396144656
0.005,0.345,0.35,0.014285714285714287,0.006135144328952902,1.2270288657905803,0.0011351443289529016,0.0022702886579058033,0.003405432986858705
0.005,0.35,0.355,0.014084507042253521,0.006157093164078642,1.2314186328157284,0.0011570931640786418,0.0023141863281572837,0.0034712794922359255
0.005,0.355,0.36,0.01388888888888889,0.0061792613312130484,1.2358522662426097,0.0011792613312130483,0.0023585226624260967,0.003537783993639145
0.005,0.36,0.365,0.013698630136986302,0.006201652615512754,1.2403305231025508,0.0012016526155127537,0.0024033052310255074,0.003604957846538261
0.005,0.365,0.37,0.013513513513513514,0.0062242708964821425,1.2448541792964285,0.0012242708964821424,0.0024485417929642848,0.003672812689446427
0.005,0.37,0.375,0.013333333333333334,0.00624712015107276,1.249424030214552,0.0012471201510727602,0.0024942403021455204,0.0037413604532182806
0.005,0.375,0.38,0.013157894736842105,0.006270204456910178,1.2540408913820356,0.0012702044569101777,0.0025404089138203554,0.003810613370730533
0.005,0.38,0.385,0.012987012987012986,0.006293527995654191,1.2587055991308382,0.001293527995654191,0.002587055991308382,0.0038805839869625732
0.005,0.385,0.39,0.01282051282051282,0.006317095056498134,1.2634190112996269,0.0013170950564981342,0.0026341901129962684,0.003951285169494403
0.005,0.39,0.395,0.012658227848101266,0.006340910039816183,1.2681820079632367,0.0013409100398161832,0.0026818200796323664,0.0040227301194485495
0.005,0.395,0.4,0.012499999999999999,0.006364977460964649,1.2729954921929298,0.0013649774609646491,0.0027299549219292982,0.004094932382893947
0.005,0.4,0.405,0.012345679012345678,0.006389301954244808,1.2778603908489616,0.001389301954244808,0.002778603908489616,0.004167905862734424
0.005,0.405,0.41000000000000003,0.012195121951219511,0.006413888277037705,1.282777655407541,0.0014138882770377047,0.0028277765540754094,0.004241664831113114
0.005,0.41,0.415,0.012048192771084338,0.00643874131411637,1.287748262823274,0.0014387413141163695,0.002877482628232739,0.004316223942349109
0.005,0.415,0.42,0.011904761904761906,0.006463866082149106,1.2927732164298211,0.0014638660821491055,0.002927732164298211,0.004391598246447317
0.005,0.42,0.425,0.011764705882352941,0.006489267734399173,1.2978535468798347,0.0014892677343991733,0.0029785354687983465,0.00446780320319752
0.005,0.425,0.43,0.011627906976744186,0.0065149515656355295,1.302990313127106,0.0015149515656355294,0.0030299031312710587,0.004544854696906588
0.005,0.43,0.435,0.011494252873563218,0.006540923017262834,1.3081846034525668,0.001540923017262834,0.003081846034525668,0.004622769051788502
0.005,0.435,0.44,0.011363636363636364,0.006567187682684272,1.3134375365368545,0.0015671876826842722,0.0031343753653685445,0.004701563048052817
0.005,0.44,0.445,0.011235955056179775,0.006593751312909735,1.318750262581947,0.0015937513129097346,0.003187502625819469,0.004781253938729204
0.005,0.445,0.45,0.011111111111111112,0.0066206198224215695,1.324123964484314,0.0016206198224215694,0.003241239644843139,0.004861859467264708
0.005,0.45,0.455,0.010989010989010988,0.006647799295314338,1.3295598590628677,0.0016477992953143382,0.0032955985906286765,0.004943397885943015
0.005,0.455,0.46,0.010869565217391304,0.00667529599172223,1.335059198344446,0.0016752959917222298,0.0033505919834444595,0.005025887975166689
0.005,0.46,0.465,0.01075268817204301,0.0067031163545504535,1.3406232709100907,0.0017031163545504534,0.003406232709100907,0.00510934906365136
0.005,0.465,0.47000000000000003,0.010638297872340425,0.006731267016529374,1.3462534033058748,0.001731267016529374,0.003462534033058748,0.005193801049588122
0.005,0.47,0.475,0.010526315789473686,0.006759754807608376,1.3519509615216752,0.0017597548076083757,0.0035195096152167513,0.005279264422825127
0.005,0.475,0.48,0.010416666666666668,0.006788586762710103,1.3577173525420205,0.0017885867627101025,0.003577173525420205,0.005365760288130308
0.005,0.48,0.485,0.010309278350515464,0.006817770129866396,1.3635540259732792,0.001817770129866396,0.003635540259732792,0.005453310389599188
0.005,0.485,0.49,0.010204081632653062,0.006847312378757131,1.3694624757514262,0.001847312378757131,0.003694624757514262,0.005541937136271393
0.005,0.49,0.495,0.010101010101010102,0.006877221209678486,1.3754442419356971,0.0018772212096784856,0.0037544424193569712,0.005631663629035457
0.005,0.495,0.5,0.01,0.006907504562964073,1.3815009125928146,0.001907504562964073,0.003815009125928146,0.005722513688892219
0.005,0.5,0.505,0.009900990099009901,0.006938170628888574,1.3876341257777147,0.0019381706288885735,0.003876341257777147,0.0058145118866657205
0.005,0.505,0.51,0.00980392156862745,0.00696922785808185,1.39384557161637,0.00196922785808185,0.0039384557161637,0.00590768357424555
0.005,0.51,0.515,0.009708737864077669,0.007000684972487625,1.400136994497525,0.002000684972487625,0.00400136994497525,0.006002054917462875
0.005,0.515,0.52,0.009615384615384616,0.007032550976898033,1.4065101953796066,0.002032550976898033,0.004065101953796066,0.006097652930694099
0.005,0.52,0.525,0.009523809523809523,0.0070648351711039,1.41296703422078,0.0020648351711039003,0.0041296703422078005,0.006194505513311701
0.005,0.525,0.53,0.009433962264150943,0.007097547162697282,1.4195094325394564,0.002097547162697282,0.004195094325394564,0.0062926414880918454
0.005,0.53,0.535,0.009345794392523364,0.007130696880570775,1.426139376114155,0.0021306968805707748,0.0042613937611415496,0.006392090641712324
0.005,0.535,0.54,0.009259259259259259,0.007164294589158682,1.4328589178317364,0.0021642945891586817,0.004328589178317363,0.006492883767476045
0.005,0.54,0.545,0.009174311926605503,0.007198350903468431,1.4396701806936862,0.002198350903468431,0.004396701806936862,0.006595052710405293
0.005,0.545,0.55,0.00909090909090909,0.007232876804956434,1.4465753609912868,0.002232876804956434,0.004465753609912868,0.006698630414869302
0.005,0.55,0.555,0.009009009009009009,0.007267883658305552,1.4535767316611103,0.0022678836583055516,0.004535767316611103,0.006803650974916655
0.005,0.555,0.56,0.008928571428571428,0.007303383229164018,1.4606766458328035,0.0023033832291640176,0.004606766458328035,0.006910149687492053
0.005,0.56,0.5650000000000001,0.008849557522123894,0.0073393877029162,1.46787754058324,0.0023393877029162,0.0046787754058324,0.0070181631087486
0.005,0.565,0.57,0.008771929824561405,0.007375909704553707,1.4751819409107414,0.002375909704553707,0.004751819409107414,0.007127729113661121
0.005,0.57,0.575,0.008695652173913044,0.007412962319727212,1.4825924639454424,0.002412962319727212,0.004825924639454424,0.007238886959181636
0.005,0.575,0.58,0.008620689655172415,0.007450559117063271,1.4901118234126542,0.002450559117063271,0.004901118234126542,0.007351677351189813
0.005,0.58,0.585,0.008547008547008548,0.00748871417183794,1.497742834367588,0.00248871417183794,0.00497742834367588,0.00746614251551382
0.005,0.585,0.59,0.00847457627118644,0.007527442091106229,1.5054884182212458,0.002527442091106229,0.005054884182212458,0.007582326273318687
0.005,0.59,0.595,0.008403361344537816,0.007566758040397192,1.5133516080794385,0.0025667580403971922,0.0051335160807943845,0.007700274121191577
0.005,0.595,0.6,0.008333333333333333,0.007606677772091119,1.5213355544182239,0.0026066777720911193,0.005213355544182239,0.007820033316273359
0.005,0.6,0.605,0.008264462809917356,0.007647217655608052,1.5294435311216104,0.0026472176556080517,0.005294435311216103,0.007941652966824156
0.01,0.005,0.015,0.6666666666666667,0.01002516813974319,1.002516813974319,2.516813974319e-05,5.033627948638e-05,7.550441922957e-05
0.01,0.01,0.02,0.5,0.01005050633883342,1.005050633883342,5.0506338833420164e-05,0.00010101267766684033,0.0001515190165002605
0.01,0.015,0.025,0.39999999999999997,0.010076016548220768,1.0076016548220768,7.601654822076732e-05,0.00015203309644153465,0.00022804964466230197
0.01,0.02,0.03,0.33333333333333337,0.01010170075087069,1.010170075087069,0.00010170075087068998,0.00020340150174137997,0.00030510225261206995
0.01,0.025,0.035,0.2857142857142857,0.01012756096245282,1.012756096245282,0.00012756096245281935,0.0002551219249056387,0.00038268288735845805
0.01,0.03,0.04,0.25,0.01015359923204695,1.015359923204695,0.00015359923204695015,0.0003071984640939003,0.00046079769614085046
0.01,0.035,0.045000000000000005,0.2222222222222222,0.010179817642868016,1.0179817642868016,0.00017981764286801628,0.00035963528573603257,0.0005394529286040489
0.01,0.04,0.05,0.19999999999999998,0.010206218313011495,1.0206218313011495,0.00020621831301149453,0.00041243662602298906,0.0006186549390344836
0.01,0.045,0.055,0.18181818181818182,0.010232803396217682,1.0232803396217682,0.0002328033962176821,0.0004656067924353642,0.0006984101886530463
0.01,0.05,0.060000000000000005,0.16666666666666666,0.010259575082657624,1.0259575082657624,0.00025957508265762354,0.0005191501653152471,0.0007787252479728706
0.01,0.055,0.065,0.15384615384615385,0.010286535599740687,1.0286535599740687,0.0002865355997406869,0.0005730711994813738,0.0008596067992220607
0.01,0.06,0.06999999999999999,0.14285714285714288,0.0103136872129439,1.03136872129439,0.00031368721294390035,0.0006273744258878007,0.0009410616388317011
0.01,0.065,0.075,0.13333333333333333,0.010341032226663938,1.0341032226663938,0.0003410322266639374,0.0006820644533278748,0.0010230966799918122
0.01,0.07,0.08,0.125,0.010368572985093971,1.0368572985093971,0.000368572985093971,0.000737145970187942,0.001105718955281913
0.01,0.075,0.08499999999999999,0.11764705882352942,0.01039631187312351,1.039631187312351,0.00039631187312350914,0.0007926237462470183,0.0011889356193705274
0.01,0.08,0.09,0.11111111111111112,0.010424251317265099,1.0424251317265099,0.00042425131726509836,0.0008485026345301967,0.001272753951795295
0.01,0.085,0.095,0.10526315789473684,0.010452393786605452,1.0452393786605452,0.0004523937866054515,0.000904787573210903,0.0013571813598163545
0.01,0.09,0.09999999999999999,0.1,0.010480741793785553,1.0480741793785553,0.0004807417937855527,0.0009614835875711054,0.0014422253813566582
0.01,0.095,0.105,0.09523809523809525,0.010509297896007297,1.0509297896007297,0.0005092978960072967,0.0010185957920145934,0.0015278936880218901
0.01,0.1,0.11,0.09090909090909091,0.010538064696069105,1.0538064696069105,0.0005380646960691047,0.0010761293921382094,0.001614194088207314
0.01,0.105,0.11499999999999999,0.08695652173913045,0.010567044843432516,1.0567044843432516,0.0005670448434325157,0.0011340896868650314,0.0017011345302975472
0.01,0.11,0.12,0.08333333333333334,0.010596241035318976,1.0596241035318976,0.000596241035318976,0.001192482070637952,0.001788723105956928
0.01,0.115,0.125,0.08,0.01062565601783838,1.062565601783838,0.0006256560178383806,0.0012513120356767611,0.0018769680535151417
0.01,0.12,0.13,0.07692307692307693,0.010655292587151477,1.0655292587151477,0.0006552925871514768,0.0013105851743029535,0.0019658777614544303
0.01,0.125,0.135,0.07407407407407407,0.010685153590666241,1.068515359066624,0.0006851535906662407,0.0013703071813324814,0.002055460771998722
0.01,0.13,0.14,0.07142857142857142,0.010715241928269559,1.0715241928269559,0.0007152419282695586,0.0014304838565391172,0.0021457257848086757
0.01,0.135,0.14500000000000002,0.06896551724137931,0.010745560553596545,1.0745560553596545,0.0007455605535965446,0.0014911211071930892,0.002236681660789634
0.01,0.14,0.15000000000000002,0.06666666666666665,0.01077611247533683,1.077611247533683,0.0007761124753368296,0.0015522249506736592,0.002328337426010489
0.01,0.145,0.155,0.06451612903225806,0.01080690075858104,1.080690075858104,0.0008069007585810393,0.0016138015171620786,0.002420702275743118
0.01,0.15,0.16,0.0625,0.010837928526208351,1.0837928526208351,0.0008379285262083511,0.0016758570524167023,0.0025137855786250534
0.01,0.155,0.165,0.06060606060606061,0.01086919896031624,1.086919896031624,0.0008691989603162396,0.0017383979206324791,0.0026075968809487187
0.01,0.16,0.17,0.058823529411764705,0.01090071530369352,1.090071530369352,0.0009007153036935198,0.0018014306073870397,0.0027021459110805595
0.01,0.165,0.17500000000000002,0.05714285714285714,0.010932480861340355,1.0932480861340355,0.0009324808613403544,0.0018649617226807087,0.002797442584021063
0.01,0.17,0.18000000000000002,0.05555555555555555,0.010964499002034445,1.0964499002034445,0.0009644990020344444,0.0019289980040688888,0.002893497006103333
0.01,0.175,0.185,0.05405405405405406,0.010996773159946738,1.0996773159946738,0.0009967731599467376,0.001993546319893475,0.0029903194798402127
0.01,0.18,0.19,0.05263157894736842,0.011029306836307873,1.1029306836307873,0.0010293068363078726,0.002058613672615745,0.0030879205089236177
0.01,0.185,0.195,0.05128205128205128,0.011062103601127471,1.106210360112747,0.0010621036011274707,0.0021242072022549414,0.003186310803382412
0.01,0.19,0.2,0.049999999999999996,0.011095167094968383,1.1095167094968383,0.0010951670949683832,0.0021903341899367663,0.0032855012849051495
0.01,0.195,0.20500000000000002,0.048780487804878044,0.011128501030777671,1.112850103077767,0.0011285010307776708,0.0022570020615553417,0.0033855030923330125
0.01,0.2,0.21000000000000002,0.047619047619047616,0.01116210919577676,1.116210919577676,0.001162109195776759,0.002324218391553518,0.0034863275873302773
0.01,0.205,0.215,0.046511627906976744,0.011195995453413099,1.11959954534131,0.0011959954534130988,0.0023919909068261976,0.0035879863602392963
0.01,0.21,0.22,0.045454545454545456,0.011230163745375443,1.1230163745375443,0.001230163745375443,0.002460327490750886,0.003690491236126329
0.01,0.215,0.225,0.044444444444444446,0.011264618093675405,1.1264618093675405,0.0012646180936754046,0.002529236187350809,0.0037938542810262137
0.01,0.22,0.23,0.043478260869565216,0.011299362602798402,1.1299362602798402,0.0012993626027984016,0.002598725205596803,0.0038980878083952047
0.01,0.225,0.23500000000000001,0.0425531914893617,0.011334401461925436,1.1334401461925436,0.001334401461925436,0.002668802923850872,0.004003204385776308
0.01,0.23,0.24000000000000002,0.041666666666666664,0.011369738947229924,1.1369738947229924,0.0013697389472299235,0.002739477894459847,0.004109216841689771
0.01,0.235,0.245,0.04081632653061225,0.011405379424252238,1.1405379424252238,0.0014053794242522375,0.002810758848504475,0.0042161382727567125
0.01,0.24,0.25,0.04,0.011441327350354302,1.1441327350354302,0.001441327350354302,0.002882654700708604,0.004323982051062906
0.01,0.245,0.255,0.0392156862745098,0.011477587277258339,1.1477587277258339,0.0014775872772583385,0.002955174554516677,0.0044327618317750155
0.01,0.25,0.26,0.038461538461538464,0.011514163853673653,1.1514163853673653,0.0015141638536736533,0.0030283277073473065,0.00454249156102096
0.01,0.255,0.265,0.03773584905660377,0.011551061828013132,1.1551061828013132,0.0015510618280131314,0.003102123656026263,0.004653185484039394
0.01,0.26,0.27,0.037037037037037035,0.011588286051205654,1.1588286051205654,0.0015882860512056538,0.0031765721024113076,0.0047648581536169615
0.01,0.265,0.275,0.03636363636363636,0.011625841479606991,1.162584147960699,0.0016258414796069907,0.0032516829592139813,0.004877524438820972
0.01,0.27,0.28,0.03571428571428571,0.011663733178012947,1.1663733178012947,0.001663733178012947,0.003327466356025894,0.004991199534038841
0.01,0.275,0.28500000000000003,0.03508771929824561,0.011701966322781088,1.1701966322781088,0.0017019663227810875,0.003403932645562175,0.0051058989683432626
0.01,0.28,0.29000000000000004,0.034482758620689655,0.011740546205062818,1.1740546205062818,0.0017405462050628182,0.0034810924101256364,0.005221638615188455
0.01,0.285,0.295,0.03389830508474576,0.011779478234153484,1.1779478234153484,0.001779478234153484,0.003558956468306968,0.005338434702460452
0.01,0.29,0.3,0.03333333333333333,0.011818767940963149,1.1818767940963149,0.0018187679409631483,0.0036375358819262966,0.005456303822889445
0.01,0.295,0.305,0.03278688524590164,0.011858420981615492,1.1858420981615492,0.0018584209816154915,0.003716841963230983,0.005575262944846475
0.01,0.3,0.31,0.03225806451612903,0.011898443141178494,1.1898443141178494,0.001898443141178494,0.003796886282356988,0.005695329423535482
0.01,0.305,0.315,0.031746031746031744,0.011938840337534007,1.1938840337534007,0.0019388403375340067,0.0038776806750680133,0.00581652101260202
0.01,0.31,0.32,0.03125,0.011979618625391986,1.1979618625391986,0.0019796186253919854,0.003959237250783971,0.005938855876175956
0.01,0.315,0.325,0.030769230769230767,0.012020784200456158,1.2020784200456158,0.002020784200456158,0.004041568400912316,0.006062352601368474
0.01,0.32,0.33,0.030303030303030304,0.012062343403747011,1.2062343403747011,0.002062343403747011,0.004124686807494022,0.006187030211241033
0.01,0.325,0.335,0.029850746268656716,0.01210430272609131,1.210430272609131,0.002104302726091309,0.004208605452182618,0.006312908178273928
0.01,0.33,0.34,0.029411764705882353,0.012146668812783257,1.2146668812783257,0.0021466688127832565,0.004293337625566513,0.0064400064383497695
0.01,0.335,0.34500000000000003,0.02898550724637681,0.012189448468427067,1.2189448468427067,0.0021894484684270663,0.004378896936854133,0.006568345405281199
0.01,0.34,0.35000000000000003,0.02857142857142857,0.012232648661968715,1.2232648661968715,0.0022326486619687145,0.004465297323937429,0.0066979459859061435
0.01,0.345,0.355,0.028169014084507043,0.01227627653192609,1.227627653192609,0.002276276531926089,0.004552553063852178,0.006828829595778267
0.01,0.35,0.36,0.02777777777777778,0.01232033939182664,1.232033939182664,0.00232033939182664,0.00464067878365328,0.00696101817547992
0.01,0.355,0.365,0.027397260273972605,0.012364844735861968,1.2364844735861968,0.002364844735861968,0.004729689471723936,0.007094534207585905
0.01,0.36,0.37,0.02702702702702703,0.012409800244771452,1.2409800244771452,0.0024098002447714515,0.004819600489542903,0.0072294007343143545
0.01,0.365,0.375,0.02666666666666667,0.01245521379196357,1.245521379196357,0.0024552137919635706,0.004910427583927141,0.007365641375890712
0.01,0.37,0.38,0.02631578947368421,0.012501093449889034,1.2501093449889034,0.0025010934498890334,0.005002186899778067,0.0075032803496671
0.01,0.375,0.385,0.025974025974025972,0.012547447496676245,1.2547447496676245,0.002547447496676245,0.00509489499335249,0.0076423424900287345
0.01,0.38,0.39,0.02564102564102564,0.012594284423043334,1.2594284423043334,0.0025942844230433335,0.005188568846086667,0.007782853269130001
0.01,0.385,0.395,0.02531645569620253,0.012641612939499391,1.2641612939499391,0.0026416129394993913,0.0052832258789987825,0.007924838818498174
0.01,0.39,0.4,0.024999999999999998,0.012689441983850691,1.268944198385069,0.002689441983850691,0.005378883967701382,0.008068325951552073
0.01,0.395,0.405,0.024691358024691357,0.012737780729027204,1.2737780729027204,0.0027377807290272036,0.005475561458054407,0.00821334218708161
0.01,0.4,0.41000000000000003,0.024390243902439022,0.012786638591244959,1.2786638591244959,0.0027866385912449585,0.005573277182489917,0.008359915773734876
0.01,0.405,0.41500000000000004,0.024096385542168672,0.012836025238522675,1.2836025238522675,0.0028360252385226745,0.005672050477045349,0.008508075715568024
0.01,0.41,0.42,0.02380952380952381,0.012885950599570206,1.2885950599570206,0.002885950599570206,0.005771901199140412,0.008657851798710618
0.01,0.415,0.425,0.023529411764705882,0.012936424873069674,1.2936424873069674,0.002936424873069674,0.005872849746139348,0.008809274619209021
0.01,0.42,0.43,0.023255813953488372,0.012987458537368601,1.2987458537368601,0.002987458537368601,0.005974917074737202,0.008962375612105803
0.01,0.425,0.435,0.022988505747126436,0.013039062360607923,1.3039062360607923,0.0030390623606079224,0.006078124721215845,0.009117187081823767
0.01,0.43,0.44,0.022727272727272728,0.01309124741130907,1.309124741130907,0.0030912474113090702,0.0061824948226181405,0.00927374223392721
0.01,0.435,0.445,0.02247191011235955,0.0131440250694429,1.31440250694429,0.0031440250694428993,0.006288050138885799,0.009432075208328698
0.01,0.44,0.45,0.022222222222222223,0.013197407038009978,1.3197407038009978,0.003197407038009978,0.006394814076019956,0.009592221114029935
0.01,0.445,0.455,0.021978021978021976,0.013251405355158008,1.3251405355158008,0.003251405355158008,0.006502810710316016,0.009754216065474023
0.01,0.45,0.46,0.021739130434782608,0.013306032406867452,1.3306032406867452,0.0033060324068674516,0.006612064813734903,0.009918097220602355
0.01,0.455,0.465,0.02150537634408602,0.013361300940238352,1.3361300940238352,0.003361300940238352,0.006722601880476704,0.010083902820715055
0.01,0.46,0.47000000000000003,0.02127659574468085,0.013417224077410972,1.3417224077410972,0.0034172240774109717,0.006834448154821943,0.010251672232232915
0.01,0.465,0.47500000000000003,0.021052631578947368,0.013473815330157679,1.347381533015768,0.003473815330157679,0.006947630660315358,0.010421445990473037
0.01,0.47,0.48,0.020833333333333336,0.013531088615185372,1.3531088615185372,0.0035310886151853713,0.007062177230370743,0.010593265845556114
0.01,0.475,0.485,0.020618556701030927,0.01358905827018897,1.358905827018897,0.0035890582701889693,0.007178116540377939,0.010767174810566908
0.01,0.48,0.49,0.020408163265306124,0.013647739070701936,1.3647739070701936,0.003647739070701936,0.007295478141403872,0.010943217212105808
0.01,0.485,0.495,0.020202020202020204,0.013707146247790125,1.3707146247790125,0.003707146247790125,0.00741429249558025,0.011121438743370375
0.01,0.49,0.5,0.02,0.013767295506640798,1.3767295506640798,0.0037672955066407974,0.007534591013281595,0.011301886519922392
0.01,0.495,0.505,0.019801980198019802,0.01382820304610155,1.382820304610155,0.00382820304610155,0.0076564060922031,0.01148460913830465
0.01,0.5,0.51,0.0196078431372549,0.01388988557922588,1.388988557922588,0.00388988557922588,0.00777977115845176,0.01166965673767764
0.01,0.505,0.515,0.019417475728155338,0.013952360354891113,1.3952360354891113,0.003952360354891113,0.007904720709782227,0.01185708106467334
0.01,0.51,0.52,0.019230769230769232,0.014015645180553427,1.4015645180553427,0.004015645180553426,0.008031290361106853,0.012046935541660279
0.01,0.515,0.525,0.019047619047619046,0.014079758446212898,1.4079758446212898,0.0040797584462128975,0.008159516892425795,0.012239275338638693
0.01,0.52,0.53,0.018867924528301886,0.01414471914966775,1.414471914966775,0.00414471914966775,0.0082894382993355,0.01243415744900325
0.01,0.525,0.535,0.018691588785046728,0.014210546923138945,1.4210546923138945,0.0042105469231389445,0.008421093846277889,0.012631640769416834
0.01,0.53,0.54,0.018518518518518517,0.014277262061357043,1.4277262061357043,0.004277262061357043,0.008554524122714086,0.01283178618407113
0.01,0.535,0.545,0.018348623853211007,0.014344885551207276,1.4344885551207276,0.004344885551207276,0.008689771102414551,0.013034656653621827
0.01,0.54,0.55,0.01818181818181818,0.014413439103037273,1.4413439103037273,0.004413439103037273,0.008826878206074546,0.01324031730911182
0.01,0.545,0.555,0.018018018018018018,0.014482945183740381,1.448294518374038,0.004482945183740381,0.008965890367480762,0.013448835551221143
0.01,0.55,0.56,0.017857142857142856,0.014553427051736012,1.4553427051736012,0.004553427051736012,0.009106854103472024,0.013660281155208035
0.01,0.555,0.5650000000000001,0.017699115044247787,0.014624908793978708,1.4624908793978708,0.004624908793978708,0.009249817587957416,0.013874726381936124
0.01,0.56,0.5700000000000001,0.017543859649122806,0.01469741536513769,1.469741536513769,0.004697415365137689,0.009394830730275378,0.014092246095413067
0.01,0.565,0.575,0.017391304347826087,0.014770972629100654,1.4770972629100654,0.004770972629100654,0.009541945258201307,0.01431291788730196
0.01,0.57,0.58,0.01724137931034483,0.014845607402969807,1.4845607402969807,0.004845607402969807,0.009691214805939614,0.01453682220890942
0.01,0.575,0.585,0.017094017094017096,0.014921347503728533,1.4921347503728533,0.004921347503728532,0.009842695007457065,0.014764042511185597
0.01,0.58,0.59,0.01694915254237288,0.014998221797777544,1.4998221797777544,0.004998221797777544,0.009996443595555089,0.014994665393332633
0.01,0.585,0.595,0.016806722689075633,0.015076260253552465,1.5076260253552465,0.005076260253552465,0.01015252050710493,0.015228780760657394
0.01,0.59,0.6,0.016666666666666666,0.01515549399745375,1.515549399745375,0.00515549399745375,0.0103109879949075,0.015466481992361251
0.01,0.595,0.605,0.01652892561983471,0.015235955373343879,1.523595537334388,0.005235955373343879,0.010471910746687758,0.01570786612003164
0.01,0.6,0.61,0.01639344262295082,0.015317678005884572,1.5317678005884572,0.005317678005884572,0.010635356011769143,0.015953034017653717
0.015,0.005,0.02,0.75,0.01503781606198551,1.002521070799034,3.781606198551002e-05,7.563212397102004e-05,0.00011344818595653006
0.015,0.01,0.025,0.6,0.015075888352296118,1.005059223486408,7.588835229611901e-05,0.00015177670459223802,0.00022766505688835703
0.015,0.015,0.03,0.5,0.015114219820389518,1.0076146546926346,0.00011421982038951894,0.0002284396407790379,0.00034265946116855683
0.015,0.02,0.035,0.4285714285714285,0.01515281346430819,1.0101875642872127,0.00015281346430819076,0.0003056269286163815,0.0004584403929245723
0.015,0.025,0.04,0.375,0.01519167233172769,1.0127781554485127,0.00019167233172769083,0.00038334466345538165,0.0005750169951830725
0.015,0.03,0.045,0.3333333333333333,0.015230799521033345,1.0153866347355565,0.00023079952103334522,0.00046159904206669045,0.0006923985631000357
0.015,0.035,0.05,0.3,0.015270198182424921,1.0180132121616614,0.00027019818242492166,0.0005403963648498433,0.000810594547274765
0.015,0.04,0.055,0.2727272727272727,0.015309871519052387,1.0206581012701592,0.00030987151905238763,0.0006197430381047753,0.0009296145571571629
0.015,0.045,0.06,0.25,0.015349822788181422,1.0233215192120948,0.00034982278818142254,0.0006996455763628451,0.0010494683645442676
0.015,0.05,0.065,0.23076923076923075,0.01539005530239168,1.0260036868261122,0.0003900553023916814,0.0007801106047833628,0.0011701659071750442
0.015,0.055,0.07,0.21428571428571425,0.015430572430807699,1.0287048287205134,0.00043057243080769914,0.0008611448616153983,0.0012917172924230974
0.015,0.06,0.075,0.2,0.015471377600363323,1.031425173357555,0.00047137760036332355,0.0009427552007266471,0.0014141328010899706
0.015,0.065,0.08,0.1875,0.015512474297102341,1.0341649531401562,0.0005124742971023416,0.0010249485942046832,0.0015374228913070248
0.015,0.07,0.085,0.1764705882352941,0.015553866067513966,1.0369244045009312,0.0005538660675139667,0.0011077321350279334,0.0016615982025419002
0.015,0.075,0.09,0.16666666666666666,0.015595556519907738,1.0397037679938492,0.000595556519907739,0.001191113039815478,0.0017866695597232168
0.015,0.08,0.095,0.15789473684210525,0.015637549325825173,1.042503288388345,0.0006375493258251735,0.001275098651650347,0.0019126479774755206
0.015,0.085,0.1,0.15,0.01567984822149282,1.0453232147661882,0.0006798482214928209,0.0013596964429856417,0.0020395446644784626
0.015,0.09,0.105,0.14285714285714285,0.015722457009316848,1.0481638006211234,0.0007224570093168486,0.0014449140186336973,0.002167371027950546
0.015,0.095,0.11,0.13636363636363635,0.015765379559419257,1.0510253039612838,0.0007653795594192575,0.001530759118838515,0.0022961386782577725
0.015,0.1,0.115,0.13043478260869565,0.01580861981122006,1.0539079874146706,0.0008086198112200599,0.0016172396224401198,0.0024258594336601796
0.015,0.105,0.12,0.125,0.0158521817750642,1.0568121183376133,0.0008521817750642008,0.0017043635501284016,0.0025565453251926024
0.015,0.11,0.125,0.12,0.01589606953389633,1.059737968926422,0.0008960695338963293,0.0017921390677926585,0.002688208601688988
0.015,0.115,0.13,0.11538461538461538,0.01594028724498464,1.0626858163323094,0.0009402872449846417,0.0018805744899692833,0.002820861734953925
0.015,0.12,0.135,0.1111111111111111,0.015984839141696017,1.0656559427797345,0.0009848391416960173,0.0019696782833920345,0.002954517425088052
0.015,0.125,0.14,0.10714285714285712,0.016029729535323223,1.068648635688215,0.0010297295353232233,0.0020594590706464466,0.00308918860596967
0.015,0.13,0.14500000000000002,0.10344827586206895,0.016074962816966742,1.0716641877977828,0.001074962816966743,0.002149925633933486,0.003224888450900229
0.015,0.135,0.15000000000000002,0.09999999999999998,0.01612054345947367,1.0747028972982446,0.001120543459473669,0.002241086918947338,0.003361630378421007
0.015,0.14,0.15500000000000003,0.09677419354838708,0.01616647601943455,1.0777650679623034,0.0011664760194345508,0.0023329520388691016,0.0034994280583036524
0.015,0.145,0.15999999999999998,0.09375000000000001,0.01621276513924097,1.0808510092827315,0.0012127651392409705,0.002425530278481941,0.0036382954177229115
0.015,0.15,0.16499999999999998,0.09090909090909091,0.01625941554920618,1.0839610366137453,0.0012594155492061804,0.0025188310984123607,0.003778246647618541
0.015,0.155,0.16999999999999998,0.08823529411764706,0.01630643206975091,1.0870954713167273,0.0013064320697509096,0.0026128641395018193,0.003919296209252729
0.015,0.16,0.175,0.08571428571428572,0.01635381961365634,1.0902546409104228,0.0013538196136563402,0.0027076392273126804,0.0040614588409690205
0.015,0.165,0.18,0.08333333333333333,0.016401583188387914,1.093438879225861,0.0014015831883879143,0.0028031663767758286,0.004204749565163743
0.015,0.17,0.185,0.08108108108108109,0.01644972789849064,1.0966485265660428,0.0014497278984906409,0.0028994557969812818,0.004349183695471923
0.015,0.175,0.19,0.07894736842105263,0.01649825894806145,1.0998839298707634,0.001498258948061451,0.002996517896122902,0.004494776844184353
0.015,0.18,0.195,0.07692307692307691,0.016547181643297715,1.1031454428865144,0.0015471816432977153,0.0030943632865954307,0.004641544929893146
0.015,0.185,0.2,0.075,0.01659650139512947,1.1064334263419648,0.001596501395129471,0.003193002790258942,0.004789504185388413
0.015,0.19,0.20500000000000002,0.07317073170731707,0.01664622372193325,1.1097482481288834,0.0016462237219332515,0.003292447443866503,0.0049386711657997545
0.015,0.195,0.21000000000000002,0.07142857142857142,0.016696354252336287,1.113090283489086,0.001696354252336288,0.003392708504672576,0.005089062757008864
0.015,0.2,0.21500000000000002,0.0697674418604651,0.016746898728108972,1.116459915207265,0.0017468987281089726,0.0034937974562179452,0.005240696184326918
0.015,0.205,0.21999999999999997,0.06818181818181819,0.016797863007154246,1.1198575338102832,0.0017978630071542462,0.0035957260143084924,0.0053935890214627386
0.015,0.21,0.22499999999999998,0.06666666666666667,0.01684925306659346,1.1232835377728976,0.001849253066593462,0.003698506133186924,0.005547759199780386
0.015,0.215,0.22999999999999998,0.06521739130434782,0.016901075005954835,1.1267383337303225,0.001901075005954836,0.003802150011909672,0.005703225017864508
0.015,0.22,0.235,0.06382978723404255,0.0169533350504687,1.1302223366979134,0.001953335050468699,0.003906670100937398,0.0058600051514060975
0.015,0.225,0.24,0.0625,0.01700603955447233,1.1337359702981553,0.0020060395544723303,0.004012079108944661,0.006018118663416991
0.015,0.23,0.245,0.061224489795918366,0.017059195004929584,1.1372796669953056,0.0020591950049295843,0.004118390009859169,0.006177585014788753
0.015,0.235,0.25,0.06,0.01711280802507087,1.140853868338058,0.0021128080250708697,0.0042256160501417395,0.006338424075212609
0.015,0.24,0.255,0.058823529411764705,0.017166885378156027,1.1444590252104019,0.0021668853781560277,0.004333770756312055,0.006500656134468083
0.015,0.245,0.26,0.05769230769230769,0.017221433971368216,1.1480955980912144,0.002221433971368217,0.004442867942736434,0.0066643019141046506
0.015,0.25,0.265,0.056603773584905655,0.017276460859841358,1.1517640573227572,0.002276460859841359,0.004552921719682718,0.0068293825795240765
0.015,0.255,0.27,0.05555555555555555,0.01733197325082869,1.1554648833885794,0.0023319732508286922,0.0046639465016573844,0.006995919752486077
0.015,0.26,0.275,0.054545454545454536,0.017387978508016877,1.1591985672011251,0.0023879785080168775,0.004775957016033755,0.0071639355240506325
0.015,0.265,0.28,0.05357142857142856,0.017444484155993534,1.162965610399569,0.0024444841559935343,0.004888968311987069,0.007333452467980603
0.015,0.27,0.28500000000000003,0.05263157894736841,0.01750149788487232,1.1667665256581548,0.0025014978848723196,0.005002995769744639,0.007504493654616959
0.015,0.275,0.29000000000000004,0.051724137931034475,0.017559027555084983,1.1706018370056657,0.0025590275550849834,0.005118055110169967,0.00767708266525495
0.015,0.28,0.29500000000000004,0.050847457627118633,0.01761708120234573,1.1744720801563822,0.0026170812023457307,0.0052341624046914614,0.007851243607037192
0.015,0.285,0.3,0.05,0.017675667042795107,1.1783778028530072,0.0026756670427951074,0.005351334085590215,0.008027001128385322
0.015,0.29,0.305,0.04918032786885246,0.017734793478333177,1.1823195652222118,0.002734793478333178,0.005469586956666356,0.008204380434999534
0.015,0.295,0.31,0.04838709677419355,0.01779446910214877,1.1862979401432514,0.0027944691021487694,0.005588938204297539,0.008383407306446308
0.015,0.3,0.315,0.047619047619047616,0.017854702704453107,1.1903135136302072,0.0028547027044531076,0.005709405408906215,0.008564108113359323
0.015,0.305,0.32,0.046875,0.017915503278429057,1.1943668852286038,0.0029155032784290574,0.005831006556858115,0.008746509835287172
0.015,0.31,0.325,0.04615384615384615,0.01797688002640263,1.1984586684268421,0.0029768800264026313,0.0059537600528052625,0.008930640079207894
0.015,0.315,0.33,0.04545454545454545,0.018038842366249863,1.2025894910833244,0.0030388423662498637,0.006077684732499727,0.009116527098749591
0.015,0.32,0.335,0.04477611940298507,0.01810139993804749,1.2067599958698327,0.0031013999380474916,0.006202799876094983,0.009304199814142475
0.015,0.325,0.34,0.044117647058823525,0.018164562610980317,1.2109708407320212,0.0031645626109803177,0.006329125221960635,0.009493687832940953
0.015,0.33,0.34500000000000003,0.04347826086956521,0.018228340490514805,1.2152226993676538,0.0032283404905148055,0.006456680981029611,0.009685021471544417
0.015,0.335,0.35000000000000003,0.04285714285714285,0.018292743925855004,1.219516261723667,0.0032927439258550045,0.006585487851710009,0.009878231777565014
0.015,0.34,0.35500000000000004,0.042253521126760556,0.018357783517689685,1.2238522345126457,0.003357783517689686,0.006715567035379372,0.010073350553069058
0.015,0.345,0.36,0.041666666666666664,0.018423470126248342,1.2282313417498896,0.003423470126248343,0.006846940252496686,0.010270410378745029
0.015,0.35,0.365,0.0410958904109589,0.018489814879678157,1.2326543253118771,0.0034898148796781575,0.006979629759356315,0.010469444639034473
0.015,0.355,0.37,0.04054054054054054,0.018556829182758916,1.237121945517261,0.0035568291827589166,0.007113658365517833,0.01067048754827675
0.015,0.36,0.375,0.04,0.018624524725970537,1.2416349817313692,0.0036245247259705377,0.007249049451941075,0.010873574177911613
0.015,0.365,0.38,0.039473684210526314,0.018692913494933516,1.2461942329955678,0.003692913494933517,0.007385826989867034,0.01107874048480055
0.015,0.37,0.385,0.03896103896103896,0.01876200778023618,1.250800518682412,0.003762007780236179,0.007524015560472358,0.011286023340708537
0.015,0.375,0.39,0.03846153846153846,0.0188318201876726,1.2554546791781733,0.0038318201876725994,0.007663640375345199,0.011495460563017798
0.015,0.38,0.395,0.03797468354430379,0.01890236364890807,1.2601575765938715,0.003902363648908072,0.007804727297816144,0.011707090946724216
0.015,0.385,0.4,0.0375,0.018973651432595884,1.2649100955063923,0.003973651432595884,0.007947302865191769,0.011920954297787653
0.015,0.39,0.405,0.037037037037037035,0.019045697155967378,1.2697131437311586,0.004045697155967379,0.008091394311934758,0.012137091467902136
0.015,0.395,0.41000000000000003,0.036585365853658534,0.019118514796919506,1.274567653127967,0.004118514796919506,0.008237029593839013,0.012355544390758519
0.015,0.4,0.41500000000000004,0.03614457831325301,0.019192118706626737,1.2794745804417826,0.004192118706626738,0.008384237413253476,0.012576356119880214
0.015,0.405,0.42000000000000004,0.03571428571428571,0.019266523622702536,1.2844349081801691,0.004266523622702537,0.008533047245405073,0.01279957086810761
0.015,0.41,0.425,0.03529411764705882,0.019341744682941586,1.289449645529439,0.004341744682941587,0.008683489365883174,0.01302523404882476
0.015,0.415,0.43,0.03488372093023256,0.019417797439672424,1.294519829311495,0.0044177974396724246,0.008835594879344849,0.013253392319017274
0.015,0.42,0.435,0.034482758620689655,0.019494697874752775,1.2996465249835185,0.004494697874752776,0.008989395749505552,0.013484093624258328
0.015,0.425,0.44,0.03409090909090909,0.019572462415242797,1.3048308276828533,0.004572462415242798,0.009144924830485596,0.013717387245728394
0.015,0.43,0.445,0.033707865168539325,0.019651107949794078,1.3100738633196052,0.004651107949794078,0.009302215899588157,0.013953323849382235
0.015,0.435,0.45,0.03333333333333333,0.019730651845791147,1.31537678971941,0.004730651845791148,0.009461303691582296,0.014191955537373444
0.015,0.44,0.455,0.03296703296703297,0.019811111967290462,1.3207407978193642,0.004811111967290463,0.009622223934580926,0.014433335901871389
0.015,0.445,0.46,0.03260869565217391,0.019892506693798384,1.3261671129198924,0.004892506693798385,0.00978501338759677,0.014677520081395154
0.015,0.45,0.465,0.03225806451612903,0.019974854939938225,1.3316569959958817,0.004974854939938225,0.00994970987987645,0.014924564819814676
0.015,0.455,0.47000000000000003,0.031914893617021274,0.020058176176054654,1.3372117450703103,0.0050581761760546545,0.010116352352109309,0.015174528528163964
0.015,0.46,0.47500000000000003,0.03157894736842105,0.0201424904498112,1.3428326966540802,0.005142490449811202,0.010284980899622403,0.015427471349433605
0.015,0.465,0.48000000000000004,0.031249999999999997,0.02022781840883736,1.3485212272558242,0.005227818408837362,0.010455636817674724,0.015683455226512086
0.015,0.47,0.485,0.030927835051546393,0.020314181324487812,1.3542787549658541,0.005314181324487813,0.010628362648975626,0.01594254397346344
0.015,0.475,0.49,0.030612244897959183,0.020401601116778134,1.3601067411185424,0.005401601116778135,0.01080320223355627,0.016204803350334404
0.015,0.48,0.495,0.030303030303030304,0.020490100380569087,1.3660066920379392,0.005490100380569088,0.010980200761138176,0.016470301141707264
0.015,0.485,0.5,0.03,0.020579702413073164,1.3719801608715443,0.005579702413073165,0.01115940482614633,0.016739107239219495
0.015,0.49,0.505,0.0297029702970297,0.02067043124276524,1.3780287495176828,0.005670431242765242,0.011340862485530484,0.017011293728295726
0.015,0.495,0.51,0.029411764705882353,0.020762311659783372,1.3841541106522248,0.005762311659783373,0.011524623319566746,0.01728693497935012
0.015,0.5,0.515,0.029126213592233007,0.020855369247911426,1.3903579498607619,0.005855369247911427,0.011710738495822853,0.01756610774373428
0.015,0.505,0.52,0.028846153846153844,0.020949630418245047,1.3966420278830032,0.005949630418245047,0.011899260836490094,0.01784889125473514
0.015,0.51,0.525,0.02857142857142857,0.021045122444645292,1.403008162976353,0.006045122444645293,0.012090244889290586,0.01813536733393588
0.015,0.515,0.53,0.028301886792452827,0.021141873501097086,1.4094582334064725,0.0061418735010970865,0.012283747002194173,0.01842562050329126
0.015,0.52,0.535,0.02803738317757009,0.02123991270109371,1.415994180072914,0.006239912701093711,0.012479825402187422,0.018719738103281133
0.015,0.525,0.54,0.027777777777777776,0.021339270139181576,1.422618009278772,0.006339270139181577,0.012678540278363154,0.01901781041754473
0.015,0.53,0.545,0.027522935779816512,0.021439976934808036,1.4293317956538691,0.006439976934808037,0.012879953869616073,0.01931993080442411
0.015,0.535,0.55,0.027272727272727268,0.021542065278625788,1.4361376852417194,0.006542065278625789,0.013084130557251578,0.019626195835877366
0.015,0.54,0.555,0.027027027027027025,0.02164556848142074,1.4430378987613828,0.006645568481420741,0.013291136962841482,0.019936705444262223
0.015,0.545,0.56,0.02678571428571428,0.021750521025843406,1.450034735056227,0.006750521025843406,0.013501042051686812,0.02025156307753022
0.015,0.55,0.5650000000000001,0.026548672566371678,0.021856958621136124,1.4571305747424084,0.006856958621136125,0.01371391724227225,0.020570875863408375
0.015,0.555,0.5700000000000001,0.026315789473684206,0.021964918261067723,1.4643278840711815,0.0069649182610677235,0.013929836522135447,0.02089475478320317
0.015,0.56,0.5750000000000001,0.026086956521739126,0.022074438285302644,1.4716292190201763,0.007074438285302645,0.01414887657060529,0.021223314855907935
0.015,0.565,0.58,0.02586206896551724,0.022185558444448583,1.4790372296299057,0.007185558444448584,0.014371116888897167,0.02155667533334575
0.015,0.57,0.585,0.02564102564102564,0.022298319969052405,1.4865546646034937,0.007298319969052405,0.01459663993810481,0.021894959907157216
0.015,0.575,0.59,0.025423728813559324,0.022412765642831567,1.4941843761887712,0.0074127656428315675,0.014825531285663135,0.022238296928494702
0.015,0.58,0.595,0.025210084033613446,0.02252893988045701,1.5019293253638009,0.007528939880457011,0.015057879760914022,0.022586819641371034
0.015,0.585,0.6,0.025,0.02264688881022947,1.5097925873486315,0.007646888810229471,0.015293777620458943,0.022940666430688414
0.015,0.59,0.605,0.024793388429752067,0.022766660362020907,1.5177773574680606,0.007766660362020908,0.015533320724041816,0.023299981086062724
0.015,0.595,0.61,0.02459016393442623,0.022888304360888734,1.5258869573925824,0.007888304360888734,0.01577660872177747,0.023664913082666203
0.015,0.6,0.615,0.024390243902439025,0.02301187262680371,1.534124841786914,0.00801187262680371,0.01602374525360742,0.024035617880411128
0.02,0.005,0.025,0.7999999999999999,0.020050506986961425,1.0025253493480712,5.0506986961424555e-05,0.00010101397392284911,0.00015152096088427366
0.02,0.01,0.03,0.6666666666666667,0.02010135714368122,1.005067857184061,0.00010135714368121954,0.00020271428736243907,0.0003040714310436586
0.02,0.015,0.035,0.5714285714285714,0.02015255443385744,1.007627721692872,0.00015255443385743875,0.0003051088677148775,0.00045766330157231624
0.02,0.02,0.04,0.5,0.020204102886728803,1.0102051443364402,0.00020410288672880264,0.0004082057734576053,0.0006123086601864079
0.02,0.025,0.045,0.4444444444444445,0.020256006598494025,1.0128003299247013,0.00025600659849402477,0.0005120131969880495,0.0007680197954820743
0.02,0.03,0.05,0.39999999999999997,0.0203082697337702,1.01541348668851,0.00030826973377020075,0.0006165394675404015,0.0009248092013106023
0.02,0.035,0.05500000000000001,0.3636363636363636,0.02036089652708961,1.0180448263544806,0.000360896527089611,0.000721793054179222,0.001082689581268833
0.02,0.04,0.06,0.33333333333333337,0.02041389128443849,1.0206945642219245,0.0004138912844384897,0.0008277825688769794,0.001241673853315469
0.02,0.045,0.065,0.3076923076923077,0.020467258384836762,1.023362919241838,0.0004672583848367613,0.0009345167696735227,0.001401775154510284
0.02,0.05,0.07,0.2857142857142857,0.02052100228196141,1.0260501140980705,0.0005210022819614087,0.0010420045639228173,0.001563006845884226
0.02,0.055,0.075,0.26666666666666666,0.020575127505815027,1.0287563752907514,0.000575127505815027,0.001150255011630054,0.0017253825174450808
0.02,0.06,0.08,0.25,0.020629638664440675,1.0314819332220337,0.0006296386644406744,0.0012592773288813489,0.0018889159933220233
0.02,0.065,0.085,0.23529411764705882,0.020684540445683908,1.0342270222841954,0.0006845404456839073,0.0013690808913678146,0.002053621337051722
0.02,0.07,0.09000000000000001,0.2222222222222222,0.020739837619004553,1.0369918809502277,0.0007398376190045526,0.0014796752380091052,0.002219512857013658
0.02,0.075,0.095,0.21052631578947367,0.020795535037340662,1.0397767518670331,0.0007955350373406618,0.0015910700746813236,0.0023866051120219854
0.02,0.08,0.1,0.19999999999999998,0.0208516376390232,1.04258188195116,0.0008516376390232012,0.0017032752780464025,0.0025549129170696037
0.02,0.085,0.10500000000000001,0.19047619047619047,0.020908150449747476,1.0454075224873738,0.0009081504497474753,0.0018163008994949506,0.002724451349242426
0.02,0.09,0.11,0.18181818181818182,0.020965078584599617,1.0482539292299808,0.0009650785845996164,0.0019301571691992328,0.002895235753798849
0.02,0.095,0.115,0.17391304347826086,0.021022427250141917,1.0511213625070959,0.001022427250141917,0.002044854500283834,0.003067281750425751
0.02,0.1,0.12000000000000001,0.16666666666666666,0.021080201746559446,1.0540100873279723,0.0010802017465594456,0.002160403493118891,0.0032406052396783368
0.02,0.105,0.125,0.16,0.021138407469867393,1.0569203734933696,0.0011384074698673925,0.002276814939734785,0.0034152224096021776
0.02,0.11,0.13,0.15384615384615385,0.02119704991418525,1.0598524957092625,0.0011970499141852504,0.002394099828370501,0.0035911497425557513
0.02,0.115,0.135,0.14814814814814814,0.021256134674076277,1.0628067337038138,0.0012561346740762765,0.002512269348152553,0.0037684040222288294
0.02,0.12,0.13999999999999999,0.14285714285714288,0.021315667446957898,1.0657833723478949,0.0013156674469578973,0.0026313348939157946,0.003947002340873692
0.02,0.125,0.145,0.13793103448275865,0.02137565403558217,1.0687827017791085,0.0013756540355821696,0.0027513080711643392,0.004126962106746509
0.02,0.13,0.15,0.13333333333333333,0.021436100350592402,1.07180501752962,0.0014361003505924015,0.002872200701184803,0.0043083010517772045
0.02,0.135,0.155,0.12903225806451613,0.021497012413156158,1.074850620657808,0.0014970124131561575,0.002994024826312315,0.004491037239468473
0.02,0.14,0.16,0.125,0.021558396357677534,1.0779198178838767,0.0015583963576775335,0.003116792715355067,0.0046751890730326005
0.02,0.145,0.16499999999999998,0.12121212121212123,0.021620258434593476,1.0810129217296738,0.0016202584345934752,0.0032405168691869504,0.004860775303780426
0.02,0.15,0.16999999999999998,0.11764705882352942,0.021682605013254808,1.0841302506627404,0.0016826050132548072,0.0033652100265096144,0.0050478150397644216
0.02,0.155,0.175,0.1142857142857143,0.02174544258489719,1.0872721292448595,0.0017454425848971895,0.003490885169794379,0.005236327754691569
0.02,0.16,0.18,0.11111111111111112,0.021808777765703335,1.0904388882851668,0.001808777765703335,0.00361755553140667,0.005426333297110005
0.02,0.165,0.185,0.10810810810810811,0.02187261729996226,1.093630864998113,0.00187261729996226,0.00374523459992452,0.00561785189988678
0.02,0.17,0.19,0.10526315789473684,0.021936968063326345,1.0968484031663173,0.0019369680633263449,0.0038739361266526898,0.005810904189979035
0.02,0.175,0.19499999999999998,0.10256410256410257,0.02200183706617287,1.1000918533086435,0.0020018370661728686,0.004003674132345737,0.006005511198518606
0.02,0.18,0.19999999999999998,0.1,0.022067231457071457,1.1033615728535728,0.0020672314570714563,0.004134462914142913,0.006201694371214369
0.02,0.185,0.205,0.0975609756097561,0.022133158526363328,1.1066579263181664,0.0021331585263633275,0.004266317052726655,0.0063994755790899825
0.02,0.19,0.21,0.09523809523809525,0.02219962570985501,1.1099812854927504,0.0021996257098550083,0.004399251419710017,0.006598877129565025
0.02,0.195,0.215,0.09302325581395349,0.02226664059263328,1.113332029631664,0.0022666405926332796,0.004533281185266559,0.006799921777899839
0.02,0.2,0.22,0.09090909090909091,0.022334210913002805,1.1167105456501403,0.002334210913002805,0.00466842182600561,0.007002632739008415
0.02,0.205,0.22499999999999998,0.0888888888888889,0.022402344566554433,1.1201172283277216,0.0024023445665544325,0.004804689133108865,0.007207033699663298
0.02,0.21,0.22999999999999998,0.08695652173913045,0.022471049610367277,1.1235524805183639,0.002471049610367277,0.004942099220734554,0.007413148831101831
0.02,0.215,0.235,0.08510638297872342,0.022540334267350692,1.1270167133675346,0.002540334267350692,0.005080668534701384,0.007621002802052076
0.02,0.22,0.24,0.08333333333333334,0.02261020693073168,1.130510346536584,0.0026102069307316796,0.005220413861463359,0.007830620792195039
0.02,0.225,0.245,0.0816326530612245,0.022680676168693292,1.1340338084346646,0.002680676168693292,0.005361352337386584,0.008042028506079876
0.02,0.23,0.25,0.08,0.022751750729170572,1.1375875364585286,0.002751750729170572,0.005503501458341144,0.008255252187511716
0.02,0.235,0.255,0.0784313725490196,0.0228234395448097,1.141171977240485,0.002823439544809698,0.005646879089619396,0.008470318634429094
0.02,0.24,0.26,0.07692307692307693,0.022895751738098102,1.1447875869049051,0.002895751738098102,0.005791503476196204,0.008687255214294306
0.02,0.245,0.265,0.07547169811320754,0.02296869662667167,1.1484348313335835,0.0029686966266716693,0.0059373932533433385,0.008906089880015008
0.02,0.25,0.27,0.07407407407407407,0.02304228372880679,1.1521141864403395,0.003042283728806789,0.006084567457613578,0.009126851186420367
0.02,0.255,0.275,0.07272727272727272,0.02311652276910492,1.155826138455246,0.0031165227691049187,0.006233045538209837,0.009349568307314756
0.02,0.26,0.28,0.07142857142857142,0.0231914236843781,1.159571184218905,0.003191423684378098,0.006382847368756196,0.009574271053134294
0.02,0.265,0.28500000000000003,0.07017543859649122,0.023266996629742742,1.163349831487137,0.0032669966297427418,0.0065339932594854835,0.009800989889228225
0.02,0.27,0.29000000000000004,0.06896551724137931,0.023343251984932478,1.167162599246624,0.003343251984932478,0.006686503969864956,0.010029755954797433
0.02,0.275,0.29500000000000004,0.06779661016949151,0.023420200360838028,1.1710100180419014,0.003420200360838028,0.006840400721676056,0.010260601082514084
0.02,0.28,0.30000000000000004,0.06666666666666665,0.023497852606283898,1.1748926303141949,0.0034978526062838973,0.006995705212567795,0.010493557818851692
0.02,0.285,0.305,0.06557377049180328,0.023576219815053756,1.1788109907526878,0.0035762198150537557,0.007152439630107511,0.010728659445161267
0.02,0.29,0.31,0.06451612903225806,0.023655313333173167,1.1827656666586583,0.0036553133331731665,0.007310626666346333,0.0109659399995195
0.02,0.295,0.315,0.06349206349206349,0.02373514476646288,1.186757238323144,0.0037351447664628785,0.007470289532925757,0.011205434299388636
0.02,0.3,0.32,0.0625,0.023815725988374226,1.1907862994187113,0.003815725988374225,0.00763145197674845,0.011447177965122676
0.02,0.305,0.325,0.061538461538461535,0.02389706914811829,1.1948534574059144,0.003897069148118288,0.007794138296236576,0.011691207444354864
0.02,0.31,0.33,0.06060606060606061,0.023979186679104147,1.1989593339552074,0.003979186679104147,0.007958373358208294,0.011937560037312441
0.02,0.315,0.335,0.05970149253731343,0.024062091307697875,1.2031045653848937,0.0040620913076978744,0.008124182615395749,0.012186273923093623
0.02,0.32,0.34,0.058823529411764705,0.024145796062319147,1.2072898031159573,0.004145796062319147,0.008291592124638293,0.01243738818695744
0.02,0.325,0.34500000000000003,0.05797101449275362,0.024230314282889576,1.2115157141444788,0.004230314282889575,0.00846062856577915,0.012690942848668726
0.02,0.33,0.35000000000000003,0.05714285714285714,0.024315659630650188,1.2157829815325094,0.004315659630650188,0.008631319261300376,0.012946978891950563
0.02,0.335,0.35500000000000004,0.05633802816901408,0.024401846098363933,1.2200923049181966,0.0044018460983639325,0.008803692196727865,0.013205538295091798
0.02,0.34,0.36000000000000004,0.05555555555555555,0.024488888020923527,1.2244444010461764,0.004488888020923527,0.008977776041847053,0.01346666406277058
0.02,0.345,0.365,0.05479452054794521,0.024576800086382078,1.228840004319104,0.0045768000863820775,0.009153600172764155,0.013730400259146232
0.02,0.35,0.37,0.05405405405405406,0.024665597347427792,1.2332798673713896,0.004665597347427792,0.009331194694855584,0.013996792042283376
0.02,0.355,0.375,0.05333333333333334,0.024755295233323538,1.2377647616661769,0.004755295233323537,0.009510590466647074,0.014265885699970612
0.02,0.36,0.38,0.05263157894736842,0.024845909562335122,1.2422954781167561,0.004845909562335122,0.009691819124670244,0.014537728687005366
0.02,0.365,0.385,0.051948051948051945,0.024937456554670723,1.2468728277335361,0.004937456554670722,0.009874913109341445,0.014812369664012167
0.02,0.37,0.39,0.05128205128205128,0.025029952845958214,1.2514976422979107,0.005029952845958214,0.010059905691916428,0.015089858537874642
0.02,0.375,0.395,0.05063291139240506,0.025123415501286606,1.2561707750643303,0.005123415501286605,0.01024683100257321,0.015370246503859816
0.02,0.38,0.4,0.049999999999999996,0.025217862029839777,1.2608931014919889,0.005217862029839777,0.010435724059679553,0.01565358608951933
0.02,0.385,0.405,0.04938271604938271,0.02531331040015361,1.2656655200076805,0.00531331040015361,0.01062662080030722,0.01593993120046083
0.02,0.39,0.41000000000000003,0.048780487804878044,0.025409779056026816,1.2704889528013408,0.005409779056026815,0.01081955811205363,0.016229337168080445
0.02,0.395,0.41500000000000004,0.048192771084337345,0.02550728693312132,1.275364346656066,0.00550728693312132,0.01101457386624264,0.01652186079936396
0.02,0.4,0.42000000000000004,0.047619047619047616,0.025605853476285856,1.2802926738142928,0.005605853476285855,0.01121170695257171,0.016817560428857566
0.02,0.405,0.42500000000000004,0.047058823529411764,0.025705498657642822,1.2852749328821411,0.005705498657642822,0.011410997315285644,0.017116495972928466
0.02,0.41,0.43,0.046511627906976744,0.02580624299547729,1.2903121497738645,0.0058062429954772905,0.011612485990954581,0.01741872898643187
0.02,0.415,0.435,0.04597701149425287,0.025908107573972106,1.2954053786986053,0.005908107573972105,0.01181621514794421,0.017724322721916316
0.02,0.42,0.44,0.045454545454545456,0.02601111406383394,1.300555703191697,0.0060111140638339396,0.012022228127667879,0.01803334219150182
0.02,0.425,0.445,0.0449438202247191,0.026115284743859712,1.3057642371929856,0.006115284743859712,0.012230569487719424,0.018345854231579136
0.02,0.43,0.45,0.044444444444444446,0.0262206425234931,1.311032126174655,0.006220642523493098,0.012441285046986196,0.018661927570479294
0.02,0.435,0.455,0.04395604395604395,0.026327210966429204,1.3163605483214602,0.006327210966429204,0.012654421932858408,0.01898163289928761
0.02,0.44,0.46,0.043478260869565216,0.026435014315322247,1.3217507157661124,0.006435014315322247,0.012870028630644494,0.01930504294596674
0.02,0.445,0.465,0.04301075268817204,0.02654407751766108,1.327203875883054,0.0065440775176610795,0.013088155035322159,0.01963223255298324
0.02,0.45,0.47000000000000003,0.0425531914893617,0.026654426252878394,1.3327213126439197,0.006654426252878393,0.013308852505756787,0.01996327875863518
0.02,0.455,0.47500000000000003,0.042105263157894736,0.026766086960764213,1.3383043480382106,0.006766086960764212,0.013532173921528425,0.020298260882292637
0.02,0.46,0.48000000000000004,0.041666666666666664,0.02687908687125873,1.3439543435629364,0.006879086871258728,0.013758173742517456,0.020637260613776184
0.02,0.465,0.48500000000000004,0.041237113402061855,0.02699345403570741,1.3496727017853705,0.006993454035707409,0.013986908071414818,0.020980362107122227
0.02,0.47,0.49,0.04081632653061225,0.027109217359661875,1.3554608679830937,0.007109217359661874,0.014218434719323748,0.021327652078985623
0.02,0.475,0.495,0.04040404040404041,0.027226406637321898,1.361320331866095,0.007226406637321898,0.014452813274643796,0.021679219911965694
0.02,0.48,0.5,0.04,0.02734505258771447,1.3672526293857235,0.007345052587714469,0.014690105175428937,0.022035157763143406
0.02,0.485,0.505,0.039603960396039604,0.027465186892718818,1.373259344635941,0.007465186892718818,0.014930373785437635,0.022395560678156453
0.02,0.49,0.51,0.0392156862745098,0.02758684223704766,1.379342111852383,0.007586842237047659,0.015173684474095318,0.022760526711142978
0.02,0.495,0.515,0.038834951456310676,0.027710052350309544,1.3855026175154772,0.007710052350309544,0.015420104700619088,0.02313015705092863
0.02,0.5,0.52,0.038461538461538464,0.027834852051279557,1.3917426025639779,0.007834852051279557,0.015669704102559114,0.02350455615383867
0.02,0.505,0.525,0.03809523809523809,0.027961277294522136,1.3980638647261068,0.007961277294522135,0.01592255458904427,0.023883831883566405
0.02,0.51,0.53,0.03773584905660377,0.028089365219512552,1.4044682609756276,0.008089365219512552,0.016178730439025103,0.024268095658537655
0.02,0.515,0.535,0.037383177570093455,0.028219154202423158,1.410957710121158,0.008219154202423157,0.016438308404846315,0.024657462607269472
0.02,0.52,0.54,0.037037037037037035,0.028350683910745467,1.4175341955372733,0.008350683910745466,0.016701367821490933,0.0250520517322364
0.02,0.525,0.545,0.03669724770642201,0.028483995360937375,1.4241997680468688,0.008483995360937375,0.01696799072187475,0.025451986082812125
0.02,0.53,0.55,0.03636363636363636,0.02861913097929758,1.430956548964879,0.00861913097929758,0.01723826195859516,0.02585739293789274
0.02,0.535,0.555,0.036036036036036036,0.02875613466628546,1.437806733314273,0.00875613466628546,0.01751226933257092,0.02626840399885638
0.02,0.54,0.56,0.03571428571428571,0.02889505186452168,1.444752593226084,0.008895051864521681,0.017790103729043362,0.026685155593565043
0.02,0.545,0.5650000000000001,0.035398230088495575,0.02903592963072521,1.4517964815362605,0.00903592963072521,0.01807185926145042,0.02710778889217563
0.02,0.55,0.5700000000000001,0.03508771929824561,0.029178816711859956,1.4589408355929978,0.009178816711859956,0.01835763342371991,0.027536450135579867
0.02,0.555,0.5750000000000001,0.03478260869565217,0.0293237636257917,1.466188181289585,0.009323763625791699,0.018647527251583397,0.027971290877375096
0.02,0.56,0.5800000000000001,0.034482758620689655,0.02947082274677648,1.473541137338824,0.009470822746776481,0.018941645493552962,0.028412468240329444
0.02,0.565,0.585,0.03418803418803419,0.029620048396129972,1.4810024198064986,0.009620048396129972,0.019240096792259943,0.028860145188389915
0.02,0.57,0.59,0.03389830508474576,0.029771496938459818,1.488574846922991,0.009771496938459818,0.019542993876919636,0.029314490815379454
0.02,0.575,0.595,0.033613445378151266,0.029925226883872114,1.4962613441936057,0.009925226883872113,0.019850453767744226,0.02977568065161634
0.02,0.58,0.6,0.03333333333333333,0.030081298996600725,1.5040649498300362,0.010081298996600725,0.02016259799320145,0.030243896989802174
0.02,0.585,0.605,0.03305785123966942,0.030239776410549313,1.5119888205274656,0.010239776410549312,0.020479552821098625,0.030719329231647937
0.02,0.59,0.61,0.03278688524590164,0.030400724752277175,1.5200362376138588,0.010400724752277175,0.02080144950455435,0.031202174256831524
0.02,0.595,0.615,0.032520325203252036,0.03056421227201056,1.528210613600528,0.01056421227201056,0.02112842454402112,0.03169263681603168
0.02,0.6,0.62,0.03225806451612903,0.030730309983312387,1.5365154991656194,0.010730309983312387,0.021460619966624774,0.032190929949937164
0.025,0.005,0.030000000000000002,0.8333333333333333,0.025063241245551704,1.0025296498220682,6.324124555170257e-05,0.00012648249110340515,0.00018972373665510772
0.025,0.01,0.035,0.7142857142857143,0.025126913384648564,1.0050765353859425,0.00012691338464856233,0.00025382676929712467,0.000380740153945687
0.025,0.015,0.04,0.625,0.025191021411253622,1.007640856450145,0.000191021411253621,0.000382042822507242,0.000573064233760863
0.025,0.02,0.045,0.5555555555555556,0.02525557040222215,1.010222816088886,0.00025557040222214805,0.0005111408044442961,0.0007667112066664442
0.025,0.025,0.05,0.5,0.025320565519103666,1.0128226207641466,0.00032056551910366465,0.0006411310382073293,0.000961696557310994
0.025,0.03,0.055,0.4545454545454546,0.02538601200999413,1.0154404803997652,0.0003860120099941286,0.0007720240199882572,0.0011580360299823858
0.025,0.035,0.060000000000000005,0.41666666666666663,0.025451915211438192,1.0180766084575277,0.0004519152114381905,0.000903830422876381,0.0013557456343145716
0.025,0.04,0.065,0.38461538461538464,0.02551828055038241,1.0207312220152964,0.0005182805503824092,0.0010365611007648184,0.0015548416511472277
0.025,0.045,0.07,0.35714285714285715,0.025585113546183647,1.0234045418473459,0.0005851135461836451,0.0011702270923672903,0.0017553406385509354
0.025,0.05,0.07500000000000001,0.3333333333333333,0.02565241981267108,1.0260967925068432,0.0006524198126710776,0.0013048396253421551,0.0019572594380132327
0.025,0.055,0.08,0.3125,0.025720205060267398,1.028808202410696,0.0007202050602673968,0.0014404101205347936,0.0021606151808021903
0.025,0.06,0.08499999999999999,0.2941176470588236,0.025788475098166952,1.031539003926678,0.0007884750981669505,0.001576950196333901,0.0023654252945008516
0.025,0.065,0.09,0.2777777777777778,0.02585723583657662,1.0342894334630648,0.0008572358365766183,0.0017144716731532367,0.002571707509729855
0.025,0.07,0.095,0.2631578947368421,0.025926493289019636,1.0370597315607855,0.0009264932890196351,0.0018529865780392701,0.002779479867058905
0.025,0.075,0.1,0.25,0.025996253574703254,1.0398501429881302,0.0009962535747032528,0.0019925071494065055,0.0029887607241097583
0.025,0.08,0.10500000000000001,0.23809523809523808,0.026066522920956015,1.0426609168382406,0.0010665229209560131,0.0021330458419120263,0.0031995687628680394
0.025,0.085,0.11000000000000001,0.22727272727272727,0.02613730766573308,1.0454923066293231,0.001137307665733077,0.002274615331466154,0.0034119229971992307
0.025,0.09,0.11499999999999999,0.2173913043478261,0.026208614260194718,1.0483445704077887,0.0012086142601947167,0.0024172285203894334,0.00362584278058415
0.025,0.095,0.12,0.20833333333333334,0.026280449271358974,1.051217970854359,0.001280449271358973,0.002560898542717946,0.003841347814076919
0.025,0.1,0.125,0.2,0.026352819384831916,1.0541127753932766,0.0013528193848319145,0.002705638769663829,0.0040584581544957435
0.025,0.105,0.13,0.19230769230769232,0.026425731407617614,1.0570292563047046,0.0014257314076176128,0.0028514628152352256,0.004277194222852838
0.025,0.11,0.135,0.18518518518518517,0.026499192271011163,1.0599676908404465,0.0014991922710111613,0.0029983845420223226,0.004497576813033484
0.025,0.115,0.14,0.17857142857142858,0.026573209033577072,1.0629283613430829,0.0015732090335770707,0.0031464180671541414,0.004719627100731212
0.025,0.12,0.145,0.1724137931034483,0.026647788884216816,1.0659115553686727,0.001647788884216815,0.00329557776843363,0.004943366652650445
0.025,0.125,0.15,0.16666666666666669,0.02672293914532764,1.0689175658131056,0.0017229391453276385,0.003445878290655277,0.005168817435982916
0.025,0.13,0.155,0.16129032258064518,0.02679866727605762,1.0719466910423048,0.001798667276057618,0.003597334552115236,0.005396001828172854
0.025,0.135,0.16,0.15625,0.026874980875658094,1.0749992350263238,0.001874980875658093,0.003749961751316186,0.005624942626974279
0.025,0.14,0.165,0.15151515151515152,0.02695188768693968,1.0780755074775872,0.0019518876869396781,0.0039037753738793562,0.005855663060819034
0.025,0.145,0.16999999999999998,0.1470588235294118,0.027029395599832973,1.081175823993319,0.0020293955998329713,0.004058791199665943,0.006088186799498914
0.025,0.15,0.175,0.14285714285714288,0.027107512655060617,1.0843005062024247,0.0021075126550606157,0.0042150253101212315,0.006322537965181847
0.025,0.155,0.18,0.1388888888888889,0.027186247047921497,1.0874498819168599,0.0021862470479214954,0.004372494095842991,0.006558741143764486
0.025,0.16,0.185,0.13513513513513514,0.027265607132194947,1.0906242852877979,0.0022656071321949453,0.004531214264389891,0.006796821396584836
0.025,0.165,0.19,0.13157894736842105,0.0273456014241662,1.093824056966648,0.002345601424166198,0.004691202848332396,0.007036804272498594
0.025,0.17,0.195,0.12820512820512822,0.027426238606780395,1.0970495442712158,0.002426238606780394,0.004852477213560788,0.007278715820341182
0.025,0.175,0.19999999999999998,0.12500000000000003,0.027507527533926934,1.1003011013570774,0.002507527533926933,0.005015055067853866,0.007522582601780799
0.025,0.18,0.205,0.12195121951219513,0.027589477234862825,1.103579089394513,0.0025894772348628234,0.005178954469725647,0.00776843170458847
0.025,0.185,0.21,0.11904761904761905,0.027672096918777034,1.1068838767510814,0.0026720969187770324,0.005344193837554065,0.008016290756331097
0.025,0.19,0.215,0.11627906976744187,0.027755395979503383,1.1102158391801353,0.002755395979503382,0.005510791959006764,0.008266187938510146
0.025,0.195,0.22,0.11363636363636365,0.02783938400038699,1.1135753600154796,0.0028393840003869894,0.005678768000773979,0.008518152001160968
0.025,0.2,0.225,0.11111111111111112,0.027924070759309916,1.1169628303723966,0.0029240707593099144,0.005848141518619829,0.008772212277929743
0.025,0.205,0.22999999999999998,0.10869565217391305,0.028009466233883784,1.1203786493553514,0.0030094662338837827,0.006018932467767565,0.009028398701651348
0.025,0.21,0.235,0.10638297872340427,0.028095580606813497,1.12382322427254,0.003095580606813496,0.006191161213626992,0.009286741820440488
0.025,0.215,0.24,0.10416666666666667,0.028182424271441575,1.127296970857663,0.0031824242714415737,0.0063648485428831475,0.009547272814324721
0.025,0.22,0.245,0.10204081632653061,0.02827000783747835,1.130800313499134,0.003270007837478349,0.006540015674956698,0.009810023512435047
0.025,0.225,0.25,0.1,0.02835834213692645,1.134333685477058,0.0033583421369264496,0.006716684273852899,0.010075026410779349
0.025,0.23,0.255,0.09803921568627451,0.0284474382302079,1.137897529208316,0.0034474382302078985,0.006894876460415797,0.010342314690623695
0.025,0.235,0.26,0.09615384615384616,0.02853730741250038,1.1414922965000152,0.0035373074125003776,0.007074614825000755,0.010611922237501133
0.025,0.24,0.265,0.09433962264150944,0.028627961220293208,1.1451184488117283,0.0036279612202932063,0.0072559224405864126,0.010883883660879619
0.025,0.245,0.27,0.09259259259259259,0.028719411438171916,1.1487764575268766,0.0037194114381719143,0.0074388228763438285,0.011158234314515743
0.025,0.25,0.275,0.09090909090909091,0.02881167010583885,1.152466804233554,0.0038116701058388477,0.0076233402116776955,0.011435010317516543
0.025,0.255,0.28,0.08928571428571429,0.02890474952538291,1.1561899810153164,0.00390474952538291,0.00780949905076582,0.01171424857614873
0.025,0.26,0.28500000000000003,0.08771929824561403,0.02899866226880643,1.1599464907522572,0.0039986622688064286,0.007997324537612857,0.011995986806419286
0.025,0.265,0.29000000000000004,0.08620689655172413,0.029093421185821478,1.163736847432859,0.004093421185821476,0.008186842371642952,0.012280263557464428
0.025,0.27,0.29500000000000004,0.0847457627118644,0.029189039411926854,1.1675615764770741,0.004189039411926852,0.008378078823853705,0.012567118235780557
0.025,0.275,0.30000000000000004,0.08333333333333333,0.029285530376777613,1.1714212150711045,0.004285530376777612,0.008571060753555224,0.012856591130332835
0.025,0.28,0.30500000000000005,0.08196721311475409,0.02938290781286057,1.1753163125144228,0.004382907812860569,0.008765815625721138,0.013148723438581707
0.025,0.285,0.31,0.08064516129032259,0.029481185764487883,1.1792474305795153,0.004481185764487881,0.008962371528975763,0.013443557293463644
0.025,0.29,0.315,0.07936507936507937,0.02958037859712459,1.1832151438849836,0.004580378597124589,0.009160757194249178,0.013741135791373767
0.025,0.295,0.32,0.078125,0.029680501007063542,1.1872200402825417,0.004680501007063541,0.009361002014127082,0.014041503021190622
0.025,0.3,0.325,0.07692307692307693,0.029781568031463812,1.1912627212585525,0.004781568031463811,0.009563136062927621,0.014344704094391432
0.025,0.305,0.33,0.07575757575757576,0.02988359505876903,1.1953438023507612,0.004883595058769029,0.009767190117538058,0.014650785176307086
0.025,0.31,0.335,0.07462686567164178,0.029986597839522733,1.1994639135809093,0.0049865978395227314,0.009973195679045463,0.014959793518568194
0.025,0.315,0.34,0.07352941176470588,0.030090592497598934,1.2036236999039573,0.005090592497598932,0.010181184995197864,0.015271777492796797
0.025,0.32,0.34500000000000003,0.07246376811594203,0.030195595541867792,1.2078238216747117,0.005195595541867791,0.010391191083735582,0.015586786625603373
0.025,0.325,0.35000000000000003,0.07142857142857142,0.030301623878315365,1.2120649551326146,0.005301623878315363,0.010603247756630726,0.01590487163494609
0.025,0.33,0.35500000000000004,0.07042253521126761,0.030408694822639415,1.2163477929055766,0.0054086948226394135,0.010817389645278827,0.01622608446791824
0.025,0.335,0.36000000000000004,0.06944444444444443,0.030516826113344386,1.2206730445337755,0.005516826113344385,0.01103365222668877,0.016550478340033155
0.025,0.34,0.36500000000000005,0.0684931506849315,0.030626035925358175,1.225041437014327,0.0056260359253581735,0.011252071850716347,0.01687810777607452
0.025,0.345,0.37,0.06756756756756757,0.03073634288419591,1.2294537153678364,0.005736342884195909,0.011472685768391819,0.017209028652587728
0.025,0.35,0.375,0.06666666666666667,0.03084776608069839,1.2339106432279356,0.00584776608069839,0.01169553216139678,0.01754329824209517
0.025,0.355,0.38,0.06578947368421052,0.030960325086371587,1.2384130034548635,0.005960325086371586,0.011920650172743172,0.017880975259114758
0.025,0.36,0.385,0.06493506493506494,0.031074039969357647,1.242961598774306,0.006074039969357646,0.012148079938715292,0.018222119908072938
0.025,0.365,0.39,0.06410256410256411,0.031188931311068813,1.2475572524427525,0.006188931311068811,0.012377862622137623,0.018566793933206434
0.025,0.37,0.395,0.06329113924050633,0.03130502022351622,1.252200808940649,0.006305020223516221,0.012610040447032442,0.018915060670548663
0.025,0.375,0.4,0.0625,0.0314223283673708,1.256893134694832,0.006422328367370798,0.012844656734741597,0.019266985102112395
0.025,0.38,0.405,0.06172839506172839,0.031540877970790415,1.2616351188316166,0.006540877970790414,0.013081755941580828,0.01962263391237124
0.025,0.385,0.41000000000000003,0.06097560975609756,0.031660691849054956,1.2664276739621982,0.006660691849054955,0.01332138369810991,0.019982075547164864
0.025,0.39,0.41500000000000004,0.060240963855421686,0.031781793425050386,1.2712717370020155,0.006781793425050385,0.01356358685010077,0.020345380275151155
0.025,0.395,0.42000000000000004,0.05952380952380952,0.03190420675064509,1.2761682700258037,0.006904206750645091,0.013808413501290182,0.020712620251935272
0.025,0.4,0.42500000000000004,0.058823529411764705,0.03202795652900636,1.2811182611602545,0.007027956529006361,0.014055913058012723,0.021083869587019084
0.025,0.405,0.43000000000000005,0.05813953488372093,0.032153068137906304,1.2861227255162522,0.007153068137906303,0.014306136275812606,0.02145920441371891
0.025,0.41,0.435,0.0574712643678161,0.032279567654070584,1.2911827061628234,0.007279567654070583,0.014559135308141166,0.02183870296221175
0.025,0.415,0.44,0.05681818181818182,0.03240748187862541,1.2962992751450164,0.007407481878625409,0.014814963757250818,0.022222445635876227
0.025,0.42,0.445,0.05617977528089888,0.03253683836370258,1.3014735345481032,0.007536838363702579,0.015073676727405158,0.022610515091107737
0.025,0.425,0.45,0.05555555555555556,0.032667665440267,1.30670661761068,0.0076676654402670005,0.015335330880534001,0.023002996320801
0.025,0.43,0.455,0.054945054945054944,0.0327999922472334,1.311999689889336,0.007799992247233399,0.015599984494466798,0.023399976741700197
0.025,0.435,0.46,0.05434782608695652,0.03293384876194427,1.317353950477771,0.007933848761944272,0.015867697523888544,0.023801546285832816
0.025,0.44,0.465,0.053763440860215055,0.03306926583208647,1.3227706332834588,0.008069265832086468,0.016138531664172936,0.024207797496259405
0.025,0.445,0.47000000000000003,0.05319148936170213,0.033206275209127334,1.3282510083650934,0.008206275209127332,0.016412550418254665,0.024618825627381997
0.025,0.45,0.47500000000000003,0.05263157894736842,0.03334490958335867,1.333796383334347,0.008344909583358671,0.016689819166717343,0.025034728750076014
0.025,0.455,0.48000000000000004,0.05208333333333333,0.03348520262064092,1.3394081048256368,0.008485202620640918,0.016970405241281836,0.025455607861922754
0.025,0.46,0.48500000000000004,0.05154639175257732,0.03362718900094719,1.3450875600378875,0.008627189000947187,0.017254378001894374,0.02588156700284156
0.025,0.465,0.49000000000000005,0.05102040816326531,0.0337709044588137,1.350836178352548,0.008770904458813698,0.017541808917627397,0.026312713376441095
0.025,0.47,0.495,0.05050505050505051,0.0339163858258108,1.356655433032432,0.0089163858258108,0.0178327716516216,0.026749157477432402
0.025,0.475,0.5,0.05,0.0340636710751544,1.362546843006176,0.009063671075154399,0.018127342150308798,0.027191013225463197
0.025,0.48,0.505,0.04950495049504951,0.03421279936859134,1.3685119747436536,0.009212799368591339,0.018425598737182677,0.027638398105774016
0.025,0.485,0.51,0.049019607843137254,0.03436381110569464,1.3745524442277857,0.00936381110569464,0.01872762221138928,0.02809143331708392
0.025,0.49,0.515,0.04854368932038835,0.03451674797572146,1.3806699190288585,0.009516747975721461,0.019033495951442922,0.028550243927164383
0.025,0.495,0.52,0.04807692307692308,0.03467165301219255,1.386866120487702,0.009671653012192548,0.019343306024385096,0.029014959036577644
0.025,0.5,0.525,0.047619047619047616,0.0348285706503666,1.3931428260146639,0.009828570650366596,0.01965714130073319,0.029485711951099787
0.025,0.505,0.53,0.04716981132075472,0.03498754678779403,1.3995018715117613,0.009987546787794031,0.019975093575588063,0.029962640363382094
0.025,0.51,0.535,0.04672897196261682,0.0351486288481504,1.405945153926016,0.010148628848150397,0.020297257696300794,0.03044588654445119
0.025,0.515,0.54,0.046296296296296294,0.035311865848563495,1.4124746339425398,0.010311865848563494,0.020623731697126987,0.03093559754569048
0.025,0.52,0.545,0.045871559633027525,0.03547730847066499,1.4190923388265997,0.01047730847066499,0.02095461694132998,0.03143192541199497
0.025,0.525,0.55,0.045454545454545456,0.03564500913561586,1.4258003654246343,0.010645009135615856,0.02129001827123171,0.03193502740684757
0.025,0.53,0.555,0.04504504504504504,0.03581502208337384,1.4326008833349535,0.010815022083373836,0.021630044166747672,0.03244506625012151
0.025,0.535,0.56,0.044642857142857144,0.03598740345649254,1.4394961382597016,0.010987403456492538,0.021974806912985076,0.032962210369477614
0.025,0.54,0.5650000000000001,0.04424778761061947,0.03616221138876685,1.446488455550674,0.01116221138876685,0.0223244227775337,0.03348663416630055
0.025,0.545,0.5700000000000001,0.043859649122807015,0.036339506099061225,1.453580243962449,0.011339506099061224,0.022679012198122447,0.03401851829718367
0.025,0.55,0.5750000000000001,0.043478260869565216,0.03651934999068829,1.4607739996275315,0.011519349990688287,0.023038699981376573,0.03455804997206486
0.025,0.555,0.5800000000000001,0.043103448275862065,0.03670180775673648,1.4680723102694593,0.01170180775673648,0.02340361551347296,0.03510542327020944
0.025,0.56,0.5850000000000001,0.04273504273504273,0.036886946491773265,1.4754778596709306,0.011886946491773263,0.023773892983546527,0.03566083947531979
0.025,0.565,0.59,0.04237288135593221,0.03707483581039628,1.4829934324158511,0.012074835810396277,0.024149671620792554,0.03622450743118883
0.025,0.57,0.595,0.04201680672268908,0.03726554797313508,1.4906219189254033,0.012265547973135081,0.024531095946270162,0.03679664391940524
0.025,0.575,0.6,0.04166666666666667,0.03745915802025879,1.4983663208103515,0.012459158020258786,0.02491831604051757,0.03737747406077636
0.025,0.58,0.605,0.04132231404958678,0.03765574391408899,1.5062297565635596,0.012655743914088989,0.025311487828177978,0.03796723174226697
0.025,0.585,0.61,0.04098360655737705,0.037855386690472614,1.5142154676189046,0.012855386690472613,0.025710773380945226,0.03856616007141784
0.025,0.59,0.615,0.04065040650406505,0.038058170620128395,1.5223268248051358,0.013058170620128394,0.026116341240256788,0.03917451186038518
0.025,0.595,0.62,0.040322580645161296,0.03826418338064774,1.5305673352259097,0.013264183380647741,0.026528366761295483,0.039792550141943224
0.025,0.6,0.625,0.04,0.03847351624000006,1.5389406496000024,0.01347351624000006,0.02694703248000012,0.04042054872000018
0.03,0.005,0.034999999999999996,0.8571428571428572,0.03007601917273217,1.0025339724244058,7.60191727321724e-05,0.0001520383454643448,0.0002280575181965172
0.03,0.01,0.04,0.75,0.030152557755220744,1.0050852585073582,0.00015255775522074466,0.0003051155104414893,0.000457673265662234
0.03,0.015,0.045,0.6666666666666666,0.030229621788016692,1.0076540596005565,0.00022962178801669286,0.0004592435760333857,0.0006888653640500786
0.03,0.02,0.05,0.6,0.03030721741231923,1.0102405804106411,0.00030721741231923283,0.0006144348246384657,0.0009216522369576985
0.03,0.025,0.055,0.5454545454545454,0.030385350872174754,1.012845029072492,0.0003853508721747556,0.0007707017443495112,0.0011560526165242668
0.03,0.03,0.06,0.5,0.030464028516734243,1.0154676172244748,0.00046402851673424395,0.0009280570334684879,0.0013920855502027318
0.03,0.035,0.065,0.4615384615384615,0.03054325680257275,1.0181085600857585,0.0005432568025727502,0.0010865136051455004,0.0016297704077182507
0.03,0.04,0.07,0.4285714285714285,0.030623042296073044,1.0207680765357683,0.0006230422960730453,0.0012460845921460906,0.0018691268882191359
0.03,0.045,0.075,0.4,0.03070339167587366,1.0234463891957888,0.0007033916758736602,0.0014067833517473205,0.0021101750276209807
0.03,0.05,0.08,0.375,0.030784311735386316,1.0261437245128773,0.0007843117353863172,0.0015686234707726343,0.0023529352061589515
0.03,0.055,0.08499999999999999,0.35294117647058826,0.03086580938538186,1.028860312846062,0.0008658093853818605,0.001731618770763721,0.0025974281561455814
0.03,0.06,0.09,0.3333333333333333,0.030947891656649906,1.031596388554997,0.0009478916566499074,0.0018957833132998148,0.002843674969949722
0.03,0.065,0.095,0.3157894736842105,0.03103056570273266,1.0343521900910888,0.001030565702732661,0.002061131405465322,0.0030916971081979827
0.03,0.07,0.1,0.3,0.03111383880273666,1.037127960091222,0.0011138388027366608,0.0022276776054733216,0.0033415164082099824
0.03,0.075,0.105,0.2857142857142857,0.031197718364223803,1.039923945474127,0.0011977183642238043,0.0023954367284476086,0.003593155092671413
0.03,0.08,0.11,0.2727272727272727,0.031282211926185965,1.0427403975395322,0.0012822119261859666,0.002564423852371933,0.0038466357785578997
0.03,0.085,0.115,0.2608695652173913,0.03136732716210444,1.0455775720701481,0.0013673271621044425,0.002734654324208885,0.0041019814863133275
0.03,0.09,0.12,0.25,0.03145307188309876,1.0484357294366253,0.001453071883098761,0.002906143766197522,0.004359215649296283
0.03,0.095,0.125,0.24,0.03153945404116609,1.0513151347055365,0.001539454041166094,0.003078908082332188,0.004618362123498282
0.03,0.1,0.13,0.23076923076923075,0.03162648173251659,1.054216057750553,0.0016264817325165881,0.0032529634650331762,0.004879445197549764
0.03,0.105,0.135,0.2222222222222222,0.031714163201006174,1.0571387733668725,0.0017141632010061747,0.0034283264020123494,0.005142489603018524
0.03,0.11,0.14,0.21428571428571425,0.03180250684167074,1.0600835613890247,0.0018025068416707424,0.0036050136833414848,0.005407520525012227
0.03,0.115,0.14500000000000002,0.2068965517241379,0.03189152120436667,1.0630507068122224,0.0018915212043666696,0.003783042408733339,0.005674563613100009
0.03,0.12,0.15,0.2,0.0319812149975186,1.0660404999172868,0.0019812149975186044,0.003962429995037209,0.005943644992555813
0.03,0.125,0.155,0.1935483870967742,0.03207159709198226,1.0690532363994087,0.0020715970919822635,0.004143194183964527,0.0062147912759467905
0.03,0.13,0.16,0.1875,0.032162676525021805,1.0720892175007268,0.002162676525021806,0.004325353050043612,0.006488029575065418
0.03,0.135,0.165,0.1818181818181818,0.032254462504410664,1.0751487501470223,0.0022544625044106648,0.0045089250088213295,0.006763387513231994
0.03,0.14,0.17,0.1764705882352941,0.03234696441265639,1.0782321470885463,0.0023469644126563882,0.0046939288253127764,0.007040893237969165
0.03,0.145,0.175,0.17142857142857143,0.03244019181135671,1.0813397270452239,0.0024401918113567123,0.0048803836227134245,0.007320575434070137
0.03,0.15,0.18,0.16666666666666666,0.03253415444569019,1.0844718148563397,0.00253415444569019,0.00506830889138038,0.00760246333707057
0.03,0.155,0.185,0.16216216216216217,0.03262886224904704,1.0876287416349015,0.0026288622490470426,0.005257724498094085,0.007886586747141128
0.03,0.16,0.19,0.15789473684210525,0.03272432534780556,1.090810844926852,0.002724325347805562,0.005448650695611124,0.008172976043416685
0.03,0.165,0.195,0.15384615384615383,0.03282055406625928,1.0940184688753094,0.0028205540662592787,0.0056411081325185575,0.008461662198777836
0.03,0.17,0.2,0.15,0.03291755893170034,1.0972519643900114,0.0029175589317003425,0.005835117863400685,0.008752676795101028
0.03,0.175,0.205,0.14634146341463414,0.03301535067966588,1.100511689322196,0.003015350679665879,0.006030701359331758,0.009046052038997637
0.03,0.18,0.21,0.14285714285714285,0.03311394025935299,1.1037980086450998,0.003113940259352993,0.006227880518705986,0.009341820778058979
0.03,0.185,0.215,0.13953488372093023,0.03321333883920852,1.107111294640284,0.0032133388392085183,0.0064266776784170365,0.009640016517625555
0.03,0.19,0.22,0.13636363636363635,0.03331355781270151,1.1104519270900504,0.003313557812701512,0.006627115625403024,0.009940673438104536
0.03,0.195,0.225,0.13333333333333333,0.03341460880428471,1.113820293476157,0.003414608804284708,0.006829217608569416,0.010243826412854123
0.03,0.2,0.23,0.13043478260869565,0.0335165036755527,1.1172167891850902,0.0035165036755527013,0.0070330073511054025,0.010549511026658104
0.03,0.205,0.235,0.1276595744680851,0.03361925453160397,1.1206418177201325,0.0036192545316039715,0.007238509063207943,0.010857763594811914
0.03,0.21,0.24,0.125,0.03372287372761629,1.124095790920543,0.003722873727616288,0.007445747455232576,0.011168621182848865
0.03,0.215,0.245,0.12244897959183673,0.03382737387564305,1.1275791291881019,0.003827373875643053,0.007654747751286106,0.01148212162692916
0.03,0.22,0.25,0.12,0.03393276785163879,1.131092261721293,0.003932767851638791,0.007865535703277582,0.011798303554916373
0.03,0.225,0.255,0.11764705882352941,0.034039068802725225,1.1346356267575075,0.004039068802725226,0.008078137605450453,0.01211720640817568
0.03,0.23,0.26,0.11538461538461538,0.03414629015470627,1.1382096718235424,0.0041462901547062725,0.008292580309412545,0.012438870464118817
0.03,0.235,0.265,0.11320754716981131,0.034254445619841145,1.1418148539947048,0.004254445619841146,0.008508891239682292,0.012763336859523439
0.03,0.24,0.27,0.1111111111111111,0.03436354920488993,1.1454516401629977,0.004363549204889933,0.008727098409779865,0.013090647614669798
0.03,0.245,0.275,0.10909090909090907,0.03447361521943859,1.1491205073146198,0.0044736152194385925,0.008947230438877185,0.013420845658315778
0.03,0.25,0.28,0.10714285714285712,0.03458465828451829,1.1528219428172763,0.004584658284518289,0.009169316569036579,0.013753974853554868
0.03,0.255,0.28500000000000003,0.10526315789473682,0.03469669334153036,1.1565564447176788,0.004696693341530361,0.009393386683060723,0.014090080024591084
0.03,0.26,0.29000000000000004,0.10344827586206895,0.034809735661489816,1.1603245220496605,0.004809735661489817,0.009619471322979634,0.01442920698446945
0.03,0.265,0.29500000000000004,0.10169491525423727,0.03492380085460145,1.1641266951533817,0.004923800854601451,0.009847601709202902,0.014771402563804353
0.03,0.27,0.30000000000000004,0.09999999999999998,0.03503890488018235,1.1679634960060785,0.005038904880182354,0.010077809760364709,0.015116714640547063
0.03,0.275,0.30500000000000005,0.0983606557377049,0.03515506405694724,1.171835468564908,0.0051550640569472395,0.010310128113894479,0.015465192170841718
0.03,0.28,0.31000000000000005,0.09677419354838708,0.035272295073670135,1.175743169122338,0.005272295073670136,0.010544590147340271,0.015816885221010407
0.03,0.285,0.31499999999999995,0.09523809523809525,0.035390615000241876,1.1796871666747293,0.005390615000241877,0.010781230000483755,0.016171845000725632
0.03,0.29,0.31999999999999995,0.09375000000000001,0.035510041299138706,1.1836680433046236,0.005510041299138707,0.011020082598277414,0.01653012389741612
0.03,0.295,0.32499999999999996,0.09230769230769231,0.035630591837321535,1.1876863945773846,0.005630591837321536,0.011261183674643072,0.016891775511964607
0.03,0.3,0.32999999999999996,0.09090909090909091,0.035752284898585174,1.1917428299528392,0.005752284898585175,0.01150456979717035,0.017256854695755525
0.03,0.305,0.33499999999999996,0.08955223880597016,0.03587513919637797,1.195837973212599,0.005875139196377971,0.011750278392755942,0.017625417589133913
0.03,0.31,0.33999999999999997,0.08823529411764706,0.03599917388711238,1.199972462903746,0.00599917388711238,0.01199834777422476,0.01799752166133714
0.03,0.315,0.345,0.08695652173913043,0.036124408583991574,1.2041469527997193,0.006124408583991575,0.01224881716798315,0.018373225751974726
0.03,0.32,0.35,0.08571428571428572,0.036250863371373065,1.2083621123791022,0.006250863371373067,0.012501726742746133,0.0187525901141192
0.03,0.325,0.355,0.08450704225352113,0.03637855881969698,1.212618627323233,0.006378558819696983,0.012757117639393967,0.01913567645909095
0.03,0.33,0.36,0.08333333333333333,0.03650751600100388,1.2169172000334627,0.006507516001003882,0.013015032002007765,0.019522548003011647
0.03,0.335,0.365,0.0821917808219178,0.03663775650507162,1.221258550169054,0.006637756505071618,0.013275513010143236,0.019913269515214854
0.03,0.34,0.37,0.08108108108108109,0.03676930245619969,1.2256434152066564,0.006769302456199694,0.013538604912399388,0.020307907368599082
0.03,0.345,0.375,0.08,0.03690217653067285,1.2300725510224284,0.006902176530672849,0.013804353061345698,0.020706529592018547
0.03,0.35,0.38,0.07894736842105263,0.03703640197493785,1.2345467324979285,0.00703640197493785,0.0140728039498757,0.02110920592481355
0.03,0.355,0.385,0.07792207792207792,0.03717200262452669,1.2390667541508897,0.007172002624526691,0.014344005249053382,0.021516007873580073
0.03,0.36,0.39,0.07692307692307691,0.03730900292376427,1.2436334307921424,0.007309002923764268,0.014618005847528537,0.021927008771292805
0.03,0.365,0.395,0.07594936708860758,0.037447427946300516,1.2482475982100172,0.007447427946300517,0.014894855892601033,0.02234228383890155
0.03,0.37,0.4,0.075,0.03758730341650607,1.2529101138835357,0.007587303416506069,0.015174606833012139,0.022761910249518208
0.03,0.375,0.405,0.07407407407407407,0.03772865573177786,1.2576218577259288,0.0077286557317778615,0.015457311463555723,0.023185967195333584
0.03,0.38,0.41000000000000003,0.07317073170731707,0.03787151198579908,1.2623837328599694,0.007871511985799079,0.015743023971598158,0.023614535957397237
0.03,0.385,0.41500000000000004,0.07228915662650602,0.03801589999280419,1.2671966664268064,0.008015899992804193,0.016031799985608386,0.02404769997841258
0.03,0.39,0.42000000000000004,0.07142857142857142,0.038161848312900815,1.2720616104300273,0.008161848312900816,0.01632369662580163,0.024485544938702447
0.03,0.395,0.42500000000000004,0.07058823529411763,0.03830938627850311,1.2769795426167705,0.008309386278503111,0.016618772557006223,0.024928158835509334
0.03,0.4,0.43000000000000005,0.0697674418604651,0.038458544021936825,1.2819514673978942,0.008458544021936826,0.01691708804387365,0.025375632065810477
0.03,0.405,0.43500000000000005,0.0689655172413793,0.03860935250427766,1.2869784168092555,0.008609352504277662,0.017218705008555324,0.025828057512832986
0.03,0.41,0.43999999999999995,0.06818181818181819,0.038761843545489616,1.2920614515163207,0.008761843545489617,0.017523687090979234,0.02628553063646885
0.03,0.415,0.44499999999999995,0.06741573033707865,0.038916049855933665,1.2972016618644555,0.008916049855933667,0.017832099711867333,0.026748149567801
0.03,0.42,0.44999999999999996,0.06666666666666667,0.0390720050693224,1.3024001689774134,0.009072005069322403,0.018144010138644806,0.02721601520796721
0.03,0.425,0.45499999999999996,0.06593406593406594,0.03922974377720034,1.3076581259066782,0.009229743777200344,0.01845948755440069,0.027689231331601033
0.03,0.43,0.45999999999999996,0.06521739130434782,0.03938930156503395,1.3129767188344652,0.009389301565033953,0.018778603130067906,0.02816790469510186
0.03,0.435,0.46499999999999997,0.06451612903225806,0.03955071505000485,1.318357168333495,0.009550715050004849,0.019101430100009698,0.028652145150014546
0.03,0.44,0.47,0.06382978723404255,0.039714021920599696,1.3238007306866566,0.009714021920599697,0.019428043841199394,0.02914206576179909
0.03,0.445,0.475,0.06315789473684211,0.03987926097810157,1.3293086992700525,0.009879260978101573,0.019758521956203146,0.02963778293430472
0.03,0.45,0.48,0.0625,0.04004647218009383,1.3348824060031277,0.01004647218009383,0.02009294436018766,0.03013941654028149
0.03,0.455,0.485,0.061855670103092786,0.040215696686091484,1.3405232228697161,0.010215696686091486,0.02043139337218297,0.030647090058274457
0.03,0.46,0.49,0.061224489795918366,0.04038697690542814,1.3462325635142713,0.010386976905428141,0.020773953810856283,0.031160930716284424
0.03,0.465,0.495,0.06060606060606061,0.04056035654753232,1.352011884917744,0.010560356547532318,0.021120713095064636,0.031681069642596954
0.03,0.47,0.5,0.06,0.04073588067473566,1.3578626891578554,0.01073588067473566,0.02147176134947132,0.03220764202420698
0.03,0.475,0.505,0.0594059405940594,0.04091359575776865,1.3637865252589552,0.010913595757768652,0.021827191515537303,0.032740787273305955
0.03,0.48,0.51,0.058823529411764705,0.041093549734108836,1.3697849911369613,0.011093549734108837,0.022187099468217675,0.03328064920232651
0.03,0.485,0.515,0.058252427184466014,0.041275792069356276,1.3758597356452094,0.011275792069356277,0.022551584138712555,0.03382737620806883
0.03,0.49,0.52,0.05769230769230769,0.0414603738218291,1.3820124607276367,0.0114603738218291,0.0229207476436582,0.0343811214654873
0.03,0.495,0.525,0.05714285714285714,0.04164734771058054,1.3882449236860182,0.011647347710580541,0.023294695421161082,0.034942043131741624
0.03,0.5,0.53,0.056603773584905655,0.04183676818705784,1.3945589395685947,0.011836768187057839,0.023673536374115678,0.03551030456117352
0.03,0.505,0.535,0.05607476635514018,0.04202869151063726,1.4009563836879089,0.012028691510637263,0.024057383021274525,0.03608607453191179
0.03,0.51,0.54,0.05555555555555555,0.04222317582829016,1.4074391942763387,0.012223175828290161,0.024446351656580323,0.036669527484870484
0.03,0.515,0.545,0.055045871559633024,0.04242028125865094,1.4140093752883647,0.01242028125865094,0.02484056251730188,0.03726084377595282
0.03,0.52,0.55,0.054545454545454536,0.04262006998078294,1.4206689993594313,0.012620069980782939,0.025240139961565877,0.037860209942348816
0.03,0.525,0.555,0.05405405405405405,0.042822606327957646,1.4274202109319216,0.012822606327957647,0.025645212655915295,0.03846781898387294
0.03,0.53,0.56,0.05357142857142856,0.043027956886791174,1.4342652295597058,0.013027956886791175,0.02605591377358235,0.039083870660373526
0.03,0.535,0.5650000000000001,0.053097345132743355,0.04323619060210615,1.4412063534035384,0.013236190602106152,0.026472381204212303,0.039708571806318455
0.03,0.54,0.5700000000000001,0.05263157894736841,0.04344737888792016,1.448245962930672,0.013447378887920164,0.026894757775840328,0.04034213666376049
0.03,0.545,0.5750000000000001,0.05217391304347825,0.04366159574499362,1.4553865248331208,0.013661595744993621,0.027323191489987242,0.04098478723498086
0.03,0.55,0.5800000000000001,0.051724137931034475,0.0438789178854051,1.46263059618017,0.013878917885405101,0.027757835770810202,0.0416367536562153
0.03,0.555,0.5850000000000001,0.05128205128205127,0.04409942486466256,1.4699808288220855,0.014099424864662563,0.028198849729325126,0.04229827459398769
0.03,0.56,0.5900000000000001,0.050847457627118633,0.04432319922190253,1.4774399740634179,0.014323199221902533,0.028646398443805066,0.0429695976657076
0.03,0.565,0.595,0.05042016806722689,0.04455032662877678,1.4850108876258927,0.014550326628776783,0.029100653257553566,0.04365097988633035
0.03,0.57,0.6,0.05,0.04478089604767599,1.492696534922533,0.01478089604767599,0.02956179209535198,0.04434268814302797
0.03,0.575,0.605,0.049586776859504134,0.04501499990000224,1.5004999966667414,0.01501499990000224,0.03002999980000448,0.04504499970000672
0.03,0.58,0.61,0.04918032786885246,0.045252734245260884,1.5084244748420295,0.015252734245260885,0.03050546849052177,0.045758202735782655
0.03,0.585,0.615,0.04878048780487805,0.04549419897181517,1.5164732990605057,0.01549419897181517,0.03098839794363034,0.04648259691544551
0.03,0.59,0.62,0.04838709677419355,0.045739498000223144,1.5246499333407715,0.015739498000223145,0.03147899600044629,0.047218494000669436
0.03,0.595,0.625,0.048,0.04598873950016369,1.5329579833387896,0.01598873950016369,0.03197747900032738,0.04796621850049107
0.03,0.6,0.63,0.047619047619047616,0.04624203612204991,1.5414012040683305,0.016242036122049913,0.032484072244099826,0.04872610836614974
0.035,0.005,0.04,0.8750000000000001,0.035088841107644764,1.002538317361279,8.884110764476039e-05,0.00017768221528952077,0.00026652332293428116
0.035,0.01,0.045000000000000005,0.7777777777777778,0.03517829094392899,1.0050940269693998,0.00017829094392898814,0.0003565818878579763,0.0005348728317869644
0.035,0.015,0.05,0.7000000000000001,0.03526835661261829,1.0076673317890938,0.0002683566126182868,0.0005367132252365736,0.0008050698378548604
0.035,0.02,0.05500000000000001,0.6363636363636364,0.03535904533629952,1.0102584381799862,0.0003590453362995183,0.0007180906725990366,0.0010771360088985549
0.035,0.025,0.060000000000000005,0.5833333333333334,0.03545036445898664,1.0128675559710467,0.00045036445898663513,0.0009007289179732703,0.0013510933769599054
0.035,0.03,0.065,0.5384615384615385,0.03554232144879743,1.0154948985370693,0.0005423214487974282,0.0010846428975948563,0.0016269643463922845
0.035,0.035,0.07,0.5,0.03563492390070455,1.0181406828772728,0.0006349239007045482,0.0012698478014090964,0.0019047717021136445
0.035,0.04,0.07500000000000001,0.4666666666666666,0.03572817953936036,1.0208051296960101,0.0007281795393603574,0.0014563590787207148,0.002184538618081072
0.035,0.045,0.08,0.43750000000000006,0.035822096222002386,1.0234884634857824,0.0008220962220023831,0.0016441924440047662,0.0024662886660071492
0.035,0.05,0.085,0.411764705882353,0.0359166819414376,1.0261909126125028,0.0009166819414375971,0.0018333638828751941,0.002750045824312791
0.035,0.055,0.09,0.38888888888888895,0.03601194482911141,1.028912709403183,0.0010119448291114053,0.0020238896582228105,0.003035834487334216
0.035,0.06,0.095,0.368421052631579,0.03610789315826246,1.0316540902360702,0.0011078931582624574,0.0022157863165249148,0.003323679474787372
0.035,0.065,0.1,0.35000000000000003,0.03620453534716661,1.0344152956333317,0.0012045353471666076,0.002409070694333215,0.003613606041499823
0.035,0.07,0.10500000000000001,0.3333333333333333,0.036301879962473804,1.0371965703563943,0.0013018799624738009,0.0026037599249476018,0.0039056398874214027
0.035,0.075,0.11,0.31818181818181823,0.036399935722639554,1.0399981635039872,0.0013999357226395504,0.0027998714452791007,0.004199807167918651
0.035,0.08,0.115,0.30434782608695654,0.03649871150145556,1.042820328613016,0.0014987115014555574,0.002997423002911115,0.004496134504366672
0.035,0.085,0.12000000000000001,0.2916666666666667,0.03659821633168214,1.045663323762347,0.0015982163316821396,0.0031964326633642792,0.004794648995046419
0.035,0.09,0.125,0.28,0.0366984594087868,1.0485274116796228,0.0016984594087867955,0.003396918817573591,0.005095378226360386
0.035,0.095,0.13,0.2692307692307693,0.036799450094791464,1.0514128598511845,0.0017994500947914605,0.003598900189582921,0.005398350284374381
0.035,0.1,0.135,0.25925925925925924,0.03690119792223301,1.0543199406352288,0.0019011979222330055,0.003802395844466011,0.005703593766699017
0.035,0.105,0.14,0.25,0.03700371259824142,1.0572489313783262,0.0020037125982414195,0.004007425196482839,0.006011137794724258
0.035,0.11,0.14500000000000002,0.24137931034482757,0.037107004008738564,1.0602001145353874,0.002107004008738561,0.004214008017477122,0.006321012026215683
0.035,0.115,0.15000000000000002,0.2333333333333333,0.037211082222762815,1.063173777793223,0.0022110822227628113,0.004422164445525623,0.006633246668288434
0.035,0.12,0.155,0.22580645161290325,0.03731595749692396,1.0661702141978273,0.002315957496923954,0.004631914993847908,0.006947872490771861
0.035,0.125,0.16,0.21875000000000003,0.03742164027999284,1.0691897222855096,0.002421640279992837,0.004843280559985674,0.0072649208399785115
0.035,0.13,0.165,0.21212121212121213,0.03752814121763037,1.0722326062180105,0.0025281412176303697,0.005056282435260739,0.007584423652891109
0.035,0.135,0.17,0.2058823529411765,0.037635471157261846,1.075299175921767,0.0026354711572618428,0.0052709423145236856,0.007906413471785528
0.035,0.14,0.17500000000000002,0.2,0.037743641153101026,1.0783897472314579,0.002743641153101023,0.005487282306202046,0.008230923459303069
0.035,0.145,0.18,0.19444444444444448,0.03785266247133001,1.0815046420380003,0.0028526624713300086,0.005705324942660017,0.008557987413990026
0.035,0.15,0.185,0.1891891891891892,0.03796254659544074,1.084644188441164,0.002962546595440735,0.00592509319088147,0.008887639786322205
0.035,0.155,0.19,0.1842105263157895,0.03807330523174368,1.0878087209069622,0.003073305231743678,0.006146610463487356,0.009219915695231035
0.035,0.16,0.195,0.1794871794871795,0.038184950315050425,1.090998580430012,0.003184950315050422,0.006369900630100844,0.009554850945151266
0.035,0.165,0.2,0.17500000000000002,0.03829749401453697,1.0942141147010562,0.003297494014536967,0.006594988029073934,0.0098924820436109
0.035,0.17,0.20500000000000002,0.17073170731707318,0.03841094873979378,1.0974556782798222,0.0034109487397937788,0.0068218974795875575,0.010232846219381336
0.035,0.175,0.21,0.16666666666666669,0.03852532714707024,1.1007236327734353,0.0035253271470702396,0.007050654294140479,0.010575981441210719
0.035,0.18,0.215,0.16279069767441862,0.03864064214572227,1.1040183470206362,0.003640642145722267,0.007281284291444534,0.010921926437166801
0.035,0.185,0.22,0.15909090909090912,0.03875690690486766,1.107340197281933,0.0037569069048676573,0.007513813809735315,0.011270720714602972
0.035,0.19,0.225,0.15555555555555556,0.03887413486026092,1.1106895674360262,0.0038741348602609194,0.007748269720521839,0.011622404580782758
0.035,0.195,0.23,0.15217391304347827,0.03899233972139471,1.114066849182706,0.003992339721394705,0.00798467944278941,0.011977019164184116
0.035,0.2,0.23500000000000001,0.14893617021276595,0.03911153547883539,1.1174724422524396,0.0041115354788353875,0.008223070957670775,0.012334606436506163
0.035,0.205,0.24,0.14583333333333334,0.03923173641180511,1.120906754623003,0.004231736411805104,0.008463472823610207,0.012695209235415311
0.035,0.21,0.245,0.14285714285714288,0.039352957096017604,1.12437020274336,0.004352957096017601,0.008705914192035202,0.013058871288052804
0.035,0.215,0.25,0.14,0.03947521241177887,1.1278632117651104,0.004475212411778867,0.008950424823557734,0.013425637235336602
0.035,0.22,0.255,0.13725490196078433,0.039598517552364654,1.131386215781847,0.00459851755236465,0.0091970351047293,0.013795552657093951
0.035,0.225,0.26,0.13461538461538464,0.039722888032683756,1.1349396580766786,0.004722888032683753,0.009445776065367506,0.014168664098051259
0.035,0.23,0.265,0.1320754716981132,0.03984833969824075,1.1385239913783072,0.00484833969824075,0.0096966793964815,0.01454501909472225
0.035,0.235,0.27,0.12962962962962962,0.0399748887344098,1.142139678125994,0.004974888734409794,0.009949777468819587,0.014924666203229381
0.035,0.24,0.275,0.1272727272727273,0.040102551676032605,1.1457871907437887,0.005102551676032602,0.010205103352065203,0.015307655028097805
0.035,0.245,0.28,0.125,0.040231345417354514,1.1494670119244146,0.00523134541735451,0.01046269083470902,0.01569403625206353
0.035,0.25,0.28500000000000003,0.12280701754385964,0.04036128722231225,1.153179634923207,0.005361287222312244,0.010722574444624489,0.016083861666936733
0.035,0.255,0.29000000000000004,0.12068965517241378,0.04049239473518884,1.1569255638625382,0.005492394735188838,0.010984789470377676,0.016477184205566514
0.035,0.26,0.29500000000000004,0.11864406779661016,0.04062468599165159,1.1607053140471881,0.0056246859916515846,0.011249371983303169,0.016874057974954754
0.035,0.265,0.30000000000000004,0.11666666666666665,0.04075817943018967,1.1645194122911333,0.005758179430189664,0.011516358860379328,0.01727453829056899
0.035,0.27,0.30500000000000005,0.11475409836065573,0.04089289390396722,1.1683683972562062,0.005892893903967217,0.011785787807934434,0.01767868171190165
0.035,0.275,0.31000000000000005,0.11290322580645161,0.041028848693113074,1.1722528198032305,0.00602884869311307,0.01205769738622614,0.01808654607933921
0.035,0.28,0.31500000000000006,0.1111111111111111,0.04116606351746366,1.1761732433561043,0.006166063517463655,0.01233212703492731,0.018498190552390964
0.035,0.285,0.31999999999999995,0.10937500000000003,0.041304558549780324,1.1801302442794377,0.00630455854978032,0.01260911709956064,0.01891367564934096
0.035,0.29,0.32499999999999996,0.10769230769230771,0.04144435442946248,1.1841244122703565,0.006444354429462479,0.012888708858924958,0.019333063288387436
0.035,0.295,0.32999999999999996,0.10606060606060608,0.04158547227677867,1.1881563507651047,0.006585472276778664,0.013170944553557329,0.019756416830335993
0.035,0.3,0.33499999999999996,0.10447761194029853,0.04172793370763894,1.1922266773611125,0.006727933707638939,0.013455867415277878,0.020183801122916817
0.035,0.305,0.33999999999999997,0.10294117647058826,0.041871760848933515,1.1963360242552432,0.006871760848933511,0.013743521697867023,0.020615282546800534
0.035,0.31,0.345,0.10144927536231886,0.042016976354463775,1.200485038698965,0.007016976354463772,0.014033952708927544,0.021050929063391316
0.035,0.315,0.35,0.10000000000000002,0.0421636034214935,1.2046743834712428,0.007163603421493497,0.014327206842986995,0.021490810264480492
0.035,0.32,0.355,0.09859154929577466,0.04231166580794776,1.208904737369936,0.007311665807947759,0.014623331615895518,0.021934997423843278
0.035,0.325,0.36,0.09722222222222224,0.04246118785029329,1.2131767957226653,0.007461187850293288,0.014922375700586576,0.022383563550879865
0.035,0.33,0.365,0.09589041095890412,0.04261219448212816,1.2174912709179473,0.0076121944821281595,0.015224388964256319,0.02283658344638448
0.035,0.335,0.37,0.0945945945945946,0.04276471125351966,1.2218488929577045,0.007764711253519657,0.015529422507039314,0.02329413376055897
0.035,0.34,0.375,0.09333333333333334,0.04291876435112241,1.2262504100320686,0.007918764351122404,0.015837528702244807,0.02375629305336721
0.035,0.345,0.38,0.09210526315789475,0.04307438061911695,1.230696589117627,0.008074380619116944,0.01614876123823389,0.024223141857350833
0.035,0.35,0.385,0.09090909090909091,0.04323158758100887,1.2351882166002532,0.008231587581008865,0.01646317516201773,0.024694762743026594
0.035,0.355,0.39,0.08974358974358974,0.04339041346232975,1.2397260989237069,0.008390413462329743,0.016780826924659487,0.02517124038698923
0.035,0.36,0.395,0.08860759493670886,0.04355088721428668,1.2443110632653336,0.008550887214286679,0.017101774428573358,0.025652661642860036
0.035,0.365,0.4,0.08750000000000001,0.043713038538406246,1.2489439582401782,0.008713038538406243,0.017426077076812485,0.026139115615218728
0.035,0.37,0.405,0.08641975308641976,0.0438768979122246,1.2536256546349884,0.008876897912224596,0.017753795824449192,0.02663069373667379
0.035,0.375,0.41000000000000003,0.08536585365853659,0.04404249661607729,1.2583570461736366,0.009042496616077283,0.018084993232154567,0.02712748984823185
0.035,0.38,0.41500000000000004,0.08433734939759036,0.04420986676104366,1.263139050315533,0.009209866761043656,0.01841973352208731,0.027629600283130967
0.035,0.385,0.42000000000000004,0.08333333333333333,0.04437904131810799,1.2679726090887997,0.009379041318107989,0.018758082636215978,0.028137123954323967
0.035,0.39,0.42500000000000004,0.08235294117647059,0.04455005414860058,1.2728586899600165,0.009550054148600579,0.019100108297201157,0.028650162445801736
0.035,0.395,0.43000000000000005,0.0813953488372093,0.04472294003598465,1.2777982867424185,0.009722940035984645,0.01944588007196929,0.029168820107953936
0.035,0.4,0.43500000000000005,0.08045977011494253,0.044897734719063664,1.282792420544676,0.009897734719063661,0.019795469438127322,0.029693204157190983
0.035,0.405,0.44000000000000006,0.07954545454545454,0.045074474926683816,1.2878421407623946,0.010074474926683813,0.020148949853367626,0.03022342478005144
0.035,0.41,0.44499999999999995,0.07865168539325844,0.04525319841401254,1.2929485261146438,0.010253198414012538,0.020506396828025075,0.030759595242037613
0.035,0.415,0.44999999999999996,0.07777777777777779,0.045433944000480286,1.298112685728008,0.010433944000480283,0.020867888000960566,0.03130183200144085
0.035,0.42,0.45499999999999996,0.07692307692307694,0.04561675160947731,1.3033357602707802,0.01061675160947731,0.02123350321895462,0.03185025482843193
0.035,0.425,0.45999999999999996,0.07608695652173915,0.04580166230990246,1.30861892314007,0.010801662309902454,0.02160332461980491,0.03240498692970736
0.035,0.43,0.46499999999999997,0.07526881720430109,0.045988718359669556,1.3139633817048444,0.010988718359669553,0.021977436719339105,0.03296615507900866
0.035,0.435,0.47,0.07446808510638299,0.04617796325128121,1.3193703786080344,0.011177963251281203,0.022355926502562407,0.03353388975384361
0.035,0.44,0.475,0.0736842105263158,0.04636944175958935,1.3248411931311241,0.011369441759589344,0.022738883519178688,0.03410832527876803
0.035,0.445,0.48,0.07291666666666667,0.046563199991868975,1.3303771426248276,0.011563199991868972,0.023126399983737944,0.034689599975606916
0.035,0.45,0.485,0.07216494845360825,0.04675928544033958,1.3359795840097022,0.011759285440339579,0.023518570880679157,0.035277856321018736
0.035,0.455,0.49,0.07142857142857144,0.04695774703728017,1.3416499153508619,0.01195774703728017,0.02391549407456034,0.03587324111184051
0.035,0.46,0.495,0.07070707070707072,0.04715863521288999,1.3473895775111424,0.012158635212889984,0.02431727042577997,0.03647590563866995
0.035,0.465,0.5,0.07,0.04736200195606266,1.3532000558875044,0.012362001956062657,0.024724003912125314,0.03708600586818797
0.035,0.47,0.505,0.06930693069306931,0.04756790087824847,1.3590828822356704,0.012567900878248467,0.025135801756496934,0.0377037026347454
0.035,0.475,0.51,0.06862745098039216,0.04777638728059619,1.3650396365884625,0.012776387280596185,0.02555277456119237,0.038329161841788556
0.035,0.48,0.515,0.0679611650485437,0.047987518224576364,1.3710719492736103,0.012987518224576361,0.025975036449152722,0.03896255467372908
0.035,0.485,0.52,0.06730769230769232,0.04820135260630387,1.3771815030372534,0.013201352606303868,0.026402705212607736,0.0396040578189116
0.035,0.49,0.525,0.06666666666666667,0.04841795123479553,1.3833700352798721,0.013417951234795528,0.026835902469591055,0.04025385370438658
0.035,0.495,0.53,0.0660377358490566,0.04863737691441261,1.3896393404117888,0.013637376914412608,0.027274753828825216,0.04091213074323782
0.035,0.5,0.535,0.06542056074766356,0.04885969453175876,1.3959912723359644,0.013859694531758754,0.027719389063517508,0.04157908359527626
0.035,0.505,0.54,0.06481481481481481,0.04908497114732513,1.4024277470664321,0.014084971147325126,0.028169942294650252,0.04225491344197538
0.035,0.51,0.545,0.06422018348623854,0.04931327609219571,1.408950745491306,0.01431327609219571,0.02862655218439142,0.04293982827658713
0.035,0.515,0.55,0.06363636363636364,0.049544681070149754,1.4155623162899929,0.014544681070149751,0.029089362140299502,0.04363404321044925
0.035,0.52,0.555,0.06306306306306306,0.04977926026552615,1.4222645790150328,0.014779260265526145,0.02955852053105229,0.044337780796578435
0.035,0.525,0.56,0.0625,0.05001709045724301,1.4290597273498,0.015017090457243004,0.03003418091448601,0.04505127137172901
0.035,0.53,0.5650000000000001,0.061946902654867256,0.050258251139396304,1.43595003255418,0.0152582511393963,0.0305165022787926,0.0457747534181889
0.035,0.535,0.5700000000000001,0.06140350877192982,0.05050282464889699,1.4429378471113425,0.01550282464889699,0.03100564929779398,0.04650847394669097
0.035,0.54,0.5750000000000001,0.0608695652173913,0.050750896300644,1.4500256085898284,0.015750896300643996,0.03150179260128799,0.04725268890193199
0.035,0.545,0.5800000000000001,0.06034482758620689,0.051002554530770405,1.4572158437362972,0.016002554530770402,0.032005109061540804,0.048007663592311206
0.035,0.55,0.5850000000000001,0.059829059829059825,0.05125789104854661,1.4645111728156173,0.016257891048546608,0.032515782097093215,0.04877367314563982
0.035,0.555,0.5900000000000001,0.05932203389830508,0.05151700099757339,1.4719143142163824,0.01651700099757339,0.03303400199514678,0.04955100299272017
0.035,0.56,0.5950000000000001,0.058823529411764705,0.05177998312695331,1.479428089341523,0.016779983126953307,0.033559966253906615,0.05033994938085992
0.035,0.565,0.6,0.05833333333333334,0.05204693997318688,1.4870554278053392,0.017046939973186875,0.03409387994637375,0.051140819919560626
0.035,0.57,0.605,0.057851239669421496,0.05231797805360783,1.4947993729602236,0.017317978053607824,0.03463595610721565,0.05195393416082347
0.035,0.575,0.61,0.05737704918032788,0.052593208072244324,1.502663087778409,0.01759320807224432,0.03518641614448864,0.05277962421673296
0.035,0.58,0.615,0.05691056910569106,0.05287274513907214,1.5106498611163468,0.017872745139072138,0.035745490278144276,0.053618235417216414
0.035,0.585,0.62,0.05645161290322581,0.05315670900371616,1.5187631143918903,0.01815670900371616,0.03631341800743232,0.05447012701114848
0.035,0.59,0.625,0.05600000000000001,0.053445224304752736,1.5270064087072208,0.018445224304752733,0.036890448609505466,0.0553356729142582
0.035,0.595,0.63,0.05555555555555556,0.053738420835876766,1.5353834524536216,0.018738420835876762,0.037476841671753525,0.05621526250763029
0.035,0.6,0.635,0.05511811023622048,0.0540364338303152,1.543898109437577,0.019036433830315197,0.038072867660630394,0.05710930149094559
0.04,0.005,0.045,0.888888888888889,0.040101707393669805,1.0025426848417451,0.00010170739366980458,0.00020341478733960916,0.00030512218100941374
0.04,0.01,0.05,0.7999999999999999,0.040204113647960726,1.0051028411990182,0.00020411364796072556,0.00040822729592145113,0.0006123409438821767
0.04,0.015,0.055,0.7272727272727273,0.04030722694679234,1.0076806736698085,0.0003072269467923397,0.0006144538935846794,0.0009216808403770191
0.04,0.02,0.06,0.6666666666666667,0.040411055611504154,1.0102763902876037,0.0004110556115041533,0.0008221112230083066,0.00123316683451246
0.04,0.025,0.065,0.6153846153846154,0.04051560810388177,1.0128902025970443,0.000515608103881772,0.001031216207763544,0.001546824311645316
0.04,0.03,0.07,0.5714285714285714,0.040620893029266525,1.015522325731663,0.0006208930292665241,0.0012417860585330481,0.0018626790877995722
0.04,0.035,0.07500000000000001,0.5333333333333332,0.04072691913974957,1.0181729784937392,0.0007269191397495725,0.001453838279499145,0.0021807574192487175
0.04,0.04,0.08,0.5,0.040833695337456066,1.0208423834364015,0.0008336953374560654,0.0016673906749121309,0.0025010860123681963
0.04,0.045,0.08499999999999999,0.4705882352941177,0.04094123067791855,1.0235307669479636,0.0009412306779185489,0.0018824613558370978,0.0028236920337556468
0.04,0.05,0.09,0.4444444444444445,0.041049534373546526,1.026238359338663,0.0010495343735465248,0.0020990687470930497,0.0031486031206395745
0.04,0.055,0.095,0.42105263157894735,0.041158615797192044,1.028965394929801,0.0011586157971920433,0.0023172315943840865,0.00347584739157613
0.04,0.06,0.1,0.39999999999999997,0.041268484485817325,1.0317121121454331,0.0012684844858173241,0.0025369689716346483,0.0038054534574519724
0.04,0.065,0.10500000000000001,0.38095238095238093,0.04137915014426563,1.0344787536066407,0.0013791501442656298,0.0027583002885312596,0.0041374504327968895
0.04,0.07,0.11000000000000001,0.3636363636363636,0.04149062264914072,1.037265566228518,0.0014906226491407173,0.0029812452982814347,0.004471867947422152
0.04,0.075,0.11499999999999999,0.3478260869565218,0.041602912052796426,1.0400728013199105,0.001602912052796425,0.00320582410559285,0.004808736158389275
0.04,0.08,0.12,0.33333333333333337,0.041716028587443166,1.0429007146860791,0.001716028587443165,0.00343205717488633,0.005148085762329495
0.04,0.085,0.125,0.32,0.041829982669372656,1.0457495667343164,0.0018299826693726554,0.0036599653387453107,0.005489948008117966
0.04,0.09,0.13,0.3076923076923077,0.041944784903306,1.0486196225826498,0.0019447849033059975,0.003889569806611995,0.005834354709917992
0.04,0.095,0.135,0.2962962962962963,0.04206044608687021,1.051511152171755,0.002060446086870206,0.004120892173740412,0.006181338260610618
0.04,0.1,0.14,0.2857142857142857,0.04217697721520641,1.0544244303801602,0.002176977215206412,0.004353954430412824,0.006530931645619235
0.04,0.105,0.145,0.2758620689655173,0.0422943894857154,1.057359737142885,0.0022943894857153993,0.004588778971430799,0.006883168457146198
0.04,0.11,0.15,0.26666666666666666,0.042412694302944254,1.0603173575736062,0.002412694302944253,0.004825388605888506,0.007238082908832759
0.04,0.115,0.155,0.25806451612903225,0.042531903283621,1.0632975820905248,0.0025319032836209968,0.0050638065672419935,0.00759570985086299
0.04,0.12,0.16,0.25,0.04265202826184045,1.066300706546011,0.002652028261840446,0.005304056523680892,0.007956084785521338
0.04,0.125,0.165,0.24242424242424243,0.04277308129440838,1.0693270323602093,0.0027730812944083763,0.005546162588816753,0.008319243883225129
0.04,0.13,0.17,0.23529411764705882,0.04289507466634879,1.0723768666587197,0.002895074666348786,0.005790149332697572,0.008685223999046358
0.04,0.135,0.17500000000000002,0.22857142857142856,0.043018020896581244,1.075450522414531,0.003018020896581243,0.006036041793162486,0.009054062689743729
0.04,0.14,0.18000000000000002,0.2222222222222222,0.04314193274377287,1.0785483185943217,0.0031419327437728697,0.0062838654875457395,0.00942579823131861
0.04,0.145,0.185,0.21621621621621623,0.04326682321237385,1.0816705803093463,0.0032668232123738497,0.006533646424747699,0.009800469637121549
0.04,0.15,0.19,0.21052631578947367,0.04339270555884123,1.0848176389710307,0.003392705558841226,0.006785411117682452,0.010178116676523678
0.04,0.155,0.195,0.20512820512820512,0.04351959329805932,1.087989832451483,0.0035195932980593217,0.007039186596118643,0.010558779894177965
0.04,0.16,0.2,0.19999999999999998,0.043647500209963,1.091187505249075,0.0036475002099629963,0.007295000419925993,0.010942500629888989
0.04,0.165,0.20500000000000002,0.19512195121951217,0.0437764403463734,1.094411008659335,0.003776440346373401,0.007552880692746802,0.011329321039120203
0.04,0.17,0.21000000000000002,0.19047619047619047,0.04390642803805245,1.097660700951311,0.003906428038052447,0.007812856076104893,0.01171928411415734
0.04,0.175,0.215,0.18604651162790697,0.04403747790198509,1.1009369475496271,0.0040374779019850884,0.008074955803970177,0.012112433705955265
0.04,0.18,0.22,0.18181818181818182,0.0441696048488992,1.10424012122248,0.004169604848899201,0.008339209697798403,0.012508814546697604
0.04,0.185,0.225,0.17777777777777778,0.04430282409103026,1.1075706022757563,0.0043028240910302565,0.008605648182060513,0.01290847227309077
0.04,0.19,0.23,0.17391304347826086,0.04443715115014302,1.1109287787535753,0.004437151150143016,0.008874302300286033,0.013311453450429049
0.04,0.195,0.23500000000000001,0.1702127659574468,0.04457260186581746,1.1143150466454366,0.004572601865817462,0.009145203731634924,0.013717805597452386
0.04,0.2,0.24000000000000002,0.16666666666666666,0.04470919240401283,1.1177298101003208,0.004709192404012831,0.009418384808025662,0.014127577212038493
0.04,0.205,0.245,0.163265306122449,0.04484693926591754,1.1211734816479384,0.0048469392659175395,0.009693878531835079,0.014540817797752618
0.04,0.21,0.25,0.16,0.04498585929709886,1.1246464824274716,0.004985859297098862,0.009971718594197723,0.014957577891296585
0.04,0.215,0.255,0.1568627450980392,0.04512596969696381,1.128149242424095,0.005125969696963807,0.010251939393927614,0.015377909090891421
0.04,0.22,0.26,0.15384615384615385,0.04526728802854352,1.1316822007135878,0.005267288028543517,0.010534576057087033,0.01580186408563055
0.04,0.225,0.265,0.1509433962264151,0.045409832228615166,1.1352458057153791,0.005409832228615165,0.01081966445723033,0.016229496685845494
0.04,0.23,0.27,0.14814814814814814,0.045553620618174695,1.1388405154543673,0.005553620618174694,0.011107241236349388,0.016660861854524082
0.04,0.235,0.27499999999999997,0.14545454545454548,0.04569867191327537,1.142466797831884,0.005698671913275367,0.011397343826550735,0.017096015739826102
0.04,0.24,0.27999999999999997,0.14285714285714288,0.045845005236247904,1.1461251309061975,0.0058450052362479035,0.011690010472495807,0.01753501570874371
0.04,0.245,0.285,0.14035087719298248,0.045992640127316964,1.149816003182924,0.005992640127316963,0.011985280254633926,0.01797792038195089
0.04,0.25,0.29,0.13793103448275865,0.04614159655663297,1.1535399139158242,0.006141596556632968,0.012283193113265936,0.018424789669898904
0.04,0.255,0.295,0.13559322033898305,0.046291894936734135,1.1572973734183534,0.006291894936734134,0.012583789873468268,0.018875684810202402
0.04,0.26,0.3,0.13333333333333333,0.04644355613546114,1.1610889033865284,0.006443556135461138,0.012887112270922277,0.019330668406383415
0.04,0.265,0.305,0.13114754098360656,0.04659660148933975,1.1649150372334938,0.00659660148933975,0.0131932029786795,0.01978980446801925
0.04,0.27,0.31,0.12903225806451613,0.04675105281745573,1.1687763204363932,0.0067510528174557285,0.013502105634911457,0.020253158452367186
0.04,0.275,0.315,0.12698412698412698,0.046906932435840876,1.172673310896022,0.006906932435840875,0.01381386487168175,0.020720797307522625
0.04,0.28,0.32,0.125,0.04706426317239509,1.1766065793098772,0.0070642631723950924,0.014128526344790185,0.021192789517185277
0.04,0.285,0.32499999999999996,0.1230769230769231,0.04722306838236667,1.1805767095591668,0.007223068382366672,0.014446136764733344,0.021669205147100017
0.04,0.29,0.32999999999999996,0.12121212121212123,0.04738337196441689,1.184584299110422,0.007383371964416886,0.014766743928833773,0.02215011589325066
0.04,0.295,0.33499999999999996,0.11940298507462688,0.04754519837729565,1.1886299594323912,0.007545198377295649,0.015090396754591298,0.022635595131886947
0.04,0.3,0.33999999999999997,0.11764705882352942,0.04770857265715511,1.1927143164288778,0.007708572657155112,0.015417145314310224,0.023125717971465336
0.04,0.305,0.345,0.11594202898550726,0.047873520435531614,1.1968380108882903,0.007873520435531613,0.015747040871063225,0.023620561306594838
0.04,0.31,0.35,0.1142857142857143,0.04804006795802673,1.2010016989506682,0.008040067958026732,0.016080135916053465,0.024120203874080197
0.04,0.315,0.355,0.11267605633802817,0.048208242103719545,1.2052060525929886,0.008208242103719544,0.01641648420743909,0.024624726311158633
0.04,0.32,0.36,0.11111111111111112,0.048378070405345586,1.2094517601336396,0.008378070405345585,0.01675614081069117,0.025134211216036755
0.04,0.325,0.365,0.10958904109589042,0.04854958107027807,1.2137395267569517,0.008549581070278069,0.017099162140556137,0.025648743210834206
0.04,0.33,0.37,0.10810810810810811,0.0487228030023501,1.2180700750587525,0.0087228030023501,0.0174456060047002,0.0261684090070503
0.04,0.335,0.375,0.10666666666666667,0.04889776582455807,1.2224441456139516,0.00889776582455807,0.01779553164911614,0.02669329747367421
0.04,0.34,0.38,0.10526315789473684,0.04907449990269053,1.226862497567263,0.009074499902690526,0.018148999805381053,0.02722349970807158
0.04,0.345,0.38499999999999995,0.10389610389610392,0.049253036369925396,1.2313259092481348,0.009253036369925395,0.01850607273985079,0.027759109109776185
0.04,0.35,0.38999999999999996,0.10256410256410257,0.049433407152445596,1.23583517881114,0.009433407152445596,0.01886681430489119,0.028300221457336787
0.04,0.355,0.39499999999999996,0.10126582278481014,0.04961564499612292,1.240391124903073,0.00961564499612292,0.01923128999224584,0.02884693498836876
0.04,0.36,0.39999999999999997,0.1,0.04979978349432357,1.2449945873580892,0.009799783494323568,0.019599566988647135,0.029399350482970703
0.04,0.365,0.40499999999999997,0.09876543209876544,0.04998585711689274,1.2496464279223185,0.00998585711689274,0.01997171423378548,0.029957571350678218
0.04,0.37,0.41,0.0975609756097561,0.05017390124037757,1.2543475310094392,0.010173901240377571,0.020347802480755142,0.030521703721132713
0.04,0.375,0.415,0.0963855421686747,0.05036395217955414,1.2590988044888534,0.010363952179554138,0.020727904359108276,0.031091856538662414
0.04,0.38,0.42,0.09523809523809525,0.0505560472203227,1.2639011805080673,0.010556047220322697,0.021112094440645393,0.03166814166096809
0.04,0.385,0.425,0.09411764705882353,0.05075022465404755,1.2687556163511886,0.010750224654047548,0.021500449308095096,0.032250673962142644
0.04,0.39,0.43,0.09302325581395349,0.050946523813412914,1.2736630953353227,0.010946523813412913,0.021893047626825826,0.03283957144023874
0.04,0.395,0.435,0.09195402298850575,0.05114498510987964,1.2786246277469908,0.011144985109879636,0.022289970219759273,0.03343495532963891
0.04,0.4,0.44,0.09090909090909091,0.05134565007282621,1.2836412518206552,0.011345650072826209,0.022691300145652418,0.03403695021847863
0.04,0.405,0.445,0.0898876404494382,0.051548561390466485,1.2887140347616621,0.011548561390466484,0.02309712278093297,0.03464568417139945
0.04,0.41,0.44999999999999996,0.0888888888888889,0.05175376295264145,1.2938440738160362,0.011753762952641446,0.02350752590528289,0.03526128885792434
0.04,0.415,0.45499999999999996,0.08791208791208792,0.05196129989558762,1.2990324973896905,0.01196129989558762,0.02392259979117524,0.03588389968676286
0.04,0.42,0.45999999999999996,0.08695652173913045,0.05217121864879315,1.3042804662198286,0.012171218648793149,0.024342437297586297,0.036513655946379446
0.04,0.425,0.46499999999999997,0.08602150537634409,0.05238356698405855,1.3095891746014636,0.012383566984058549,0.024767133968117097,0.037150700952175646
0.04,0.43,0.47,0.08510638297872342,0.05259839406688671,1.3149598516721677,0.01259839406688671,0.02519678813377342,0.03779518220066013
0.04,0.435,0.475,0.08421052631578949,0.05281575051033727,1.3203937627584317,0.012815750510337266,0.025631501020674533,0.0384472515310118
0.04,0.44,0.48,0.08333333333333334,0.05303568843148487,1.3258922107871218,0.013035688431484872,0.026071376862969745,0.03910706529445462
0.04,0.445,0.485,0.08247422680412371,0.05325826151063695,1.3314565377659238,0.01325826151063695,0.0265165230212739,0.03977478453191085
0.04,0.45,0.49,0.0816326530612245,0.053483525053470427,1.3370881263367607,0.013483525053470426,0.02696705010694085,0.04045057516041128
0.04,0.455,0.495,0.08080808080808081,0.05371153605626289,1.342788401406572,0.013711536056262887,0.027423072112525773,0.04113460816878866
0.04,0.46,0.5,0.08,0.05394235327440411,1.3485588318601027,0.013942353274404108,0.027884706548808216,0.041827059823212324
0.04,0.465,0.505,0.07920792079207921,0.05417603729438558,1.3544009323596395,0.01417603729438558,0.02835207458877116,0.04252811188315674
0.04,0.47,0.51,0.0784313725490196,0.05441265060948364,1.3603162652370908,0.014412650609483636,0.028825301218967272,0.04323795182845091
0.04,0.475,0.515,0.07766990291262135,0.054652257699362106,1.3663064424840525,0.014652257699362105,0.02930451539872421,0.043956773098086314
0.04,0.48,0.52,0.07692307692307693,0.05489492511384253,1.3723731278460631,0.014894925113842529,0.029789850227685058,0.04468477534152759
0.04,0.485,0.525,0.07619047619047618,0.05514072156110306,1.3785180390275764,0.015140721561103056,0.03028144312220611,0.04542216468330917
0.04,0.49,0.53,0.07547169811320754,0.055389718000589894,1.3847429500147472,0.015389718000589893,0.030779436001179786,0.04616915400176968
0.04,0.495,0.535,0.07476635514018691,0.0556419877409462,1.391049693523655,0.015641987740946196,0.03128397548189239,0.04692596322283859
0.04,0.5,0.54,0.07407407407407407,0.05589760654328402,1.3974401635821003,0.015897606543284017,0.03179521308656803,0.04769281962985205
0.04,0.505,0.545,0.07339449541284403,0.05615665273015291,1.4039163182538228,0.01615665273015291,0.03231330546030582,0.04846995819045873
0.04,0.51,0.55,0.07272727272727272,0.05641920730058503,1.4104801825146256,0.016419207300585027,0.032838414601170055,0.04925762190175508
0.04,0.515,0.555,0.07207207207207207,0.056685354051625336,1.4171338512906333,0.016685354051625335,0.03337070810325067,0.050056062154876006
0.04,0.52,0.56,0.07142857142857142,0.05695517970678998,1.4238794926697496,0.01695517970678998,0.03391035941357996,0.050865539120369944
0.04,0.525,0.5650000000000001,0.07079646017699115,0.05722877405192994,1.4307193512982486,0.017228774051929942,0.034457548103859884,0.051686322155789825
0.04,0.53,0.5700000000000001,0.07017543859649122,0.05750623007901545,1.4376557519753863,0.01750623007901545,0.0350124601580309,0.052518690237046355
0.04,0.535,0.5750000000000001,0.06956521739130433,0.057787644138402094,1.4446911034600523,0.017787644138402094,0.03557528827680419,0.05336293241520628
0.04,0.54,0.5800000000000001,0.06896551724137931,0.058073116100181066,1.4518279025045266,0.018073116100181065,0.03614623220036213,0.054219348300543195
0.04,0.545,0.5850000000000001,0.06837606837606837,0.05836274952527076,1.459068738131769,0.018362749525270762,0.036725499050541524,0.055088248575812286
0.04,0.55,0.5900000000000001,0.06779661016949151,0.058656651846963004,1.466416296174075,0.018656651846963003,0.037313303693926006,0.05596995554088901
0.04,0.555,0.5950000000000001,0.06722689075630252,0.05895493456369305,1.4738733640923263,0.01895493456369305,0.0379098691273861,0.05686480369107915
0.04,0.56,0.6000000000000001,0.06666666666666665,0.059257713443878646,1.481442836096966,0.019257713443878645,0.03851542688775729,0.057773140331635935
0.04,0.565,0.605,0.06611570247933884,0.05956510874373866,1.4891277185934664,0.01956510874373866,0.03913021748747732,0.058695326231215976
0.04,0.57,0.61,0.06557377049180328,0.059877245439090676,1.4969311359772668,0.019877245439090675,0.03975449087818135,0.059631736317272026
0.04,0.575,0.615,0.06504065040650407,0.06019425347221252,1.504856336805313,0.02019425347221252,0.04038850694442504,0.060582760416637564
0.04,0.58,0.62,0.06451612903225806,0.060516268014954244,1.512906700373856,0.020516268014954243,0.04103253602990849,0.06154880404486273
0.04,0.585,0.625,0.064,0.06084342974939805,1.5210857437349512,0.020843429749398047,0.041686859498796094,0.06253028924819415
0.04,0.59,0.63,0.06349206349206349,0.06117588516748296,1.5293971291870738,0.021175885167482957,0.04235177033496591,0.06352765550244888
0.04,0.595,0.635,0.06299212598425197,0.061513786891150835,1.5378446722787709,0.021513786891150834,0.04302757378230167,0.06454136067345251
0.04,0.6,0.64,0.0625,0.06185729401471474,1.5464323503678683,0.021857294014714736,0.04371458802942947,0.06557188204414421
0.045,0.005,0.049999999999999996,0.9,0.04511461837850028,1.002547075077784,0.00011461837850028356,0.00022923675700056712,0.00034385513550085067
0.045,0.01,0.055,0.8181818181818181,0.045230026573312876,1.005111701629175,0.00023002657331287757,0.00046005314662575514,0.0006900797199386327
0.045,0.015,0.06,0.75,0.045346233865769636,1.007694085905992,0.0003462338657696379,0.0006924677315392758,0.0010387015973089136
0.045,0.02,0.065,0.6923076923076923,0.04546324969365767,1.0102944376368372,0.0004632496936576719,0.0009264993873153438,0.0013897490809730156
0.045,0.025,0.07,0.6428571428571428,0.0455810836546795,1.012912970103989,0.0005810836546795012,0.0011621673093590024,0.0017432509640385035
0.045,0.03,0.075,0.6,0.04569974551000777,1.0155499002223949,0.0006997455100077737,0.0013994910200155475,0.0020992365300233212
0.045,0.035,0.08,0.5625,0.04581924518793945,1.0182054486208767,0.0008192451879394519,0.0016384903758789038,0.0024577355638183557
0.045,0.04,0.08499999999999999,0.5294117647058824,0.04593959278765025,1.0208798397255612,0.0009395927876502536,0.0018791855753005071,0.0028187783629507607
0.045,0.045,0.09,0.5,0.04606079858305434,1.023573301845652,0.0010607985830543426,0.002121597166108685,0.003182395749163028
0.045,0.05,0.095,0.47368421052631576,0.04618287302677304,1.0262860672616232,0.001182873026773043,0.002365746053546086,0.003548619080319129
0.045,0.055,0.1,0.44999999999999996,0.046305826754214574,1.0290183723158794,0.0013058267542145757,0.0026116535084291514,0.003917480262643727
0.045,0.06,0.105,0.42857142857142855,0.046429670587770366,1.0317704575060083,0.001429670587770368,0.002859341175540736,0.004289011763311104
0.045,0.065,0.11,0.40909090909090906,0.04655441554113071,1.0345425675806825,0.0015544155411307131,0.0031088310822614262,0.004663246623392139
0.045,0.07,0.115,0.3913043478260869,0.04668007282372466,1.037334951638326,0.0016800728237246626,0.003360145647449325,0.005040218471173988
0.045,0.075,0.12,0.375,0.04680665384528793,1.0401478632286207,0.0018066538452879283,0.0036133076905758565,0.005419961535863785
0.045,0.08,0.125,0.36,0.0469341702205629,1.0429815604569534,0.0019341702205629002,0.0038683404411258004,0.005802510661688701
0.045,0.085,0.13,0.34615384615384615,0.047062633774136664,1.045836306091926,0.0020626337741366657,0.004125267548273331,0.006187901322409997
0.045,0.09,0.135,0.3333333333333333,0.04719205654542058,1.0487123676760128,0.0021920565454205815,0.004384113090841163,0.0065761696362617444
0.045,0.095,0.14,0.3214285714285714,0.04732245079377673,1.051610017639483,0.0023224507937767286,0.004644901587553457,0.006967352381330186
0.045,0.1,0.14500000000000002,0.31034482758620685,0.04745382900379669,1.0545295334177043,0.0024538290037966898,0.0049076580075933796,0.007361487011390069
0.045,0.105,0.15,0.3,0.04758620389073809,1.0574711975719575,0.0025862038907380897,0.005172407781476179,0.007758611672214269
0.045,0.11,0.155,0.29032258064516125,0.047719588406124336,1.0604352979138743,0.0027195884061243375,0.005439176812248675,0.008158765218373012
0.045,0.115,0.16,0.28125,0.047853995743513233,1.0634221276336275,0.002853995743513235,0.00570799148702647,0.008561987230539705
0.045,0.12,0.16499999999999998,0.27272727272727276,0.04798943934444133,1.0664319854320297,0.002989439344441333,0.005978878688882666,0.008968318033324
0.045,0.125,0.16999999999999998,0.2647058823529412,0.048125932904549584,1.0694651756566576,0.003125932904549586,0.006251865809099172,0.009377798713648758
0.045,0.13,0.175,0.2571428571428572,0.048263490379897744,1.072522008442172,0.003263490379897746,0.006526980759795492,0.009790471139693238
0.045,0.135,0.18,0.25,0.048402125993473155,1.075602799854959,0.003402125993473157,0.006804251986946314,0.01020637798041947
0.045,0.14,0.185,0.24324324324324323,0.04854185424190349,1.0787078720422998,0.0035418542419034943,0.007083708483806989,0.010625562725710483
0.045,0.145,0.19,0.23684210526315788,0.04868268990237823,1.0818375533861828,0.0036826899023782306,0.007365379804756461,0.011048069707134692
0.045,0.15,0.195,0.23076923076923075,0.04882464803978892,1.084992178661976,0.003824648039788922,0.007649296079577844,0.011473944119366766
0.045,0.155,0.2,0.22499999999999998,0.04896774401409554,1.0881720892021232,0.0039677440140955395,0.007935488028191079,0.011903232042286618
0.045,0.16,0.20500000000000002,0.2195121951219512,0.049111993487927386,1.091377633065053,0.004111993487927387,0.008223986975854775,0.012335980463782162
0.045,0.165,0.21000000000000002,0.21428571428571425,0.04925741243442838,1.0946091652095196,0.004257412434428384,0.008514824868856768,0.012772237303285153
0.045,0.17,0.21500000000000002,0.2093023255813953,0.04940401714535492,1.0978670476745538,0.004404017145354919,0.008808034290709837,0.013212051436064756
0.045,0.175,0.21999999999999997,0.20454545454545456,0.04955182423943705,1.1011516497652678,0.0045518242394370495,0.009103648478874099,0.013655472718311149
0.045,0.18,0.22499999999999998,0.2,0.049700850671013486,1.1044633482447441,0.004700850671013487,0.009401701342026975,0.014102552013040462
0.045,0.185,0.22999999999999998,0.1956521739130435,0.04985111373894957,1.1078025275322128,0.004851113738949572,0.009702227477899145,0.014553341216848717
0.045,0.19,0.235,0.19148936170212766,0.050002631095851346,1.1111695799078078,0.005002631095851348,0.010005262191702696,0.015007893287554044
0.045,0.195,0.24,0.1875,0.05015542075758628,1.1145649057241396,0.005155420757586279,0.010310841515172559,0.015466262272758838
0.045,0.2,0.245,0.1836734693877551,0.05030950111312338,1.117988913624964,0.00530950111312338,0.01061900222624676,0.01592850333937014
0.045,0.205,0.25,0.18,0.05046489093470519,1.1214420207712263,0.005464890934705188,0.010929781869410377,0.016394672804115565
0.045,0.21,0.255,0.1764705882352941,0.050621609388365685,1.124924653074793,0.0056216093883656865,0.011243218776731373,0.01686482816509706
0.045,0.215,0.26,0.17307692307692307,0.05077967604480804,1.1284372454401788,0.005779676044808044,0.011559352089616087,0.01733902813442413
0.045,0.22,0.265,0.16981132075471697,0.050939110890655837,1.1319802420145741,0.005939110890655838,0.011878221781311676,0.017817332671967515
0.045,0.225,0.27,0.16666666666666666,0.051099934340095965,1.1355540964465771,0.006099934340095967,0.012199868680191933,0.0182998030202879
0.045,0.23,0.275,0.1636363636363636,0.05126216724692623,1.139159272153916,0.0062621672469262285,0.012524334493852457,0.018786501740778686
0.045,0.235,0.27999999999999997,0.16071428571428573,0.051425830917027016,1.1427962426006004,0.006425830917027017,0.012851661834054035,0.019277492751081052
0.045,0.24,0.285,0.15789473684210528,0.05159094712127377,1.1464654915838615,0.006590947121273769,0.013181894242547537,0.019772841363821306
0.045,0.245,0.29,0.15517241379310345,0.051757538108909484,1.1501675135313219,0.006757538108909486,0.013515076217818972,0.020272614326728458
0.045,0.25,0.295,0.15254237288135594,0.0519256266213971,1.1539028138088245,0.006925626621397105,0.01385125324279421,0.020776879864191314
0.045,0.255,0.3,0.15,0.05209523590677123,1.1576719090393608,0.007095235906771233,0.014190471813542466,0.0212857077203137
0.045,0.26,0.305,0.14754098360655737,0.05226638973451292,1.1614753274336205,0.007266389734512921,0.014532779469025842,0.021799169203538762
0.045,0.265,0.31,0.14516129032258063,0.05243911241096855,1.1653136091326344,0.007439112410968549,0.014878224821937097,0.022317337232905646
0.045,0.27,0.315,0.14285714285714285,0.052613428795337924,1.1691873065630651,0.007613428795337926,0.015226857590675852,0.022840286386013778
0.045,0.275,0.32,0.140625,0.052789364316255805,1.1730969848056847,0.007789364316255806,0.015578728632511613,0.02336809294876742
0.045,0.28,0.325,0.13846153846153844,0.05296694498899479,1.177043221977662,0.007966944988994792,0.015933889977989585,0.023900834966984377
0.045,0.285,0.32999999999999996,0.13636363636363638,0.05314619743331617,1.181026609629248,0.008146197433316169,0.016292394866632337,0.024438592299948506
0.045,0.29,0.33499999999999996,0.13432835820895522,0.053327148891998744,1.1850477531555277,0.008327148891998745,0.01665429778399749,0.024981446675996236
0.045,0.295,0.33999999999999997,0.1323529411764706,0.05350982725007669,1.1891072722239264,0.008509827250076693,0.017019654500153386,0.02552948175023008
0.045,0.3,0.345,0.13043478260869565,0.053694261054819004,1.1932058012182,0.008694261054819005,0.01738852210963801,0.026082783164457016
0.045,0.305,0.35,0.1285714285714286,0.05388047953648445,1.1973439896996545,0.00888047953648445,0.0177609590729689,0.026641438609453352
0.045,0.31,0.355,0.1267605633802817,0.0540685126298891,1.2015225028864245,0.0090685126298891,0.0181370252597782,0.0272055378896673
0.045,0.315,0.36,0.125,0.05425839099682417,1.2057420221516482,0.00925839099682417,0.01851678199364834,0.02777517299047251
0.045,0.32,0.365,0.1232876712328767,0.05445014604936427,1.2100032455414282,0.00945014604936427,0.01890029209872854,0.028350438148092807
0.045,0.325,0.37,0.12162162162162161,0.05464380997410956,1.2143068883135457,0.00964380997410956,0.01928761994821912,0.02893142992232868
0.045,0.33,0.375,0.12,0.05483941575740581,1.218653683497907,0.009839415757405809,0.019678831514811618,0.029518247272217427
0.045,0.335,0.38,0.11842105263157894,0.05503699721159028,1.223044382479784,0.010036997211590279,0.020073994423180558,0.030110991634770837
0.045,0.34,0.385,0.11688311688311688,0.05523658900231443,1.2274797556069874,0.01023658900231443,0.02047317800462886,0.030709767006943292
0.045,0.345,0.38999999999999996,0.11538461538461539,0.05543822667699516,1.2319605928221147,0.010438226676995163,0.020876453353990326,0.03131468003098549
0.045,0.35,0.39499999999999996,0.1139240506329114,0.05564194669445133,1.2364877043211406,0.010641946694451329,0.021283893388902658,0.03192584008335399
0.045,0.355,0.39999999999999997,0.1125,0.05584778645578592,1.2410619212396872,0.010847786455785921,0.021695572911571842,0.03254335936735776
0.045,0.36,0.40499999999999997,0.11111111111111112,0.05605578433657599,1.2456840963683553,0.011055784336575988,0.022111568673151977,0.033167353009727965
0.045,0.365,0.41,0.10975609756097561,0.05626597972043634,1.2503551048985855,0.011265979720436345,0.02253195944087269,0.033797939161309035
0.045,0.37,0.415,0.10843373493975904,0.056478413034029784,1.2550758452006618,0.011478413034029786,0.02295682606805957,0.03443523910208936
0.045,0.375,0.42,0.10714285714285714,0.056693125783596865,1.2598472396354858,0.011693125783596867,0.023386251567193733,0.0350793773507906
0.045,0.38,0.425,0.10588235294117647,0.056910160593085735,1.2646702354019053,0.011910160593085736,0.023820321186171473,0.03573048177925721
0.045,0.385,0.43,0.10465116279069767,0.05712956124396662,1.2695458054214805,0.012129561243966622,0.024259122487933243,0.036388683731899865
0.045,0.39,0.435,0.10344827586206896,0.05735137271681967,1.2744749492626595,0.012351372716819672,0.024702745433639345,0.03705411815045902
0.045,0.395,0.44,0.10227272727272727,0.05757564123479275,1.2794586941065056,0.012575641234792753,0.025151282469585506,0.03772692370437826
0.045,0.4,0.445,0.10112359550561797,0.057802414309029215,1.2844980957562049,0.012802414309029217,0.025604828618058434,0.03840724292708765
0.045,0.405,0.45,0.09999999999999999,0.05803174078617379,1.2895942396927509,0.013031740786173793,0.026063481572347585,0.03909522235852138
0.045,0.41,0.45499999999999996,0.09890109890109891,0.058263670898072495,1.2947482421793888,0.013263670898072497,0.026527341796144993,0.03979101269421749
0.045,0.415,0.45999999999999996,0.09782608695652174,0.05849825631378591,1.2999612514174648,0.013498256313785914,0.026996512627571828,0.04049476894135774
0.045,0.42,0.46499999999999997,0.0967741935483871,0.058735550194048414,1.3052344487566314,0.013735550194048415,0.02747110038809683,0.041206650582145246
0.045,0.425,0.47,0.09574468085106383,0.0589756072483113,1.3105690499624734,0.013975607248311303,0.027951214496622606,0.04192682174493391
0.045,0.43,0.475,0.09473684210526316,0.059218483794515886,1.3159663065447975,0.014218483794515888,0.028436967589031775,0.04265545138354766
0.045,0.435,0.48,0.09375,0.05946423782175769,1.321427507150171,0.014464237821757694,0.02892847564351539,0.04339271346527308
0.045,0.44,0.485,0.09278350515463918,0.05971292905600745,1.3269539790223877,0.014712929056007448,0.029425858112014897,0.044138787168022345
0.045,0.445,0.49,0.09183673469387756,0.059964619029069244,1.332547089534872,0.014964619029069245,0.02992923805813849,0.044893857087207736
0.045,0.45,0.495,0.09090909090909091,0.06021937115097087,1.3382082477993527,0.01521937115097087,0.03043874230194174,0.04565811345291261
0.045,0.455,0.5,0.09,0.0604772507859882,1.3439389063552933,0.015477250785988203,0.030954501571976406,0.04643175235796461
0.045,0.46,0.505,0.0891089108910891,0.06073832533252865,1.3497405629450812,0.015738325332528655,0.03147665066505731,0.047214975997585965
0.045,0.465,0.51,0.08823529411764705,0.06100266430710577,1.3556147623801282,0.01600266430710577,0.03200532861421154,0.04800799292131731
0.045,0.47,0.515,0.08737864077669902,0.06127033943266125,1.3615630985035834,0.01627033943266125,0.0325406788653225,0.048811018297983746
0.045,0.475,0.52,0.08653846153846154,0.06154142473150448,1.367587216255655,0.01654142473150448,0.03308284946300896,0.04962427419451344
0.045,0.48,0.525,0.0857142857142857,0.06181599662316195,1.3736888138480434,0.016815996623161952,0.033631993246323905,0.05044798986948586
0.045,0.485,0.53,0.08490566037735849,0.062094134027449455,1.3798696450544323,0.017094134027449456,0.03418826805489891,0.05128240208234837
0.045,0.49,0.535,0.08411214953271028,0.062375918473103864,1.3861315216245305,0.017375918473103866,0.03475183694620773,0.0521277554193116
0.045,0.495,0.54,0.08333333333333333,0.06266143421233772,1.392476315829727,0.01766143421233772,0.03532286842467544,0.05298430263701316
0.045,0.5,0.545,0.08256880733944953,0.06295076834170543,1.3989059631490097,0.017950768341705434,0.03590153668341087,0.0538523050251163
0.045,0.505,0.55,0.0818181818181818,0.063244010929703,1.405422465104511,0.018244010929703,0.036488021859406,0.054732032789109
0.045,0.51,0.555,0.08108108108108107,0.06354125515155373,1.4120278922567497,0.018541255151553734,0.03708251030310747,0.0556237654546612
0.045,0.515,0.56,0.08035714285714285,0.06384259743166942,1.4187243873704316,0.018842597431669425,0.03768519486333885,0.056527792295008275
0.045,0.52,0.5650000000000001,0.07964601769911503,0.06414813759431637,1.425514168762586,0.01914813759431637,0.03829627518863274,0.05744441278294911
0.045,0.525,0.5700000000000001,0.07894736842105261,0.06445797902305705,1.4323995338457123,0.019457979023057057,0.03891595804611411,0.05837393706917117
0.045,0.53,0.5750000000000001,0.07826086956521738,0.06477222882958555,1.439382862879679,0.019772228829585556,0.03954445765917111,0.05931668648875667
0.045,0.535,0.5800000000000001,0.07758620689655171,0.06509099803262786,1.4464666229472858,0.020090998032627858,0.040181996065255715,0.06027299409788357
0.045,0.54,0.5850000000000001,0.07692307692307691,0.06541440174763147,1.4536533721695881,0.02041440174763147,0.04082880349526294,0.06124320524289441
0.045,0.545,0.5900000000000001,0.07627118644067796,0.06574255938803308,1.460945764178513,0.020742559388033086,0.04148511877606617,0.06222767816409926
0.045,0.55,0.5950000000000001,0.07563025210084032,0.06607559487895931,1.4683465528657624,0.02107559487895931,0.04215118975791862,0.06322678463687793
0.045,0.555,0.6000000000000001,0.07499999999999998,0.06641363688429125,1.4758585974286944,0.02141363688429125,0.0428272737685825,0.06424091065287375
0.045,0.56,0.6050000000000001,0.07438016528925619,0.06675681904810338,1.4834848677356307,0.02175681904810338,0.04351363809620676,0.06527045714431014
0.045,0.565,0.61,0.07377049180327869,0.06710528025158169,1.4912284500351487,0.02210528025158169,0.04421056050316338,0.06631584075474507
0.045,0.57,0.615,0.07317073170731707,0.06745916488662096,1.4990925530360213,0.02245916488662096,0.04491832977324192,0.06737749465986288
0.045,0.575,0.62,0.07258064516129031,0.06781862314741449,1.5070805143869888,0.022818623147414493,0.04563724629482899,0.06845586944224348
0.045,0.58,0.625,0.072,0.06818381134147122,1.5151958075882495,0.023183811341471225,0.04636762268294245,0.06955143402441367
0.045,0.585,0.63,0.07142857142857142,0.06855489222162814,1.5234420493695142,0.02355489222162814,0.04710978444325628,0.07066467666488442
0.045,0.59,0.635,0.07086614173228346,0.06893203534077741,1.5318230075728314,0.02393203534077741,0.04786407068155482,0.07179610602233223
0.045,0.595,0.64,0.0703125,0.0693154174311934,1.5403426095820758,0.024315417431193406,0.04863083486238681,0.07294625229358022
0.045,0.6,0.645,0.06976744186046512,0.0697052228105286,1.54900495134508,0.0247052228105286,0.0494104456210572,0.0741156684315858
0.05,0.005,0.055,0.9090909090909092,0.05012757441421678,1.0025514882843356,0.0001275744142167773,0.0002551488284335546,0.00038272324265033186
0.05,0.01,0.060000000000000005,0.8333333333333333,0.050256030434946086,1.0051206086989217,0.00025603043494608346,0.0005120608698921669,0.0007680913048382504
0.05,0.015,0.065,0.7692307692307693,0.05038537845851676,1.0077075691703352,0.000385378458516758,0.000770756917033516,0.001156135375550274
0.05,0.02,0.07,0.7142857142857143,0.05051562905719609,1.0103125811439218,0.0005156290571960848,0.0010312581143921695,0.0015468871715882543
0.05,0.025,0.07500000000000001,0.6666666666666666,0.05064679298309671,1.0129358596619342,0.0006467929830967084,0.0012935859661934168,0.0019403789492901252
0.05,0.03,0.08,0.625,0.050778881172192536,1.0155776234438507,0.0007788811721925332,0.0015577623443850663,0.0023366435165775995
0.05,0.035,0.085,0.5882352941176471,0.05091190474844498,1.0182380949688996,0.0009119047484449777,0.0018238094968899554,0.002735714245334933
0.05,0.04,0.09,0.5555555555555556,0.05104587502804503,1.0209175005609006,0.0010458750280450263,0.0020917500560900526,0.003137625084135079
0.05,0.045,0.095,0.5263157894736842,0.05118080352377363,1.0236160704754727,0.0011808035237736297,0.0023616070475472595,0.003542410571320889
0.05,0.05,0.1,0.5,0.05131670194948623,1.0263340389897246,0.0013167019494862292,0.0026334038989724584,0.003950105848458688
0.05,0.055,0.10500000000000001,0.47619047619047616,0.05145358222472318,1.0290716444944636,0.0014535822247231794,0.002907164449446359,0.004360746674169538
0.05,0.06,0.11,0.4545454545454546,0.05159145647945296,1.0318291295890591,0.0015914564794529545,0.003182912958905909,0.004774369438358864
0.05,0.065,0.115,0.43478260869565216,0.051730337058949694,1.0346067411789939,0.0017303370589496908,0.0034606741178993816,0.005191011176849072
0.05,0.07,0.12000000000000001,0.41666666666666663,0.051870236528813396,1.037404730576268,0.0018702365288133932,0.0037404730576267864,0.00561070958644018
0.05,0.075,0.125,0.4,0.05201116768013414,1.0402233536026828,0.0020111676801341377,0.004022335360268275,0.006033503040402413
0.05,0.08,0.13,0.38461538461538464,0.0521531435348076,1.043062870696152,0.0021531435348075972,0.0043062870696151945,0.006459430604422792
0.05,0.085,0.135,0.37037037037037035,0.05229617735100622,1.0459235470201245,0.0022961773510062206,0.004592354702012441,0.006888532053018662
0.05,0.09,0.14,0.35714285714285715,0.05244028262881195,1.048805652576239,0.002440282628811949,0.004880565257623898,0.007320847886435847
0.05,0.095,0.14500000000000002,0.3448275862068965,0.0525854731160158,1.051709462320316,0.002585473116015799,0.005170946232031598,0.007756419348047397
0.05,0.1,0.15000000000000002,0.3333333333333333,0.05273176281409042,1.0546352562818084,0.0027317628140904188,0.0054635256281808375,0.008195288442271256
0.05,0.105,0.155,0.32258064516129037,0.05287916598434228,1.0575833196868456,0.0028791659843422773,0.005758331968684555,0.008637497953026832
0.05,0.11,0.16,0.3125,0.053027697154249154,1.060553943084983,0.003027697154249151,0.006055394308498302,0.009083091462747453
0.05,0.115,0.165,0.30303030303030304,0.0531773711239899,1.063547422479798,0.0031773711239899,0.0063547422479798,0.0095321133719697
0.05,0.12,0.16999999999999998,0.2941176470588236,0.053328202973173755,1.066564059463475,0.0033282029731737522,0.0066564059463475045,0.009984608919521257
0.05,0.125,0.175,0.28571428571428575,0.05348020806777698,1.0696041613555396,0.003480208067776977,0.006960416135553954,0.010440624203330931
0.05,0.13,0.18,0.2777777777777778,0.05363340206729239,1.0726680413458478,0.003633402067292388,0.007266804134584776,0.010900206201877163
0.05,0.135,0.185,0.2702702702702703,0.05378780093210267,1.0757560186420534,0.0037878009321026668,0.0075756018642053335,0.011363402796308
0.05,0.14,0.19,0.2631578947368421,0.053943420931083175,1.0788684186216635,0.003943420931083172,0.007886841862166344,0.011830262793249516
0.05,0.145,0.195,0.25641025641025644,0.05410027864944478,1.0820055729888955,0.004100278649444775,0.00820055729888955,0.012300835948334324
0.05,0.15,0.2,0.25,0.05425839099682417,1.0851678199364834,0.004258390996824166,0.008516781993648331,0.012775172990472497
0.05,0.155,0.20500000000000002,0.24390243902439024,0.054417775215632735,1.0883555043126547,0.004417775215632733,0.008835550431265465,0.013253325646898198
0.05,0.16,0.21000000000000002,0.23809523809523808,0.05457844888967189,1.0915689777934379,0.0045784488896718906,0.009156897779343781,0.013735346669015672
0.05,0.165,0.21500000000000002,0.23255813953488372,0.05474042995302786,1.0948085990605572,0.004740429953027855,0.00948085990605571,0.014221289859083566
0.05,0.17,0.22000000000000003,0.22727272727272727,0.05490373669925286,1.0980747339850572,0.004903736699252856,0.009807473398505712,0.014711210097758567
0.05,0.175,0.22499999999999998,0.22222222222222227,0.055068387790848994,1.1013677558169799,0.005068387790848991,0.010136775581697982,0.015205163372546973
0.05,0.18,0.22999999999999998,0.2173913043478261,0.05523440226906051,1.1046880453812102,0.005234402269060509,0.010468804538121018,0.015703206807181527
0.05,0.185,0.235,0.21276595744680854,0.05540179956399316,1.1080359912798632,0.0054017995639931565,0.010803599127986313,0.01620539869197947
0.05,0.19,0.24,0.20833333333333334,0.05557059950506771,1.1114119901013542,0.005570599505067705,0.01114119901013541,0.016711798515203116
0.05,0.195,0.245,0.20408163265306123,0.055740822331825535,1.1148164466365107,0.005740822331825532,0.011481644663651064,0.017222466995476596
0.05,0.2,0.25,0.2,0.05591248870509802,1.1182497741019604,0.005912488705098015,0.01182497741019603,0.017737466115294045
0.05,0.205,0.255,0.19607843137254902,0.0560856197185543,1.121712394371086,0.0060856197185543,0.0121712394371086,0.0182568591556629
0.05,0.21,0.26,0.19230769230769232,0.05626023691064508,1.1252047382129016,0.006260236910645076,0.012520473821290151,0.018780710731935227
0.05,0.215,0.265,0.18867924528301888,0.05643636227695592,1.1287272455391184,0.0064363622769559176,0.012872724553911835,0.019309086830867753
0.05,0.22,0.27,0.18518518518518517,0.05661401828298884,1.1322803656597769,0.00661401828298884,0.01322803656597768,0.01984205484896652
0.05,0.225,0.275,0.18181818181818182,0.05679322787739005,1.135864557547801,0.006793227877390048,0.013586455754780097,0.020379683632170145
0.05,0.23,0.28,0.17857142857142858,0.05697401450564066,1.1394802901128132,0.006974014505640655,0.01394802901128131,0.020922043516921965
0.05,0.235,0.285,0.1754385964912281,0.05715640212423245,1.143128042484649,0.00715640212423245,0.0143128042484649,0.02146920637269735
0.05,0.24,0.29,0.1724137931034483,0.057340415215347273,1.1468083043069455,0.007340415215347271,0.014680830430694541,0.022021245646041812
0.05,0.245,0.295,0.16949152542372883,0.05752607880206262,1.1505215760412524,0.007526078802062616,0.015052157604125233,0.02257823640618785
0.05,0.25,0.3,0.16666666666666669,0.05771341846410616,1.1542683692821232,0.007713418464106156,0.015426836928212312,0.023140255392318468
0.05,0.255,0.305,0.1639344262295082,0.05790246035418212,1.1580492070836423,0.007902460354182114,0.01580492070836423,0.023707381062546343
0.05,0.26,0.31,0.16129032258064518,0.05809323121489551,1.1618646242979103,0.00809323121489551,0.01618646242979102,0.02427969364468653
0.05,0.265,0.315,0.15873015873015875,0.0582857583962999,1.165715167925998,0.0082857583962999,0.0165715167925998,0.0248572751888997
0.05,0.27,0.32,0.15625,0.05848006987409671,1.1696013974819341,0.008480069874096705,0.01696013974819341,0.025440209622290114
0.05,0.275,0.325,0.15384615384615385,0.05867619426851489,1.1735238853702978,0.008676194268514889,0.017352388537029778,0.026028582805544667
0.05,0.28,0.33,0.15151515151515152,0.058874160863901626,1.1774832172780325,0.008874160863901623,0.017748321727803246,0.02662248259170487
0.05,0.285,0.33499999999999996,0.1492537313432836,0.05907399962905613,1.1814799925811226,0.009073999629056126,0.018147999258112252,0.027221998887168378
0.05,0.29,0.33999999999999997,0.1470588235294118,0.05927574123834134,1.1855148247668268,0.009275741238341337,0.018551482476682674,0.02782722371502401
0.05,0.295,0.345,0.1449275362318841,0.0594794170936076,1.189588341872152,0.009479417093607598,0.018958834187215196,0.028438251280822793
0.05,0.3,0.35,0.14285714285714288,0.05968505934696777,1.1937011869393555,0.00968505934696777,0.01937011869393554,0.02905517804090331
0.05,0.305,0.355,0.14084507042253522,0.059892700924462305,1.197854018489246,0.009892700924462303,0.019785401848924605,0.029678102773386908
0.05,0.31,0.36,0.1388888888888889,0.06010237555065667,1.2020475110131335,0.01010237555065667,0.02020475110131334,0.03030712665197001
0.05,0.315,0.365,0.13698630136986303,0.060314117774215026,1.2062823554843005,0.010314117774215023,0.020628235548430046,0.03094235332264507
0.05,0.32,0.37,0.13513513513513514,0.06052796299449703,1.2105592598899406,0.010527962994497028,0.021055925988994056,0.031583888983491085
0.05,0.325,0.375,0.13333333333333333,0.0607439474892274,1.214878949784548,0.010743947489227398,0.021487894978454797,0.032231842467682195
0.05,0.33,0.38,0.13157894736842105,0.06096210844328942,1.2192421688657884,0.010962108443289417,0.021924216886578834,0.03288632532986825
0.05,0.335,0.385,0.12987012987012989,0.06118248397869819,1.2236496795739638,0.011182483978698185,0.02236496795739637,0.033547451936094555
0.05,0.34,0.39,0.12820512820512822,0.06140511318581099,1.2281022637162198,0.011405113185810986,0.022810226371621972,0.03421533955743296
0.05,0.345,0.39499999999999996,0.12658227848101267,0.06163003615583773,1.2326007231167546,0.011630036155837728,0.023260072311675456,0.034890108467513184
0.05,0.35,0.39999999999999997,0.12500000000000003,0.06185729401471474,1.2371458802942947,0.011857294014714734,0.023714588029429468,0.0355718820441442
0.05,0.355,0.40499999999999997,0.12345679012345681,0.0620869289584125,1.24173857916825,0.012086928958412499,0.024173857916824998,0.0362607868752375
0.05,0.36,0.41,0.12195121951219513,0.062318984289749024,1.2463796857949805,0.012318984289749021,0.024637968579498043,0.036956952869247064
0.05,0.365,0.415,0.12048192771084339,0.06255350445678831,1.2510700891357662,0.012553504456788309,0.025107008913576617,0.037660513370364926
0.05,0.37,0.42,0.11904761904761905,0.06279053509290233,1.2558107018580467,0.01279053509290233,0.02558107018580466,0.03837160527870699
0.05,0.375,0.425,0.11764705882352942,0.0630301230585888,1.2606024611717759,0.013030123058588791,0.026060246117177582,0.039090369175766373
0.05,0.38,0.43,0.11627906976744187,0.06327231648513165,1.265446329702633,0.01327231648513165,0.0265446329702633,0.03981694945539495
0.05,0.385,0.435,0.1149425287356322,0.06351716482020753,1.2703432964041506,0.013517164820207525,0.02703432964041505,0.040551494460622575
0.05,0.39,0.44,0.11363636363636365,0.06376471887553736,1.2752943775107473,0.01376471887553736,0.02752943775107472,0.04129415662661208
0.05,0.395,0.445,0.11235955056179776,0.06401503087669935,1.280300617533987,0.01401503087669935,0.0280300617533987,0.04204509263009805
0.05,0.4,0.45,0.11111111111111112,0.06426815451521672,1.2853630903043345,0.014268154515216722,0.028536309030433443,0.042804463545650165
0.05,0.405,0.455,0.10989010989010989,0.06452414500304826,1.2904829000609652,0.014524145003048258,0.029048290006096517,0.043572435009144775
0.05,0.41,0.45999999999999996,0.10869565217391305,0.06478305912961402,1.2956611825922804,0.014783059129614015,0.02956611825922803,0.044349177388842045
0.05,0.415,0.46499999999999997,0.10752688172043012,0.06504495532149968,1.3008991064299935,0.015044955321499673,0.030089910642999346,0.04513486596449902
0.05,0.42,0.47,0.10638297872340427,0.0653098937049903,1.306197874099806,0.015309893704990293,0.030619787409980587,0.04592968111497088
0.05,0.425,0.475,0.10526315789473685,0.06557793617159491,1.3115587234318982,0.015577936171594906,0.03115587234318981,0.04673380851478472
0.05,0.43,0.48,0.10416666666666667,0.06584914644673645,1.316982928934729,0.015849146446736448,0.031698292893472896,0.047547439340209344
0.05,0.435,0.485,0.10309278350515465,0.06612359016178893,1.3224718032357785,0.016123590161788923,0.032247180323577845,0.04837077048536677
0.05,0.44,0.49,0.10204081632653061,0.06640133492966116,1.3280266985932232,0.016401334929661157,0.032802669859322314,0.04920400478898347
0.05,0.445,0.495,0.10101010101010102,0.06668245042413634,1.3336490084827268,0.01668245042413634,0.03336490084827268,0.050047351272409016
0.05,0.45,0.5,0.1,0.06696700846319259,1.3393401692638518,0.016967008463192587,0.033934016926385174,0.05090102538957776
0.05,0.455,0.505,0.09900990099009901,0.06725508309654715,1.345101661930943,0.01725508309654715,0.0345101661930943,0.05176524928964145
0.05,0.46,0.51,0.09803921568627451,0.06754675069768135,1.350935013953627,0.017546750697681343,0.035093501395362686,0.05264025209304403
0.05,0.465,0.515,0.0970873786407767,0.06784209006062336,1.3568418012124672,0.01784209006062336,0.03568418012124672,0.053526270181870075
0.05,0.47,0.52,0.09615384615384616,0.06814118250178736,1.3628236500357471,0.018141182501787353,0.03628236500357471,0.05442354750536206
0.05,0.475,0.525,0.09523809523809523,0.0684441119671857,1.368882239343714,0.018444111967185692,0.036888223934371384,0.055332335901557075
0.05,0.48,0.53,0.09433962264150944,0.06875096514536005,1.375019302907201,0.018750965145360052,0.037501930290720104,0.056252895436080155
0.05,0.485,0.535,0.09345794392523364,0.06906183158639578,1.3812366317279157,0.01906183158639578,0.03812366317279156,0.05718549475918734
0.05,0.49,0.54,0.09259259259259259,0.06937680382741995,1.387536076548399,0.01937680382741995,0.0387536076548399,0.05813041148225985
0.05,0.495,0.545,0.09174311926605505,0.06969597752500734,1.3939195505001467,0.019695977525007333,0.039391955050014665,0.059087932575022
0.05,0.5,0.55,0.09090909090909091,0.07001945159495371,1.4003890318990742,0.020019451594953705,0.04003890318990741,0.060058354784861115
0.05,0.505,0.555,0.09009009009009009,0.07034732835991508,1.4069465671983017,0.02034732835991508,0.04069465671983016,0.061041985079745245
0.05,0.51,0.56,0.08928571428571429,0.07067971370544468,1.4135942741088936,0.020679713705444677,0.041359427410889354,0.06203914111633403
0.05,0.515,0.5650000000000001,0.08849557522123894,0.07101671724500791,1.4203343449001582,0.021016717245007907,0.042033434490015814,0.06305015173502372
0.05,0.52,0.5700000000000001,0.08771929824561403,0.07135845249459871,1.4271690498919742,0.02135845249459871,0.04271690498919742,0.06407535748379613
0.05,0.525,0.5750000000000001,0.08695652173913043,0.07170503705763431,1.4341007411526863,0.02170503705763431,0.04341007411526862,0.06511511117290293
0.05,0.53,0.5800000000000001,0.08620689655172413,0.07205659282086041,1.4411318564172082,0.022056592820860407,0.044113185641720815,0.06616977846258122
0.05,0.535,0.5850000000000001,0.08547008547008546,0.07241324616205969,1.4482649232411937,0.022413246162059683,0.044826492324119366,0.06723973848617905
0.05,0.54,0.5900000000000001,0.0847457627118644,0.07277512817042486,1.4555025634084973,0.02277512817042486,0.04555025634084972,0.06832538451127458
0.05,0.545,0.5950000000000001,0.08403361344537814,0.0731423748805321,1.462847497610642,0.0231423748805321,0.0462847497610642,0.0694271246415963
0.05,0.55,0.6000000000000001,0.08333333333333333,0.07351512752093092,1.4703025504186185,0.02351512752093092,0.04703025504186184,0.07054538256279276
0.05,0.555,0.6050000000000001,0.08264462809917354,0.07389353277845456,1.4778706555690913,0.02389353277845456,0.04778706555690912,0.07168059833536368
0.05,0.56,0.6100000000000001,0.08196721311475409,0.07427774307946,1.4855548615892,0.02427774307946,0.04855548615892,0.07283322923838
0.05,0.565,0.615,0.0813008130081301,0.07466791688930607,1.4933583377861215,0.02466791688930607,0.04933583377861214,0.07400375066791821
0.05,0.57,0.62,0.08064516129032259,0.07506421903150762,1.5012843806301523,0.025064219031507615,0.05012843806301523,0.07519265709452284
0.05,0.575,0.625,0.08,0.07546682102813052,1.5093364205626103,0.025466821028130512,0.050933642056261025,0.07640046308439154
0.05,0.58,0.63,0.07936507936507937,0.07587590146314271,1.5175180292628543,0.02587590146314271,0.05175180292628542,0.07762770438942813
0.05,0.585,0.635,0.07874015748031496,0.07629164637059782,1.5258329274119564,0.026291646370597818,0.052583292741195636,0.07887493911179345
0.05,0.59,0.64,0.078125,0.07671424964971196,1.5342849929942393,0.02671424964971196,0.05342849929942392,0.08014274894913588
0.05,0.595,0.645,0.07751937984496124,0.07714391350909278,1.5428782701818555,0.027143913509092774,0.05428782701818555,0.08143174052727832
0.05,0.6,0.65,0.07692307692307693,0.07758084894260653,1.5516169788521306,0.027580848942606526,0.05516169788521305,0.08274254682781958
0.055,0.005,0.06,0.9166666666666667,0.05514057585736565,1.0025559246793754,0.00014057585736564765,0.0002811517147312953,0.00042172757209694295
0.055,0.01,0.065,0.8461538461538461,0.055282125956944705,1.0051295628535402,0.00028212595694470516,0.0005642519138894103,0.0008463778708341155
0.055,0.015,0.07,0.7857142857142857,0.055424661827982,1.0077211241451274,0.0004246618279820022,0.0008493236559640044,0.0012739854839460066
0.055,0.02,0.075,0.7333333333333334,0.05556819519560241,1.0103308217382256,0.0005681951956024098,0.0011363903912048195,0.0017045855868072293
0.055,0.025,0.08,0.6875,0.055712737985180394,1.0129588724578253,0.0007127379851803936,0.0014254759703607872,0.002138213955541181
0.055,0.03,0.08499999999999999,0.6470588235294118,0.05585830232682909,1.015605496851438,0.0008583023268290899,0.0017166046536581797,0.0025749069804872696
0.055,0.035,0.09,0.6111111111111112,0.056004900560015725,1.0182709192730133,0.0010049005600157243,0.0020098011200314486,0.003014701680047173
0.055,0.04,0.095,0.5789473684210527,0.05615254523830582,1.0209553679691967,0.0011525452383058174,0.002305090476611635,0.003457635714917452
0.055,0.045,0.1,0.5499999999999999,0.056301249134241504,1.0236590751680275,0.0013012491342415042,0.0026024982684830084,0.0039037474027245125
0.055,0.05,0.10500000000000001,0.5238095238095237,0.05645102524435719,1.0263822771701308,0.0014510252443571889,0.0029020504887143778,0.004353075733071567
0.055,0.055,0.11,0.5,0.05660188679433964,1.029125214442539,0.0016018867943396395,0.003203773588679279,0.0048056603830189185
0.055,0.06,0.11499999999999999,0.4782608695652174,0.05675384724433419,1.0318881317151671,0.0017538472443341876,0.0035076944886683753,0.005261541733002563
0.055,0.065,0.12,0.45833333333333337,0.05690692029440547,1.0346712780800995,0.0019069202944054717,0.0038138405888109433,0.005720760883216415
0.055,0.07,0.125,0.44,0.05706111989015494,1.0374749070937261,0.002061119890154943,0.004122239780309886,0.006183359670464829
0.055,0.075,0.13,0.4230769230769231,0.0572164602285028,1.040299276881869,0.0022164602285027965,0.004432920457005593,0.0066493806855083895
0.055,0.08,0.135,0.4074074074074074,0.057372955763639655,1.0431446502479937,0.0023729557636396545,0.004745911527279309,0.0071188672909189635
0.055,0.085,0.14,0.39285714285714285,0.057530621213152444,1.0460112947845899,0.002530621213152444,0.005061242426304888,0.007591863639457332
0.055,0.09,0.145,0.37931034482758624,0.057689471564332906,1.048899482987871,0.0026894715643329056,0.005378943128665811,0.008068414692998717
0.055,0.095,0.15,0.3666666666666667,0.057849522080673954,1.05180949237589,0.002849522080673954,0.005699044161347908,0.008548566242021861
0.055,0.1,0.155,0.3548387096774194,0.05801078830855999,1.0547416056101817,0.0030107883085599904,0.006021576617119981,0.009032364925679971
0.055,0.105,0.16,0.34375,0.05817328608415995,1.05769611062109,0.0031732860841599472,0.0063465721683198945,0.009519858252479842
0.055,0.11,0.165,0.3333333333333333,0.05833703154052883,1.0606733007368878,0.0033370315405288273,0.0066740630810576546,0.010011094621586482
0.055,0.115,0.17,0.32352941176470584,0.05850204111492596,1.0636734748168357,0.003502041114925962,0.007004082229851924,0.010506123344777886
0.055,0.12,0.175,0.31428571428571433,0.05866833155635842,1.066696937388335,0.0036683315563584215,0.007336663112716843,0.011004994669075265
0.055,0.125,0.18,0.3055555555555556,0.05883591993335591,1.0697439987882893,0.0038359199333559066,0.007671839866711813,0.01150775980006772
0.055,0.13,0.185,0.2972972972972973,0.05900482364198889,1.072814975308889,0.00400482364198889,0.00800964728397778,0.01201447092596667
0.055,0.135,0.19,0.2894736842105263,0.059175060414135894,1.0759101893479253,0.0041750604141358935,0.008350120828271787,0.01252518124240768
0.055,0.14,0.195,0.28205128205128205,0.059346648326011664,1.0790299695638483,0.004346648326011664,0.008693296652023327,0.013039944978034991
0.055,0.145,0.19999999999999998,0.275,0.059519605806963916,1.0821746510357075,0.004519605806963915,0.00903921161392783,0.013558817420891746
0.055,0.15,0.205,0.2682926829268293,0.05969395164855107,1.0853445754282012,0.004693951648551069,0.009387903297102138,0.014081854945653206
0.055,0.155,0.21,0.2619047619047619,0.059869705013910646,1.0885400911620118,0.004869705013910645,0.00973941002782129,0.014609115041731936
0.055,0.16,0.215,0.2558139534883721,0.0600468854474282,1.0917615535896037,0.0050468854474282,0.0100937708948564,0.015140656342284599
0.055,0.165,0.22,0.25,0.060225512884721555,1.0950093251767556,0.0052255128847215546,0.010451025769443109,0.015676538654164664
0.055,0.17,0.225,0.24444444444444444,0.06040560766294911,1.098283775689984,0.005405607662949112,0.010811215325898224,0.016216822988847336
0.055,0.175,0.22999999999999998,0.2391304347826087,0.060587190531458224,1.1015852823901495,0.0055871905314582235,0.011174381062916447,0.01676157159437467
0.055,0.18,0.235,0.23404255319148937,0.06077028266278384,1.1049142302324333,0.005770282662783836,0.011540565325567673,0.01731084798835151
0.055,0.185,0.24,0.22916666666666669,0.06095490566401396,1.108271012072981,0.005954905664013958,0.011909811328027917,0.017864716992041875
0.055,0.19,0.245,0.22448979591836735,0.061141081588535595,1.1116560288824653,0.006141081588535595,0.01228216317707119,0.018423244765606785
0.055,0.195,0.25,0.22,0.06132883294817559,1.1150696899668289,0.006328832948175593,0.012657665896351186,0.01898649884452678
0.055,0.2,0.255,0.21568627450980393,0.061518182725753934,1.118512413195526,0.0065181827257539335,0.013036365451507867,0.0195545481772618
0.055,0.205,0.26,0.21153846153846154,0.061709154388065235,1.1219846252375498,0.006709154388065235,0.01341830877613047,0.020127463164195704
0.055,0.21,0.265,0.20754716981132074,0.06190177189930701,1.125486761805582,0.006901771899307012,0.013803543798614024,0.020705315697921035
0.055,0.215,0.27,0.2037037037037037,0.06209605973497079,1.1290192679085598,0.007096059734970787,0.014192119469941575,0.021288179204912362
0.055,0.22,0.275,0.19999999999999998,0.06229204289621937,1.1325825981130795,0.007292042896219368,0.014584085792438736,0.021876128688658104
0.055,0.225,0.28,0.19642857142857142,0.062489746924766276,1.1361772168139324,0.007489746924766276,0.014979493849532552,0.022469240774298828
0.055,0.23,0.28500000000000003,0.19298245614035087,0.06268919791828131,1.1398035985142057,0.007689197918281314,0.015378395836562628,0.02306759375484394
0.055,0.235,0.29,0.18965517241379312,0.06289042254634447,1.143462228115354,0.00789042254634447,0.01578084509268894,0.023671267639033412
0.055,0.24,0.295,0.1864406779661017,0.06309344806696893,1.147153601217617,0.008093448066968927,0.016186896133937853,0.02428034420090678
0.055,0.245,0.3,0.18333333333333335,0.06329830234372247,1.1508782244313176,0.008298302343722468,0.016596604687444935,0.024894907031167403
0.055,0.25,0.305,0.18032786885245902,0.0635050138634673,1.1546366156994055,0.008505013863467296,0.017010027726934593,0.02551504159040189
0.055,0.255,0.31,0.1774193548387097,0.06371361175475132,1.1584293046318421,0.00871361175475132,0.01742722350950264,0.02614083526425396
0.055,0.26,0.315,0.1746031746031746,0.06392412580687412,1.1622568328522567,0.008924125806874121,0.017848251613748242,0.026772377420622363
0.055,0.265,0.32,0.171875,0.06413658648966225,1.1661197543574955,0.00913658648966225,0.0182731729793245,0.02740975946898675
0.055,0.27,0.325,0.1692307692307692,0.06435102497398082,1.1700186358905604,0.009351024973980819,0.018702049947961638,0.028053074921942457
0.055,0.275,0.33,0.16666666666666666,0.06456747315301925,1.1739540573276228,0.00956747315301925,0.0191349463060385,0.02870241945905775
0.055,0.28,0.335,0.16417910447761194,0.06478596366438194,1.1779266120796716,0.00978596366438194,0.01957192732876388,0.02935789099314582
0.055,0.285,0.33999999999999997,0.16176470588235295,0.06500652991302402,1.1819369075095276,0.010006529913024025,0.02001305982604805,0.030019589739072074
0.055,0.29,0.345,0.15942028985507248,0.06522920609506799,1.1859855653648725,0.010229206095067993,0.020458412190135986,0.03068761828520398
0.055,0.295,0.35,0.15714285714285717,0.0654540272225449,1.190073222228089,0.010454027222544897,0.020908054445089794,0.03136208166763469
0.055,0.3,0.355,0.15492957746478875,0.06568102914910079,1.1942005299836507,0.010681029149100789,0.021362058298201578,0.03204308744730237
0.055,0.305,0.36,0.1527777777777778,0.06591024859671557,1.1983681563039195,0.01091024859671557,0.02182049719343114,0.03273074579014671
0.055,0.31,0.365,0.1506849315068493,0.06614172318348088,1.202576785154198,0.011141723183480882,0.022283446366961765,0.03342516955044265
0.055,0.315,0.37,0.14864864864864866,0.06637549145248911,1.2068271173179839,0.01137549145248911,0.02275098290497822,0.03412647435746733
0.055,0.32,0.375,0.14666666666666667,0.06661159290188445,1.2111198709433537,0.011611592901884453,0.023223185803768906,0.03483477870565336
0.055,0.325,0.38,0.14473684210526316,0.06685006801613591,1.215455782111562,0.01185006801613591,0.02370013603227182,0.03555020404840773
0.055,0.33,0.385,0.14285714285714285,0.06709095829858869,1.2198356054288853,0.012090958298588687,0.024181916597177375,0.03627287489576606
0.055,0.335,0.39,0.14102564102564102,0.0673343063053593,1.2242601146428964,0.012334306305359304,0.024668612610718607,0.03700291891607791
0.055,0.34,0.395,0.13924050632911392,0.06758015568063913,1.2287301032843478,0.012580155680639131,0.025160311361278262,0.03774046704191739
0.055,0.345,0.39999999999999997,0.1375,0.06782855119347941,1.2332463853359894,0.012828551193479414,0.025657102386958827,0.03848565358043824
0.055,0.35,0.40499999999999997,0.1358024691358025,0.06807953877613027,1.2378097959296412,0.013079538776130266,0.026159077552260532,0.0392386163283908
0.055,0.355,0.41,0.13414634146341464,0.06833316556401381,1.2424211920729784,0.013333165564013809,0.026666331128027618,0.03999949669204143
0.055,0.36,0.415,0.13253012048192772,0.06858947993741593,1.2470814534075625,0.013589479937415931,0.027178959874831862,0.04076843981224779
0.055,0.365,0.42,0.13095238095238096,0.06884853156498438,1.251791482999716,0.013848531564984383,0.027697063129968766,0.04154559469495315
0.055,0.37,0.425,0.12941176470588237,0.06911037144912868,1.2565522081659761,0.014110371449128682,0.028220742898257364,0.04233111434738605
0.055,0.375,0.43,0.12790697674418605,0.06937505197342109,1.2613645813349288,0.014375051973421087,0.028750103946842173,0.04312515592026326
0.055,0.38,0.435,0.12643678160919541,0.06964262695210655,1.2662295809473918,0.014642626952106545,0.02928525390421309,0.043927880856319636
0.055,0.385,0.44,0.125,0.06991315168183243,1.2711482123969533,0.01491315168183243,0.02982630336366486,0.04473945504549729
0.055,0.39,0.445,0.12359550561797752,0.07018668299571984,1.276121509013088,0.01518668299571984,0.03037336599143968,0.04556004898715952
0.055,0.395,0.45,0.12222222222222222,0.07046327931990437,1.2811505330891704,0.01546327931990437,0.03092655863980874,0.04638983795971311
0.055,0.4,0.455,0.12087912087912088,0.07074300073268058,1.2862363769578289,0.015743000732680583,0.031486001465361166,0.04722900219804175
0.055,0.405,0.46,0.11956521739130434,0.07102590902639683,1.2913801641163059,0.016025909026396827,0.032051818052793654,0.04807772707919048
0.055,0.41,0.46499999999999997,0.11827956989247312,0.07131206777225363,1.2965830504046114,0.01631206777225363,0.03262413554450726,0.048936203316760886
0.055,0.415,0.47,0.11702127659574468,0.07160154238817018,1.3018462252394578,0.01660154238817018,0.03320308477634036,0.04980462716451054
0.055,0.42,0.475,0.11578947368421053,0.07189440020989435,1.30717091290717,0.01689440020989435,0.0337888004197887,0.050683200629683046
0.055,0.425,0.48,0.11458333333333334,0.07219071056554249,1.3125583739189544,0.017190710565542493,0.034381421131084985,0.05157213169662748
0.055,0.43,0.485,0.1134020618556701,0.07249054485377071,1.3180099064321948,0.01749054485377071,0.03498108970754142,0.05247163456131213
0.055,0.435,0.49,0.11224489795918367,0.07279397662578846,1.3235268477416084,0.01779397662578846,0.03558795325157692,0.053381929877365376
0.055,0.44,0.495,0.11111111111111112,0.07310108167144458,1.3291105758444468,0.01810108167144458,0.03620216334288916,0.054303245014333736
0.055,0.445,0.5,0.11,0.0734119381096291,1.3347625110841654,0.018411938109629093,0.036823876219258186,0.05523581432888728
0.055,0.45,0.505,0.10891089108910891,0.07372662648325179,1.3404841178773053,0.01872662648325179,0.03745325296650358,0.05617987944975537
0.055,0.455,0.51,0.10784313725490197,0.07404522985907802,1.3462769065286913,0.01904522985907802,0.03809045971815604,0.05713568957723406
0.055,0.46,0.515,0.10679611650485436,0.0743678339327214,1.352142435140389,0.019367833932721394,0.03873566786544279,0.05810350179816418
0.055,0.465,0.52,0.10576923076923077,0.0746945271391154,1.35808231162028,0.019694527139115396,0.03938905427823079,0.05908358141734619
0.055,0.47,0.525,0.10476190476190476,0.07502540076880881,1.364098195796524,0.020025400768808814,0.04005080153761763,0.06007620230642644
0.055,0.475,0.53,0.10377358490566037,0.07536054909045709,1.3701918016446744,0.020360549090457085,0.04072109818091417,0.061081647271371255
0.055,0.48,0.535,0.102803738317757,0.07570006947990693,1.3763648996346713,0.020700069479906928,0.041400138959813856,0.062100208439720785
0.055,0.485,0.54,0.10185185185185185,0.0760440625563048,1.3826193192055418,0.021044062556304803,0.042088125112609606,0.0631321876689144
0.055,0.49,0.545,0.10091743119266054,0.07639263232569038,1.3889569513761888,0.02139263232569038,0.04278526465138076,0.06417789697707113
0.055,0.495,0.55,0.09999999999999999,0.07674588633257318,1.3953797515013304,0.021745886332573176,0.04349177266514635,0.06523765899771952
0.055,0.5,0.555,0.09909909909909909,0.07710393582002806,1.4018897421823284,0.022103935820028058,0.044207871640056115,0.06631180746008417
0.055,0.505,0.56,0.09821428571428571,0.07746689589889022,1.4084890163434585,0.02246689589889022,0.04493379179778044,0.06740068769667065
0.055,0.51,0.5650000000000001,0.09734513274336282,0.07783488572667463,1.4151797404849933,0.02283488572667463,0.04566977145334926,0.06850465718002388
0.055,0.515,0.5700000000000001,0.09649122807017543,0.07820802869689547,1.4219641581253721,0.02320802869689547,0.04641605739379094,0.0696240860906864
0.055,0.52,0.5750000000000001,0.09565217391304347,0.07858645263951858,1.4288445934457923,0.023586452639518578,0.047172905279037156,0.07075935791855573
0.055,0.525,0.5800000000000001,0.09482758620689655,0.07897029003333778,1.4358234551515958,0.023970290033337775,0.04794058006667555,0.07191087010001332
0.055,0.53,0.5850000000000001,0.094017094017094,0.07935967823113499,1.4429032405660907,0.02435967823113499,0.04871935646226998,0.07307903469340496
0.055,0.535,0.5900000000000001,0.09322033898305083,0.07975475969855539,1.4500865399737344,0.02475475969855539,0.04950951939711078,0.07426427909566616
0.055,0.54,0.5950000000000001,0.09243697478991596,0.0801556822677083,1.4573760412310601,0.025155682267708306,0.05031136453541661,0.07546704680312491
0.055,0.545,0.6000000000000001,0.09166666666666666,0.08056259940659605,1.4647745346653827,0.025562599406596047,0.051125198813192094,0.07668779821978813
0.055,0.55,0.6050000000000001,0.0909090909090909,0.08097567050556398,1.4722849182829814,0.02597567050556398,0.05195134101112796,0.07792701151669193
0.055,0.555,0.6100000000000001,0.0901639344262295,0.08139506118207795,1.4799102033105083,0.026395061182077954,0.05279012236415591,0.07918518354623386
0.055,0.56,0.6150000000000001,0.08943089430894308,0.08182094360524816,1.487653520095421,0.026820943605248164,0.05364188721049633,0.08046283081574448
0.055,0.565,0.62,0.08870967741935484,0.08225349684165162,1.4955181243936657,0.02725349684165162,0.05450699368330324,0.08176049052495485
0.055,0.57,0.625,0.088,0.08269290722414702,1.5035074040754004,0.027692907224147016,0.05538581444829403,0.08307872167244104
0.055,0.575,0.63,0.0873015873015873,0.08313936874553729,1.5116248862824961,0.02813936874553729,0.05627873749107458,0.08441810623661186
0.055,0.58,0.635,0.08661417322834646,0.08359308347910832,1.5198742450746967,0.02859308347910832,0.05718616695821664,0.08577925043732496
0.055,0.585,0.64,0.0859375,0.08405426202827282,1.5282593096049604,0.02905426202827282,0.05810852405654564,0.08716278608481845
0.055,0.59,0.645,0.08527131782945736,0.08452312400776163,1.5367840728683932,0.02952312400776163,0.05904624801552326,0.08856937202328488
0.055,0.595,0.65,0.0846153846153846,0.0849998985590501,1.5454527010736383,0.029999898559050102,0.059999797118100204,0.0899996956771503
0.055,0.6,0.655,0.08396946564885496,0.08548482490297749,1.5542695436904996,0.030484824902977485,0.06096964980595497,0.09145447470893245
0.06,0.005,0.065,0.923076923076923,0.06015362306903749,1.0025603844839581,0.00015362306903748957,0.00030724613807497914,0.0004608692071124687
0.06,0.01,0.06999999999999999,0.8571428571428572,0.060308313872678876,1.005138564544648,0.0003083138726788781,0.0006166277453577562,0.0009249416180366343
0.06,0.015,0.075,0.8,0.060464085091345265,1.007734751522421,0.00046408509134526765,0.0009281701826905353,0.001392255274035803
0.06,0.02,0.08,0.75,0.06062094962175124,1.0103491603625208,0.0006209496217512434,0.0012418992435024867,0.00186284886525373
0.06,0.025,0.08499999999999999,0.7058823529411765,0.06077892058174894,1.0129820096958158,0.0007789205817489431,0.0015578411634978861,0.0023367617452468292
0.06,0.03,0.09,0.6666666666666666,0.06093801131530796,1.0156335219217993,0.0009380113153079628,0.0018760226306159256,0.0028140339459238883
0.06,0.035,0.095,0.631578947368421,0.061098235397633704,1.018303923293895,0.0010982353976337067,0.0021964707952674134,0.00329470619290112
0.06,0.04,0.1,0.6,0.06125960664043062,1.020993444007177,0.0012596066404306216,0.0025192132808612433,0.003778819921291865
0.06,0.045,0.105,0.5714285714285714,0.0614221390973142,1.02370231828857,0.0014221390973142012,0.0028442781946284024,0.0042664172919426036
0.06,0.05,0.11,0.5454545454545454,0.061585847069377087,1.026430784489618,0.0015858470693770887,0.0031716941387541775,0.004757541208131266
0.06,0.055,0.11499999999999999,0.5217391304347826,0.061750745110914385,1.0291790851819065,0.0017507451109143868,0.0035014902218287736,0.00525223533274316
0.06,0.06,0.12,0.5,0.061916848035314054,1.0319474672552342,0.001916848035314056,0.003833696070628112,0.005750544105942168
0.06,0.065,0.125,0.48,0.0620841709211174,1.0347361820186234,0.002084170921117401,0.004168341842234802,0.006252512763352203
0.06,0.07,0.13,0.4615384615384615,0.06225272911825608,1.037545485304268,0.0022527291182560805,0.004505458236512161,0.006758187354768241
0.06,0.075,0.135,0.4444444444444444,0.062422538254472304,1.0403756375745385,0.002422538254472306,0.004845076508944612,0.007267614763416919
0.06,0.08,0.14,0.4285714285714285,0.062593614241927,1.0432269040321167,0.0025936142419270003,0.005187228483854001,0.007780842725781001
0.06,0.085,0.14500000000000002,0.4137931034482758,0.06276597328400468,1.0460995547334115,0.002765973284004686,0.005531946568009372,0.008297919852014057
0.06,0.09,0.15,0.4,0.06293963188231977,1.0489938647053296,0.002939631882319771,0.005879263764639542,0.008818895646959313
0.06,0.095,0.155,0.3870967741935484,0.063114606843934,1.0519101140655667,0.003114606843933998,0.006229213687867996,0.009343820531801994
0.06,0.1,0.16,0.375,0.06329091528879038,1.0548485881465064,0.003290915288790386,0.006581830577580772,0.009872745866371158
0.06,0.105,0.16499999999999998,0.36363636363636365,0.06346857465737288,1.0578095776228813,0.0034685746573728804,0.006937149314745761,0.010405723972118641
0.06,0.11,0.16999999999999998,0.35294117647058826,0.06364760271859904,1.0607933786433175,0.003647602718599041,0.007295205437198082,0.010942808155797124
0.06,0.115,0.175,0.34285714285714286,0.06382801757795586,1.0638002929659311,0.0038280175779558667,0.0076560351559117334,0.0114840527338676
0.06,0.12,0.18,0.3333333333333333,0.06400983768588431,1.066830628098072,0.00400983768588431,0.00801967537176862,0.01202951305765293
0.06,0.125,0.185,0.32432432432432434,0.06419308184642669,1.069884697440445,0.004193081846426694,0.008386163692853388,0.012579245539280082
0.06,0.13,0.19,0.3157894736842105,0.06437776922614202,1.0729628204357005,0.004377769226142025,0.00875553845228405,0.013133307678426076
0.06,0.135,0.195,0.30769230769230765,0.06456391936330219,1.0760653227217032,0.0045639193633021935,0.009127838726604387,0.01369175808990658
0.06,0.14,0.2,0.3,0.0647515521773786,1.0791925362896435,0.004751552177378604,0.009503104354757208,0.014254656532135812
0.06,0.145,0.205,0.2926829268292683,0.06494068797883057,1.0823447996471762,0.004940687978830571,0.009881375957661143,0.014822063936491714
0.06,0.15,0.21,0.2857142857142857,0.06513134747920601,1.085522457986767,0.0051313474792060165,0.010262694958412033,0.01539404243761805
0.06,0.155,0.215,0.27906976744186046,0.0653235518015689,1.0887258633594818,0.005323551801568904,0.010647103603137809,0.015970655404706713
0.06,0.16,0.22,0.2727272727272727,0.06551732249126274,1.091955374854379,0.005517322491262744,0.011034644982525488,0.01655196747378823
0.06,0.165,0.225,0.26666666666666666,0.06571268152702603,1.0952113587837673,0.005712681527026031,0.011425363054052062,0.017138044581078093
0.06,0.17,0.23,0.2608695652173913,0.06590965133247195,1.0984941888745325,0.005909651332471955,0.01181930266494391,0.017728953997415864
0.06,0.175,0.235,0.2553191489361702,0.06610825478794713,1.1018042464657856,0.006108254787947132,0.012216509575894263,0.018324764363841395
0.06,0.18,0.24,0.25,0.06630851524278392,1.1051419207130653,0.006308515242783919,0.012617030485567837,0.018925545728351756
0.06,0.185,0.245,0.24489795918367346,0.0665104565279635,1.1085076087993917,0.006510456527963504,0.013020913055927008,0.019531369583890512
0.06,0.19,0.25,0.24,0.06671410296920433,1.1119017161534055,0.0067141029692043275,0.013428205938408655,0.020142308907612982
0.06,0.195,0.255,0.23529411764705882,0.06691947940049392,1.1153246566748987,0.006919479400493922,0.013838958800987844,0.020758438201481766
0.06,0.2,0.26,0.23076923076923075,0.06712661117808305,1.1187768529680509,0.007126611178083053,0.014253222356166106,0.02137983353424916
0.06,0.205,0.265,0.22641509433962262,0.0673355241949597,1.1222587365826617,0.007335524194959697,0.014671048389919394,0.02200657258487909
0.06,0.21,0.27,0.2222222222222222,0.06754624489582306,1.1257707482637178,0.007546244895823062,0.015092489791646124,0.022638734687469186
0.06,0.215,0.275,0.21818181818181814,0.0677588002925793,1.1293133382096552,0.007758800292579304,0.015517600585158609,0.023276400877737913
0.06,0.22,0.28,0.21428571428571425,0.0679732179803797,1.1328869663396617,0.007973217980379699,0.015946435960759398,0.023919653941139096
0.06,0.225,0.28500000000000003,0.21052631578947364,0.06818952615422447,1.1364921025704078,0.008189526154224469,0.016379052308448938,0.024568578462673407
0.06,0.23,0.29000000000000004,0.2068965517241379,0.06840775362615681,1.1401292271026136,0.008407753626156811,0.016815507252313622,0.025223260878470433
0.06,0.235,0.295,0.2033898305084746,0.06862792984307098,1.1437988307178497,0.00862792984307098,0.01725585968614196,0.02588378952921294
0.06,0.24,0.3,0.2,0.06885008490516231,1.1475014150860385,0.008850084905162314,0.01770016981032463,0.026550254715486943
0.06,0.245,0.305,0.19672131147540983,0.06907424958504638,1.1512374930841063,0.009074249585046379,0.018148499170092758,0.027222748755139137
0.06,0.25,0.31,0.1935483870967742,0.06930045534757623,1.1550075891262706,0.00930045534757623,0.01860091069515246,0.027901366042728692
0.06,0.255,0.315,0.19047619047619047,0.06952873437038831,1.158812239506472,0.009528734370388314,0.01905746874077663,0.028586203111164943
0.06,0.26,0.32,0.1875,0.06975911956521086,1.1626519927535144,0.009759119565210861,0.019518239130421722,0.029277358695632583
0.06,0.265,0.325,0.1846153846153846,0.06999164459996521,1.1665274099994203,0.00999164459996521,0.01998328919993042,0.02997493379989563
0.06,0.27,0.33,0.1818181818181818,0.0702263439217008,1.17043906536168,0.010226343921700798,0.020452687843401596,0.030679031765102394
0.06,0.275,0.335,0.1791044776119403,0.07046325278039645,1.174387546339941,0.010463252780396448,0.020926505560792896,0.031389758341189344
0.06,0.28,0.34,0.1764705882352941,0.07070240725367027,1.178373454227838,0.010702407253670276,0.021404814507340553,0.03210722176101083
0.06,0.285,0.345,0.17391304347826086,0.07094384427243994,1.1823974045406658,0.01094384427243994,0.02188768854487988,0.03283153281731982
0.06,0.29,0.35,0.17142857142857143,0.0711876016475762,1.1864600274596036,0.011187601647576206,0.022375203295152413,0.03356280494272862
0.06,0.295,0.355,0.16901408450704225,0.0714337180975958,1.1905619682932633,0.011433718097595802,0.022867436195191604,0.034301154292787406
0.06,0.3,0.36,0.16666666666666666,0.07168223327744416,1.1947038879574028,0.011682233277444165,0.02336446655488833,0.035046699832332495
0.06,0.305,0.365,0.1643835616438356,0.07193318780841829,1.1988864634736383,0.011933187808418289,0.023866375616836577,0.035799563425254866
0.06,0.31,0.37,0.16216216216216217,0.07218662330928383,1.2031103884880638,0.012186623309283828,0.024373246618567657,0.036559869927851485
0.06,0.315,0.375,0.16,0.07244258242864476,1.2073763738107461,0.012442582428644766,0.024885164857289532,0.0373277472859343
0.06,0.32,0.38,0.15789473684210525,0.07270110887862657,1.2116851479771096,0.012701108878626577,0.025402217757253154,0.03810332663587973
0.06,0.325,0.385,0.15584415584415584,0.07296224746993552,1.2160374578322586,0.012962247469935517,0.025924494939871034,0.03888674240980655
0.06,0.33,0.39,0.15384615384615383,0.07322604414836309,1.220434069139385,0.013226044148363092,0.026452088296726184,0.039678132445089276
0.06,0.335,0.395,0.15189873417721517,0.07349254603280764,1.2248757672134607,0.01349254603280764,0.02698509206561528,0.04047763809842292
0.06,0.34,0.4,0.15,0.07376180145488764,1.2293633575814609,0.013761801454887646,0.02752360290977529,0.041285404364662937
0.06,0.345,0.40499999999999997,0.14814814814814814,0.07403386000022871,1.2338976666704786,0.014033860000228715,0.02806772000045743,0.042101580000686145
0.06,0.35,0.41,0.14634146341463414,0.07430877255150758,1.2384795425251265,0.014308772551507587,0.028617545103015174,0.04292631765452276
0.06,0.355,0.415,0.14457831325301204,0.07458659133334555,1.2431098555557594,0.014586591333345555,0.02917318266669111,0.043759774000036666
0.06,0.36,0.42,0.14285714285714285,0.07486736995914478,1.2477894993190797,0.014867369959144783,0.029734739918289566,0.04460210987743435
0.06,0.365,0.425,0.1411764705882353,0.07515116347997064,1.252519391332844,0.015151163479970642,0.030302326959941284,0.045453490439911926
0.06,0.37,0.43,0.13953488372093023,0.07543802843558634,1.257300473926439,0.015438028435586337,0.030876056871172675,0.04631408530675901
0.06,0.375,0.435,0.13793103448275862,0.07572802290775571,1.262133715129262,0.015728022907755712,0.031456045815511424,0.047184068723267136
0.06,0.38,0.44,0.13636363636363635,0.07602120657593414,1.2670201095989024,0.016021206575934144,0.03204241315186829,0.04806361972780243
0.06,0.385,0.445,0.1348314606741573,0.07631764077547776,1.271960679591296,0.01631764077547776,0.03263528155095552,0.04895292232643328
0.06,0.39,0.45,0.13333333333333333,0.07661738855850775,1.2769564759751293,0.01661738855850775,0.0332347771170155,0.04985216567552325
0.06,0.395,0.455,0.13186813186813187,0.07692051475757589,1.2820085792929314,0.01692051475757589,0.03384102951515178,0.050761544272727666
0.06,0.4,0.46,0.13043478260869565,0.07722708605228679,1.2871181008714465,0.01722708605228679,0.03445417210457358,0.051681258156860366
0.06,0.405,0.465,0.12903225806451613,0.07753717103904312,1.292286183984052,0.01753717103904312,0.03507434207808624,0.05261151311712936
0.06,0.41,0.47,0.1276595744680851,0.07785084030408951,1.2975140050681586,0.01785084030408951,0.03570168060817902,0.05355252091226853
0.06,0.415,0.475,0.12631578947368421,0.07816816650004366,1.3028027750007276,0.01816816650004366,0.03633633300008732,0.054504499500130976
0.06,0.42,0.48,0.125,0.07848922442611672,1.3081537404352788,0.018489224426116724,0.03697844885223345,0.05546767327835017
0.06,0.425,0.485,0.12371134020618557,0.07881409111223525,1.313568185203921,0.018814091112235254,0.03762818222447051,0.05644227333670576
0.06,0.43,0.49,0.12244897959183673,0.07914284590729681,1.3190474317882803,0.019142845907296813,0.038285691814593625,0.05742853772189044
0.06,0.435,0.495,0.12121212121212122,0.07947557057180177,1.3245928428633629,0.01947557057180177,0.03895114114360354,0.05842671171540531
0.06,0.44,0.5,0.12,0.07981234937512494,1.330205822918749,0.019812349375124938,0.039624698750249876,0.059437048125374814
0.06,0.445,0.505,0.1188118811881188,0.08015326919770727,1.3358878199617878,0.02015326919770727,0.04030653839541454,0.060459807593121806
0.06,0.45,0.51,0.11764705882352941,0.08049841963846793,1.341640327307799,0.020498419638467935,0.04099683927693587,0.061495258915403805
0.06,0.455,0.515,0.11650485436893203,0.08084789312775975,1.3474648854626625,0.020847893127759753,0.04169578625551951,0.06254367938327926
0.06,0.46,0.52,0.11538461538461538,0.08120178504621234,1.3533630841035391,0.02120178504621234,0.04240357009242468,0.06360535513863702
0.06,0.465,0.525,0.11428571428571428,0.08156019384983504,1.3593365641639175,0.02156019384983504,0.04312038769967008,0.06468058154950512
0.06,0.47,0.53,0.11320754716981131,0.08192322120177808,1.3653870200296347,0.021923221201778087,0.043846442403556174,0.06576966360533426
0.06,0.475,0.5349999999999999,0.11214953271028039,0.0822909721111783,1.3715162018529719,0.02229097211117831,0.04458194422235662,0.06687291633353493
0.06,0.48,0.54,0.1111111111111111,0.08266355507955359,1.3777259179925598,0.022663555079553588,0.045327110159107176,0.06799066523866076
0.06,0.485,0.5449999999999999,0.11009174311926606,0.08304108225523887,1.3840180375873146,0.023041082255238876,0.04608216451047775,0.06912324676571663
0.06,0.49,0.55,0.10909090909090907,0.08342366959639902,1.390394493273317,0.02342366959639902,0.04684733919279804,0.07027100878919706
0.06,0.495,0.5549999999999999,0.10810810810810811,0.08381143704319616,1.3968572840532694,0.02381143704319616,0.04762287408639232,0.07143431112958848
0.06,0.5,0.56,0.10714285714285712,0.08420450869973084,1.4034084783288474,0.024204508699730842,0.048409017399461685,0.07261352609919253
0.06,0.505,0.565,0.10619469026548674,0.08460301302643058,1.4100502171071765,0.024603013026430587,0.049206026052861174,0.07380903907929176
0.06,0.51,0.5700000000000001,0.10526315789473682,0.08500708304360971,1.4167847173934953,0.025007083043609712,0.050014166087219425,0.07502124913082914
0.06,0.515,0.575,0.10434782608695653,0.08541685654698805,1.4236142757831343,0.025416856546988054,0.05083371309397611,0.07625056964096416
0.06,0.52,0.5800000000000001,0.10344827586206895,0.0858324763360161,1.430541272266935,0.025832476336016097,0.051664952672032194,0.07749742900804829
0.06,0.525,0.585,0.10256410256410256,0.08625409045593102,1.437568174265517,0.026254090455931023,0.052508180911862046,0.07876227136779307
0.06,0.53,0.5900000000000001,0.10169491525423727,0.08668185245454063,1.4446975409090106,0.026681852454540633,0.053363704909081267,0.0800455573636219
0.06,0.535,0.595,0.10084033613445378,0.08711592165482285,1.4519320275803809,0.02711592165482285,0.0542318433096457,0.08134776496446855
0.06,0.54,0.6000000000000001,0.09999999999999998,0.08755646344451917,1.4592743907419863,0.027556463444519175,0.05511292688903835,0.08266939033355752
0.06,0.545,0.605,0.09917355371900827,0.0880036495840072,1.4667274930667866,0.028003649584007195,0.05600729916801439,0.08401094875202159
0.06,0.55,0.6100000000000001,0.0983606557377049,0.08845765853384957,1.474294308897493,0.028457658533849572,0.056915317067699145,0.08537297560154872
0.06,0.555,0.615,0.0975609756097561,0.08891867580354318,1.481977930059053,0.02891867580354318,0.05783735160708636,0.08675602741062954
0.06,0.56,0.6200000000000001,0.09677419354838708,0.08938689432313396,1.4897815720522327,0.02938689432313396,0.05877378864626792,0.08816068296940188
0.06,0.565,0.625,0.096,0.08986251483951346,1.4977085806585577,0.029862514839513465,0.05972502967902693,0.0895875445185404
0.06,0.57,0.6299999999999999,0.09523809523809525,0.09034574633938675,1.5057624389897792,0.030345746339386748,0.060691492678773495,0.09103723901816024
0.06,0.575,0.635,0.09448818897637795,0.09083680650108916,1.5139467750181528,0.030836806501089165,0.06167361300217833,0.0925104195032675
0.06,0.58,0.6399999999999999,0.09375000000000001,0.0913359221776382,1.5222653696273034,0.0313359221776382,0.0626718443552764,0.0940077665329146
0.06,0.585,0.645,0.09302325581395349,0.0918433299136443,1.530722165227405,0.0318433299136443,0.0636866598272886,0.09552998974093291
0.06,0.59,0.6499999999999999,0.09230769230769231,0.09235927649895914,1.5393212749826524,0.032359276498959144,0.06471855299791829,0.09707782949687743
0.06,0.595,0.655,0.09160305343511449,0.09288401956223347,1.5480669927038913,0.03288401956223347,0.06576803912446694,0.0986520586867004
0.06,0.6,0.6599999999999999,0.09090909090909091,0.09341782820787858,1.5569638034646431,0.033417828207878586,0.06683565641575717,0.10025348462363576
0.065,0.005,0.07,0.9285714285714285,0.06516671641494898,1.0025648679222918,0.00016671641494897527,0.00033343282989795053,0.0005001492448469258
0.065,0.01,0.075,0.8666666666666667,0.06533459492497118,1.0051476142303257,0.0003345949249711766,0.0006691898499423532,0.0010037847749135298
0.065,0.015,0.08,0.8125,0.06550364938027564,1.0077484520042406,0.0005036493802756392,0.0010072987605512784,0.0015109481408269176
0.065,0.02,0.085,0.7647058823529411,0.06567389386825961,1.0103675979732247,0.0006738938682596118,0.0013477877365192237,0.0020216816047788355
0.065,0.025,0.09,0.7222222222222223,0.06584534271884468,1.0130052725976104,0.0008453427188446772,0.0016906854376893543,0.0025360281565340315
0.065,0.03,0.095,0.6842105263157895,0.06601801050996037,1.0156617001532364,0.0010180105099603654,0.0020360210199207307,0.003054031529881096
0.065,0.035,0.1,0.65,0.06619191207318353,1.0183371088182083,0.001191912073183532,0.002383824146367064,0.003575736219550596
0.065,0.04,0.10500000000000001,0.619047619047619,0.0663670624995365,1.0210317307621,0.0013670624995364977,0.0027341249990729954,0.004101187498609493
0.065,0.045,0.11,0.5909090909090909,0.06654347714545039,1.0237458022376984,0.0015434771454503893,0.0030869542909007786,0.004630431436351168
0.065,0.05,0.115,0.5652173913043478,0.06672117163889857,1.0264795636753625,0.0017211716388985665,0.003442343277797133,0.0051635149166956995
0.065,0.055,0.12,0.5416666666666667,0.06690016188570724,1.0292332597801115,0.001900161885707241,0.003800323771414482,0.005700485657121723
0.065,0.06,0.125,0.52,0.06708046407604784,1.0320071396315051,0.002080464076047839,0.004160928152095678,0.006241392228143516
0.065,0.065,0.13,0.5,0.06726209469111855,1.0348014567864392,0.0022620946911185436,0.004524189382237087,0.006786284073355631
0.065,0.07,0.135,0.48148148148148145,0.0674450705100208,1.0376164693849352,0.002445070510020797,0.004890141020041594,0.007335211530062391
0.065,0.075,0.14,0.46428571428571425,0.06762940861683941,1.0404524402590678,0.0026294086168394126,0.005258817233678825,0.007888225850518238
0.065,0.08,0.14500000000000002,0.44827586206896547,0.06781512640792997,1.0433096370450765,0.0028151264079299687,0.005630252815859937,0.008445379223789906
0.065,0.085,0.15000000000000002,0.4333333333333333,0.06800224159942492,1.0461883322988448,0.003002241599424915,0.00600448319884983,0.009006724798274746
0.065,0.09,0.155,0.41935483870967744,0.06819077223496328,1.0490888036148196,0.0031907722349632794,0.006381544469926559,0.009572316704889838
0.065,0.095,0.16,0.40625,0.06838073669365352,1.0520113337485157,0.003380736693653519,0.006761473387307038,0.010142210080960556
0.065,0.1,0.165,0.3939393939393939,0.06857215369827674,1.054956210742719,0.0035721536982767366,0.007144307396553473,0.01071646109483021
0.065,0.105,0.16999999999999998,0.3823529411764706,0.0687650423237407,1.057923728057549,0.003765042323740697,0.007530084647481394,0.011295126971222091
0.065,0.11,0.175,0.37142857142857144,0.06895942200579208,1.0609141847044936,0.003959422005792079,0.007918844011584159,0.011878266017376238
0.065,0.115,0.18,0.36111111111111116,0.0691553125499973,1.0639278853845737,0.004155312549997292,0.008310625099994584,0.012465937649991876
0.065,0.12,0.185,0.35135135135135137,0.06935273414100207,1.066965140630801,0.004352734141002068,0.008705468282004136,0.013058202423006204
0.065,0.125,0.19,0.34210526315789475,0.06955170735207927,1.0700262669550658,0.004551707352079271,0.009103414704158541,0.013655122056237812
0.065,0.13,0.195,0.3333333333333333,0.06975225315497713,1.0731115869996481,0.004752253154977126,0.009504506309954253,0.014256759464931379
0.065,0.135,0.2,0.325,0.06995439293007732,1.0762214296934973,0.004954392930077323,0.009908785860154645,0.014863178790231968
0.065,0.14,0.20500000000000002,0.3170731707317073,0.07015814847687674,1.0793561304134882,0.005158148476876734,0.010316296953753468,0.015474445430630202
0.065,0.145,0.21,0.30952380952380953,0.07036354202480322,1.0825160311508186,0.005363542024803214,0.010727084049606428,0.016090626074409642
0.065,0.15,0.215,0.3023255813953489,0.07057059624438033,1.0857014806827743,0.0055705962443803325,0.011141192488760665,0.016711788733140998
0.065,0.155,0.22,0.29545454545454547,0.07077933425875227,1.088912834750035,0.005779334258752267,0.011558668517504533,0.0173380027762568
0.065,0.16,0.225,0.2888888888888889,0.07098977965558506,1.0921504562397701,0.005989779655585059,0.011979559311170118,0.017969338966755177
0.065,0.165,0.23,0.2826086956521739,0.0712019564993569,1.0954147153747216,0.006201956499356898,0.012403912998713795,0.018605869498070693
0.065,0.17,0.23500000000000001,0.2765957446808511,0.07141588934405452,1.098705989908531,0.006415889344054515,0.01283177868810903,0.019247668032163545
0.065,0.175,0.24,0.27083333333333337,0.07163160324629103,1.1020246653275543,0.006631603246291029,0.013263206492582058,0.019894809738873087
0.065,0.18,0.245,0.2653061224489796,0.07184912377886143,1.1053711350594067,0.006849123778861432,0.013698247557722865,0.020547371336584297
0.065,0.185,0.25,0.26,0.07206847704475461,1.1087458006885325,0.007068477044754606,0.014136954089509213,0.02120543113426382
0.065,0.19,0.255,0.2549019607843137,0.07228968969163907,1.1121490721790626,0.0072896896916390674,0.014579379383278135,0.021869069074917202
0.065,0.195,0.26,0.25,0.0725127889268431,1.1155813681052784,0.007512788926843095,0.01502557785368619,0.022538366780529284
0.065,0.2,0.265,0.24528301886792453,0.07273780253284767,1.119043115889964,0.007737802532847671,0.015475605065695341,0.023213407598543012
0.065,0.205,0.27,0.24074074074074073,0.07296475888331488,1.1225347520509983,0.007964758883314882,0.015929517766629764,0.023894276649944646
0.065,0.21,0.275,0.23636363636363636,0.07319368695967399,1.1260567224565228,0.008193686959673985,0.01638737391934797,0.024581060879021954
0.065,0.215,0.28,0.23214285714285712,0.07342461636828723,1.1296094825890344,0.00842461636828723,0.01684923273657446,0.02527384910486169
0.065,0.22,0.28500000000000003,0.22807017543859648,0.07365757735822054,1.1331934978187774,0.008657577358220536,0.017315154716441072,0.02597273207466161
0.065,0.225,0.29000000000000004,0.22413793103448273,0.073892600839646,1.1368092436868613,0.008892600839645992,0.017785201679291984,0.026677802518937976
0.065,0.23,0.29500000000000004,0.22033898305084743,0.07412971840289984,1.140457206198459,0.009129718402899833,0.018259436805799667,0.0273891552086995
0.065,0.235,0.3,0.21666666666666667,0.0743689623382282,1.1441378821265877,0.009368962338228204,0.018737924676456408,0.02810688701468461
0.065,0.24,0.305,0.21311475409836067,0.07461036565624646,1.1478517793268685,0.009610365656246456,0.01922073131249291,0.028831096968739367
0.065,0.245,0.31,0.20967741935483872,0.07485396210914674,1.151599417063796,0.009853962109146741,0.019707924218293482,0.029561886327440223
0.065,0.25,0.315,0.20634920634920637,0.07509978621268343,1.1553813263489758,0.010099786212683426,0.020199572425366852,0.030299358638050278
0.065,0.255,0.32,0.203125,0.07534787326897363,1.159198050291902,0.010347873268973629,0.020695746537947257,0.031043619806920886
0.065,0.26,0.325,0.2,0.07559825939014653,1.1630501444637926,0.010598259390146525,0.02119651878029305,0.031794778170439575
0.065,0.265,0.33,0.19696969696969696,0.07585098152288228,1.166938177275112,0.010850981522882275,0.02170196304576455,0.032552944568646824
0.065,0.27,0.335,0.19402985074626866,0.0761060774738781,1.1708627303673553,0.011106077473878095,0.02221215494775619,0.033318232421634286
0.065,0.275,0.34,0.19117647058823528,0.07636358593628556,1.1748243990197778,0.011363585936285558,0.022727171872571117,0.034090757808856675
0.065,0.28,0.34500000000000003,0.18840579710144928,0.07662354651716285,1.1788237925717362,0.011623546517162853,0.023247093034325705,0.03487063955148856
0.065,0.285,0.35,0.18571428571428572,0.0768859997659892,1.1828615348613722,0.011885999765989197,0.023771999531978394,0.03565799929796759
0.065,0.29,0.355,0.18309859154929578,0.07715098720429103,1.1869382646814004,0.01215098720429103,0.02430197440858206,0.03645296161287309
0.065,0.295,0.36,0.18055555555555558,0.07741855135643094,1.1910546362527836,0.01241855135643094,0.02483710271286188,0.03725565406929282
0.065,0.3,0.365,0.17808219178082194,0.07768873578161684,1.195211319717182,0.012688735781616833,0.025377471563233667,0.0380662073448505
0.065,0.305,0.37,0.17567567567567569,0.07796158510718665,1.1994090016490253,0.012961585107186646,0.025923170214373292,0.03888475532155994
0.065,0.31,0.375,0.17333333333333334,0.07823714506323176,1.203648385588181,0.013237145063231759,0.026474290126463518,0.03971143518969528
0.065,0.315,0.38,0.17105263157894737,0.07851546251862374,1.2079301925942112,0.013515462518623733,0.027030925037247466,0.0405463875558712
0.065,0.32,0.385,0.16883116883116883,0.07879658551851176,1.2122551618232578,0.013796585518511761,0.027593171037023523,0.041389756555535284
0.065,0.325,0.39,0.16666666666666666,0.07908056332336466,1.216624051128687,0.014080563323364659,0.028161126646729318,0.042241689970093976
0.065,0.33,0.395,0.16455696202531644,0.07936744644963278,1.221037637686658,0.014367446449632781,0.028734892899265563,0.043102339348898344
0.065,0.335,0.4,0.1625,0.07965728671211181,1.225496718647874,0.014657286712111806,0.02931457342422361,0.04397186013633542
0.065,0.34,0.405,0.16049382716049382,0.07995013726809375,1.2300021118168267,0.014950137268093744,0.029900274536187488,0.04485041180428123
0.065,0.345,0.41,0.15853658536585366,0.08024605266339602,1.2345546563599388,0.015246052663396015,0.03049210532679203,0.045738157990188044
0.065,0.35,0.415,0.1566265060240964,0.08054508888036482,1.2391552135440742,0.015545088880364821,0.031090177760729643,0.046635266641094464
0.065,0.355,0.42,0.15476190476190477,0.0808473033879552,1.2438046675070031,0.015847303387955203,0.031694606775910406,0.04754191016386561
0.065,0.36,0.425,0.15294117647058825,0.08115275519399678,1.248503926061489,0.01615275519399678,0.03230551038799356,0.048458265581990345
0.065,0.365,0.43,0.15116279069767444,0.08146150489975701,1.2532539215347231,0.016461504899757007,0.032923009799514014,0.04938451469927102
0.065,0.37,0.435,0.14942528735632185,0.08177361475692946,1.2580556116450685,0.016773614756929456,0.03354722951385891,0.05032084427078837
0.065,0.375,0.44,0.14772727272727273,0.08208914872717021,1.2629099804180033,0.01708914872717021,0.03417829745434042,0.051267446181510634
0.065,0.38,0.445,0.14606741573033707,0.08240817254432597,1.2678180391434766,0.017408172544325973,0.034816345088651945,0.05222451763297792
0.065,0.385,0.45,0.14444444444444446,0.08273075377949668,1.272780827376872,0.017730753779496677,0.035461507558993355,0.05319226133849003
0.065,0.39,0.455,0.14285714285714285,0.08305696190908962,1.277799413985994,0.01805696190908962,0.03611392381817924,0.05417088572726886
0.065,0.395,0.46,0.14130434782608695,0.08338686838603182,1.2828748982466434,0.01838686838603182,0.03677373677206364,0.055160605158095455
0.065,0.4,0.465,0.13978494623655913,0.08372054671431628,1.2880084109894812,0.018720546714316277,0.037441093428632555,0.05616164014294883
0.065,0.405,0.47000000000000003,0.13829787234042554,0.08405807252707087,1.2932011158010903,0.01905807252707087,0.03811614505414174,0.057174217581212605
0.065,0.41,0.475,0.1368421052631579,0.08439952366835146,1.2984542102823302,0.01939952366835146,0.03879904733670292,0.05819857100505438
0.065,0.415,0.48,0.13541666666666669,0.08474498027887234,1.3037689273672668,0.019744980278872337,0.039489960557744674,0.05923494083661701
0.065,0.42,0.485,0.13402061855670103,0.08509452488590397,1.3091465367062147,0.020094524885903964,0.04018904977180793,0.06028357465771189
0.065,0.425,0.49,0.1326530612244898,0.08544824249758276,1.3145883461166579,0.020448242497582758,0.040896484995165516,0.061344727492748274
0.065,0.43,0.495,0.13131313131313133,0.08580622070189248,1.320095703106038,0.020806220701892475,0.04161244140378495,0.062418662105677425
0.065,0.435,0.5,0.13,0.08616854977059951,1.3256699964707617,0.02116854977059951,0.04233709954119902,0.06350564931179853
0.065,0.44,0.505,0.12871287128712872,0.08653532276843878,1.3313126579759813,0.02153532276843878,0.04307064553687756,0.06460596830531634
0.065,0.445,0.51,0.12745098039215685,0.08690663566787382,1.3370251641211357,0.02190663566787382,0.04381327133574764,0.06571990700362146
0.065,0.45,0.515,0.1262135922330097,0.08728258746977047,1.3428090379964688,0.022282587469770465,0.04456517493954093,0.0668477624093114
0.065,0.455,0.52,0.125,0.08766328033035775,1.348665851236273,0.02266328033035775,0.0453265606607155,0.06798984099107325
0.065,0.46,0.525,0.12380952380952381,0.08804881969486666,1.3545972260748718,0.023048819694866662,0.046097639389733325,0.06914645908459999
0.065,0.465,0.53,0.12264150943396226,0.08843931443827557,1.360604837511932,0.02343931443827557,0.04687862887655114,0.07031794331482671
0.065,0.47,0.5349999999999999,0.12149532710280377,0.0888348770136167,1.366690415594103,0.023834877013616695,0.04766975402723339,0.07150463104085009
0.065,0.475,0.54,0.12037037037037036,0.08923562360833526,1.3728557478205423,0.024235623608335255,0.04847124721667051,0.07270687082500576
0.065,0.48,0.5449999999999999,0.11926605504587158,0.0896416743092302,1.3791026816804646,0.0246416743092302,0.0492833486184604,0.0739250229276906
0.065,0.485,0.55,0.11818181818181818,0.09005315327654728,1.3854331273314966,0.02505315327654728,0.05010630655309456,0.07515945982964184
0.065,0.49,0.5549999999999999,0.11711711711711713,0.09047018892783631,1.391849060428251,0.025470188927836312,0.050940377855672625,0.07641056678350894
0.065,0.495,0.56,0.11607142857142856,0.09089291413223732,1.3983525251113433,0.02589291413223732,0.05178582826447464,0.07767874239671196
0.065,0.5,0.565,0.11504424778761063,0.09132146641591099,1.4049456371678612,0.026321466415910988,0.052642932831821976,0.07896439924773296
0.065,0.505,0.5700000000000001,0.11403508771929824,0.09175598817938624,1.4116305873751729,0.026755988179386236,0.05351197635877247,0.08026796453815871
0.065,0.51,0.575,0.11304347826086958,0.09219662692766284,1.4184096450409667,0.027196626927662837,0.054393253855325674,0.08158988078298851
0.065,0.515,0.5800000000000001,0.11206896551724137,0.09264353551397397,1.4252851617534457,0.02764353551397397,0.05528707102794794,0.08293060654192191
0.065,0.52,0.585,0.11111111111111112,0.09309687239819264,1.43225957535681,0.02809687239819264,0.05619374479638528,0.08429061719457792
0.065,0.525,0.5900000000000001,0.11016949152542371,0.09355680192094562,1.439335414168394,0.028556801920945618,0.057113603841891236,0.08567040576283685
0.065,0.53,0.595,0.10924369747899161,0.0940234945945918,1.4465153014552585,0.029023494594591803,0.058046989189183607,0.08707048378377541
0.065,0.535,0.6000000000000001,0.10833333333333332,0.09449712741232397,1.4538019601895995,0.029497127412323965,0.05899425482464793,0.0884913822369719
0.065,0.54,0.605,0.10743801652892562,0.09497788417675856,1.4611982181039778,0.029977884176758562,0.059955768353517125,0.08993365253027569
0.065,0.545,0.6100000000000001,0.10655737704918032,0.09546595584950623,1.4687070130693267,0.030465955849506232,0.060931911699012464,0.0913978675485187
0.065,0.55,0.615,0.10569105691056911,0.0959615409233443,1.4763313988206814,0.0309615409233443,0.0619230818466886,0.0928846227700329
0.065,0.555,0.6200000000000001,0.10483870967741934,0.09646484581876535,1.4840745510579285,0.03146484581876535,0.0629296916375307,0.09439453745629606
0.065,0.56,0.625,0.10400000000000001,0.09697608530683732,1.4919397739513434,0.03197608530683732,0.06395217061367464,0.09592825592051196
0.065,0.565,0.6299999999999999,0.1031746031746032,0.09749548296049215,1.4999305070844946,0.03249548296049215,0.0649909659209843,0.09748644888147645
0.065,0.57,0.635,0.10236220472440945,0.09802327163656432,1.5080503328702204,0.03302327163656432,0.06604654327312864,0.09906981490969297
0.065,0.575,0.6399999999999999,0.10156250000000001,0.09855969399111986,1.516302984478767,0.033559693991119854,0.06711938798223971,0.10067908197335956
0.065,0.58,0.645,0.10077519379844961,0.099105003030868,1.524692354321046,0.034105003030868,0.068210006061736,0.10231500909260399
0.065,0.585,0.6499999999999999,0.10000000000000002,0.09965946270372283,1.5332225031341975,0.03465946270372283,0.06931892540744566,0.1039783881111685
0.065,0.59,0.655,0.09923664122137404,0.10022334853189097,1.5418976697213995,0.03522334853189096,0.07044669706378193,0.10567004559567289
0.065,0.595,0.6599999999999999,0.0984848484848485,0.10079694829120567,1.550722281403164,0.035796948291205666,0.07159389658241133,0.107390844873617
0.065,0.6,0.665,0.09774436090225563,0.10138056274081209,1.5597009652432627,0.036380562740812084,0.07276112548162417,0.10914168822243625
0.07,0.005,0.07500000000000001,0.9333333333333332,0.07017985626552392,1.0025693752217701,0.00017985626552391443,0.00035971253104782885,0.0005395687965717433
0.07,0.01,0.08,0.8750000000000001,0.07036096986626639,1.005156712375234,0.0003609698662663807,0.0007219397325327614,0.0010829095987991422
0.07,0.015,0.085,0.823529411764706,0.07054335584119287,1.0077622263027552,0.0005433558411928607,0.0010867116823857215,0.0016300675235785822
0.07,0.02,0.09000000000000001,0.7777777777777778,0.07072702948784793,1.0103861355406845,0.0007270294878479189,0.0014540589756958378,0.0021810884635437566
0.07,0.025,0.095,0.736842105263158,0.07091200636819639,1.0130286624028055,0.000912006368196383,0.001824012736392766,0.002736019104589149
0.07,0.03,0.1,0.7000000000000001,0.07109830231462899,1.0156900330661283,0.001098302314628985,0.00219660462925797,0.003294906943886955
0.07,0.035,0.10500000000000001,0.6666666666666666,0.07128593343613776,1.0183704776591107,0.001285933436137754,0.002571866872275508,0.0038578003084132617
0.07,0.04,0.11000000000000001,0.6363636363636364,0.07147491612466683,1.0210702303523833,0.0014749161246668252,0.0029498322493336504,0.004424748374000476
0.07,0.045,0.115,0.6086956521739131,0.07166526706164456,1.023789529452065,0.0016652670616445486,0.0033305341232890973,0.004995801184933646
0.07,0.05,0.12000000000000001,0.5833333333333334,0.07185700322470367,1.0265286174957666,0.0018570032247036683,0.0037140064494073366,0.005571009674111005
0.07,0.055,0.125,0.56,0.07205014189459524,1.0292877413513606,0.0020501418945952365,0.004100283789190473,0.00615042568378571
0.07,0.06,0.13,0.5384615384615385,0.07224470066230382,1.0320671523186258,0.0022447006623038113,0.0044894013246076225,0.006734101986911434
0.07,0.065,0.135,0.5185185185185185,0.07244069743637027,1.034867106233861,0.002440697436370265,0.00488139487274053,0.007322092309110795
0.07,0.07,0.14,0.5,0.07263815045042965,1.0376878635775664,0.002638150450429644,0.005276300900859288,0.007914451351288931
0.07,0.075,0.14500000000000002,0.48275862068965514,0.07283707827097252,1.0405296895853215,0.002837078270972515,0.00567415654194503,0.008511234812917545
0.07,0.08,0.15000000000000002,0.4666666666666666,0.07303749980533636,1.043392854361948,0.0030374998053363522,0.0060749996106727044,0.009112499416009057
0.07,0.085,0.15500000000000003,0.45161290322580644,0.07323943430993574,1.046277632999082,0.0032394343099357292,0.0064788686198714585,0.009718302929807188
0.07,0.09,0.16,0.43750000000000006,0.07344290139874055,1.0491843056962935,0.003442901398740539,0.006885802797481078,0.010328704196221616
0.07,0.095,0.165,0.42424242424242425,0.07364792105201035,1.052113157885862,0.003647921052010339,0.007295842104020678,0.010943763156031017
0.07,0.1,0.17,0.411764705882353,0.0738545136252946,1.0550644803613514,0.0038545136252945977,0.0077090272505891955,0.011563540875883793
0.07,0.105,0.175,0.4000000000000001,0.07406269985870795,1.0580385694101135,0.004062699858707941,0.008125399717415882,0.012188099576123823
0.07,0.11,0.18,0.38888888888888895,0.07427250088649151,1.0610357269498787,0.004272500886491504,0.008545001772983007,0.012817502659474511
0.07,0.115,0.185,0.3783783783783784,0.07448393824687038,1.064056260669577,0.004483938246870378,0.008967876493740756,0.013451814740611134
0.07,0.12,0.19,0.368421052631579,0.07469703389221771,1.0671004841745386,0.004697033892217706,0.009394067784435411,0.014091101676653117
0.07,0.125,0.195,0.358974358974359,0.07491181019953808,1.0701687171362582,0.004911810199538069,0.009823620399076138,0.014735430598614208
0.07,0.13,0.2,0.35000000000000003,0.07512828998128052,1.0732612854468644,0.005128289981280509,0.010256579962561019,0.015384869943841528
0.07,0.135,0.20500000000000002,0.34146341463414637,0.07534649649649638,1.0763785213785197,0.005346496496496378,0.010692992992992756,0.016039489489489134
0.07,0.14,0.21000000000000002,0.3333333333333333,0.0755664534623518,1.0795207637478828,0.005566453462351795,0.01113290692470359,0.016699360387055384
0.07,0.145,0.215,0.32558139534883723,0.07578818506601082,1.0826883580858686,0.005788185066010809,0.011576370132021618,0.017364555198032428
0.07,0.15,0.22,0.31818181818181823,0.0760117159769027,1.0858816568128957,0.006011715976902698,0.012023431953805397,0.018035147930708095
0.07,0.155,0.225,0.3111111111111111,0.07623707135938818,1.089101019419831,0.006237071359388169,0.012474142718776338,0.018711214078164506
0.07,0.16,0.23,0.30434782608695654,0.07646427688584079,1.0923468126548683,0.006464276885840781,0.012928553771681561,0.019392830657522342
0.07,0.165,0.23500000000000001,0.2978723404255319,0.07669335875015859,1.0956194107165511,0.0066933587501585845,0.013386717500317169,0.020080076250475754
0.07,0.17,0.24000000000000002,0.2916666666666667,0.07692434368172496,1.0989191954532136,0.006924343681724954,0.013848687363449907,0.02077303104517486
0.07,0.175,0.245,0.28571428571428575,0.07715725895983405,1.1022465565690578,0.007157258959834045,0.01431451791966809,0.021471776879502136
0.07,0.18,0.25,0.28,0.07739213242860266,1.1056018918371806,0.007392132428602649,0.014784264857205298,0.022176397285807947
0.07,0.185,0.255,0.27450980392156865,0.07762899251238442,1.1089856073197772,0.007628992512384414,0.015257985024768828,0.02288697753715324
0.07,0.19,0.26,0.2692307692307693,0.07786786823171044,1.1123981175958633,0.007867868231710429,0.015735736463420857,0.023603604695131286
0.07,0.195,0.265,0.2641509433962264,0.07810878921977515,1.1158398459967878,0.008108789219775148,0.016217578439550295,0.024326367659325443
0.07,0.2,0.27,0.25925925925925924,0.07835178573949109,1.1193112248498727,0.00835178573949108,0.01670357147898216,0.02505535721847324
0.07,0.205,0.275,0.2545454545454546,0.07859688870113635,1.1228126957305191,0.00859688870113634,0.01719377740227268,0.02579066610340902
0.07,0.21,0.28,0.25,0.0788441296806186,1.1263447097231227,0.008844129680618595,0.01768825936123719,0.026532389041855786
0.07,0.215,0.28500000000000003,0.24561403508771928,0.0790935409383825,1.1299077276911784,0.009093540938382494,0.018187081876764988,0.02728062281514748
0.07,0.22,0.29000000000000004,0.24137931034482757,0.07934515543898724,1.1335022205569605,0.00934515543898723,0.01869031087797446,0.028035466316961688
0.07,0.225,0.29500000000000004,0.23728813559322032,0.079599006871383,1.1371286695911855,0.009599006871382987,0.019198013742765974,0.02879702061414896
0.07,0.23,0.30000000000000004,0.2333333333333333,0.0798551296699157,1.1407875667130813,0.009855129669915696,0.019710259339831393,0.02956538900974709
0.07,0.235,0.305,0.2295081967213115,0.08011355903609318,1.144479414801331,0.010113559036093178,0.020227118072186356,0.030340677108279535
0.07,0.24,0.31,0.22580645161290325,0.08037433096114377,1.1482047280163394,0.010374330961143763,0.020748661922287526,0.03112299288343129
0.07,0.245,0.315,0.22222222222222224,0.08063748224940348,1.1519640321343354,0.010637482249403474,0.021274964498806948,0.03191244674821042
0.07,0.25,0.32,0.21875000000000003,0.08090305054256852,1.155757864893836,0.010903050542568515,0.02180610108513703,0.032709151627705546
0.07,0.255,0.325,0.2153846153846154,0.08117107434485016,1.159586776355002,0.011171074344850151,0.022342148689700303,0.033513223034550454
0.07,0.26,0.33,0.21212121212121213,0.08144159304907472,1.163451329272496,0.011441593049074716,0.022883186098149433,0.03432477914722415
0.07,0.265,0.335,0.20895522388059704,0.08171464696376873,1.1673520994824103,0.011714646963768727,0.023429293927537453,0.03514394089130618
0.07,0.27,0.34,0.2058823529411765,0.08199027734127673,1.171289676303953,0.011990277341276723,0.023980554682553445,0.03597083202383017
0.07,0.275,0.34500000000000003,0.2028985507246377,0.08226852640695603,1.1752646629565147,0.012268526406956026,0.024537052813912053,0.03680557922086808
0.07,0.28,0.35000000000000003,0.2,0.08254943738950193,1.1792776769928845,0.012549437389501927,0.025098874779003855,0.03764831216850578
0.07,0.285,0.355,0.1971830985915493,0.08283305455245216,1.1833293507493163,0.01283305455245215,0.0256661091049043,0.03849916365735645
0.07,0.29,0.36,0.19444444444444448,0.08311942322692867,1.1874203318132666,0.013119423226928661,0.026238846453857323,0.039358269680785984
0.07,0.295,0.365,0.19178082191780824,0.08340858984567368,1.1915512835096238,0.013408589845673669,0.026817179691347337,0.040225769537021006
0.07,0.3,0.37,0.1891891891891892,0.08370060197844242,1.1957228854063202,0.013700601978442417,0.027401203956884834,0.04110180593532725
0.07,0.305,0.375,0.18666666666666668,0.08399550836881753,1.1999358338402504,0.013995508368817522,0.027991016737635044,0.041986525106452566
0.07,0.31,0.38,0.1842105263157895,0.08429335897251333,1.204190842464476,0.014293358972513326,0.028586717945026652,0.04288007691753998
0.07,0.315,0.385,0.18181818181818182,0.08459420499724324,1.2084886428177604,0.014594204997243232,0.029188409994486464,0.043782614991729696
0.07,0.32,0.39,0.1794871794871795,0.08489809894422762,1.2128299849175372,0.014898098944227611,0.029796197888455223,0.044694296832682834
0.07,0.325,0.395,0.17721518987341772,0.0852050946514219,1.2172156378774555,0.015205094651421891,0.030410189302843782,0.04561528395426567
0.07,0.33,0.4,0.17500000000000002,0.0855152473385522,1.2216463905507455,0.015515247338552196,0.031030494677104392,0.04654574201565659
0.07,0.335,0.405,0.17283950617283952,0.08582861365404948,1.2261230522007067,0.015828613654049473,0.031657227308098945,0.04748584096214842
0.07,0.34,0.41000000000000003,0.17073170731707318,0.08614525172397747,1.230646453199678,0.01614525172397746,0.03229050344795492,0.04843575517193238
0.07,0.345,0.415,0.16867469879518074,0.086465221203058,1.2352174457579712,0.01646522120305799,0.03293044240611598,0.04939566360917397
0.07,0.35,0.42,0.16666666666666669,0.08678858332790174,1.2398369046843103,0.01678858332790173,0.03357716665580346,0.05036574998370519
0.07,0.355,0.425,0.1647058823529412,0.08711540097255799,1.2445057281793996,0.01711540097255798,0.03423080194511596,0.051346202917673944
0.07,0.36,0.43,0.16279069767441862,0.08744573870650685,1.2492248386643834,0.01744573870650684,0.03489147741301368,0.052337216119520524
0.07,0.365,0.435,0.16091954022988508,0.08777966285522387,1.2539951836460552,0.017779662855223866,0.03555932571044773,0.0533389885656716
0.07,0.37,0.44,0.15909090909090912,0.08811724156345135,1.2588177366207336,0.018117241563451347,0.036234483126902695,0.05435172469035404
0.07,0.375,0.445,0.15730337078651688,0.08845854486132709,1.2636934980189583,0.018458544861327086,0.03691708972265417,0.05537563458398126
0.07,0.38,0.45,0.15555555555555556,0.08880364473352176,1.268623496193168,0.01880364473352175,0.0376072894670435,0.056410934200565255
0.07,0.385,0.455,0.15384615384615385,0.08915261519155382,1.2736087884507687,0.019152615191553812,0.038305230383107625,0.05745784557466144
0.07,0.39,0.46,0.15217391304347827,0.08950553234945446,1.2786504621350636,0.019505532349454457,0.039011064698908915,0.05851659704836337
0.07,0.395,0.465,0.15053763440860216,0.08986247450297413,1.2837496357567733,0.019862474502974126,0.03972494900594825,0.05958742350892238
0.07,0.4,0.47000000000000003,0.14893617021276595,0.09022352221252572,1.2889074601789388,0.020223522212525713,0.040447044425051426,0.06067056663757714
0.07,0.405,0.47500000000000003,0.1473684210526316,0.09058875839008285,1.2941251198583263,0.02058875839008284,0.04117751678016568,0.06176627517024852
0.07,0.41,0.48,0.14583333333333334,0.09095826839025511,1.2994038341465015,0.020958268390255108,0.041916536780510216,0.06287480517076532
0.07,0.415,0.485,0.1443298969072165,0.09133214010578805,1.3047448586541148,0.021332140105788044,0.04266428021157609,0.06399642031736413
0.07,0.42,0.49,0.14285714285714288,0.09171046406774319,1.3101494866820456,0.021710464067743185,0.04342092813548637,0.06513139220322955
0.07,0.425,0.495,0.14141414141414144,0.09209333355063765,1.315619050723395,0.02209333355063764,0.04418666710127528,0.06628000065191292
0.07,0.43,0.5,0.14,0.09248084468283913,1.321154924040559,0.02248084468283912,0.04496168936567824,0.06744253404851736
0.07,0.435,0.505,0.13861386138613863,0.09287309656253406,1.3267585223219152,0.022873096562534057,0.04574619312506811,0.06861928968760217
0.07,0.44,0.51,0.13725490196078433,0.0932701913796069,1.3324313054229557,0.023270191379606897,0.046540382759213794,0.06981057413882069
0.07,0.445,0.515,0.1359223300970874,0.0936722345437987,1.3381747791971241,0.023672234543798687,0.047344469087597374,0.07101670363139606
0.07,0.45,0.52,0.13461538461538464,0.09407933481953046,1.3439904974218635,0.02407933481953045,0.0481586696390609,0.07223800445859135
0.07,0.455,0.525,0.13333333333333333,0.09449160446781601,1.349880063825943,0.02449160446781601,0.04898320893563202,0.07347481340344802
0.07,0.46,0.53,0.1320754716981132,0.09490915939571054,1.3558451342244362,0.024909159395710534,0.04981831879142107,0.0747274781871316
0.07,0.465,0.535,0.13084112149532712,0.0953321193137806,1.3618874187682943,0.0253321193137806,0.0506642386275612,0.0759963579413418
0.07,0.47,0.54,0.12962962962962962,0.09576060790211649,1.3680086843159498,0.025760607902116484,0.05152121580423297,0.07728182370634945
0.07,0.475,0.5449999999999999,0.1284403669724771,0.09619475298544633,1.3742107569349475,0.026194752985446323,0.05238950597089265,0.07858425895633897
0.07,0.48,0.55,0.1272727272727273,0.09663468671795672,1.3804955245422388,0.026634686717956713,0.053269373435913425,0.07990406015387014
0.07,0.485,0.5549999999999999,0.12612612612612614,0.09708054577846936,1.3868649396924193,0.027080545778469356,0.05416109155693871,0.08124163733540807
0.07,0.49,0.56,0.125,0.0975324715766781,1.3933210225239727,0.027532471576678097,0.055064943153356194,0.08259741473003429
0.07,0.495,0.565,0.12389380530973454,0.09799061047120194,1.3998658638743133,0.027990610471201938,0.055981220942403875,0.08397183141360581
0.07,0.5,0.5700000000000001,0.12280701754385964,0.09845511400027673,1.4065016285753817,0.028455114000276727,0.05691022800055345,0.08536534200083018
0.07,0.505,0.575,0.12173913043478263,0.09892613912596926,1.413230558942418,0.028926139125969252,0.057852278251938505,0.08677841737790776
0.07,0.51,0.5800000000000001,0.12068965517241378,0.09940384849287665,1.4200549784696663,0.02940384849287664,0.05880769698575328,0.08821154547862992
0.07,0.515,0.585,0.11965811965811968,0.09988841070234855,1.4269772957478364,0.029888410702348545,0.05977682140469709,0.08966523210704563
0.07,0.52,0.5900000000000001,0.11864406779661016,0.10038000060336283,1.4340000086194689,0.030380000603362822,0.060760001206725645,0.09114000181008847
0.07,0.525,0.595,0.11764705882352942,0.1008787996012791,1.4411257085897013,0.030878799601279094,0.06175759920255819,0.09263639880383728
0.07,0.53,0.6000000000000001,0.11666666666666665,0.10138499598580131,1.4483570855114472,0.0313849959858013,0.0627699919716026,0.0941549879574039
0.07,0.535,0.605,0.11570247933884299,0.10189878527959784,1.4556969325656832,0.03189878527959783,0.06379757055919566,0.09569635583879349
0.07,0.54,0.6100000000000001,0.11475409836065573,0.1024203706091582,1.463148151559403,0.0324203706091582,0.0648407412183164,0.0972611118274746
0.07,0.545,0.615,0.11382113821138212,0.10294996309960303,1.4707137585657575,0.03294996309960302,0.06589992619920604,0.09884988929880906
0.07,0.55,0.6200000000000001,0.11290322580645161,0.10348778229532651,1.4783968899332358,0.03348778229532651,0.06697556459065301,0.10046334688597952
0.07,0.555,0.625,0.11200000000000002,0.10403405660852005,1.4862008086931435,0.03403405660852005,0.0680681132170401,0.10210216982556014
0.07,0.56,0.6300000000000001,0.1111111111111111,0.10458902379781976,1.494128911397425,0.03458902379781975,0.0691780475956395,0.10376707139345925
0.07,0.565,0.635,0.11023622047244096,0.10515293147953242,1.5021847354218916,0.03515293147953241,0.07030586295906482,0.10545879443859724
0.07,0.57,0.6399999999999999,0.10937500000000003,0.10572603767413313,1.5103719667733304,0.035726037674133126,0.07145207534826625,0.10717811302239938
0.07,0.575,0.645,0.10852713178294575,0.10630861139098724,1.5186944484426748,0.03630861139098723,0.07261722278197447,0.1089258341729617
0.07,0.58,0.6499999999999999,0.10769230769230771,0.10690093325454508,1.5271561893506438,0.036900933254545076,0.07380186650909015,0.11070279976363523
0.07,0.585,0.655,0.1068702290076336,0.10750329617558074,1.5357613739368676,0.037503296175580736,0.07500659235116147,0.11250988852674221
0.07,0.59,0.6599999999999999,0.10606060606060608,0.10811600607141403,1.5445143724487718,0.03811600607141402,0.07623201214282804,0.11434801821424206
0.07,0.595,0.665,0.10526315789473685,0.1087393826394587,1.553419751992267,0.0387393826394587,0.0774787652789174,0.11621814791837609
0.07,0.6,0.6699999999999999,0.10447761194029853,0.10937376018889522,1.5624822884127887,0.03937376018889521,0.07874752037779043,0.11812128056668564
0.075,0.005,0.08,0.9375,0.07519304299598017,1.002573906613069,0.0001930429959801777,0.0003860859919603554,0.0005791289879405331
0.075,0.01,0.08499999999999999,0.8823529411764707,0.07538743945880644,1.0051658594507527,0.0003874394588064406,0.0007748789176128812,0.0011623183764193218
0.075,0.015,0.09,0.8333333333333334,0.07558320563553711,1.007776075140495,0.0005832056355371124,0.0011664112710742247,0.001749616906611337
0.075,0.02,0.095,0.7894736842105263,0.07578035805370742,1.0104047740494324,0.0007803580537074223,0.0015607161074148446,0.002341074161122267
0.075,0.025,0.1,0.7499999999999999,0.07597891352769315,1.013052180369242,0.000978913527693151,0.001957827055386302,0.002936740583079453
0.075,0.03,0.105,0.7142857142857143,0.07617888916525317,1.0157185222033758,0.0011788891652531747,0.0023577783305063493,0.003536667495759524
0.075,0.035,0.11,0.6818181818181818,0.07638030237425919,1.0184040316567893,0.001380302374259193,0.002760604748518386,0.004140907122777579
0.075,0.04,0.11499999999999999,0.6521739130434783,0.07658317086961652,1.0211089449282205,0.0015831708696165264,0.003166341739233053,0.004749512608849579
0.075,0.045,0.12,0.625,0.07678751268038342,1.0238335024051124,0.0017875126803834213,0.0035750253607668425,0.005362538041150264
0.075,0.05,0.125,0.6,0.07699334615709719,1.0265779487612958,0.0019933461570971894,0.003986692314194379,0.005980038471291568
0.075,0.055,0.13,0.5769230769230769,0.0772006899793114,1.0293425330574855,0.0022006899793114015,0.004401379958622803,0.006602069937934205
0.075,0.06,0.135,0.5555555555555555,0.07740956316335423,1.0321275088447233,0.0024095631633542364,0.004819126326708473,0.007228689490062709
0.075,0.065,0.14,0.5357142857142857,0.07761998507031376,1.03493313427085,0.00261998507031376,0.00523997014062752,0.00785995521094128
0.075,0.07,0.14500000000000002,0.5172413793103448,0.07783197541426035,1.037759672190138,0.0028319754142603487,0.005663950828520697,0.008495926242781046
0.075,0.075,0.15,0.5,0.07804555427071125,1.0406073902761501,0.003045554270711251,0.006091108541422502,0.009136662812133753
0.075,0.08,0.155,0.48387096774193544,0.07826074208535005,1.0434765611380008,0.0032607420853500574,0.006521484170700115,0.009782226256050172
0.075,0.085,0.16,0.46875,0.07847755968300663,1.0463674624400885,0.0034775596830066285,0.006955119366013257,0.010432679049019886
0.075,0.09,0.16499999999999998,0.4545454545454546,0.07869602827690902,1.0492803770254537,0.0036960282769090275,0.007392056553818055,0.011088084830727082
0.075,0.095,0.16999999999999998,0.44117647058823534,0.07891616947821667,1.052215593042889,0.003916169478216672,0.007832338956433343,0.011748508434650015
0.075,0.1,0.175,0.4285714285714286,0.07913800530584503,1.0551734040779337,0.00413800530584503,0.00827601061169006,0.01241401591753509
0.075,0.105,0.18,0.4166666666666667,0.07936155819659196,1.058154109287893,0.004361558196591966,0.008723116393183933,0.0130846745897759
0.075,0.11,0.185,0.4054054054054054,0.07958685101557816,1.0611580135410423,0.004586851015578167,0.009173702031156333,0.0137605530467345
0.075,0.115,0.19,0.39473684210526316,0.07981390706701197,1.0641854275601597,0.004813907067011972,0.009627814134023943,0.014441721201035915
0.075,0.12,0.195,0.3846153846153846,0.08004275010529216,1.0672366680705623,0.0050427501052921625,0.010085500210584325,0.015128250315876487
0.075,0.125,0.2,0.37499999999999994,0.08027340434645935,1.0703120579527914,0.005273404346459357,0.010546808692918713,0.01582021303937807
0.075,0.13,0.20500000000000002,0.3658536585365853,0.080505894480012,1.07341192640016,0.005505894480012,0.011011788960024,0.016517683440036
0.075,0.135,0.21000000000000002,0.3571428571428571,0.08074024568109739,1.0765366090812987,0.005740245681097392,0.011480491362194784,0.017220737043292175
0.075,0.14,0.21500000000000002,0.34883720930232553,0.08097648362309662,1.079686448307955,0.005976483623096621,0.011952967246193241,0.017929450869289862
0.075,0.145,0.21999999999999997,0.34090909090909094,0.08121463449061328,1.0828617932081772,0.006214634490613283,0.012429268981226566,0.01864390347183985
0.075,0.15,0.22499999999999998,0.33333333333333337,0.08145472499288609,1.0860629999051479,0.006454724992886088,0.012909449985772176,0.019364174978658263
0.075,0.155,0.22999999999999998,0.32608695652173914,0.08169678237764033,1.0892904317018712,0.006696782377640334,0.013393564755280668,0.020090347132921002
0.075,0.16,0.235,0.3191489361702128,0.08194083444539402,1.0925444592719202,0.00694083444539402,0.01388166889078804,0.02082250333618206
0.075,0.165,0.24,0.3125,0.08218690956423913,1.0958254608565219,0.007186909564239133,0.014373819128478266,0.0215607286927174
0.075,0.17,0.245,0.30612244897959184,0.08243503668511576,1.0991338224682101,0.007435036685115762,0.014870073370231524,0.022305110055347285
0.075,0.175,0.25,0.3,0.08268524535759836,1.1024699381013114,0.007685245357598361,0.015370490715196722,0.023055736072795083
0.075,0.18,0.255,0.29411764705882354,0.0829375657462158,1.1058342099495442,0.007937565746215805,0.01587513149243161,0.023812697238647415
0.075,0.185,0.26,0.28846153846153844,0.08319202864732622,1.1092270486310163,0.008192028647326224,0.01638405729465245,0.024576085941978673
0.075,0.19,0.265,0.2830188679245283,0.08344866550657004,1.1126488734209339,0.008448665506570044,0.016897331013140088,0.02534599651971013
0.075,0.195,0.27,0.27777777777777773,0.08370750843692343,1.1161001124923124,0.00870750843692343,0.01741501687384686,0.026122525310770292
0.075,0.2,0.275,0.2727272727272727,0.08396859023737979,1.119581203165064,0.008968590237379795,0.01793718047475959,0.026905770712139385
0.075,0.205,0.27999999999999997,0.26785714285714285,0.08423194441228254,1.1230925921637673,0.009231944412282547,0.018463888824565095,0.027695833236847642
0.075,0.21,0.285,0.2631578947368421,0.08449760519133809,1.126634735884508,0.00949760519133809,0.01899521038267618,0.02849281557401427
0.075,0.215,0.29,0.25862068965517243,0.08476560755033868,1.1302081006711826,0.009765607550338687,0.019531215100677374,0.02929682265101606
0.075,0.22,0.295,0.2542372881355932,0.0850359872326224,1.1338131631016322,0.010035987232622404,0.020071974465244807,0.03010796169786721
0.075,0.225,0.3,0.25,0.08530878077130555,1.1374504102840741,0.01030878077130555,0.0206175615426111,0.030926342313916652
0.075,0.23,0.305,0.2459016393442623,0.08558402551231792,1.141120340164239,0.010584025512317921,0.021168051024635842,0.03175207653695376
0.075,0.235,0.31,0.24193548387096772,0.08586175963827769,1.1448234618437025,0.010861759638277693,0.021723519276555386,0.03258527891483308
0.075,0.24,0.315,0.23809523809523808,0.0861420221932413,1.148560295909884,0.0111420221932413,0.0222840443864826,0.0334260665797239
0.075,0.245,0.32,0.234375,0.086424853108369,1.1523313747782535,0.011424853108369007,0.022849706216738014,0.03427455932510702
0.075,0.25,0.325,0.23076923076923075,0.08671029322854362,1.1561372430472483,0.011710293228543625,0.02342058645708725,0.035130879685630875
0.075,0.255,0.33,0.22727272727272727,0.08699838433998908,1.159978457866521,0.01199838433998908,0.02399676867997816,0.03599515301996724
0.075,0.26,0.335,0.22388059701492535,0.08728916919893026,1.1638555893190703,0.012289169198930264,0.024578338397860527,0.03686750759679079
0.075,0.265,0.34,0.2205882352941176,0.08758269156134424,1.1677692208179233,0.012582691561344242,0.025165383122688484,0.037748074684032726
0.075,0.27,0.34500000000000003,0.21739130434782605,0.08787899621385076,1.1717199495180102,0.01287899621385076,0.02575799242770152,0.03863698864155228
0.075,0.275,0.35000000000000003,0.21428571428571425,0.08817812900579636,1.1757083867439515,0.01317812900579636,0.02635625801159272,0.03953438701738908
0.075,0.28,0.35500000000000004,0.21126760563380279,0.08848013688258616,1.1797351584344822,0.01348013688258616,0.02696027376517232,0.04044041064775848
0.075,0.285,0.36,0.20833333333333334,0.08878506792032281,1.1838009056043042,0.013785067920322816,0.027570135840645632,0.04135520376096845
0.075,0.29,0.365,0.2054794520547945,0.08909297136181371,1.1879062848241828,0.014092971361813714,0.028185942723627427,0.04227891408544114
0.075,0.295,0.37,0.2027027027027027,0.08940389765401213,1.1920519687201618,0.014403897654012135,0.02880779530802427,0.043211692962036405
0.075,0.3,0.375,0.19999999999999998,0.08971789848695988,1.1962386464927985,0.014717898486959882,0.029435796973919764,0.04415369546087965
0.075,0.305,0.38,0.19736842105263158,0.0900350268343062,1.200467024457416,0.0150350268343062,0.0300700536686124,0.0451050805029186
0.075,0.31,0.385,0.1948051948051948,0.09035533699547715,1.2047378266063622,0.015355336995477156,0.030710673990954312,0.04606601098643147
0.075,0.315,0.39,0.1923076923076923,0.09067888463957907,1.2090517951943878,0.015678884639579074,0.03135776927915815,0.04703665391873722
0.075,0.32,0.395,0.18987341772151897,0.0910057268511194,1.2134096913482588,0.01600572685111941,0.03201145370223882,0.04801718055335823
0.075,0.325,0.4,0.18749999999999997,0.0913359221776382,1.2178122957018427,0.0163359221776382,0.0326718443552764,0.049007766532914596
0.075,0.33,0.405,0.18518518518518517,0.09166953067934436,1.2222604090579248,0.01666953067934436,0.03333906135868872,0.05000859203803308
0.075,0.335,0.41000000000000003,0.18292682926829265,0.09200661398086019,1.2267548530781358,0.01700661398086019,0.03401322796172038,0.051019841942580565
0.075,0.34,0.41500000000000004,0.18072289156626503,0.09234723532518008,1.231296471002401,0.01734723532518008,0.03469447065036016,0.05204170597554024
0.075,0.345,0.42,0.17857142857142858,0.09269145962995984,1.2358861283994647,0.01769145962995984,0.03538291925991968,0.05307437888987952
0.075,0.35,0.425,0.17647058823529413,0.0930393535462567,1.2405247139500895,0.0180393535462567,0.0360787070925134,0.0541180606387701
0.075,0.355,0.43,0.1744186046511628,0.09339098551984837,1.245213140264645,0.01839098551984837,0.03678197103969674,0.055172956559545114
0.075,0.36,0.435,0.17241379310344826,0.09374642585526949,1.2499523447369265,0.01874642585526949,0.03749285171053898,0.056239277565808474
0.075,0.365,0.44,0.17045454545454544,0.09410574678270811,1.2547432904361082,0.019105746782708113,0.03821149356541623,0.05731724034812434
0.075,0.37,0.445,0.16853932584269662,0.09446902252791933,1.2595869670389246,0.019469022527919336,0.03893804505583867,0.05840706758375801
0.075,0.375,0.45,0.16666666666666666,0.09483632938531728,1.2644843918042303,0.019836329385317278,0.039672658770634556,0.059508988155951834
0.075,0.38,0.455,0.16483516483516483,0.09520774579442237,1.2694366105922983,0.020207745794422374,0.04041549158884475,0.06062323738326712
0.075,0.385,0.46,0.16304347826086954,0.0955833524198475,1.2744446989313,0.020583352419847503,0.041166704839695006,0.06175005725954251
0.075,0.39,0.465,0.16129032258064516,0.09596323223502334,1.2795097631336447,0.020963232235023346,0.04192646447004669,0.06288969670507004
0.075,0.395,0.47000000000000003,0.15957446808510636,0.09634747060987081,1.2846329414649442,0.021347470609870814,0.04269494121974163,0.06404241182961244
0.075,0.4,0.47500000000000003,0.15789473684210525,0.09673615540264846,1.2898154053686461,0.021736155402648463,0.043472310805296926,0.06520846620794539
0.075,0.405,0.48000000000000004,0.15624999999999997,0.09712937705621205,1.295058360749494,0.022129377056212055,0.04425875411242411,0.06638813116863616
0.075,0.41,0.485,0.15463917525773196,0.09752722869894437,1.3003630493192584,0.02252722869894437,0.04505445739788874,0.06758168609683311
0.075,0.415,0.49,0.15306122448979592,0.09792980625062764,1.3057307500083686,0.02292980625062764,0.04585961250125528,0.06878941875188292
0.075,0.42,0.495,0.15151515151515152,0.09833720853355166,1.3111627804473556,0.02333720853355166,0.04667441706710332,0.07001162560065498
0.075,0.425,0.5,0.15,0.0987495373891698,1.316660498522264,0.02374953738916981,0.04749907477833962,0.07124861216750943
0.075,0.43,0.505,0.1485148514851485,0.09916689780063848,1.322225304008513,0.02416689780063848,0.04833379560127696,0.07250069340191544
0.075,0.435,0.51,0.14705882352941177,0.09958939802159739,1.3278586402879653,0.02458939802159739,0.04917879604319478,0.07376819406479217
0.075,0.44,0.515,0.14563106796116504,0.10001714971157605,1.3335619961543475,0.02501714971157605,0.0500342994231521,0.07505144913472815
0.075,0.445,0.52,0.14423076923076922,0.10045026807843738,1.3393369077124984,0.02545026807843738,0.05090053615687476,0.07635080423531214
0.075,0.45,0.525,0.14285714285714285,0.10088887202830166,1.3451849603773556,0.02588887202830166,0.05177774405660332,0.07766661608490498
0.075,0.455,0.53,0.14150943396226415,0.1013330843234248,1.3511077909789975,0.026333084323424807,0.052666168646849615,0.07899925297027442
0.075,0.46,0.535,0.14018691588785046,0.10178303174854242,1.3571070899805657,0.02678303174854242,0.05356606349708484,0.08034909524562726
0.075,0.465,0.54,0.13888888888888887,0.10223884528622751,1.3631846038163669,0.02723884528622751,0.05447769057245502,0.08171653585868253
0.075,0.47,0.5449999999999999,0.13761467889908258,0.10270066030185299,1.36934213735804,0.02770066030185299,0.05540132060370598,0.08310198090555897
0.075,0.475,0.5499999999999999,0.13636363636363638,0.10316861673879663,1.3755815565172884,0.02816861673879663,0.05633723347759326,0.08450585021638989
0.075,0.48,0.5549999999999999,0.13513513513513514,0.10364285932457207,1.3819047909942943,0.02864285932457207,0.05728571864914414,0.08592857797371621
0.075,0.485,0.5599999999999999,0.13392857142857142,0.10412353778863004,1.3883138371817338,0.02912353778863004,0.05824707557726008,0.08737061336589012
0.075,0.49,0.565,0.13274336283185842,0.10461080709262449,1.3948107612349934,0.029610807092624494,0.05922161418524899,0.08883242127787348
0.075,0.495,0.57,0.13157894736842105,0.10510482767401275,1.40139770232017,0.03010482767401275,0.0602096553480255,0.09031448302203825
0.075,0.5,0.575,0.13043478260869565,0.10560576570391955,1.4080768760522608,0.030605765703919555,0.06121153140783911,0.09181729711175866
0.075,0.505,0.58,0.12931034482758622,0.10611379336028026,1.4148505781370702,0.031113793360280265,0.06222758672056053,0.0933413800808408
0.075,0.51,0.585,0.12820512820512822,0.10662908911735747,1.421721188231433,0.03162908911735747,0.06325817823471494,0.09488726735207241
0.075,0.515,0.59,0.1271186440677966,0.10715183805282202,1.4286911740376271,0.03215183805282203,0.06430367610564405,0.09645551415846608
0.075,0.52,0.595,0.12605042016806722,0.10768223217368778,1.4357630956491705,0.03268223217368778,0.06536446434737556,0.09804669652106333
0.075,0.525,0.6,0.125,0.10822047076250363,1.4429396101667151,0.03322047076250363,0.06644094152500726,0.0996614122875109
0.075,0.53,0.605,0.12396694214876033,0.10876676074533076,1.4502234766044102,0.03376676074533076,0.06753352149066152,0.10130028223599229
0.075,0.535,0.61,0.12295081967213115,0.10932131708316406,1.4576175611088542,0.03432131708316406,0.06864263416632813,0.10296395124949219
0.075,0.54,0.615,0.12195121951219512,0.10988436318861172,1.4651248425148231,0.034884363188611725,0.06976872637722345,0.10465308956583518
0.075,0.545,0.62,0.12096774193548386,0.11045613136980859,1.4727484182641146,0.03545613136980859,0.07091226273961718,0.10636839410942577
0.075,0.55,0.625,0.12,0.11103686330372364,1.4804915107163152,0.036036863303723646,0.07207372660744729,0.10811058991117094
0.075,0.555,0.63,0.11904761904761904,0.11162681054122225,1.4883574738829635,0.03662681054122226,0.07325362108244451,0.10988043162366677
0.075,0.56,0.635,0.11811023622047244,0.11222623504647022,1.496349800619603,0.03722623504647023,0.07445247009294045,0.11167870513941068
0.075,0.565,0.6399999999999999,0.11718750000000001,0.11283540977351425,1.5044721303135233,0.03783540977351425,0.0756708195470285,0.11350622932054276
0.075,0.57,0.6449999999999999,0.11627906976744187,0.11345461928314904,1.512728257108654,0.03845461928314904,0.07690923856629808,0.11536385784944712
0.075,0.575,0.6499999999999999,0.11538461538461539,0.1140841604034919,1.5211221387132254,0.0390841604034919,0.0781683208069838,0.1172524812104757
0.075,0.58,0.6549999999999999,0.11450381679389314,0.11472434293802569,1.5296579058403426,0.039724342938025695,0.07944868587605139,0.11917302881407708
0.075,0.585,0.6599999999999999,0.11363636363636365,0.11537549042525541,1.538339872336739,0.040375490425255414,0.08075098085051083,0.12112647127576624
0.075,0.59,0.6649999999999999,0.11278195488721805,0.11603794095455233,1.5471725460606978,0.041037940954552335,0.08207588190910467,0.123113822863657
0.075,0.595,0.6699999999999999,0.11194029850746269,0.11671204804323898,1.5561606405765198,0.04171204804323898,0.08342409608647797,0.12513614412971696
0.075,0.6,0.6749999999999999,0.11111111111111112,0.1173981815805033,1.5653090877400442,0.042398181580503305,0.08479636316100661,0.12719454474150993
0.08,0.005,0.085,0.9411764705882353,0.08020627698641458,1.0025784623301823,0.00020627698641458025,0.0004125539728291605,0.0006188309592437408
0.08,0.01,0.09,0.888888888888889,0.08041400447480795,1.0051750559350994,0.00041400447480795244,0.0008280089496159049,0.0012420134244238573
0.08,0.015,0.095,0.8421052631578947,0.08062319994004308,1.0077899992505384,0.000623199940043076,0.001246399880086152,0.001869599820129228
0.08,0.02,0.1,0.7999999999999999,0.08083388115987844,1.0104235144984806,0.0008338811598784385,0.001667762319756877,0.0025016434796353154
0.08,0.025,0.10500000000000001,0.7619047619047619,0.08104606622186972,1.0130758277733714,0.0010460662218697153,0.0020921324437394306,0.003138198665609146
0.08,0.03,0.11,0.7272727272727273,0.08125977353046798,1.0157471691308497,0.0012597735304679808,0.0025195470609359616,0.0037793205914039424
0.08,0.035,0.115,0.6956521739130435,0.08147502181432009,1.018437772679001,0.0014750218143200905,0.002950043628640181,0.0044250654429602715
0.08,0.04,0.12,0.6666666666666667,0.08169183013377801,1.021147876672225,0.0016918301337780078,0.0033836602675560157,0.0050754904013340235
0.08,0.045,0.125,0.64,0.08191021788862529,1.023877723607816,0.0019102178886252902,0.0038204357772505804,0.0057306536658758706
0.08,0.05,0.13,0.6153846153846154,0.08213020482602729,1.026627560325341,0.002130204826027285,0.00426040965205457,0.006390614478081855
0.08,0.055,0.135,0.5925925925925926,0.08235181104871381,1.0293976381089225,0.002351811048713806,0.004703622097427612,0.007055433146141418
0.08,0.06,0.14,0.5714285714285714,0.08257505702340084,1.0321882127925106,0.0025750570234008424,0.005150114046801685,0.007725171070202527
0.08,0.065,0.14500000000000002,0.5517241379310345,0.0827999635894614,1.0349995448682674,0.002799963589461399,0.005599927178922798,0.008399890768384197
0.08,0.07,0.15000000000000002,0.5333333333333332,0.08302655196785347,1.0378318995981684,0.0030265519678534664,0.006053103935706933,0.009079655903560399
0.08,0.075,0.155,0.5161290322580645,0.08325484377031467,1.0406855471289334,0.0032548437703146665,0.006509687540629333,0.009764531310944
0.08,0.08,0.16,0.5,0.08348486100883201,1.0435607626104002,0.0034848610088320103,0.006969722017664021,0.010454583026496031
0.08,0.085,0.165,0.48484848484848486,0.08371662610539865,1.046457826317483,0.003716626105398649,0.007433252210797298,0.011149878316195946
0.08,0.09,0.16999999999999998,0.4705882352941177,0.08395016190206595,1.0493770237758242,0.003950161902065943,0.007900323804131887,0.01185048570619783
0.08,0.095,0.175,0.4571428571428572,0.08418549167130374,1.0523186458912968,0.004185491671303734,0.008370983342607469,0.012556475013911203
0.08,0.1,0.18,0.4444444444444445,0.08442263912667736,1.055282989083467,0.004422639126677355,0.00884527825335471,0.013267917380032065
0.08,0.105,0.185,0.43243243243243246,0.08466162843385694,1.0582703554232118,0.0046616284338569375,0.009323256867713875,0.013984885301570812
0.08,0.11,0.19,0.42105263157894735,0.08490248422196622,1.0612810527745777,0.004902484221966222,0.009804968443932444,0.014707452665898665
0.08,0.115,0.195,0.41025641025641024,0.0851452315952902,1.0643153949411275,0.005145231595290192,0.010290463190580385,0.015435694785870577
0.08,0.12,0.2,0.39999999999999997,0.08538989614534731,1.0673737018168414,0.005389896145347309,0.010779792290694618,0.016169688436041926
0.08,0.125,0.20500000000000002,0.39024390243902435,0.08563650396334732,1.0704562995418414,0.00563650396334732,0.01127300792669464,0.01690951189004196
0.08,0.13,0.21000000000000002,0.38095238095238093,0.0858850816530442,1.0735635206630525,0.005885081653044202,0.011770163306088405,0.017655244959132607
0.08,0.135,0.21500000000000002,0.3720930232558139,0.08613565634400244,1.0766957043000305,0.006135656344002441,0.012271312688004882,0.018406969032007323
0.08,0.14,0.22000000000000003,0.3636363636363636,0.0863882557052904,1.07985319631613,0.006388255705290405,0.01277651141058081,0.019164767115871215
0.08,0.145,0.22499999999999998,0.3555555555555556,0.08664290795961982,1.0830363494952477,0.006642907959619818,0.013285815919239635,0.019928723878859453
0.08,0.15,0.22999999999999998,0.3478260869565218,0.0868996418979453,1.0862455237243163,0.0068996418979452995,0.013799283795890599,0.0206989256938359
0.08,0.155,0.235,0.34042553191489366,0.0871584868945463,1.0894810861818287,0.007158486894546304,0.014316973789092607,0.02147546068363891
0.08,0.16,0.24,0.33333333333333337,0.08741947292260666,1.0927434115325831,0.007419472922606654,0.014838945845213308,0.022258418767819962
0.08,0.165,0.245,0.326530612244898,0.08768263057031411,1.0960328821289265,0.007682630570314111,0.015365261140628222,0.023047891710942334
0.08,0.17,0.25,0.32,0.08794799105749929,1.0993498882187411,0.007947991057499285,0.01589598211499857,0.023843973172497854
0.08,0.175,0.255,0.3137254901960784,0.08821558625283632,1.102694828160454,0.008215586252836318,0.016431172505672637,0.024646758758508955
0.08,0.18,0.26,0.3076923076923077,0.088485448691628,1.1060681086453499,0.008485448691627998,0.016970897383255995,0.025456346074883993
0.08,0.185,0.265,0.3018867924528302,0.08875761159419937,1.1094701449274922,0.008757611594199369,0.017515223188398737,0.026272834782598106
0.08,0.19,0.27,0.2962962962962963,0.08903210888492485,1.1129013610615606,0.009032108884924853,0.018064217769849705,0.027096326654774558
0.08,0.195,0.275,0.2909090909090909,0.08930897521191361,1.11636219014892,0.009308975211913609,0.018617950423827218,0.027926925635740826
0.08,0.2,0.28,0.2857142857142857,0.08958824596738424,1.119853074592303,0.009588245967384237,0.019176491934768475,0.028764737902152712
0.08,0.205,0.285,0.28070175438596495,0.08986995730875313,1.123374466359414,0.009869957308753133,0.019739914617506266,0.0296098719262594
0.08,0.21,0.29,0.2758620689655173,0.0901541461804708,1.126926827255885,0.010154146180470794,0.020308292360941588,0.03046243854141238
0.08,0.215,0.295,0.2711864406779661,0.09044085033663463,1.1305106292079328,0.010440850336634624,0.02088170067326925,0.03132255100990387
0.08,0.22,0.3,0.26666666666666666,0.09073010836441464,1.134126354555183,0.01073010836441464,0.02146021672882928,0.03219032509324392
0.08,0.225,0.305,0.26229508196721313,0.09102195970832316,1.1377744963540395,0.011021959708323162,0.022043919416646324,0.033065879124969486
0.08,0.23,0.31,0.25806451612903225,0.09131644469537092,1.1414555586921364,0.011316444695370922,0.022632889390741845,0.03394933408611277
0.08,0.235,0.315,0.25396825396825395,0.0916136045611412,1.145170057014265,0.011613604561141203,0.023227209122282405,0.03484081368342361
0.08,0.24,0.32,0.25,0.09191348147682976,1.148918518460372,0.01191348147682976,0.02382696295365952,0.03574044443048928
0.08,0.245,0.325,0.24615384615384614,0.09221611857728762,1.1527014822160953,0.012216118577287619,0.024432237154575237,0.036648355731862856
0.08,0.25,0.33,0.24242424242424243,0.09252155999011558,1.1565194998764448,0.012521559990115574,0.02504311998023115,0.03756467997034672
0.08,0.255,0.335,0.23880597014925373,0.09282985086585493,1.1603731358231866,0.012829850865854933,0.025659701731709866,0.0384895525975648
0.08,0.26,0.34,0.23529411764705882,0.09314103740932722,1.1642629676165903,0.01314103740932722,0.02628207481865444,0.03942311222798166
0.08,0.265,0.34500000000000003,0.23188405797101447,0.09345516691217204,1.1681895864021505,0.013455166912172037,0.026910333824344074,0.04036550073651611
0.08,0.27,0.35000000000000003,0.22857142857142856,0.0937722877866417,1.1721535973330213,0.013772287786641704,0.02754457557328341,0.04131686335992511
0.08,0.275,0.35500000000000004,0.22535211267605632,0.09409244960070828,1.1761556200088534,0.014092449600708282,0.028184899201416563,0.042277348802124845
0.08,0.28,0.36000000000000004,0.2222222222222222,0.09441570311454672,1.180196288931834,0.014415703114546721,0.028831406229093443,0.043247109343640164
0.08,0.285,0.365,0.21917808219178084,0.09474210031845676,1.1842762539807095,0.014742100318456755,0.02948420063691351,0.044226300955370265
0.08,0.29,0.37,0.21621621621621623,0.09507169447229424,1.188396180903678,0.015071694472294242,0.030143388944588484,0.045215083416882726
0.08,0.295,0.375,0.21333333333333335,0.09540454014648281,1.1925567518310352,0.015404540146482806,0.030809080292965613,0.04621362043944842
0.08,0.3,0.38,0.21052631578947367,0.09574069326468193,1.196758665808524,0.01574069326468193,0.03148138652936386,0.04722207979404579
0.08,0.305,0.385,0.20779220779220778,0.09608021114819354,1.2010026393524191,0.016080211148193538,0.032160422296387076,0.04824063344458061
0.08,0.31,0.39,0.20512820512820512,0.0964231525621917,1.205289407027396,0.016423152562191692,0.032846305124383385,0.04926945768657508
0.08,0.315,0.395,0.20253164556962025,0.09676957776386463,1.2096197220483078,0.016769577763864632,0.033539155527729264,0.050308733291593896
0.08,0.32,0.4,0.19999999999999998,0.09711954855256566,1.2139943569070708,0.017119548552565658,0.034239097105131316,0.051358645657696975
0.08,0.325,0.405,0.19753086419753085,0.097473128322075,1.2184141040259375,0.017473128322074996,0.03494625664414999,0.05241938496622499
0.08,0.33,0.41000000000000003,0.19512195121951217,0.09783038211507611,1.2228797764384514,0.017830382115076107,0.035660764230152214,0.05349114634522832
0.08,0.335,0.41500000000000004,0.19277108433734938,0.0981913766799638,1.2273922084995474,0.018191376679963803,0.036382753359927605,0.05457413003989141
0.08,0.34,0.42000000000000004,0.19047619047619047,0.09855618053010196,1.2319522566262744,0.018556180530101954,0.03711236106020391,0.05566854159030586
0.08,0.345,0.425,0.18823529411764706,0.09892486400565881,1.236560800070735,0.018924864005658806,0.03784972801131761,0.05677459201697642
0.08,0.35,0.43,0.18604651162790697,0.09929749933815513,1.2412187417269391,0.019297499338155125,0.03859499867631025,0.057892498014465374
0.08,0.355,0.435,0.1839080459770115,0.09967416071786939,1.2459270089733674,0.019674160717869385,0.03934832143573877,0.059022482153608155
0.08,0.36,0.44,0.18181818181818182,0.10005492436425123,1.2506865545531403,0.020054924364251228,0.040109848728502456,0.060164773092753684
0.08,0.365,0.445,0.1797752808988764,0.10043986859950627,1.2554983574938283,0.020439868599506264,0.04087973719901253,0.06131960579851879
0.08,0.37,0.45,0.17777777777777778,0.10082907392552465,1.260363424069058,0.020829073925524647,0.04165814785104929,0.06248722177657394
0.08,0.375,0.455,0.1758241758241758,0.10122262310433605,1.2652827888042006,0.02122262310433605,0.0424452462086721,0.06366786931300815
0.08,0.38,0.46,0.17391304347826086,0.10162060124228611,1.2702575155285765,0.02162060124228611,0.04324120248457222,0.06486180372685833
0.08,0.385,0.465,0.17204301075268816,0.10202309587814362,1.2752886984767953,0.02202309587814362,0.04404619175628724,0.06606928763443086
0.08,0.39,0.47000000000000003,0.1702127659574468,0.10243019707535794,1.2803774634419742,0.02243019707535794,0.04486039415071588,0.06729059122607382
0.08,0.395,0.47500000000000003,0.16842105263157894,0.10284199751870426,1.2855249689838033,0.022841997518704263,0.045683995037408526,0.06852599255611279
0.08,0.4,0.48000000000000004,0.16666666666666666,0.10325859261556813,1.2907324076946016,0.023258592615568133,0.046517185231136265,0.0697757778467044
0.08,0.405,0.48500000000000004,0.16494845360824742,0.10368008060213851,1.2960010075267314,0.023680080602138512,0.047360161204277024,0.07104024180641554
0.08,0.41,0.49,0.163265306122449,0.10410656265479556,1.3013320331849445,0.024106562654795563,0.048213125309591126,0.07231968796438669
0.08,0.415,0.495,0.16161616161616163,0.10453814300700259,1.3067267875875324,0.02453814300700259,0.04907628601400518,0.07361442902100777
0.08,0.42,0.5,0.16,0.10497492907202755,1.3121866134003444,0.024974929072027544,0.04994985814405509,0.07492478721608263
0.08,0.425,0.505,0.15841584158415842,0.10541703157184856,1.317712894648107,0.02541703157184856,0.05083406314369712,0.07625109471554568
0.08,0.43,0.51,0.1568627450980392,0.10586456467261751,1.323307058407719,0.02586456467261751,0.05172912934523502,0.07759369401785253
0.08,0.435,0.515,0.1553398058252427,0.10631764612708683,1.3289705765885853,0.026317646127086827,0.052635292254173655,0.07895293838126048
0.08,0.44,0.52,0.15384615384615385,0.10677639742443079,1.3347049678053848,0.02677639742443079,0.05355279484886158,0.08032919227329237
0.08,0.445,0.525,0.15238095238095237,0.10724094394792694,1.3405117993490867,0.027240943947926935,0.05448188789585387,0.0817228318437808
0.08,0.45,0.53,0.1509433962264151,0.10771141514099491,1.3463926892624365,0.027711415140994913,0.05542283028198983,0.08313424542298474
0.08,0.455,0.535,0.14953271028037382,0.10818794468212878,1.3523493085266096,0.028187944682128777,0.05637588936425755,0.08456383404638633
0.08,0.46,0.54,0.14814814814814814,0.10867067066930025,1.358383383366253,0.02867067066930025,0.0573413413386005,0.08601201200790075
0.08,0.465,0.545,0.14678899082568805,0.10915973581445082,1.3644966976806352,0.02915973581445082,0.05831947162890164,0.08747920744335246
0.08,0.47,0.5499999999999999,0.14545454545454548,0.10965528764874355,1.3706910956092944,0.029655287648743547,0.059310575297487095,0.08896586294623064
0.08,0.475,0.5549999999999999,0.14414414414414417,0.11015747873929249,1.376968484241156,0.03015747873929249,0.06031495747858498,0.09047243621787747
0.08,0.48,0.5599999999999999,0.14285714285714288,0.1106664669181473,1.3833308364768413,0.030666466918147298,0.061332933836294595,0.09199940075444189
0.08,0.485,0.565,0.14159292035398233,0.11118241552437302,1.3897801940546628,0.031182415524373022,0.062364831048746044,0.09354724657311907
0.08,0.49,0.57,0.14035087719298248,0.11170549366013027,1.3963186707516284,0.03170549366013027,0.06341098732026054,0.09511648098039081
0.08,0.495,0.575,0.1391304347826087,0.11223587646173772,1.4029484557717213,0.032235876461737714,0.06447175292347543,0.09670762938521314
0.08,0.5,0.58,0.13793103448275865,0.11277374538677698,1.4096718173347123,0.03277374538677698,0.06554749077355396,0.09832123616033094
0.08,0.505,0.585,0.13675213675213677,0.11331928851839213,1.4164911064799015,0.03331928851839212,0.06663857703678425,0.09995786555517637
0.08,0.51,0.59,0.13559322033898305,0.11387270088803014,1.4234087611003767,0.03387270088803014,0.06774540177606028,0.10161810266409042
0.08,0.515,0.595,0.13445378151260506,0.11443418481797674,1.4304273102247091,0.034434184817976735,0.06886836963595347,0.1033025544539302
0.08,0.52,0.6,0.13333333333333333,0.1150039502851603,1.4375493785645037,0.035003950285160304,0.07000790057032061,0.10501185085548091
0.08,0.525,0.605,0.1322314049586777,0.11558221530782387,1.4447776913477983,0.035582215307823864,0.07116443061564773,0.10674664592347159
0.08,0.53,0.61,0.13114754098360656,0.11616920635680827,1.4521150794601034,0.03616920635680827,0.07233841271361655,0.10850761907042482
0.08,0.535,0.615,0.13008130081300814,0.11676515879334814,1.4595644849168519,0.03676515879334814,0.07353031758669629,0.11029547638004443
0.08,0.54,0.62,0.12903225806451613,0.11737031733545078,1.4671289666931346,0.03737031733545078,0.07474063467090156,0.11211095200635234
0.08,0.545,0.625,0.128,0.1179849365551261,1.4748117069390763,0.037984936555126095,0.07596987311025219,0.11395480966537828
0.08,0.55,0.63,0.12698412698412698,0.11860928140894089,1.482616017611761,0.03860928140894089,0.07721856281788178,0.11582784422682267
0.08,0.555,0.635,0.12598425196850394,0.11924362780461173,1.4905453475576467,0.03924362780461173,0.07848725560922346,0.11773088341383518
0.08,0.56,0.64,0.125,0.11988826320660662,1.4986032900825828,0.039888263206606614,0.07977652641321323,0.11966478961981984
0.08,0.565,0.6449999999999999,0.12403100775193801,0.12054348728401754,1.5067935910502193,0.040543487284017535,0.08108697456803507,0.1216304618520526
0.08,0.57,0.6499999999999999,0.1230769230769231,0.12120961260428964,1.5151201575536204,0.04120961260428964,0.08241922520857928,0.12362883781286892
0.08,0.575,0.6549999999999999,0.1221374045801527,0.12188696537674837,1.5235870672093546,0.04188696537674837,0.08377393075349673,0.12566089613024511
0.08,0.58,0.6599999999999999,0.12121212121212123,0.12257588625027183,1.5321985781283978,0.042575886250271824,0.08515177250054365,0.1277276587508155
0.08,0.585,0.6649999999999999,0.12030075187969927,0.12327673116989923,1.5409591396237403,0.04327673116989923,0.08655346233979846,0.1298301935096977
0.08,0.59,0.6699999999999999,0.11940298507462688,0.12398987229767289,1.549873403720911,0.043989872297672886,0.08797974459534577,0.13196961689301867
0.08,0.595,0.6749999999999999,0.11851851851851854,0.12471569900357082,1.5589462375446352,0.04471569900357082,0.08943139800714164,0.13414709701071248
0.08,0.6,0.6799999999999999,0.11764705882352942,0.12545461893302257,1.568182736662782,0.045454618933022564,0.09090923786604513,0.1363638567990677
0.085,0.005,0.09000000000000001,0.9444444444444444,0.08521955862189268,1.002583042610502,0.00021955862189267095,0.0004391172437853419,0.0006586758656780128
0.085,0.01,0.095,0.8947368421052632,0.08544066569664555,1.005184302313477,0.00044066569664553967,0.0008813313932910793,0.001321997089936619
0.085,0.015,0.1,0.85,0.08566333994702258,1.007803999376736,0.0006633399470225704,0.0013266798940451408,0.001990019841067711
0.085,0.02,0.10500000000000001,0.8095238095238095,0.0858876004216359,1.0104423579015989,0.0008876004216358951,0.0017752008432717903,0.0026628012649076854
0.085,0.025,0.11000000000000001,0.7727272727272727,0.08611346650240304,1.0130996059106239,0.0011134665024030294,0.0022269330048060587,0.003340399507209088
0.085,0.03,0.115,0.7391304347826088,0.08634095791221752,1.015775975437853,0.0013409579122175136,0.002681915824435027,0.004022873736652541
0.085,0.035,0.12000000000000001,0.7083333333333334,0.0865700947228385,1.0184717026216292,0.0015700947228384915,0.003140189445676983,0.0047102841685154745
0.085,0.04,0.125,0.68,0.086800897363008,1.021187027800094,0.0018008973630079944,0.003601794726015989,0.005402692089023983
0.085,0.045,0.13,0.6538461538461539,0.08703338662680338,1.0239221956094515,0.0020333866268033712,0.0040667732536067425,0.006100159880410114
0.085,0.05,0.135,0.6296296296296297,0.08726758368223364,1.0266774550851017,0.0022675836822336343,0.0045351673644672685,0.006802751046700903
0.085,0.055,0.14,0.6071428571428571,0.08750351008008628,1.0294530597657208,0.0025035100800862714,0.005007020160172543,0.007510530240258814
0.085,0.06,0.14500000000000002,0.5862068965517241,0.08774118776303697,1.032249267800435,0.002741187763036959,0.005482375526073918,0.008223563289110877
0.085,0.065,0.15000000000000002,0.5666666666666667,0.08798063907502685,1.0350663420591393,0.002980639075026839,0.005961278150053678,0.008941917225080517
0.085,0.07,0.15500000000000003,0.5483870967741935,0.0882218867709218,1.0379045502461388,0.003221886770921792,0.006443773541843584,0.009665660312765376
0.085,0.075,0.16,0.53125,0.08846495402645926,1.0407641650171677,0.0034649540264592577,0.006929908052918515,0.010394862079377773
0.085,0.08,0.165,0.5151515151515151,0.08870986444849682,1.0436454640999626,0.0037098644484968163,0.007419728896993633,0.011129593345490449
0.085,0.085,0.17,0.5,0.08895664208557008,1.0465487304184715,0.003956642085570075,0.00791328417114015,0.011869926256710225
0.085,0.09,0.175,0.48571428571428577,0.08920531143877464,1.049474252220878,0.004205311438774631,0.008410622877549262,0.012615934316323893
0.085,0.095,0.18,0.47222222222222227,0.08945589747298,1.0524223232115293,0.004455897472979989,0.008911794945959978,0.013367692418939967
0.085,0.1,0.185,0.4594594594594595,0.0897084256283921,1.0553932426869657,0.0047084256283920906,0.009416851256784181,0.014125276885176272
0.085,0.105,0.19,0.4473684210526316,0.08996292183247323,1.0583873156761556,0.004962921832473224,0.009925843664946449,0.014888765497419673
0.085,0.11,0.195,0.4358974358974359,0.09021941251223575,1.0614048530851263,0.0052194125122357465,0.010438825024471493,0.01565823753670724
0.085,0.115,0.2,0.425,0.09047792460692183,1.064446171846139,0.005477924606921827,0.010955849213843655,0.016433773820765482
0.085,0.12,0.20500000000000002,0.4146341463414634,0.0907384855810851,1.0675115950715894,0.005738485581085098,0.011476971162170196,0.017215456743255295
0.085,0.125,0.21000000000000002,0.40476190476190477,0.09100112343808797,1.0706014522127996,0.006001123438087966,0.012002246876175932,0.018003370314263897
0.085,0.13,0.21500000000000002,0.3953488372093023,0.09126586673403214,1.0737160792239075,0.0062658667340321356,0.012531733468064271,0.018797600202096407
0.085,0.135,0.22000000000000003,0.38636363636363635,0.09153274459213823,1.076855818731038,0.0065327445921382205,0.013065489184276441,0.01959823377641466
0.085,0.14,0.22500000000000003,0.37777777777777777,0.09180178671759132,1.0800210202069567,0.00680178671759131,0.01360357343518262,0.02040536015277393
0.085,0.145,0.22999999999999998,0.3695652173913044,0.09207302341287193,1.0832120401514345,0.007073023412871929,0.014146046825743858,0.021219070238615786
0.085,0.15,0.235,0.3617021276595745,0.09234648559359016,1.0864292422775312,0.007346485593590149,0.014692971187180298,0.022039456780770447
0.085,0.155,0.24,0.3541666666666667,0.09262220480484407,1.0896729977040478,0.00762220480484406,0.01524440960968812,0.02286661441453218
0.085,0.16,0.245,0.34693877551020413,0.09290021323812203,1.0929436851543768,0.007900213238122025,0.01580042647624405,0.023700639714366076
0.085,0.165,0.25,0.34,0.09318054374877194,1.0962416911620227,0.008180543748771932,0.016361087497543864,0.024541631246315795
0.085,0.17,0.255,0.33333333333333337,0.09346322987405864,1.0995674102830428,0.008463229874058634,0.016926459748117267,0.0253896896221759
0.085,0.175,0.26,0.3269230769230769,0.09374830585183513,1.1029212453157073,0.008748305851835128,0.017496611703670256,0.026244917555505384
0.085,0.18,0.265,0.32075471698113206,0.09403580663985156,1.1063036075276653,0.009035806639851554,0.018071613279703108,0.027107419919554662
0.085,0.185,0.27,0.3148148148148148,0.09432576793572833,1.1097149168909215,0.009325767935728327,0.018651535871456654,0.02797730380718498
0.085,0.19,0.275,0.3090909090909091,0.09461822619762095,1.1131556023249523,0.009618226197620941,0.019236452395241882,0.028854678592862823
0.085,0.195,0.28,0.30357142857142855,0.09491321866560543,1.116626101948299,0.00991321866560542,0.01982643733121084,0.02973965599681626
0.085,0.2,0.28500000000000003,0.2982456140350877,0.09521078338381461,1.1201268633389954,0.010210783383814606,0.020421566767629212,0.03063235015144382
0.085,0.205,0.29,0.2931034482758621,0.09551095922335662,1.1236583438041954,0.010510959223356611,0.021021918446713223,0.031532877670069834
0.085,0.21,0.295,0.288135593220339,0.09581378590604939,1.1272210106594045,0.01081378590604938,0.02162757181209876,0.03244135771814814
0.085,0.215,0.3,0.2833333333333334,0.09611930402900615,1.1308153415177193,0.011119304029006141,0.022238608058012282,0.033357912087018424
0.085,0.22,0.305,0.27868852459016397,0.09642755509010703,1.1344418245894945,0.011427555090107025,0.02285511018021405,0.034282665270321075
0.085,0.225,0.31,0.2741935483870968,0.09673858151439862,1.138100958992925,0.011738581514398619,0.023477163028797238,0.03521574454319586
0.085,0.23,0.315,0.2698412698412699,0.09705242668145797,1.141793255075976,0.012052426681457964,0.02410485336291593,0.03615728004437389
0.085,0.235,0.32,0.265625,0.0973691349537672,1.1455192347502023,0.012369134953767194,0.024738269907534388,0.03710740486130158
0.085,0.24,0.325,0.26153846153846155,0.09768875170614111,1.1492794318369541,0.012688751706141102,0.025377503412282204,0.038066255118423306
0.085,0.245,0.33,0.25757575757575757,0.09801132335625595,1.1530743924265405,0.013011323356255947,0.026022646712511893,0.03903397006876784
0.085,0.25,0.335,0.2537313432835821,0.09833689739632878,1.1569046752509267,0.013336897396328776,0.02667379479265755,0.04001069218898633
0.085,0.255,0.34,0.25,0.09866552242599969,1.1607708520705844,0.01366552242599968,0.02733104485199936,0.04099656727799904
0.085,0.26,0.34500000000000003,0.24637681159420288,0.09899724818647193,1.1646735080761403,0.013997248186471925,0.02799449637294385,0.041991744559415775
0.085,0.265,0.35000000000000003,0.24285714285714285,0.09933212559596738,1.1686132423054985,0.014332125595967374,0.028664251191934748,0.04299637678790212
0.085,0.27,0.35500000000000004,0.23943661971830985,0.09967020678655891,1.1725906680771636,0.014670206786558906,0.029340413573117813,0.04401062035967672
0.085,0.275,0.36000000000000004,0.2361111111111111,0.1000115451424447,1.1766064134405259,0.015011545142444696,0.030023090284889392,0.04503463542733409
0.085,0.28,0.36500000000000005,0.2328767123287671,0.10035619533973028,1.1806611216438856,0.015356195339730275,0.03071239067946055,0.046068586019190824
0.085,0.285,0.37,0.22972972972972974,0.10070421338779323,1.1847554516210967,0.015704213387793223,0.031408426775586445,0.04711264016337967
0.085,0.29,0.375,0.22666666666666668,0.10105565667230265,1.1888900784976781,0.016055656672302646,0.03211131334460529,0.04816697001690794
0.085,0.295,0.38,0.2236842105263158,0.10141058399997627,1.1930656941173678,0.01641058399997626,0.03282116799995252,0.04923175199992878
0.085,0.3,0.385,0.2207792207792208,0.10176905564515826,1.197283007590097,0.01676905564515825,0.0335381112903165,0.050307166935474754
0.085,0.305,0.39,0.21794871794871795,0.10213113339830726,1.2015427458624384,0.017131133398307255,0.03426226679661451,0.051393400194921765
0.085,0.31,0.395,0.21518987341772153,0.1024968806164891,1.2058456543116363,0.01749688061648909,0.03499376123297818,0.052490641849467265
0.085,0.315,0.4,0.2125,0.10286636227597423,1.2101924973644027,0.017866362275974226,0.03573272455194845,0.05359908682792268
0.085,0.32,0.405,0.20987654320987653,0.1032396450270453,1.2145840591417094,0.018239645027045295,0.03647929005409059,0.054718935081135886
0.085,0.325,0.41000000000000003,0.2073170731707317,0.10361679725112771,1.2190211441309142,0.018616797251127706,0.03723359450225541,0.05585039175338312
0.085,0.33,0.41500000000000004,0.20481927710843373,0.1039978891203609,1.2235045778865987,0.018997889120360892,0.037995778240721784,0.056993667361082676
0.085,0.335,0.42000000000000004,0.20238095238095238,0.10438299265973638,1.2280352077616044,0.01938299265973638,0.03876598531947276,0.058148977979209135
0.085,0.34,0.42500000000000004,0.19999999999999998,0.10477218181193626,1.2326139036698383,0.019772181811936254,0.03954436362387251,0.05931654543580876
0.085,0.345,0.43,0.19767441860465118,0.10516553250501393,1.2372415588825167,0.02016553250501392,0.04033106501002784,0.06049659751504176
0.085,0.35,0.435,0.19540229885057472,0.10556312272306645,1.2419190908596052,0.020563122723066443,0.041126245446132886,0.06168936816919933
0.085,0.355,0.44,0.1931818181818182,0.10596503258005874,1.246647442118338,0.02096503258005873,0.04193006516011746,0.0628950977401762
0.085,0.36,0.445,0.1910112359550562,0.10637134439696949,1.2514275811408175,0.021371344396969486,0.04274268879393897,0.06411403319090846
0.085,0.365,0.45,0.18888888888888888,0.10678214278243847,1.2562605033228054,0.021782142782438466,0.04356428556487693,0.0653464283473154
0.085,0.37,0.455,0.18681318681318682,0.10719751471710759,1.2611472319659716,0.022197514717107583,0.044395029434215166,0.06659254415132275
0.085,0.375,0.46,0.1847826086956522,0.10761754964185932,1.266088819315992,0.022617549641859316,0.04523509928371863,0.06785264892557795
0.085,0.38,0.465,0.1827956989247312,0.1080423395501715,1.2710863476490764,0.0230423395501715,0.046084679100343,0.0691270186505145
0.085,0.385,0.47000000000000003,0.18085106382978725,0.10847197908481732,1.2761409304096154,0.02347197908481731,0.04694395816963462,0.07041593725445193
0.085,0.39,0.47500000000000003,0.17894736842105263,0.10890656563916146,1.2812537134018993,0.02390656563916145,0.0478131312783229,0.07171969691748435
0.085,0.395,0.48000000000000004,0.17708333333333334,0.10934619946331214,1.2864258760389664,0.024346199463312138,0.048692398926624275,0.07303859838993641
0.085,0.4,0.48500000000000004,0.17525773195876287,0.10979098377541341,1.2916586326519224,0.024790983775413403,0.049581967550826805,0.07437295132624021
0.085,0.405,0.49000000000000005,0.17346938775510204,0.11024102487837661,1.2969532338632541,0.02524102487837661,0.05048204975675322,0.07572307463512983
0.085,0.41,0.495,0.17171717171717174,0.11069643228237291,1.3023109680279166,0.025696432282372908,0.051392864564745816,0.07708929684711872
0.085,0.415,0.5,0.17,0.11115731883342983,1.3077331627462332,0.026157318833429824,0.05231463766685965,0.07847195650028947
0.085,0.42,0.505,0.16831683168316833,0.11162380084850076,1.3132211864529502,0.02662380084850076,0.05324760169700152,0.07987140254550228
0.085,0.425,0.51,0.16666666666666669,0.11209599825739935,1.3187764500870511,0.027095998257399348,0.054191996514798696,0.08128799477219804
0.085,0.43,0.515,0.1650485436893204,0.11257403475202221,1.32440040884732,0.027574034752022206,0.05514806950404441,0.08272210425606662
0.085,0.435,0.52,0.16346153846153846,0.11305803794331193,1.3300945640389639,0.028058037943311923,0.056116075886623845,0.08417411382993577
0.085,0.44,0.525,0.1619047619047619,0.11354813952644516,1.3358604650170018,0.02854813952644515,0.0570962790528903,0.08564441857933545
0.085,0.445,0.53,0.16037735849056603,0.11404447545476804,1.341699711232565,0.02904447545476803,0.05808895090953606,0.08713342636430409
0.085,0.45,0.535,0.1588785046728972,0.11454718612303938,1.3476139543886985,0.029547186123039373,0.05909437224607875,0.08864155836911812
0.085,0.455,0.54,0.1574074074074074,0.11505641656058263,1.3536049007127366,0.030056416560582624,0.06011283312116525,0.09016924968174787
0.085,0.46,0.545,0.1559633027522936,0.1155723166349969,1.3596743133529046,0.03057231663499689,0.06114463326999378,0.09171694990499067
0.085,0.465,0.55,0.15454545454545454,0.11609504126712467,1.3658240149073488,0.03109504126712466,0.06219008253424932,0.09328512380137398
0.085,0.47,0.5549999999999999,0.15315315315315317,0.11662475065802858,1.3720558900944537,0.03162475065802857,0.06324950131605714,0.09487425197408571
0.085,0.475,0.5599999999999999,0.1517857142857143,0.11716161052879048,1.3783718885740055,0.03216161052879048,0.06432322105758095,0.09648483158637143
0.085,0.48,0.565,0.1504424778761062,0.11770579237400913,1.384774027929519,0.03270579237400913,0.06541158474801825,0.09811737712202738
0.085,0.485,0.57,0.14912280701754388,0.11825747372994422,1.391264396822873,0.03325747372994421,0.06651494745988842,0.09977242118983264
0.085,0.49,0.575,0.14782608695652177,0.11881683845833246,1.397845158333323,0.03381683845833246,0.06763367691666491,0.10145051537499737
0.085,0.495,0.58,0.14655172413793105,0.1193840770469834,1.4045185534939222,0.03438407704698339,0.06876815409396678,0.10315223114095017
0.085,0.5,0.585,0.1452991452991453,0.11995938692835983,1.4112869050395274,0.03495938692835983,0.06991877385671966,0.10487816078507949
0.085,0.505,0.59,0.1440677966101695,0.12054297281744386,1.4181526213816924,0.035542972817443855,0.07108594563488771,0.10662891845233156
0.085,0.51,0.595,0.14285714285714288,0.1211350470703062,1.4251182008271317,0.036135047070306195,0.07227009414061239,0.10840514121091858
0.085,0.515,0.6,0.1416666666666667,0.12173583006491473,1.4321862360578201,0.036735830064914723,0.07347166012982945,0.11020749019474417
0.085,0.52,0.605,0.14049586776859505,0.12234555060585561,1.4393594188924188,0.03734555060585561,0.07469110121171121,0.11203665181756682
0.085,0.525,0.61,0.13934426229508198,0.12296444635478954,1.446640545350465,0.03796444635478953,0.07592889270957906,0.11389333906436859
0.085,0.53,0.615,0.13821138211382114,0.12359276428862442,1.4540325210426401,0.03859276428862442,0.07718552857724884,0.11577829286587325
0.085,0.535,0.62,0.1370967741935484,0.1242307611875747,1.4615383669126434,0.039230761187574695,0.07846152237514939,0.11769228356272408
0.085,0.54,0.625,0.136,0.1248787041554682,1.4691612253584494,0.039878704155468195,0.07975740831093639,0.11963611246640458
0.085,0.545,0.63,0.13492063492063494,0.12553687117489165,1.4769043667634312,0.040536871174891645,0.08107374234978329,0.12161061352467493
0.085,0.55,0.635,0.13385826771653545,0.12620555170000247,1.4847711964706172,0.041205551700002466,0.08241110340000493,0.1236166551000074
0.085,0.555,0.64,0.1328125,0.12688504729011418,1.4927652622366374,0.04188504729011418,0.08377009458022835,0.12565514187034255
0.085,0.56,0.645,0.13178294573643412,0.12757567228745947,1.5008902622054054,0.04257567228745947,0.08515134457491894,0.12772701686237842
0.085,0.565,0.6499999999999999,0.1307692307692308,0.12827775454287438,1.5091500534455808,0.04327775454287437,0.08655550908574874,0.12983326362862313
0.085,0.57,0.6549999999999999,0.12977099236641224,0.12899163619352094,1.5175486611002462,0.043991636193520936,0.08798327238704187,0.13197490858056282
0.085,0.575,0.6599999999999999,0.1287878787878788,0.12971767449718508,1.5260902882021772,0.04471767449718507,0.08943534899437014,0.13415302349155522
0.085,0.58,0.6649999999999999,0.12781954887218047,0.1304562427281527,1.5347793262135612,0.0454562427281527,0.0909124854563054,0.1363687281844581
0.085,0.585,0.6699999999999999,0.12686567164179108,0.13120773114019202,1.5436203663552002,0.04620773114019201,0.09241546228038403,0.13862319342057605
0.085,0.59,0.6749999999999999,0.12592592592592594,0.1319725480027587,1.5526182117971612,0.0469725480027587,0.0939450960055174,0.1409176440082761
0.085,0.595,0.6799999999999999,0.12500000000000003,0.13275112071719652,1.5617778907905473,0.04775112071719652,0.09550224143439304,0.14325336215158957
0.085,0.6,0.6849999999999999,0.12408759124087593,0.13354389702045244,1.571104670828852,0.048543897020452434,0.09708779404090487,0.14563169106135732
0.09,0.005,0.095,0.9473684210526315,0.09023288829253906,1.0025876476948785,0.00023288829253906296,0.0004657765850781259,0.0006986648776171889
0.09,0.01,0.09999999999999999,0.9,0.09046742391703777,1.0051935990781975,0.00046742391703777364,0.0009348478340755473,0.001402271751113321
0.09,0.015,0.105,0.8571428571428571,0.09070362686465172,1.007818076273908,0.0007036268646517241,0.0014072537293034482,0.0021108805939551722
0.09,0.02,0.11,0.8181818181818181,0.09094151747588508,1.0104613052876121,0.0009415174758850842,0.0018830349517701683,0.0028245524276552525
0.09,0.025,0.11499999999999999,0.782608695652174,0.09118111644862115,1.0131235160957905,0.00118111644862115,0.0023622328972423,0.00354334934586345
0.09,0.03,0.12,0.75,0.09142244484638318,1.0158049427375908,0.0014224448463831807,0.0028448896927663614,0.004267334539149542
0.09,0.035,0.125,0.72,0.09166552410683293,1.0185058234092548,0.001665524106832933,0.003331048213665866,0.004996572320498799
0.09,0.04,0.13,0.6923076923076923,0.09191037605051489,1.0212264005612766,0.0019103760505148892,0.0038207521010297785,0.005731128151544668
0.09,0.045,0.135,0.6666666666666666,0.09215702288985506,1.0239669209983895,0.002157022889855059,0.004314045779710118,0.006471068669565178
0.09,0.05,0.14,0.6428571428571428,0.09240548723842401,1.026727635982489,0.0024054872384240145,0.004810974476848029,0.007216461715272043
0.09,0.055,0.145,0.6206896551724138,0.09265579212047181,1.0295088013385758,0.002655792120471817,0.005311584240943634,0.007967376361415451
0.09,0.06,0.15,0.6,0.09290796098074527,1.0323106775638364,0.0029079609807452778,0.0058159219614905555,0.008723882942235833
0.09,0.065,0.155,0.5806451612903225,0.09316201769459864,1.0351335299399849,0.0031620176945986456,0.006324035389197291,0.009486053083795937
0.09,0.07,0.16,0.5625,0.09341798657840628,1.0379776286489586,0.003417986578406279,0.006835973156812558,0.010253959735218837
0.09,0.075,0.16499999999999998,0.5454545454545455,0.09367589240028884,1.0408432488920982,0.003675892400288844,0.007351784800577688,0.011027677200866531
0.09,0.08,0.16999999999999998,0.5294117647058824,0.09393576039116602,1.043730671012956,0.003935760391166027,0.007871520782332053,0.01180728117349808
0.09,0.085,0.175,0.5142857142857143,0.09419761625614509,1.0466401806238343,0.0041976162561450925,0.008395232512290185,0.012592848768435277
0.09,0.09,0.18,0.5,0.09446148618625827,1.0495720687362031,0.004461486186258273,0.008922972372516547,0.01338445855877482
0.09,0.095,0.185,0.48648648648648646,0.09472739687056486,1.0525266318951652,0.004727396870564865,0.00945479374112973,0.014182190611694595
0.09,0.1,0.19,0.47368421052631576,0.09499537550862525,1.0555041723180583,0.004995375508625249,0.009990751017250499,0.014986126525875748
0.09,0.105,0.195,0.4615384615384615,0.0952654498233686,1.0585049980374288,0.005265449823368601,0.010530899646737202,0.015796349470105803
0.09,0.11,0.2,0.44999999999999996,0.09553764807436105,1.0615294230484562,0.005537648074361051,0.011075296148722102,0.016612944223083154
0.09,0.115,0.20500000000000002,0.4390243902439024,0.09581199907149662,1.0645777674610737,0.005811999071496626,0.011623998142993253,0.01743599721448988
0.09,0.12,0.21,0.42857142857142855,0.09608853218912139,1.0676503576569043,0.006088532189121393,0.012177064378242786,0.01826559656736418
0.09,0.125,0.215,0.41860465116279066,0.09636727738061124,1.070747526451236,0.0063672773806112415,0.012734554761222483,0.019101832141833724
0.09,0.13,0.22,0.40909090909090906,0.09664826519341807,1.0738696132602008,0.006648265193418074,0.013296530386836147,0.01994479558025422
0.09,0.135,0.225,0.39999999999999997,0.0969315267846046,1.0770169642733844,0.006931526784604597,0.013863053569209194,0.02079458035381379
0.09,0.14,0.23,0.3913043478260869,0.09721709393688549,1.080189932632061,0.007217093936885494,0.014434187873770987,0.02165128181065648
0.09,0.145,0.235,0.3829787234042553,0.09750499907519494,1.0833888786132773,0.007504999075194946,0.015009998150389892,0.022514997225584837
0.09,0.15,0.24,0.375,0.09779527528380205,1.086614169820023,0.007795275283802056,0.015590550567604111,0.023385825851406167
0.09,0.155,0.245,0.3673469387755102,0.09808795632399536,1.0898661813777264,0.008087956323995366,0.01617591264799073,0.024263868971986097
0.09,0.16,0.25,0.36,0.09838307665235868,1.0931452961373187,0.008383076652358684,0.01676615330471737,0.025149229957076052
0.09,0.165,0.255,0.3529411764705882,0.09868067143966319,1.0964519048851467,0.008680671439663196,0.01736134287932639,0.026042014318989587
0.09,0.17,0.26,0.34615384615384615,0.09898077659040039,1.0997864065600043,0.008980776590400391,0.017961553180800782,0.026942329771201173
0.09,0.175,0.265,0.33962264150943394,0.09928342876298113,1.1031492084775683,0.009283428762981133,0.018566857525962266,0.0278502862889434
0.09,0.18,0.27,0.3333333333333333,0.09958866539062983,1.1065407265625538,0.00958866539062983,0.01917733078125966,0.02876599617188949
0.09,0.185,0.275,0.3272727272727272,0.0998965247030007,1.1099613855888968,0.009896524703000703,0.019793049406001406,0.02968957410900211
0.09,0.19,0.28,0.3214285714285714,0.10020704574854744,1.113411619428305,0.010207045748547444,0.02041409149709489,0.030621137245642333
0.09,0.195,0.28500000000000003,0.31578947368421045,0.10052026841767747,1.1168918713075275,0.010520268417677475,0.02104053683535495,0.031560805253032426
0.09,0.2,0.29000000000000004,0.31034482758620685,0.10083623346672377,1.1204025940747087,0.010836233466723771,0.021672466933447543,0.032508700400171314
0.09,0.205,0.295,0.3050847457627119,0.10115498254276944,1.1239442504752162,0.011154982542769448,0.022309965085538896,0.033464947628308345
0.09,0.21,0.3,0.3,0.1014765582093603,1.1275173134373366,0.011476558209360305,0.02295311641872061,0.034429674628080914
0.09,0.215,0.305,0.29508196721311475,0.10180100397314573,1.131122266368286,0.011801003973145735,0.02360200794629147,0.035403011919437205
0.09,0.22,0.31,0.29032258064516125,0.10212836431148697,1.1347596034609664,0.012128364311486978,0.024256728622973955,0.03638509293446093
0.09,0.225,0.315,0.2857142857142857,0.10245868470107378,1.1384298300119309,0.01245868470107378,0.02491736940214756,0.03737605410322134
0.09,0.23,0.32,0.28125,0.10279201164759733,1.1421334627510815,0.012792011647597329,0.025584023295194658,0.03837603494279199
0.09,0.235,0.32499999999999996,0.27692307692307694,0.10312839271652241,1.1458710301835824,0.013128392716522413,0.026256785433044827,0.03938517814956724
0.09,0.24,0.32999999999999996,0.27272727272727276,0.10346787656501133,1.1496430729445704,0.013467876565011333,0.026935753130022666,0.040403629695034
0.09,0.245,0.33499999999999996,0.26865671641791045,0.10381051297504806,1.1534501441672007,0.013810512975048067,0.027621025950096134,0.0414315389251442
0.09,0.25,0.33999999999999997,0.2647058823529412,0.10415635288782032,1.1572928098646704,0.014156352887820328,0.028312705775640656,0.042469058663460985
0.09,0.255,0.345,0.2608695652173913,0.1045054484394149,1.1611716493268323,0.014505448439414897,0.029010896878829795,0.04351634531824469
0.09,0.26,0.35,0.2571428571428572,0.1048578529978873,1.1650872555320813,0.014857852997887305,0.02971570599577461,0.044573558993661916
0.09,0.265,0.355,0.2535211267605634,0.10521362120176969,1.1690402355752187,0.015213621201769695,0.03042724240353939,0.045640863605309084
0.09,0.27,0.36,0.25,0.10557280900008414,1.173031211112046,0.015572809000084148,0.031145618000168296,0.046718427000252444
0.09,0.275,0.365,0.2465753424657534,0.10593547369393153,1.1770608188214615,0.01593547369393153,0.03187094738786306,0.04780642108179459
0.09,0.28,0.37,0.24324324324324323,0.10630167397973256,1.1811297108859173,0.01630167397973256,0.03260334795946512,0.048905021939197685
0.09,0.285,0.375,0.24,0.10667146999419796,1.1852385554910885,0.01667146999419797,0.03334293998839594,0.050014409982593905
0.09,0.29,0.38,0.23684210526315788,0.10704492336111193,1.1893880373456882,0.017044923361111936,0.03408984672222387,0.05113477008333581
0.09,0.295,0.385,0.23376623376623376,0.10742209724001828,1.1935788582224254,0.01742209724001828,0.03484419448003656,0.05226629172005484
0.09,0.3,0.39,0.23076923076923075,0.10780305637690035,1.197811737521115,0.017803056376900356,0.03560611275380071,0.05340916913070107
0.09,0.305,0.395,0.22784810126582278,0.10818786715695439,1.2020874128550487,0.01818786715695439,0.03637573431390878,0.05456360147086317
0.09,0.31,0.4,0.22499999999999998,0.10857659765956085,1.2064066406617873,0.01857659765956085,0.0371531953191217,0.05572979297868255
0.09,0.315,0.405,0.2222222222222222,0.10896931771556329,1.210770196839592,0.01896931771556329,0.03793863543112658,0.056907953146689866
0.09,0.32,0.41000000000000003,0.2195121951219512,0.10936609896697214,1.2151788774108017,0.01936609896697214,0.03873219793394428,0.05809829690091642
0.09,0.325,0.41500000000000004,0.21686746987951805,0.10976701492921714,1.2196334992135238,0.019767014929217147,0.039534029858434294,0.05930104478765144
0.09,0.33,0.42000000000000004,0.21428571428571425,0.11017214105607898,1.2241349006230997,0.02017214105607898,0.04034428211215796,0.06051642316823694
0.09,0.335,0.42500000000000004,0.2117647058823529,0.11058155480744059,1.2286839423048954,0.02058155480744059,0.04116310961488118,0.061744664422321766
0.09,0.34,0.43000000000000005,0.2093023255813953,0.11099533572000508,1.2332815080000565,0.020995335720005087,0.041990671440010174,0.06298600716001526
0.09,0.345,0.43499999999999994,0.20689655172413796,0.11141356548113579,1.2379285053459532,0.021413565481135793,0.04282713096227159,0.06424069644340738
0.09,0.35,0.43999999999999995,0.20454545454545456,0.11183632800598797,1.2426258667331997,0.021836328005987976,0.04367265601197595,0.06550898401796393
0.09,0.355,0.44499999999999995,0.20224719101123598,0.11226370951810571,1.2473745502011746,0.022263709518105718,0.044527419036211435,0.06679112855431715
0.09,0.36,0.44999999999999996,0.2,0.11269579863367396,1.2521755403741552,0.022695798633673964,0.04539159726734793,0.06808739590102189
0.09,0.365,0.45499999999999996,0.19780219780219782,0.11313268644962604,1.2570298494402894,0.023132686449626044,0.04626537289925209,0.06939805934887813
0.09,0.37,0.45999999999999996,0.1956521739130435,0.11357446663581838,1.2619385181757599,0.023574466635818386,0.04714893327163677,0.07072339990745516
0.09,0.375,0.46499999999999997,0.1935483870967742,0.11402123553149934,1.2669026170166595,0.024021235531499346,0.04804247106299869,0.07206370659449804
0.09,0.38,0.47,0.19148936170212766,0.11447309224631541,1.2719232471812825,0.024473092246315414,0.04894618449263083,0.07341927673894624
0.09,0.385,0.475,0.18947368421052632,0.11493013876611036,1.2770015418456706,0.02493013876611036,0.04986027753222072,0.07479041629833108
0.09,0.39,0.48,0.1875,0.11539248006379288,1.2821386673754764,0.025392480063792883,0.050784960127585765,0.07617744019137865
0.09,0.395,0.485,0.18556701030927836,0.11586022421556708,1.287335824617412,0.02586022421556708,0.05172044843113416,0.07758067264670124
0.09,0.4,0.49,0.1836734693877551,0.11633348252283715,1.2925942502537462,0.026333482522837154,0.05266696504567431,0.07900044756851146
0.09,0.405,0.495,0.18181818181818182,0.1168123696401232,1.2979152182235911,0.026812369640123207,0.053624739280246414,0.08043710892036962
0.09,0.41,0.5,0.18,0.11729700370934515,1.3033000412149462,0.027297003709345152,0.054594007418690305,0.08189101112803546
0.09,0.415,0.505,0.1782178217821782,0.11778750650085723,1.308750072231747,0.027787506500857234,0.05557501300171447,0.0833625195025717
0.09,0.42,0.51,0.1764705882352941,0.11828400356164614,1.3142667062405127,0.028284003561646148,0.056568007123292297,0.08485201068493844
0.09,0.425,0.515,0.17475728155339804,0.11878662437112897,1.319851381901433,0.02878662437112897,0.05757324874225794,0.08635987311338691
0.09,0.43,0.52,0.17307692307692307,0.11929550250502563,1.3255055833891738,0.029295502505025633,0.05859100501005127,0.0878865075150769
0.09,0.435,0.525,0.1714285714285714,0.11981077580780919,1.3312308423089911,0.029810775807809192,0.059621551615618384,0.08943232742342758
0.09,0.44,0.53,0.16981132075471697,0.12033258657428003,1.3370287397142226,0.030332586574280035,0.06066517314856007,0.0909977597228401
0.09,0.445,0.535,0.16822429906542055,0.12086108174084442,1.3429009082316048,0.030861081740844426,0.06172216348168885,0.09258324522253328
0.09,0.45,0.54,0.16666666666666666,0.12139641308712823,1.3488490343014248,0.03139641308712823,0.06279282617425647,0.0941892392613847
0.09,0.455,0.545,0.16513761467889906,0.12193873744859984,1.3548748605399983,0.03193873744859985,0.0638774748971997,0.09581621234579954
0.09,0.46,0.55,0.1636363636363636,0.1224882169409297,1.3609801882325523,0.03248821694092971,0.06497643388185942,0.09746465082278913
0.09,0.465,0.555,0.16216216216216214,0.12304501919687261,1.3671668799652512,0.03304501919687261,0.06609003839374522,0.09913505759061783
0.09,0.47,0.5599999999999999,0.16071428571428573,0.12360931761651661,1.3734368624057403,0.033609317616516615,0.06721863523303323,0.10082795284954985
0.09,0.475,0.565,0.1592920353982301,0.12418129163181346,1.3797921292423718,0.034181291631813465,0.06836258326362693,0.1025438748954404
0.09,0.48,0.57,0.15789473684210528,0.1247611269863772,1.38623474429308,0.034761126986377205,0.06952225397275441,0.10428338095913162
0.09,0.485,0.575,0.1565217391304348,0.12534901603161896,1.3927668447957664,0.03534901603161897,0.07069803206323794,0.1060470480948569
0.09,0.49,0.58,0.15517241379310345,0.1259451580403721,1.3993906448930233,0.0359451580403721,0.0718903160807442,0.1078354741211163
0.09,0.495,0.585,0.15384615384615385,0.1265497595392624,1.4061084393251377,0.0365497595392624,0.0730995190785248,0.1096492786177872
0.09,0.5,0.59,0.15254237288135594,0.12716303466117707,1.4129226073464118,0.03716303466117707,0.07432606932235414,0.11148910398353121
0.09,0.505,0.595,0.15126050420168066,0.12778520551931027,1.4198356168812254,0.03778520551931028,0.07557041103862056,0.11335561655793083
0.09,0.51,0.6,0.15,0.12841650260438398,1.4268500289375998,0.03841650260438398,0.07683300520876796,0.11524950781315194
0.09,0.515,0.605,0.1487603305785124,0.12905716520678556,1.4339685022976174,0.039057165206785566,0.07811433041357113,0.1171714956203567
0.09,0.52,0.61,0.14754098360655737,0.12970744186552008,1.4411937985057788,0.03970744186552008,0.07941488373104016,0.11912232559656025
0.09,0.525,0.615,0.14634146341463414,0.13036759084604155,1.4485287871782395,0.04036759084604155,0.0807351816920831,0.12110277253812465
0.09,0.53,0.62,0.14516129032258063,0.13103788064921795,1.4559764516579774,0.041037880649217956,0.08207576129843591,0.12311364194765387
0.09,0.535,0.625,0.144,0.13171859055389312,1.463539895043257,0.041718590553893126,0.08343718110778625,0.12515577166167938
0.09,0.54,0.63,0.14285714285714285,0.13241001119573725,1.4712223466193028,0.04241001119573726,0.08482002239147451,0.12723003358721177
0.09,0.545,0.635,0.14173228346456693,0.13311244518533272,1.479027168725919,0.04311244518533272,0.08622489037066544,0.12933733555599816
0.09,0.55,0.64,0.140625,0.13382620776872622,1.486957864096958,0.04382620776872623,0.08765241553745245,0.13147862330617868
0.09,0.555,0.645,0.13953488372093023,0.13455162753399175,1.4950180837110194,0.04455162753399175,0.0891032550679835,0.13365488260197525
0.09,0.56,0.65,0.13846153846153844,0.13528904716769719,1.5032116351966354,0.04528904716769719,0.09057809433539438,0.13586714150309157
0.09,0.565,0.6549999999999999,0.13740458015267176,0.1360388242655619,1.5115424918395768,0.04603882426556191,0.09207764853112382,0.13811647279668574
0.09,0.57,0.6599999999999999,0.13636363636363638,0.1368013322020213,1.520014802244681,0.04680133220202129,0.09360266440404258,0.14040399660606387
0.09,0.575,0.6649999999999999,0.13533834586466167,0.13757696106390627,1.5286329007100696,0.04757696106390627,0.09515392212781254,0.1427308831917188
0.09,0.58,0.6699999999999999,0.13432835820895522,0.13836611865398663,1.5374013183776292,0.04836611865398663,0.09673223730797326,0.14509835596195989
0.09,0.585,0.6749999999999999,0.13333333333333333,0.1391692315707408,1.5463247952304533,0.049169231570740796,0.09833846314148159,0.1475076947122224
0.09,0.59,0.6799999999999999,0.1323529411764706,0.13998674637139585,1.5554082930155095,0.04998674637139586,0.09997349274279171,0.14996023911418757
0.09,0.595,0.6849999999999999,0.13138686131386862,0.14081913082605835,1.5646570091784262,0.05081913082605835,0.1016382616521167,0.15245739247817505
0.09,0.6,0.69,0.13043478260869565,0.14166687527162325,1.574076391906925,0.05166687527162325,0.1033337505432465,0.15500062581486976
0.095,0.005,0.1,0.95,0.09524626639363021,1.0025922778276863,0.00024626639363020675,0.0004925327872604135,0.0007387991808906202
0.095,0.01,0.105,0.9047619047619048,0.09549427993923887,1.0052029467288301,0.0004942799392388675,0.000988559878477735,0.0014828398177166024
0.095,0.015,0.11,0.8636363636363636,0.09574406191726703,1.007832230708074,0.0007440619172670304,0.0014881238345340608,0.0022321857518010912
0.095,0.02,0.115,0.8260869565217391,0.09599563398156674,1.0104803577007024,0.0009956339815667403,0.0019912679631334806,0.002986901944700221
0.095,0.025,0.12,0.7916666666666667,0.09624901816802389,1.0131475596634094,0.001249018168023891,0.002498036336047782,0.003747054504071673
0.095,0.03,0.125,0.76,0.09650423690342735,1.0158340726676562,0.0015042369034273528,0.0030084738068547057,0.0045127107102820585
0.095,0.035,0.13,0.7307692307692307,0.09676131301459567,1.0185401369957439,0.0017613130145956724,0.0035226260291913447,0.005283939043787017
0.095,0.04,0.135,0.7037037037037037,0.0970202697377689,1.0212659972396725,0.0020202697377688927,0.0040405394755377855,0.006060809213306678
0.095,0.045,0.14,0.6785714285714285,0.09728113072827504,1.0240119024028953,0.0022811307282750437,0.004562261456550087,0.006843392184825131
0.095,0.05,0.14500000000000002,0.6551724137931034,0.0975439200704813,1.0267781060050662,0.0025439200704812925,0.005087840140962585,0.007631760211443878
0.095,0.055,0.15,0.6333333333333334,0.0978086622880392,1.0295648661898862,0.002808662288039193,0.005617324576078386,0.00842598686411758
0.095,0.06,0.155,0.6129032258064516,0.09807538235443469,1.0323724458361547,0.0030753823544346914,0.006150764708869383,0.009226147063304074
0.095,0.065,0.16,0.59375,0.09834410570385466,1.0352011126721543,0.003344105703854655,0.00668821140770931,0.010032317111563965
0.095,0.07,0.165,0.5757575757575757,0.09861485824237959,1.0380511393934693,0.003614858242379587,0.007229716484759174,0.010844574727138762
0.095,0.075,0.16999999999999998,0.5588235294117647,0.09888766635951618,1.0409228037843807,0.0038876663595161787,0.007775332719032357,0.011662999078548536
0.095,0.08,0.175,0.5428571428571429,0.09916255694008069,1.0438163888429546,0.004162556940080692,0.008325113880161383,0.012487670820242075
0.095,0.085,0.18,0.5277777777777778,0.09943955737644583,1.046732182909956,0.00443955737644583,0.00887911475289166,0.013318672129337489
0.095,0.09,0.185,0.5135135135135135,0.09971869558116753,1.0496704798017635,0.004718695581167526,0.009437391162335051,0.014156086743502577
0.095,0.095,0.19,0.5,0.09999999999999998,1.0526315789473681,0.004999999999999977,0.009999999999999953,0.01499999999999993
0.095,0.1,0.195,0.48717948717948717,0.10028349962532002,1.0556157855296844,0.005283499625320015,0.01056699925064003,0.015850498875960045
0.095,0.105,0.2,0.475,0.10056922400997048,1.0586234106312682,0.00556922400997048,0.01113844801994096,0.01670767202991144
0.095,0.11,0.20500000000000002,0.46341463414634143,0.10085720328154246,1.0616547713846576,0.005857203281542461,0.011714406563084923,0.017571609844627384
0.095,0.115,0.21000000000000002,0.45238095238095233,0.1011474681571104,1.064710191127478,0.006147468157110397,0.012294936314220795,0.018442404471331192
0.095,0.12,0.215,0.4418604651162791,0.10144004995843914,1.0677899995625173,0.006440049958439137,0.012880099916878274,0.01932014987531741
0.095,0.125,0.22,0.4318181818181818,0.10173498062768027,1.0708945329229502,0.00673498062768027,0.01346996125536054,0.02020494188304081
0.095,0.13,0.225,0.4222222222222222,0.10203229274357606,1.0740241341429058,0.007032292743576057,0.014064585487152115,0.021096878230728172
0.095,0.135,0.23,0.41304347826086957,0.10233201953819226,1.0771791530336028,0.007332019538192264,0.014664039076384527,0.02199605861457679
0.095,0.14,0.23500000000000001,0.40425531914893614,0.10263419491419978,1.080359946465261,0.007634194914199782,0.015268389828399564,0.022902584742599347
0.095,0.145,0.24,0.39583333333333337,0.10293885346272602,1.0835668785550108,0.00793885346272602,0.01587770692545204,0.02381656038817806
0.095,0.15,0.245,0.3877551020408163,0.10324603048179959,1.0868003208610484,0.008246030481799588,0.016492060963599176,0.024738091445398763
0.095,0.155,0.25,0.38,0.1035557619954125,1.0900606525832894,0.008555761995412497,0.017111523990824995,0.025667285986237492
0.095,0.16,0.255,0.37254901960784315,0.10386808477322296,1.0933482607707679,0.008868084773222956,0.017736169546445912,0.02660425431966887
0.095,0.165,0.26,0.36538461538461536,0.1041830363509264,1.0966635405360674,0.009183036350926405,0.01836607270185281,0.027549109052779214
0.095,0.17,0.265,0.3584905660377358,0.10450065505132067,1.1000068952770596,0.009500655051320667,0.019001310102641333,0.028501965153962
0.095,0.175,0.27,0.35185185185185186,0.10482098000609508,1.103378736906264,0.009820980006095076,0.01964196001219015,0.029462940018285227
0.095,0.18,0.275,0.3454545454545454,0.10514405117837278,1.1067794860881346,0.010144051178372776,0.020288102356745552,0.030432153535118328
0.095,0.185,0.28,0.33928571428571425,0.1054699093860364,1.1102095724845937,0.010469909386036397,0.020939818772072794,0.03140972815810919
0.095,0.19,0.28500000000000003,0.3333333333333333,0.10579859632587274,1.1136694350091867,0.010798596325872739,0.021597192651745478,0.03239578897761822
0.095,0.195,0.29000000000000004,0.3275862068965517,0.10613015459856778,1.117159522090187,0.011130154598567782,0.022260309197135564,0.033390463795703346
0.095,0.2,0.29500000000000004,0.3220338983050847,0.10646462773459076,1.1206802919430605,0.011464627734590754,0.02292925546918151,0.03439388320377226
0.095,0.205,0.3,0.3166666666666667,0.10680206022100358,1.1242322128526692,0.01180206022100358,0.02360412044200716,0.03540618066301074
0.095,0.21,0.305,0.3114754098360656,0.1071424975292361,1.1278157634656432,0.012142497529236101,0.024284995058472203,0.036427492587708304
0.095,0.215,0.31,0.3064516129032258,0.10748598614386973,1.1314314330933655,0.012485986143869726,0.024971972287739452,0.03745795843160918
0.095,0.22,0.315,0.30158730158730157,0.10783257359247178,1.1350797220260187,0.01283257359247178,0.02566514718494356,0.03849772077741534
0.095,0.225,0.32,0.296875,0.10818230847652877,1.1387611418581975,0.013182308476528765,0.02636461695305753,0.039546925429586294
0.095,0.23,0.325,0.2923076923076923,0.10853524050352581,1.1424762158265875,0.013535240503525808,0.027070481007051617,0.040605721510577425
0.095,0.235,0.32999999999999996,0.2878787878787879,0.10889142052022405,1.146225479160253,0.013891420520224046,0.027782841040448092,0.04167426156067214
0.095,0.24,0.33499999999999996,0.28358208955223885,0.10925090054719033,1.1500094794441087,0.014250900547190332,0.028501801094380663,0.042752701641570995
0.095,0.245,0.33999999999999997,0.27941176470588236,0.10961373381463413,1.1538287769961486,0.014613733814634128,0.029227467629268256,0.04384120144390238
0.095,0.25,0.345,0.2753623188405797,0.10997997479961386,1.1576839452590932,0.014979974799613854,0.02995994959922771,0.04493992439884156
0.095,0.255,0.35,0.27142857142857146,0.11034967926467398,1.1615755712070945,0.015349679264673982,0.030699358529347964,0.046049037794021946
0.095,0.26,0.355,0.26760563380281693,0.11072290429797904,1.1655042557682005,0.01572290429797904,0.03144580859595808,0.04716871289393712
0.095,0.265,0.36,0.2638888888888889,0.11109970835501537,1.1694706142633198,0.01609970835501537,0.03219941671003074,0.048299125065046106
0.095,0.27,0.365,0.2602739726027397,0.11148015130193478,1.1734752768624714,0.01648015130193478,0.03296030260386956,0.049440453905804344
0.095,0.275,0.37,0.25675675675675674,0.1118642944606153,1.1775188890591084,0.016864294460615298,0.033728588921230596,0.05059288338184589
0.095,0.28,0.375,0.25333333333333335,0.11225220065552532,1.1816021121634244,0.017252200655525324,0.03450440131105065,0.05175660196657597
0.095,0.285,0.38,0.25,0.11264393426247366,1.185725623815512,0.017643934262473654,0.03528786852494731,0.05293180278742096
0.095,0.29,0.385,0.24675324675324675,0.11303956125934056,1.1898901185193742,0.01803956125934056,0.03607912251868112,0.054118683778021676
0.095,0.295,0.39,0.24358974358974358,0.11343914927888454,1.1940963081987848,0.018439149278884542,0.036878298557769085,0.05531744783665363
0.095,0.3,0.395,0.24050632911392406,0.1138427676637288,1.1983449227760927,0.018842767663728804,0.03768553532745761,0.05652830299118641
0.095,0.305,0.4,0.2375,0.11425048752363409,1.2026367107750957,0.01925048752363409,0.03850097504726818,0.05775146257090227
0.095,0.31,0.405,0.2345679012345679,0.1146623817951754,1.2069724399492148,0.019662381795175404,0.03932476359035081,0.05898714538552621
0.095,0.315,0.41000000000000003,0.23170731707317072,0.11507852530394025,1.2113528979362131,0.020078525303940248,0.040157050607880496,0.06023557591182074
0.095,0.32,0.41500000000000004,0.2289156626506024,0.11549899482938153,1.2157788929408582,0.02049899482938153,0.04099798965876306,0.061496984488144585
0.095,0.325,0.42000000000000004,0.22619047619047616,0.1159238691724579,1.2202512544469253,0.020923869172457893,0.041847738344915786,0.06277160751737368
0.095,0.33,0.42500000000000004,0.22352941176470587,0.11635322922620817,1.224770833960086,0.021353229226208165,0.04270645845241633,0.0640596876786245
0.095,0.335,0.43000000000000005,0.2209302325581395,0.11678715804941331,1.229338505783298,0.021787158049413308,0.043574316098826615,0.06536147414823992
0.095,0.34,0.43500000000000005,0.21839080459770113,0.1172257409435078,1.2339551678263978,0.022225740943507794,0.04445148188701559,0.06667722283052338
0.095,0.345,0.43999999999999995,0.21590909090909094,0.11766906553291478,1.2386217424517345,0.022669065532914784,0.04533813106582957,0.06800719659874435
0.095,0.35,0.44499999999999995,0.21348314606741575,0.11811722184898832,1.2433391773577718,0.023117221848988317,0.046234443697976635,0.06935166554696495
0.095,0.355,0.44999999999999996,0.21111111111111114,0.11857030241775779,1.2481084465027135,0.023570302417757788,0.047140604835515576,0.07071090725327336
0.095,0.36,0.45499999999999996,0.2087912087912088,0.11902840235168366,1.2529305510703543,0.02402840235168366,0.04805680470336732,0.07208520705505098
0.095,0.365,0.45999999999999996,0.2065217391304348,0.11949161944564457,1.2578065204804691,0.02449161944564457,0.04898323889128914,0.07347485833693371
0.095,0.37,0.46499999999999997,0.20430107526881722,0.11996005427739254,1.2627374134462372,0.024960054277392535,0.04992010855478507,0.0748801628321776
0.095,0.375,0.47,0.2021276595744681,0.12043381031272704,1.2677243190813372,0.02543381031272704,0.05086762062545408,0.07630143093818112
0.095,0.38,0.475,0.2,0.12091299401565536,1.2727683580595301,0.02591299401565536,0.05182598803131072,0.07773898204696608
0.095,0.385,0.48,0.19791666666666669,0.12139771496382568,1.277870683829744,0.026397714963825675,0.05279542992765135,0.07919314489147702
0.095,0.39,0.485,0.1958762886597938,0.12188808596953693,1.2830324838898624,0.02688808596953693,0.05377617193907386,0.08066425790861079
0.095,0.395,0.49,0.19387755102040816,0.12238422320665165,1.288254981122649,0.027384223206651653,0.05476844641330331,0.08215266961995496
0.095,0.4,0.495,0.19191919191919193,0.12288624634375989,1.2935394351974725,0.027886246343759885,0.05577249268751977,0.08365873903127966
0.095,0.405,0.5,0.19,0.12339427868396491,1.2988871440417358,0.028394278683964908,0.056788557367929815,0.08518283605189472
0.095,0.41,0.505,0.18811881188118812,0.1239084473116916,1.3042994453862273,0.028908447311691593,0.057816894623383186,0.08672534193507478
0.095,0.415,0.51,0.18627450980392157,0.12442888324694079,1.3097777183888504,0.02942888324694079,0.05885776649388158,0.08828664974082237
0.095,0.42,0.515,0.18446601941747573,0.12495572160744906,1.315323385341569,0.029955721607449054,0.05991144321489811,0.08986716482234716
0.095,0.425,0.52,0.18269230769230768,0.12548910177924233,1.3209379134657087,0.030489101779242328,0.060978203558484656,0.09146730533772698
0.095,0.43,0.525,0.18095238095238095,0.12602916759610883,1.3266228168011456,0.031029167596108825,0.06205833519221765,0.09308750278832648
0.095,0.435,0.53,0.1792452830188679,0.126576067528557,1.3323796581953367,0.03157606752855699,0.06315213505711398,0.09472820258567097
0.095,0.44,0.535,0.17757009345794392,0.12712995488286338,1.338210051398562,0.03212995488286338,0.06425990976572676,0.09638986464859015
0.095,0.445,0.54,0.17592592592592593,0.12769098801086354,1.3441156632722477,0.032690988010863536,0.06538197602172707,0.09807296403259061
0.095,0.45,0.545,0.17431192660550457,0.1282593305311872,1.3500982161177602,0.03325933053118721,0.06651866106237442,0.09977799159356163
0.095,0.455,0.55,0.1727272727272727,0.12883515156269365,1.3561594901336174,0.03383515156269365,0.0676703031253873,0.10150545468808095
0.095,0.46,0.555,0.17117117117117117,0.12941862597092135,1.3623013260096983,0.03441862597092135,0.0688372519418427,0.10325587791276405
0.095,0.465,0.56,0.16964285714285712,0.1300099346284318,1.3685256276677031,0.0350099346284318,0.0700198692568636,0.1050298038852954
0.095,0.47,0.565,0.168141592920354,0.1306092646899949,1.374834365157841,0.035609264689994896,0.07121852937998979,0.10682779406998469
0.095,0.475,0.57,0.16666666666666669,0.13121680988364104,1.3812295777225372,0.03621680988364104,0.07243361976728208,0.10865042965092311
0.095,0.48,0.575,0.16521739130434784,0.13183277081868883,1.3877133770388297,0.036832770818688826,0.07366554163737765,0.11049831245606648
0.095,0.485,0.58,0.16379310344827588,0.1324573553119478,1.394287950652082,0.0374573553119478,0.0749147106238956,0.1123720659358434
0.095,0.49,0.585,0.1623931623931624,0.13309077873339603,1.400955565614695,0.03809077873339603,0.07618155746679206,0.11427233620018809
0.095,0.495,0.59,0.1610169491525424,0.13373326437274202,1.4077185723446528,0.03873326437274202,0.07746652874548404,0.11619979311822606
0.095,0.5,0.595,0.1596638655462185,0.13438504382840044,1.4145794087200045,0.03938504382840044,0.07877008765680088,0.11815513148520132
0.095,0.505,0.6,0.15833333333333335,0.1350463574205446,1.4215406044267853,0.040046357420544604,0.08009271484108921,0.12013907226163381
0.095,0.51,0.605,0.15702479338842976,0.1357174546300416,1.428604785579385,0.04071745463004159,0.08143490926008318,0.12215236389012477
0.095,0.515,0.61,0.1557377049180328,0.1363985945652395,1.4357746796341,0.041398594565239505,0.08279718913047901,0.12419578369571851
0.095,0.52,0.615,0.15447154471544716,0.13709004645875078,1.4430531206184292,0.04209004645875078,0.08418009291750156,0.12627013937625234
0.095,0.525,0.62,0.1532258064516129,0.13779209019656924,1.4504430547007288,0.04279209019656924,0.08558418039313848,0.1283762705897077
0.095,0.53,0.625,0.152,0.13850501688207917,1.4579475461271492,0.04350501688207917,0.08701003376415833,0.1305150506462375
0.095,0.535,0.63,0.15079365079365079,0.13922912943774624,1.4655697835552235,0.044229129437746234,0.08845825887549247,0.1326873883132387
0.095,0.54,0.635,0.14960629921259844,0.13996474324755115,1.4733130868163278,0.04496474324755115,0.0899294864951023,0.13489422974265344
0.095,0.545,0.64,0.1484375,0.14071218684351483,1.4811809141422614,0.04571218684351483,0.09142437368702966,0.1371365605305445
0.095,0.55,0.645,0.14728682170542634,0.14147180263999393,1.4891768698946728,0.046471802639993925,0.09294360527998785,0.13941540791998178
0.095,0.555,0.65,0.14615384615384616,0.14224394771978466,1.4973047128398385,0.04724394771978466,0.09448789543956931,0.14173184315935397
0.095,0.56,0.655,0.1450381679389313,0.14302899467648011,1.5055683650155802,0.04802899467648011,0.09605798935296023,0.14408698402944034
0.095,0.565,0.6599999999999999,0.14393939393939395,0.14382733251797475,1.5139719212418394,0.04882733251797475,0.0976546650359495,0.14648199755392424
0.095,0.57,0.6649999999999999,0.14285714285714288,0.14463936763651608,1.5225196593317483,0.04963936763651608,0.09927873527303216,0.14891810290954824
0.095,0.575,0.6699999999999999,0.14179104477611942,0.14546552485126374,1.531216051065934,0.05046552485126374,0.10093104970252748,0.1513965745537912
0.095,0.58,0.6749999999999999,0.14074074074074075,0.14630624852995566,1.5400657739995334,0.05130624852995566,0.10261249705991132,0.15391874558986698
0.095,0.585,0.6799999999999999,0.13970588235294118,0.14716200379698363,1.549073724178775,0.05216200379698363,0.10432400759396726,0.1564860113909509
0.095,0.59,0.6849999999999999,0.13868613138686134,0.14803327783598674,1.558245029852492,0.05303327783598674,0.10606655567197348,0.15909983350796023
0.095,0.595,0.69,0.13768115942028986,0.14892058129596708,1.5675850662733377,0.05392058129596708,0.10784116259193416,0.16176174388790124
0.095,0.6,0.695,0.1366906474820144,0.1498244498109541,1.5770994716942537,0.05482444981095411,0.10964889962190821,0.16447334943286232
0.1,0.005,0.10500000000000001,0.9523809523809523,0.10025969332569007,1.0025969332569007,0.00025969332569006354,0.0005193866513801271,0.0007790799770701906
0.1,0.01,0.11,0.9090909090909092,0.10052123457723461,1.005212345772346,0.0005212345772346028,0.0010424691544692055,0.0015637037317038083
0.1,0.015,0.115,0.8695652173913043,0.10078464634566686,1.0078464634566686,0.0007846463456668562,0.0015692926913337124,0.0023539390370005686
0.1,0.02,0.12000000000000001,0.8333333333333333,0.1010499516200718,1.010499516200718,0.0010499516200717929,0.0020999032401435858,0.0031498548602153786
0.1,0.025,0.125,0.8,0.10131717379681726,1.0131717379681726,0.0013171737968172559,0.0026343475936345118,0.003951521390451768
0.1,0.03,0.13,0.7692307692307693,0.10158633668905304,1.0158633668905304,0.0015863366890530306,0.003172673378106061,0.004759010067159092
0.1,0.035,0.135,0.7407407407407407,0.10185746453648459,1.0185746453648459,0.001857464536484582,0.003714929072969164,0.005572393609453746
0.1,0.04,0.14,0.7142857142857143,0.10213058201543435,1.0213058201543435,0.0021305820154343402,0.0042611640308686805,0.006391746046303021
0.1,0.045,0.14500000000000002,0.689655172413793,0.10240571424919631,1.0240571424919631,0.0024057142491963057,0.0048114284983926114,0.007217142747588917
0.1,0.05,0.15000000000000002,0.6666666666666666,0.1026828868186993,1.026828868186993,0.0026828868186992982,0.0053657736373985965,0.008048660456097895
0.1,0.055,0.155,0.6451612903225807,0.10296212577348507,1.0296212577348507,0.0029621257734850637,0.005924251546970127,0.008886377320455191
0.1,0.06,0.16,0.625,0.10324345764301557,1.0324345764301557,0.0032434576430155626,0.006486915286031125,0.009730372929046688
0.1,0.065,0.165,0.6060606060606061,0.1035269094483211,1.035269094483211,0.003526909448321097,0.007053818896642194,0.010580728344963292
0.1,0.07,0.17,0.5882352941176471,0.1038125087139995,1.038125087139995,0.0038125087139994907,0.007625017427998981,0.011437526141998472
0.1,0.075,0.175,0.5714285714285715,0.1041002834805812,1.041002834805812,0.004100283480581196,0.008200566961162392,0.012300850441743588
0.1,0.08,0.18,0.5555555555555556,0.10439026231727289,1.0439026231727289,0.0043902623172728805,0.008780524634545761,0.013170786951818642
0.1,0.085,0.185,0.5405405405405406,0.10468247433509381,1.0468247433509381,0.004682474335093806,0.009364948670187612,0.014047423005281418
0.1,0.09,0.19,0.5263157894736842,0.10497694920041822,1.0497694920041822,0.004976949200418218,0.009953898400836436,0.014930847601254654
0.1,0.095,0.195,0.5128205128205129,0.10527371714894196,1.0527371714894196,0.005273717148941953,0.010547434297883906,0.01582115144682586
0.1,0.1,0.2,0.5,0.10557280900008414,1.0557280900008414,0.005572809000084139,0.011145618000168278,0.016718427000252417
0.1,0.105,0.20500000000000002,0.4878048780487805,0.10587425617184631,1.0587425617184631,0.005874256171846309,0.011748512343692619,0.017622768515538928
0.1,0.11,0.21000000000000002,0.47619047619047616,0.10617809069614126,1.0617809069614126,0.006178090696141253,0.012356181392282506,0.01853427208842376
0.1,0.115,0.21500000000000002,0.46511627906976744,0.10648434523461325,1.0648434523461325,0.006484345234613248,0.012968690469226496,0.019453035703839744
0.1,0.12,0.22,0.4545454545454546,0.1067930530949649,1.067930530949649,0.00679305309496489,0.01358610618992978,0.02037915928489467
0.1,0.125,0.225,0.4444444444444445,0.10710424824781462,1.0710424824781462,0.00710424824781461,0.01420849649562922,0.02131274474344383
0.1,0.13,0.23,0.43478260869565216,0.10741796534410064,1.0741796534410064,0.0074179653441006355,0.014835930688201271,0.022253896032301906
0.1,0.135,0.23500000000000001,0.425531914893617,0.1077342397330574,1.077342397330574,0.007734239733057396,0.015468479466114793,0.02320271919917219
0.1,0.14,0.24000000000000002,0.41666666666666663,0.10805310748078267,1.0805310748078267,0.008053107480782667,0.016106214961565335,0.024159322442348002
0.1,0.145,0.245,0.40816326530612246,0.108374605389423,1.08374605389423,0.008374605389423001,0.016749210778846002,0.025123816168269003
0.1,0.15,0.25,0.4,0.10869877101699832,1.0869877101699832,0.008698771016998313,0.017397542033996627,0.02609631305099494
0.1,0.155,0.255,0.39215686274509803,0.10902564269789439,1.0902564269789439,0.009025642697894382,0.018051285395788763,0.027076928093683145
0.1,0.16,0.26,0.38461538461538464,0.10935525956404835,1.0935525956404835,0.00935525956404834,0.01871051912809668,0.02806577869214502
0.1,0.165,0.265,0.37735849056603776,0.10968766156685594,1.0968766156685594,0.009687661566855937,0.019375323133711875,0.029062984700567812
0.1,0.17,0.27,0.37037037037037035,0.11002288949983108,1.1002288949983108,0.010022889499831072,0.020045778999662145,0.030068668499493217
0.1,0.175,0.275,0.36363636363636365,0.11036098502204694,1.1036098502204694,0.010360985022046937,0.020721970044093874,0.03108295506614081
0.1,0.18,0.28,0.35714285714285715,0.11070199068239239,1.107019906823924,0.010701990682392387,0.021403981364784774,0.03210597204717716
0.1,0.185,0.28500000000000003,0.3508771929824561,0.11104594994467798,1.1104594994467798,0.011045949944677974,0.022091899889355948,0.03313784983403392
0.1,0.19,0.29000000000000004,0.3448275862068965,0.11139290721362605,1.1139290721362605,0.011392907213626041,0.022785814427252082,0.034178721640878124
0.1,0.195,0.29500000000000004,0.3389830508474576,0.11174290786178409,1.117429078617841,0.011742907861784085,0.02348581572356817,0.035228723585352256
0.1,0.2,0.30000000000000004,0.3333333333333333,0.11209599825739935,1.1209599825739935,0.012095998257399349,0.024191996514798697,0.036287994772198046
0.1,0.205,0.305,0.3278688524590164,0.11245222579329661,1.1245222579329661,0.012452225793296606,0.024904451586593213,0.03735667737988982
0.1,0.21,0.31,0.32258064516129037,0.11281163891680368,1.1281163891680368,0.012811638916803675,0.02562327783360735,0.038434916750411025
0.1,0.215,0.315,0.3174603174603175,0.11317428716076794,1.1317428716076794,0.013174287160767933,0.026348574321535867,0.0395228614823038
0.1,0.22,0.32,0.3125,0.11354022117571427,1.1354022117571427,0.013540221175714268,0.027080442351428535,0.0406206635271428
0.1,0.225,0.325,0.3076923076923077,0.1139094927631934,1.139094927631934,0.013909492763193393,0.027818985526386786,0.04172847828958018
0.1,0.23,0.33,0.30303030303030304,0.11428215491037474,1.1428215491037474,0.01428215491037474,0.02856430982074948,0.04284646473112422
0.1,0.235,0.33499999999999996,0.2985074626865672,0.11465826182593863,1.1465826182593863,0.014658261825938629,0.029316523651877258,0.043974785477815886
0.1,0.24,0.33999999999999997,0.2941176470588236,0.11503786897732793,1.1503786897732793,0.015037868977327923,0.030075737954655846,0.04511360693198377
0.1,0.245,0.345,0.2898550724637682,0.11542103312941987,1.1542103312941987,0.015421033129419864,0.03084206625883973,0.04626309938825959
0.1,0.25,0.35,0.28571428571428575,0.11580781238468452,1.1580781238468452,0.01580781238468451,0.03161562476936902,0.04742343715405353
0.1,0.255,0.355,0.28169014084507044,0.1161982662248976,1.161982662248976,0.01619826622489759,0.03239653244979518,0.04859479867469277
0.1,0.26,0.36,0.2777777777777778,0.11659245555448128,1.1659245555448128,0.016592455554481272,0.033184911108962545,0.04977736666344382
0.1,0.265,0.365,0.27397260273972607,0.11699044274554815,1.1699044274554815,0.016990442745548145,0.03398088549109629,0.050971328236644436
0.1,0.27,0.37,0.2702702702702703,0.11739229168473075,1.1739229168473075,0.01739229168473075,0.0347845833694615,0.052176875054192245
0.1,0.275,0.375,0.26666666666666666,0.11779806782188074,1.1779806782188074,0.01779806782188073,0.03559613564376146,0.05339420346564219
0.1,0.28,0.38,0.2631578947368421,0.11820783822072745,1.1820783822072745,0.01820783822072744,0.03641567644145488,0.05462351466218232
0.1,0.285,0.385,0.25974025974025977,0.11862167161159265,1.1862167161159265,0.018621671611592644,0.03724334322318529,0.05586501483477793
0.1,0.29,0.39,0.25641025641025644,0.11903963844625975,1.1903963844625975,0.01903963844625975,0.0380792768925195,0.05711891533877925
0.1,0.295,0.395,0.25316455696202533,0.11946181095510555,1.1946181095510555,0.019461810955105546,0.03892362191021109,0.05838543286531664
0.1,0.3,0.4,0.25,0.11988826320660662,1.1988826320660662,0.01988826320660661,0.03977652641321322,0.05966478961981983
0.1,0.305,0.405,0.24691358024691357,0.12031907116933793,1.2031907116933793,0.020319071169337927,0.04063814233867585,0.06095721350801378
0.1,0.31,0.41000000000000003,0.24390243902439024,0.12075431277659221,1.207543127765922,0.020754312776592204,0.04150862555318441,0.06226293832977661
0.1,0.315,0.41500000000000004,0.24096385542168675,0.1211940679937511,1.211940679937511,0.021194067993751092,0.042388135987502185,0.06358220398125328
0.1,0.32,0.42000000000000004,0.23809523809523808,0.12163841888855165,1.2163841888855165,0.02163841888855164,0.04327683777710328,0.06491525666565492
0.1,0.325,0.42500000000000004,0.23529411764705882,0.12208744970439667,1.2208744970439667,0.02208744970439666,0.04417489940879332,0.06626234911318998
0.1,0.33,0.43000000000000005,0.23255813953488372,0.12254124693686874,1.2254124693686874,0.022541246936868736,0.04508249387373747,0.06762374081060621
0.1,0.335,0.43500000000000005,0.22988505747126436,0.12299989941361755,1.2299989941361755,0.022999899413617547,0.045999798827235094,0.06899969824085264
0.1,0.34,0.44000000000000006,0.22727272727272727,0.12346349837779835,1.2346349837779835,0.023463498377798347,0.046926996755596695,0.07039049513339504
0.1,0.345,0.44499999999999995,0.22471910112359555,0.12393213757525401,1.23932137575254,0.023932137575254003,0.04786427515050801,0.07179641272576201
0.1,0.35,0.44999999999999996,0.22222222222222227,0.12440591334564177,1.2440591334564177,0.024405913345641767,0.04881182669128353,0.0732177400369253
0.1,0.355,0.45499999999999996,0.2197802197802198,0.12488492471772206,1.2488492471772206,0.02488492471772205,0.0497698494354441,0.07465477415316615
0.1,0.36,0.45999999999999996,0.2173913043478261,0.12536927350903693,1.2536927350903693,0.02536927350903692,0.05073854701807384,0.07610782052711076
0.1,0.365,0.46499999999999997,0.21505376344086025,0.12585906443022354,1.2585906443022354,0.02585906443022354,0.05171812886044708,0.07757719329067062
0.1,0.37,0.47,0.21276595744680854,0.12635440519422347,1.2635440519422347,0.026354405194223468,0.052708810388446936,0.0790632155826704
0.1,0.375,0.475,0.2105263157894737,0.12685540663066408,1.2685540663066408,0.026855406630664075,0.05371081326132815,0.08056621989199222
0.1,0.38,0.48,0.20833333333333334,0.1273621828057091,1.273621828057091,0.027362182805709095,0.05472436561141819,0.08208654841712729
0.1,0.385,0.485,0.2061855670103093,0.1278748511476936,1.278748511476936,0.027874851147693586,0.05574970229538717,0.08362455344308076
0.1,0.39,0.49,0.20408163265306123,0.1283935325788813,1.283935325788813,0.028393532578881303,0.056787065157762606,0.08518059773664391
0.1,0.395,0.495,0.20202020202020204,0.12891835165370524,1.2891835165370524,0.028918351653705238,0.057836703307410475,0.08675505496111571
0.1,0.4,0.5,0.2,0.12944943670387588,1.2944943670387588,0.02944943670387587,0.05889887340775174,0.08834831011162761
0.1,0.405,0.505,0.19801980198019803,0.12998691999077094,1.2998691999077094,0.02998691999077094,0.05997383998154188,0.08996075997231281
0.1,0.41,0.51,0.19607843137254902,0.13053093786554804,1.3053093786554804,0.03053093786554803,0.06106187573109606,0.09159281359664409
0.1,0.415,0.515,0.1941747572815534,0.13108163093745306,1.3108163093745306,0.03108163093745306,0.06216326187490612,0.09324489281235918
0.1,0.42,0.52,0.19230769230769232,0.13163914425083267,1.3163914425083267,0.03163914425083267,0.06327828850166534,0.094917432752498
0.1,0.425,0.525,0.19047619047619047,0.1322036274713948,1.322036274713948,0.0322036274713948,0.0644072549427896,0.09661088241418439
0.1,0.43,0.53,0.18867924528301888,0.1327752350823015,1.327752350823015,0.032775235082301485,0.06555047016460297,0.09832570524690445
0.1,0.435,0.535,0.18691588785046728,0.13335412659072376,1.3335412659072376,0.03335412659072376,0.06670825318144752,0.10006237977217128
0.1,0.44,0.54,0.18518518518518517,0.13394046674553162,1.3394046674553162,0.03394046674553161,0.06788093349106322,0.10182140023659483
0.1,0.445,0.545,0.1834862385321101,0.13453442576684826,1.3453442576684826,0.03453442576684826,0.06906885153369652,0.10360327730054478
0.1,0.45,0.55,0.18181818181818182,0.1351361795882493,1.351361795882493,0.0351361795882493,0.0702723591764986,0.1054085387647479
0.1,0.455,0.555,0.18018018018018017,0.1357459101124524,1.357459101124524,0.0357459101124524,0.0714918202249048,0.1072377303373572
0.1,0.46,0.56,0.17857142857142858,0.1363638054814058,1.363638054814058,0.0363638054814058,0.0727276109628116,0.10909141644421741
0.1,0.465,0.5650000000000001,0.17699115044247787,0.13699006036175843,1.3699006036175843,0.03699006036175842,0.07398012072351684,0.11097018108527526
0.1,0.47,0.57,0.1754385964912281,0.13762487624677344,1.3762487624677344,0.03762487624677344,0.07524975249354687,0.11287462874032031
0.1,0.475,0.575,0.1739130434782609,0.13826846177583185,1.3826846177583185,0.03826846177583185,0.0765369235516637,0.11480538532749554
0.1,0.48,0.58,0.1724137931034483,0.1389210330727696,1.389210330727696,0.03892103307276959,0.07784206614553918,0.11676309921830877
0.1,0.485,0.585,0.17094017094017097,0.13958281410439233,1.3958281410439233,0.03958281410439232,0.07916562820878464,0.11874844231317697
0.1,0.49,0.59,0.16949152542372883,0.1402540370606279,1.402540370606279,0.040254037060627884,0.08050807412125577,0.12076211118188365
0.1,0.495,0.595,0.16806722689075632,0.14093494275789997,1.4093494275789997,0.04093494275789997,0.08186988551579993,0.1228048282736999
0.1,0.5,0.6,0.16666666666666669,0.14162578106744295,1.4162578106744295,0.04162578106744294,0.08325156213488588,0.12487734320232882
0.1,0.505,0.605,0.1652892561983471,0.14232681137042857,1.4232681137042857,0.04232681137042857,0.08465362274085714,0.1269804341112857
0.1,0.51,0.61,0.1639344262295082,0.14303830304194165,1.4303830304194165,0.043038303041941645,0.08607660608388329,0.12911490912582493
0.1,0.515,0.615,0.1626016260162602,0.14376053596602378,1.4376053596602378,0.04376053596602378,0.08752107193204756,0.13128160789807133
0.1,0.52,0.62,0.16129032258064518,0.14449380108420506,1.4449380108420506,0.04449380108420506,0.08898760216841012,0.13348140325261518
0.1,0.525,0.625,0.16,0.14523840098016927,1.4523840098016927,0.04523840098016926,0.09047680196033853,0.1357152029405078
0.1,0.53,0.63,0.15873015873015875,0.14599465050344096,1.4599465050344096,0.045994650503440954,0.09198930100688191,0.13798395151032286
0.1,0.535,0.635,0.15748031496062992,0.1467628774352593,1.4676287743525929,0.04676287743525928,0.09352575487051856,0.14028863230577784
0.1,0.54,0.64,0.15625,0.1475434232001056,1.475434232001056,0.0475434232001056,0.0950868464002112,0.1426302696003168
0.1,0.545,0.645,0.15503875968992248,0.1483366436266873,1.483366436266873,0.0483366436266873,0.0966732872533746,0.1450099308800619
0.1,0.55,0.65,0.15384615384615385,0.1491429097625575,1.491429097625575,0.0491429097625575,0.098285819525115,0.1474287292876725
0.1,0.555,0.655,0.15267175572519084,0.14996260874696754,1.4996260874696754,0.049962608746967535,0.09992521749393507,0.1498878262409026
0.1,0.56,0.66,0.15151515151515152,0.1507961447470123,1.507961447470123,0.0507961447470123,0.1015922894940246,0.1523884342410369
0.1,0.565,0.6649999999999999,0.15037593984962408,0.15164393996265402,1.5164393996265402,0.05164393996265401,0.10328787992530802,0.15493181988796204
0.1,0.57,0.6699999999999999,0.1492537313432836,0.15250643570678946,1.5250643570678946,0.05250643570678945,0.1050128714135789,0.15751930712036835
0.1,0.575,0.6749999999999999,0.14814814814814817,0.1533840935671804,1.5338409356718041,0.05338409356718041,0.10676818713436081,0.16015228070154122
0.1,0.58,0.6799999999999999,0.1470588235294118,0.15427739665780316,1.5427739665780316,0.05427739665780315,0.1085547933156063,0.16283218997340945
0.1,0.585,0.6849999999999999,0.14598540145985403,0.15518685096799467,1.5518685096799467,0.055186850967994666,0.11037370193598933,0.165560552903984
0.1,0.59,0.69,0.1449275362318841,0.15611298681870867,1.5611298681870867,0.05611298681870866,0.11222597363741732,0.16833896045612598
0.1,0.595,0.695,0.14388489208633096,0.1570563604362416,1.570563604362416,0.0570563604362416,0.1141127208724832,0.1711690813087248
0.1,0.6,0.7,0.14285714285714288,0.15801755565497966,1.5801755565497966,0.05801755565497965,0.1160351113099593,0.17405266696493896
0.105,0.005,0.11,0.9545454545454545,0.10527316949458743,1.002601614234166,0.00027316949458743023,0.0005463389891748605,0.0008195084837622907
0.105,0.01,0.11499999999999999,0.9130434782608696,0.10554828865594235,1.0052217967232604,0.00054828865594235,0.0010965773118847,0.00164486596782705
0.105,0.015,0.12,0.875,0.1058253814074217,1.0078607753087783,0.0008253814074217075,0.001650762814843415,0.0024761442222651225
0.105,0.02,0.125,0.84,0.10610447209566598,1.0105187818634855,0.0011044720956659843,0.0022089441913319685,0.0033134162869979528
0.105,0.025,0.13,0.8076923076923076,0.10638558550045973,1.013196052385331,0.0013855855004597378,0.0027711710009194757,0.0041567565013792135
0.105,0.03,0.135,0.7777777777777777,0.10666874684487915,1.0158928270940872,0.0016687468448791515,0.003337493689758303,0.0050062405346374544
0.105,0.035,0.14,0.7499999999999999,0.10695398180573557,1.018609350530815,0.001953981805735569,0.003907963611471138,0.005861945417206707
0.105,0.04,0.145,0.7241379310344828,0.10724131652432534,1.0213458716602413,0.0022413165243253402,0.0044826330486506805,0.006723949572976021
0.105,0.045,0.15,0.7,0.10753077761749774,1.024102643976169,0.0025307776174977453,0.005061555234995491,0.007592332852493236
0.105,0.05,0.155,0.6774193548387096,0.10782239218905143,1.0268799256100136,0.002822392189051434,0.005644784378102868,0.008467176567154303
0.105,0.055,0.16,0.65625,0.10811618784147081,1.0296779794425792,0.003116187841470816,0.006232375682941632,0.009348563524412448
0.105,0.06,0.16499999999999998,0.6363636363636365,0.10841219268801605,1.0324970732192005,0.0034121926880160552,0.0068243853760321105,0.010236578064048166
0.105,0.065,0.16999999999999998,0.6176470588235294,0.108710435365178,1.0353374796683619,0.003710435365177997,0.007420870730355994,0.011131306095533991
0.105,0.07,0.175,0.6,0.10901094504551201,1.038199476623924,0.004010945045512013,0.008021890091024025,0.012032835136536038
0.105,0.075,0.18,0.5833333333333334,0.10931375145086353,1.0410833471510812,0.004313751450863532,0.008627502901727063,0.012941254352590595
0.105,0.08,0.185,0.5675675675675675,0.10961888486600235,1.043989379676213,0.004618884866002357,0.009237769732004714,0.01385665459800707
0.105,0.085,0.19,0.5526315789473684,0.10992637615267709,1.0469178681207343,0.004926376152677089,0.009852752305354179,0.014779128458031268
0.105,0.09,0.195,0.5384615384615384,0.11023625676410864,1.04986911203913,0.005236256764108646,0.010472513528217292,0.015708770292325938
0.105,0.095,0.2,0.5249999999999999,0.11054855875993697,1.0528434167613046,0.0055485587599369696,0.011097117519873939,0.01664567627981091
0.105,0.1,0.20500000000000002,0.5121951219512194,0.11086331482164014,1.05584109353943,0.005863314821640139,0.011726629643280279,0.017589944464920418
0.105,0.105,0.21,0.5,0.11118055826844109,1.058862459699439,0.0061805582684410915,0.012361116536882183,0.018541674805323274
0.105,0.11,0.215,0.4883720930232558,0.1115003230737236,1.0619078387973677,0.006500323073723599,0.013000646147447198,0.019500969221170797
0.105,0.115,0.22,0.47727272727272724,0.11182264388197427,1.0649775607807075,0.006822643881974275,0.01364528776394855,0.020467931645922824
0.105,0.12,0.22499999999999998,0.4666666666666667,0.11214755602627291,1.0680719621549801,0.007147556026272914,0.014295112052545828,0.02144266807881874
0.105,0.125,0.22999999999999998,0.4565217391304348,0.11247509554635204,1.0711913861557338,0.007475095546352048,0.014950191092704096,0.022425286639056144
0.105,0.13,0.235,0.4468085106382979,0.11280529920724625,1.0743361829261548,0.00780529920724625,0.0156105984144925,0.02341589762173875
0.105,0.135,0.24,0.4375,0.1131382045185576,1.0775067097005486,0.00813820451855761,0.01627640903711522,0.02441461355567283
0.105,0.14,0.245,0.42857142857142855,0.11347384975435892,1.0807033309938945,0.008473849754358928,0.016947699508717856,0.025421549263076784
0.105,0.145,0.25,0.42,0.11381227397376192,1.0839264187977327,0.008812273973761928,0.017624547947523855,0.026436821921285783
0.105,0.15,0.255,0.4117647058823529,0.11415351704217502,1.0871763527826193,0.009153517042175027,0.018307034084350055,0.027460551126525082
0.105,0.155,0.26,0.4038461538461538,0.1144976196532822,1.0904535205074495,0.009497619653282205,0.01899523930656441,0.028492858959846615
0.105,0.16,0.265,0.3962264150943396,0.11484462335176804,1.093758317635886,0.009844623351768042,0.019689246703536084,0.029533870055304126
0.105,0.165,0.27,0.38888888888888884,0.11519457055682247,1.0970911481602141,0.010194570556822477,0.020389141113644954,0.03058371167046743
0.105,0.17,0.275,0.3818181818181818,0.11554750458645624,1.1004524246329166,0.010547504586456244,0.021095009172912488,0.03164251375936873
0.105,0.175,0.27999999999999997,0.375,0.11590346968266152,1.1038425684063002,0.010903469682661523,0.021806939365323047,0.03271040904798457
0.105,0.18,0.285,0.368421052631579,0.11626251103745089,1.1072620098804846,0.011262511037450892,0.022525022074901785,0.03378753311235268
0.105,0.185,0.29,0.3620689655172414,0.11662467481981564,1.110711188760149,0.011624674819815647,0.023249349639631295,0.03487402445944694
0.105,0.19,0.295,0.3559322033898305,0.11699000820363725,1.1141905543203547,0.011990008203637256,0.023980016407274513,0.03597002461091177
0.105,0.195,0.3,0.35,0.1173585593965979,1.1177005656818848,0.012358559396597898,0.024717118793195797,0.037075678189793695
0.105,0.2,0.305,0.3442622950819672,0.11773037767012817,1.1212416920964587,0.012730377670128176,0.025460755340256352,0.03819113301038453
0.105,0.205,0.31,0.3387096774193548,0.11810551339044195,1.1248144132423044,0.013105513390441956,0.02621102678088391,0.03931654017132587
0.105,0.21,0.315,0.3333333333333333,0.11848401805069986,1.128419219530475,0.013484018050699861,0.026968036101399723,0.040452054152099584
0.105,0.215,0.32,0.328125,0.11886594430435748,1.1320566124224523,0.013865944304357489,0.027731888608714977,0.041597832913072466
0.105,0.22,0.325,0.32307692307692304,0.11925134599974441,1.1357271047594706,0.01425134599974441,0.02850269199948882,0.04275403799923323
0.105,0.225,0.33,0.3181818181818182,0.11964027821593437,1.1394312211041369,0.014640278215934374,0.02928055643186875,0.04392083464780312
0.105,0.23,0.335,0.3134328358208955,0.12003279729996041,1.1431694980948612,0.015032797299960418,0.030065594599920836,0.045098391899881254
0.105,0.235,0.33999999999999997,0.3088235294117647,0.12042896090543842,1.1469424848136993,0.015428960905438424,0.03085792181087685,0.04628688271631527
0.105,0.24,0.345,0.30434782608695654,0.12082882803266215,1.150750743168211,0.015828828032662154,0.03165765606532431,0.04748648409798646
0.105,0.245,0.35,0.3,0.12123245907023694,1.1545948482879709,0.016232459070236946,0.03246491814047389,0.04869737721071084
0.105,0.25,0.355,0.29577464788732394,0.12163991583832512,1.1584753889364297,0.016639915838325123,0.033279831676650246,0.04991974751497537
0.105,0.255,0.36,0.2916666666666667,0.12205126163357527,1.162392967938812,0.017051261633575274,0.03410252326715055,0.05115378490072582
0.105,0.26,0.365,0.2876712328767123,0.1224665612758179,1.1663482026268372,0.017466561275817902,0.034933122551635803,0.052399683827453705
0.105,0.265,0.37,0.28378378378378377,0.12288588115660826,1.170341725301031,0.01788588115660826,0.03577176231321652,0.05365764346982478
0.105,0.27,0.375,0.27999999999999997,0.12330928928970597,1.1743741837114854,0.018309289289705974,0.03661857857941195,0.05492786786911792
0.105,0.275,0.38,0.2763157894736842,0.12373685536358436,1.1784462415579464,0.018736855363584368,0.037473710727168735,0.0562105660907531
0.105,0.28,0.385,0.2727272727272727,0.12416865079606798,1.1825585790101714,0.019168650796067985,0.03833730159213597,0.057505952388203954
0.105,0.285,0.38999999999999996,0.2692307692307693,0.12460474879120154,1.1867118932495384,0.01960474879120154,0.03920949758240308,0.05881424637360462
0.105,0.29,0.39499999999999996,0.2658227848101266,0.12504522439846188,1.1909068990329703,0.02004522439846189,0.04009044879692378,0.06013567319538567
0.105,0.295,0.39999999999999997,0.2625,0.12549015457442692,1.1951443292802564,0.02049015457442692,0.04098030914885384,0.06147046372328076
0.105,0.3,0.40499999999999997,0.25925925925925924,0.1259396182470276,1.1994249356859772,0.0209396182470276,0.0418792364940552,0.0628188547410828
0.105,0.305,0.41,0.25609756097560976,0.1263936963825103,1.203749489357241,0.021393696382510305,0.04278739276502061,0.06418108914753091
0.105,0.31,0.415,0.25301204819277107,0.1268524720552503,1.2081187814785743,0.021852472055250302,0.043704944110500604,0.0655574161657509
0.105,0.315,0.42,0.25,0.12731603052056073,1.2125336240053404,0.022316030520560734,0.04463206104112147,0.0669480915616822
0.105,0.32,0.425,0.24705882352941178,0.12778445929065396,1.2169948503871806,0.022784459290653966,0.04556891858130793,0.0683533778719619
0.105,0.325,0.43,0.2441860465116279,0.12825784821391795,1.221503316323028,0.02325784821391795,0.0465156964278359,0.06977354464175385
0.105,0.33,0.435,0.24137931034482757,0.1287362895576849,1.22605990054938,0.023736289557684906,0.04747257911536981,0.07120886867305472
0.105,0.335,0.44,0.23863636363636362,0.12921987809467483,1.2306655056635698,0.024219878094674838,0.048439756189349675,0.07265963428402451
0.105,0.34,0.445,0.23595505617977527,0.12970871119331517,1.235321058983954,0.024708711193315178,0.049417422386630355,0.07412613357994553
0.105,0.345,0.44999999999999996,0.23333333333333334,0.1302028889121407,1.2400275134489591,0.025202888912140717,0.050405777824281434,0.07560866673642215
0.105,0.35,0.45499999999999996,0.23076923076923078,0.13070251409850264,1.2447858485571681,0.025702514098502646,0.05140502819700529,0.07710754229550794
0.105,0.355,0.45999999999999996,0.2282608695652174,0.13120769249181918,1.249597071350659,0.026207692491819187,0.052415384983638375,0.07862307747545756
0.105,0.36,0.46499999999999997,0.22580645161290322,0.13171853283162327,1.2544622174440312,0.026718532831623273,0.05343706566324655,0.08015559849486982
0.105,0.365,0.47,0.22340425531914895,0.13223514697067573,1.2593823521016736,0.027235146970675736,0.05447029394135147,0.08170544091202721
0.105,0.37,0.475,0.22105263157894736,0.13275764999342965,1.2643585713659966,0.027757649993429653,0.05551529998685931,0.08327294998028896
0.105,0.375,0.48,0.21875,0.1332861603401545,1.2693920032395667,0.028286160340154506,0.05657232068030901,0.08485848102046352
0.105,0.38,0.485,0.21649484536082475,0.1338207999370441,1.2744838089242296,0.028820799937044103,0.057641599874088206,0.08646239981113231
0.105,0.385,0.49,0.21428571428571427,0.13436169433265865,1.2796351841205587,0.029361694332658658,0.058723388665317316,0.08808508299797597
0.105,0.39,0.495,0.21212121212121213,0.13490897284107406,1.2848473603911816,0.029908972841074064,0.05981794568214813,0.08972691852322219
0.105,0.395,0.5,0.21,0.1354627686921348,1.29012160659176,0.03046276869213481,0.06092553738426962,0.09138830607640443
0.105,0.4,0.505,0.2079207920792079,0.13602321918923987,1.2954592303737131,0.03102321918923988,0.06204643837847976,0.09306965756771964
0.105,0.405,0.51,0.20588235294117646,0.1365904658751157,1.3008615797630068,0.0315904658751157,0.0631809317502314,0.0947713976253471
0.105,0.41,0.515,0.20388349514563106,0.13716465470606765,1.306330044819692,0.03216465470606765,0.0643293094121353,0.09649396411820295
0.105,0.415,0.52,0.2019230769230769,0.13774593623523146,1.3118660593831568,0.03274593623523146,0.06549187247046293,0.09823780870569439
0.105,0.42,0.525,0.19999999999999998,0.13833446580539122,1.3174711029084878,0.03333446580539122,0.06666893161078244,0.10000339741617366
0.105,0.425,0.53,0.1981132075471698,0.13893040375196386,1.323146702399656,0.033930403751963864,0.06786080750392773,0.10179121125589159
0.105,0.43,0.535,0.19626168224299065,0.13953391561680284,1.3288944344457414,0.03453391561680284,0.06906783123360569,0.10360174685040853
0.105,0.435,0.54,0.19444444444444442,0.14014517237351587,1.3347159273668179,0.03514517237351587,0.07029034474703175,0.10543551712054762
0.105,0.44,0.545,0.19266055045871558,0.14076435066505022,1.3406128634766687,0.035764350665050224,0.07152870133010045,0.10729305199515067
0.105,0.445,0.55,0.1909090909090909,0.14139163305435143,1.3465869814700138,0.03639163305435143,0.07278326610870287,0.1091748991630543
0.105,0.45,0.555,0.18918918918918917,0.14202720828896975,1.3526400789425692,0.03702720828896976,0.07405441657793951,0.11108162486690927
0.105,0.455,0.56,0.18749999999999997,0.14267127158055193,1.3587740150528755,0.03767127158055193,0.07534254316110386,0.1130138147416558
0.105,0.46,0.5650000000000001,0.18584070796460175,0.14332402490023377,1.3649907133355599,0.038324024900233775,0.07664804980046755,0.11497207470070132
0.105,0.465,0.5700000000000001,0.18421052631578944,0.1439856772910305,1.371292164676481,0.038985677291030515,0.07797135458206103,0.11695703187309155
0.105,0.47,0.575,0.1826086956521739,0.14465644519840815,1.37768043046103,0.03965644519840815,0.0793128903968163,0.11896933559522445
0.105,0.475,0.58,0.1810344827586207,0.14533655282032076,1.3841576459078169,0.04033655282032077,0.08067310564064153,0.1210096584609623
0.105,0.48,0.585,0.1794871794871795,0.14602623247810165,1.3907260236009682,0.04102623247810165,0.0820524649562033,0.12307869743430495
0.105,0.485,0.59,0.17796610169491525,0.14672572500971637,1.397387857235394,0.04172572500971637,0.08345145001943274,0.1251771750291491
0.105,0.49,0.595,0.17647058823529413,0.1474352801870109,1.4041455255905801,0.04243528018701091,0.08487056037402183,0.12730584056103272
0.105,0.495,0.6,0.175,0.14815515715873329,1.4110014967498408,0.04315515715873329,0.08631031431746658,0.12946547147619986
0.105,0.5,0.605,0.17355371900826447,0.14888562492125834,1.4179583325834129,0.043885624921258345,0.08777124984251669,0.13165687476377502
0.105,0.505,0.61,0.1721311475409836,0.14962696281911858,1.4250186935154152,0.044626962819118585,0.08925392563823717,0.13388088845735574
0.105,0.51,0.615,0.17073170731707316,0.1503794610776329,1.4321853435965037,0.045379461077632896,0.09075892215526579,0.13613838323289867
0.105,0.515,0.62,0.1693548387096774,0.15114342137013004,1.4394611559060004,0.04614342137013004,0.09228684274026008,0.1384302641103901
0.105,0.52,0.625,0.16799999999999998,0.15191915742249706,1.4468491183094958,0.04691915742249707,0.09383831484499414,0.1407574722674912
0.105,0.525,0.63,0.16666666666666666,0.1527069956580357,1.45435233960034,0.0477069956580357,0.0954139913160714,0.14312098697410708
0.105,0.53,0.635,0.1653543307086614,0.1535072758858902,1.4619740560560972,0.0485072758858902,0.0970145517717804,0.14552182765767058
0.105,0.535,0.64,0.1640625,0.15432035203662564,1.4697176384440538,0.049320352036625645,0.09864070407325129,0.14796105610987692
0.105,0.54,0.645,0.1627906976744186,0.15514659294888133,1.4775865995131556,0.05014659294888134,0.10029318589776268,0.150439778846644
0.105,0.545,0.65,0.16153846153846152,0.15598638321141012,1.4855846020134298,0.05098638321141012,0.10197276642282024,0.15295914963423035
0.105,0.55,0.655,0.16030534351145037,0.1568401240652454,1.4937154672880515,0.051840124065245394,0.10368024813049079,0.15552037219573617
0.105,0.555,0.66,0.1590909090909091,0.15770823437122017,1.501983184487811,0.05270823437122017,0.10541646874244034,0.1581247031136605
0.105,0.56,0.665,0.15789473684210525,0.1585911516485946,1.5103919204628058,0.05359115164859461,0.10718230329718922,0.16077345494578382
0.105,0.565,0.6699999999999999,0.15671641791044777,0.15948933319115544,1.5189460303919566,0.05448933319115544,0.10897866638231088,0.1634679995734663
0.105,0.57,0.6749999999999999,0.15555555555555556,0.16040325726781957,1.5276500692173292,0.05540325726781957,0.11080651453563914,0.1662097718034587
0.105,0.575,0.6799999999999999,0.15441176470588236,0.16133342441553244,1.536508803957452,0.05633342441553245,0.1126668488310649,0.16900027324659733
0.105,0.58,0.6849999999999999,0.15328467153284672,0.16228035883310465,1.545527226981949,0.05728035883310466,0.11456071766620932,0.17184107649931396
0.105,0.585,0.69,0.15217391304347827,0.16324460988558698,1.5547105703389237,0.05824460988558698,0.11648921977117396,0.17473382965676093
0.105,0.59,0.695,0.1510791366906475,0.16422675372986673,1.564064321236826,0.05922675372986673,0.11845350745973346,0.17768026118960017
0.105,0.595,0.7,0.15,0.16522739507339546,1.5735942387942425,0.06022739507339546,0.12045479014679092,0.18068218522018636
0.105,0.6,0.705,0.14893617021276595,0.16624716907934323,1.5833063721842213,0.06124716907934323,0.12249433815868646,0.18374150723802968
0.11,0.005,0.115,0.9565217391304347,0.11028669531163526,1.0026063210148661,0.00028669531163526274,0.0005733906232705255,0.0008600859349057882
0.11,0.01,0.12,0.9166666666666667,0.1105754430114172,1.0052313001037927,0.0005754430114171954,0.001150886022834391,0.0017263290342515863
0.11,0.015,0.125,0.88,0.11086626837719116,1.007875167065374,0.0008662683771911567,0.0017325367543823134,0.00259880513157347
0.11,0.02,0.13,0.8461538461538461,0.11115919713592581,1.0105381557811437,0.001159197135925813,0.002318394271851626,0.003477591407777439
0.11,0.025,0.135,0.8148148148148148,0.11145425547422272,1.0132205043111155,0.0014542554742227182,0.0029085109484454363,0.0043627664226681545
0.11,0.03,0.14,0.7857142857142857,0.11175147004913355,1.015922454992123,0.0017514700491335494,0.003502940098267099,0.005254410147400648
0.11,0.035,0.14500000000000002,0.7586206896551724,0.11205086799929387,1.018644254539035,0.0020508679992938678,0.0041017359985877355,0.006152603997881603
0.11,0.04,0.15,0.7333333333333334,0.1123524769563855,1.021386154148959,0.0023524769563855047,0.004704953912771009,0.007057430869156514
0.11,0.045,0.155,0.7096774193548387,0.11265632505693945,1.0241484096085405,0.002656325056939454,0.005312650113878908,0.007968975170818363
0.11,0.05,0.16,0.6875,0.11296244095449037,1.026931281404458,0.0029624409544903724,0.005924881908980745,0.008887322863471117
0.11,0.055,0.165,0.6666666666666666,0.1132708538320969,1.0297350348372445,0.0032708538320968955,0.006541707664193791,0.009812561496290687
0.11,0.06,0.16999999999999998,0.6470588235294118,0.11358159341523943,1.0325599401385404,0.003581593415239434,0.007163186830478868,0.010744780245718302
0.11,0.065,0.175,0.6285714285714287,0.11389468998510999,1.0354062725919089,0.0038946899851099864,0.007789379970219973,0.01168406995532996
0.11,0.07,0.18,0.6111111111111112,0.11421017439230752,1.038274312657341,0.004210174392307517,0.008420348784615034,0.01263052317692255
0.11,0.075,0.185,0.5945945945945946,0.11452807807095555,1.0411643460995958,0.004528078070955552,0.009056156141911104,0.013584234212866655
0.11,0.08,0.19,0.5789473684210527,0.1148484330532552,1.044076664120502,0.004848433053255205,0.00969686610651041,0.014545299159765615
0.11,0.085,0.195,0.5641025641025641,0.11517127198449206,1.0470115634953825,0.005171271984492062,0.010342543968984125,0.015513815953476187
0.11,0.09,0.2,0.5499999999999999,0.11549662813851136,1.0499693467137396,0.0054966281385113586,0.010993256277022717,0.016489884415534076
0.11,0.095,0.20500000000000002,0.5365853658536585,0.11582453543368276,1.0529503221243888,0.005824535433682762,0.011649070867365524,0.017473606301048286
0.11,0.1,0.21000000000000002,0.5238095238095237,0.11615502844936865,1.0559548040851696,0.006155028449368646,0.012310056898737293,0.01846508534810594
0.11,0.105,0.215,0.5116279069767442,0.11648814244291994,1.058983113117454,0.006488142442919939,0.012976284885839878,0.019464427328759817
0.11,0.11,0.22,0.5,0.11682391336721532,1.0620355760655937,0.006823913367215315,0.01364782673443063,0.020471740101645944
0.11,0.115,0.225,0.4888888888888889,0.11716237788876815,1.0651125262615286,0.007162377888768154,0.014324755777536308,0.02148713366630446
0.11,0.12,0.22999999999999998,0.4782608695652174,0.11750357340642126,1.0682143036947387,0.007503573406421257,0.015007146812842515,0.022510720219263772
0.11,0.125,0.235,0.46808510638297873,0.11784753807065296,1.0713412551877541,0.007847538070652957,0.015695076141305914,0.02354261421195887
0.11,0.13,0.24,0.45833333333333337,0.11819431080351916,1.074493734577447,0.008194310803519164,0.01638862160703833,0.024582932410557493
0.11,0.135,0.245,0.4489795918367347,0.11854393131925522,1.0776721029023202,0.008543931319255224,0.017087862638510448,0.025631793957765672
0.11,0.14,0.25,0.44,0.11889644014556588,1.0808767285960534,0.008896440145565884,0.01779288029113177,0.026689320436697653
0.11,0.145,0.255,0.43137254901960786,0.11925187864562847,1.0841079876875315,0.009251878645628472,0.018503757291256945,0.027755635936885417
0.11,0.15,0.26,0.4230769230769231,0.11961028904084048,1.0873662640076407,0.009610289040840478,0.019220578081680956,0.028830867122521434
0.11,0.155,0.265,0.4150943396226415,0.11997171443434007,1.0906519494030915,0.00997171443434007,0.01994342886868014,0.02991514330302021
0.11,0.16,0.27,0.4074074074074074,0.12033619883533253,1.0939654439575686,0.01033619883533253,0.02067239767066506,0.03100859650599759
0.11,0.165,0.275,0.39999999999999997,0.12070378718425434,1.097307156220494,0.01070378718425434,0.02140757436850868,0.03211136155276302
0.11,0.17,0.28,0.39285714285714285,0.12107452537881114,1.1006775034437377,0.011074525378811137,0.022149050757622274,0.03322357613643341
0.11,0.175,0.285,0.3859649122807018,0.12144846030092527,1.1040769118265934,0.011448460300925264,0.02289692060185053,0.03434538090277579
0.11,0.18,0.29,0.37931034482758624,0.12182563984463113,1.1075058167693739,0.011825639844631128,0.023651279689262256,0.035476919533893383
0.11,0.185,0.295,0.3728813559322034,0.12220611294495864,1.1109646631359877,0.012206112944958644,0.02441222588991729,0.03661833883487593
0.11,0.19,0.3,0.3666666666666667,0.12258992960784765,1.1144539055258877,0.012589929607847647,0.025179859215695294,0.03776978882354294
0.11,0.195,0.305,0.36065573770491804,0.12297714094113543,1.1179740085557766,0.012977140941135432,0.025954281882270863,0.038931422823406295
0.11,0.2,0.31,0.3548387096774194,0.1233677991866674,1.121525447151522,0.013367799186667403,0.026735598373334807,0.04010339756000221
0.11,0.205,0.315,0.3492063492063492,0.12376195775357524,1.125108706850684,0.013761957753575235,0.02752391550715047,0.041285873260725706
0.11,0.21,0.32,0.34375,0.1241596712527786,1.128724284116169,0.014159671252778602,0.028319342505557205,0.04247901375833581
0.11,0.215,0.325,0.3384615384615384,0.12456099553275968,1.1323726866614516,0.014560995532759677,0.029121991065519354,0.04368298659827903
0.11,0.22,0.33,0.3333333333333333,0.12496598771667256,1.1360544337879324,0.014965987716672555,0.02993197543334511,0.044897963150017664
0.11,0.225,0.335,0.3283582089552239,0.12537470624084135,1.1397700567349214,0.015374706240841349,0.030749412481682697,0.046124118722524046
0.11,0.23,0.34,0.32352941176470584,0.12578721089471523,1.1435200990428658,0.01578721089471523,0.03157442178943046,0.047361632684145685
0.11,0.235,0.345,0.31884057971014496,0.12620356286234313,1.147305116930392,0.016203562862343132,0.032407125724686264,0.048610688587029396
0.11,0.24,0.35,0.31428571428571433,0.1266238247654401,1.1511256796858191,0.016623824765440096,0.03324764953088019,0.04987147429632029
0.11,0.245,0.355,0.3098591549295775,0.12704806070811647,1.154982370073786,0.017048060708116472,0.034096121416232944,0.051144182124349416
0.11,0.25,0.36,0.3055555555555556,0.1274763363233502,1.1588757847577291,0.017476336323350203,0.034952672646700406,0.05242900897005061
0.11,0.255,0.365,0.3013698630136986,0.12790871882128163,1.1628065347389238,0.01790871882128163,0.03581743764256326,0.05372615646384489
0.11,0.26,0.37,0.2972972972972973,0.12834527703941878,1.166775245812898,0.01834527703941878,0.03669055407883756,0.05503583111825634
0.11,0.265,0.375,0.29333333333333333,0.1287860814948425,1.1707825590440226,0.018786081494842496,0.03757216298968499,0.05635824448452749
0.11,0.27,0.38,0.2894736842105263,0.12923120443850977,1.1748291312591796,0.019231204438509772,0.038462408877019544,0.057693613315529316
0.11,0.275,0.385,0.2857142857142857,0.12968071991175445,1.178915635561404,0.01968071991175445,0.0393614398235089,0.05904215973526335
0.11,0.28,0.39,0.28205128205128205,0.13013470380509462,1.1830427618644965,0.02013470380509462,0.04026940761018924,0.06040411141528386
0.11,0.285,0.39499999999999996,0.2784810126582279,0.13059323391945887,1.187211217449626,0.020593233919458873,0.041186467838917745,0.06177970175837662
0.11,0.29,0.39999999999999997,0.275,0.1310563900299524,1.1914217275450218,0.021056390029952396,0.04211278005990479,0.06316917008985719
0.11,0.295,0.40499999999999997,0.271604938271605,0.13152425395228995,1.1956750359299086,0.02152425395228995,0.0430485079045799,0.06457276185686985
0.11,0.3,0.41,0.2682926829268293,0.1319969096120287,1.1999719055638973,0.0219969096120287,0.0439938192240574,0.0659907288360861
0.11,0.305,0.415,0.26506024096385544,0.13247444311674672,1.204313119243152,0.02247444311674672,0.04494888623349344,0.06742332935024016
0.11,0.31,0.42,0.2619047619047619,0.1329569428313141,1.2086994802846736,0.022956942831314095,0.04591388566262819,0.06887082849394228
0.11,0.315,0.425,0.25882352941176473,0.13344449945642078,1.213131813240189,0.023444499456420784,0.04688899891284157,0.07033349836926235
0.11,0.32,0.43,0.2558139534883721,0.13393720611052728,1.217610964641157,0.023937206110527284,0.04787441222105457,0.07181161833158185
0.11,0.325,0.435,0.25287356321839083,0.13443515841542286,1.2221378037765716,0.02443515841542286,0.04887031683084572,0.07330547524626858
0.11,0.33,0.44,0.25,0.13493845458557785,1.2267132235052531,0.02493845458557785,0.0498769091711557,0.07481536375673355
0.11,0.335,0.445,0.24719101123595505,0.1354471955214981,1.231338141104528,0.025447195521498087,0.05089439104299617,0.07634158656449426
0.11,0.34,0.45,0.24444444444444444,0.13596148490729398,1.236013499157218,0.025961484907293983,0.051922969814587966,0.07788445472188195
0.11,0.345,0.45499999999999996,0.2417582417582418,0.13648142931269713,1.2407402664790648,0.026481429312697133,0.052962858625394266,0.0794442879380914
0.11,0.35,0.45999999999999996,0.2391304347826087,0.13700713829976763,1.2455194390887967,0.027007138299767627,0.054014276599535255,0.08102141489930288
0.11,0.355,0.46499999999999997,0.23655913978494625,0.13753872453455274,1.2503520412232068,0.027538724534552736,0.05507744906910547,0.08261617360365821
0.11,0.36,0.47,0.23404255319148937,0.13807630390397552,1.2552391263997775,0.028076303903975516,0.05615260780795103,0.08422891171192655
0.11,0.365,0.475,0.23157894736842105,0.13861999563824812,1.2601817785295284,0.028619995638248116,0.05723999127649623,0.08585998691474435
0.11,0.37,0.48,0.22916666666666669,0.13916992243912696,1.2651811130829724,0.029169922439126958,0.058339844878253916,0.08750976731738087
0.11,0.375,0.485,0.2268041237113402,0.13972621061434476,1.270238278312225,0.02972621061434476,0.05945242122868952,0.08917863184303428
0.11,0.38,0.49,0.22448979591836735,0.140288990218581,1.2753544565325545,0.03028899021858099,0.06057798043716198,0.09086697065574297
0.11,0.385,0.495,0.22222222222222224,0.14085839520135401,1.2805308654668546,0.030858395201354014,0.06171679040270803,0.09257518560406204
0.11,0.39,0.5,0.22,0.14143456356224626,1.2857687596567842,0.03143456356224626,0.06286912712449252,0.09430369068673879
0.11,0.395,0.505,0.21782178217821782,0.14201763751390273,1.2910694319445704,0.03201763751390273,0.06403527502780545,0.09605291254170818
0.11,0.4,0.51,0.21568627450980393,0.14260776365327232,1.2964342150297483,0.03260776365327232,0.06521552730654465,0.09782329095981697
0.11,0.405,0.515,0.21359223300970873,0.14320509314159802,1.3018644831054365,0.033205093141598016,0.06641018628319603,0.09961527942479405
0.11,0.41,0.52,0.21153846153846154,0.14380978189369475,1.3073616535790433,0.033809781893694754,0.06761956378738951,0.10142934568108426
0.11,0.415,0.525,0.20952380952380953,0.1444219907770974,1.3129271888827034,0.034421990777097386,0.06884398155419477,0.10326597233129216
0.11,0.42,0.53,0.20754716981132074,0.14504188582169897,1.3185625983790816,0.03504188582169897,0.07008377164339794,0.1051256574650969
0.11,0.425,0.535,0.205607476635514,0.14566963844055103,1.3242694403686457,0.03566963844055103,0.07133927688110206,0.10700891532165309
0.11,0.43,0.54,0.2037037037037037,0.14630542566254234,1.3300493242049305,0.03630542566254234,0.07261085132508469,0.10891627698762703
0.11,0.435,0.545,0.20183486238532108,0.14694943037773267,1.3359039125248424,0.03694943037773267,0.07389886075546534,0.11084829113319801
0.11,0.44,0.55,0.19999999999999998,0.14760184159617418,1.3418349236015834,0.037601841596174176,0.07520368319234835,0.11280552478852253
0.11,0.445,0.555,0.19819819819819817,0.1482628547211171,1.3478441338283373,0.03826285472111711,0.07652570944223422,0.11478856416335133
0.11,0.45,0.56,0.19642857142857142,0.14893267183757097,1.3539333803415543,0.03893267183757097,0.07786534367514195,0.11679801551271292
0.11,0.455,0.5650000000000001,0.19469026548672563,0.1496115020172648,1.3601045637933165,0.03961150201726481,0.07922300403452961,0.11883450605179442
0.11,0.46,0.5700000000000001,0.19298245614035087,0.15029956164113656,1.3663596512830596,0.04029956164113656,0.08059912328227312,0.12089868492340967
0.11,0.465,0.5750000000000001,0.19130434782608693,0.1509970747405739,1.3727006794597627,0.04099707474057389,0.08199414948114778,0.12299122422172167
0.11,0.47,0.58,0.18965517241379312,0.15170427335872605,1.3791297578066004,0.04170427335872605,0.0834085467174521,0.12511282007617813
0.11,0.475,0.585,0.18803418803418806,0.15242139793332077,1.385649072121098,0.04242139793332077,0.08484279586664153,0.1272641937999623
0.11,0.48,0.59,0.1864406779661017,0.15314869770253636,1.392260888204876,0.04314869770253636,0.08629739540507272,0.12944609310760907
0.11,0.485,0.595,0.18487394957983194,0.15388643113561484,1.3989675557783168,0.04388643113561484,0.08777286227122968,0.1316592934068445
0.11,0.49,0.6,0.18333333333333335,0.15463486639004442,1.4057715126367676,0.04463486639004442,0.08926973278008885,0.13390459917013325
0.11,0.495,0.605,0.18181818181818182,0.1553942817973023,1.4126752890663845,0.0453942817973023,0.0907885635946046,0.1361828453919069
0.11,0.5,0.61,0.18032786885245902,0.15616496637932165,1.4196815125392876,0.046164966379321645,0.09232993275864329,0.13849489913796492
0.11,0.505,0.615,0.17886178861788618,0.1569472203980431,1.4267929127094827,0.046947220398043096,0.09389444079608619,0.14084166119412928
0.11,0.51,0.62,0.1774193548387097,0.15774135594062355,1.4340123267329414,0.04774135594062355,0.0954827118812471,0.14322406782187064
0.11,0.515,0.625,0.176,0.1585476975431127,1.4413427049373884,0.04854769754311271,0.09709539508622542,0.1456430926293381
0.11,0.52,0.63,0.1746031746031746,0.15936658285566807,1.4487871168697097,0.04936658285566807,0.09873316571133614,0.1480997485670042
0.11,0.525,0.635,0.1732283464566929,0.16019836335267146,1.4563487577515588,0.05019836335267146,0.10039672670534291,0.15059509005801436
0.11,0.53,0.64,0.171875,0.16104340509142812,1.4640309553766193,0.051043405091428115,0.10208681018285623,0.15313021527428433
0.11,0.535,0.645,0.17054263565891473,0.16190208952349183,1.4718371774862893,0.05190208952349183,0.10380417904698366,0.15570626857047548
0.11,0.54,0.65,0.1692307692307692,0.1627748143630514,1.4797710396641037,0.05277481436305141,0.10554962872610282,0.15832444308915422
0.11,0.545,0.655,0.16793893129770993,0.16366199451726227,1.4878363137932933,0.053661994517262265,0.10732398903452453,0.16098598355178678
0.11,0.55,0.66,0.16666666666666666,0.16456406308389582,1.4960369371263256,0.05456406308389582,0.10912812616779163,0.16369218925168744
0.11,0.555,0.665,0.16541353383458646,0.16548147242223687,1.5043770220203352,0.055481472422236874,0.11096294484447375,0.1664444172667106
0.11,0.56,0.67,0.16417910447761194,0.16641469530377184,1.512860866397926,0.05641469530377184,0.11282939060754368,0.1692440859113155
0.11,0.565,0.6749999999999999,0.16296296296296298,0.16736422614990887,1.5214929649991715,0.05736422614990887,0.11472845229981773,0.1720926784497266
0.11,0.57,0.6799999999999999,0.16176470588235295,0.16833058236474396,1.5302780214976723,0.05833058236474396,0.11666116472948793,0.17499174709423188
0.11,0.575,0.6849999999999999,0.16058394160583944,0.16931430577176598,1.539220961561509,0.05931430577176598,0.11862861154353196,0.17794291731529793
0.11,0.58,0.69,0.15942028985507248,0.17031596416437678,1.5483269469488798,0.060315964164376776,0.12063192832875355,0.1809478924931303
0.11,0.585,0.695,0.15827338129496404,0.17133615298121896,1.5576013907383541,0.06133615298121896,0.12267230596243792,0.18400845894365686
0.11,0.59,0.7,0.15714285714285717,0.17237549711855793,1.567049973805072,0.06237549711855793,0.12475099423711586,0.18712649135567377
0.11,0.595,0.705,0.15602836879432624,0.173434652893396,1.5766786626672362,0.06343465289339599,0.12686930578679198,0.19030395868018796
0.11,0.6,0.71,0.15492957746478875,0.17451431017261376,1.5864937288419434,0.06451431017261376,0.12902862034522752,0.19354293051784127
0.115,0.005,0.12000000000000001,0.9583333333333333,0.11530027119369313,1.0026110538582012,0.00030027119369312183,0.0006005423873862437,0.0009008135810793655
0.115,0.01,0.125,0.92,0.11560269849106153,1.0052408564440132,0.0006026984910615235,0.001205396982123047,0.0018080954731845705
0.115,0.015,0.13,0.8846153846153846,0.11590730854704834,1.0078896395395507,0.0009073085470483327,0.0018146170940966655,0.0027219256411449982
0.115,0.02,0.135,0.8518518518518519,0.11621412849218393,1.0105576390624689,0.0012141284921839274,0.0024282569843678548,0.003642385476551782
0.115,0.025,0.14,0.8214285714285714,0.11652318594376498,1.0132450951631737,0.0015231859437649792,0.0030463718875299584,0.0045695578312949375
0.115,0.03,0.14500000000000002,0.793103448275862,0.11683450901736236,1.01595225232489,0.0018345090173623596,0.003669018034724719,0.005503527052087079
0.115,0.035,0.15000000000000002,0.7666666666666666,0.117148126338668,1.0186793594666783,0.0021481263386679966,0.004296252677335993,0.00644437901600399
0.115,0.04,0.155,0.7419354838709677,0.11746406705569257,1.0214266700495005,0.002464067055692562,0.004928134111385124,0.007392201167077686
0.115,0.045,0.16,0.71875,0.1177823608513272,1.0241944421854539,0.002782360851327201,0.005564721702654402,0.008347082553981602
0.115,0.05,0.165,0.696969696969697,0.11810303795628208,1.026982938750279,0.0031030379562820704,0.006206075912564141,0.009309113868846211
0.115,0.055,0.17,0.676470588235294,0.11842612916241513,1.029792427499262,0.003426129162415123,0.006852258324830246,0.010278387487245369
0.115,0.06,0.175,0.6571428571428573,0.11875166583646568,1.032623181186658,0.0037516658364656758,0.0075033316729313515,0.011254997509397027
0.115,0.065,0.18,0.638888888888889,0.11907967993420632,1.0354754776887505,0.004079679934206312,0.008159359868412625,0.012239039802618937
0.115,0.07,0.185,0.6216216216216216,0.11941020401503144,1.0383496001307082,0.004410204015031435,0.00882040803006287,0.013230612045094306
0.115,0.075,0.19,0.6052631578947368,0.11974327125699369,1.0412458370173363,0.004743271256993684,0.009486542513987367,0.01422981377098105
0.115,0.08,0.195,0.5897435897435898,0.12007891547231109,1.0441644823679224,0.005078915472311082,0.010157830944622165,0.015236746416933247
0.115,0.085,0.2,0.575,0.12041717112335593,1.047105835855269,0.005417171123355921,0.010834342246711842,0.016251513370067763
0.115,0.09,0.20500000000000002,0.5609756097560975,0.12075807333914979,1.0500702029491285,0.00575807333914978,0.01151614667829956,0.01727422001744934
0.115,0.095,0.21000000000000002,0.5476190476190476,0.12110165793237804,1.0530578950641567,0.006101657932378032,0.012203315864756065,0.018304973797134097
0.115,0.1,0.21500000000000002,0.5348837209302325,0.12144796141694925,1.0560692297126022,0.006447961416949241,0.012895922833898482,0.019343884250847723
0.115,0.105,0.22,0.5227272727272727,0.12179702102611423,1.0591045306618627,0.006797021026114222,0.013594042052228444,0.020391063078342667
0.115,0.11,0.225,0.5111111111111111,0.12214887473117331,1.0621641280971592,0.007148874731173302,0.014297749462346604,0.021446624193519906
0.115,0.115,0.23,0.5,0.12250356126078776,1.0652483587894588,0.007503561260787758,0.015007122521575517,0.022510683782363275
0.115,0.12,0.235,0.4893617021276596,0.1228611201209241,1.068357566268905,0.00786112012092409,0.01572224024184818,0.023583360362772268
0.115,0.125,0.24,0.4791666666666667,0.12322159161545321,1.0714921010039409,0.008221591615453203,0.016443183230906405,0.024664774846359608
0.115,0.13,0.245,0.46938775510204084,0.12358501686743217,1.0746523205863667,0.008585016867432169,0.017170033734864337,0.025755050602296506
0.115,0.135,0.25,0.46,0.12395143784109408,1.077838589922557,0.008951437841094076,0.017902875682188152,0.026854313523282228
0.115,0.14,0.255,0.45098039215686275,0.12432089736457586,1.0810512814310944,0.00932089736457585,0.0186417947291517,0.02796269209372755
0.115,0.145,0.26,0.4423076923076923,0.12469343915341247,1.084290775247065,0.009693439153412461,0.019386878306824923,0.029080317460237384
0.115,0.15,0.265,0.4339622641509434,0.12506910783483005,1.0875574594333048,0.010069107834830046,0.020138215669660092,0.03020732350449014
0.115,0.155,0.27,0.42592592592592593,0.12544794897286982,1.0908517301988678,0.010447948972869811,0.020895897945739622,0.03134384691860943
0.115,0.16,0.275,0.41818181818181815,0.12583000909437692,1.0941739921250166,0.01083000909437691,0.02166001818875382,0.03249002728313073
0.115,0.165,0.28,0.4107142857142857,0.12621533571588994,1.097524658399043,0.011215335715889937,0.022430671431779875,0.03364600714766981
0.115,0.17,0.28500000000000003,0.40350877192982454,0.1266039773714699,1.1009041510562598,0.011603977371469884,0.023207954742939768,0.03481193211440965
0.115,0.175,0.29,0.3965517241379311,0.1269959836415061,1.1043129012304878,0.0119959836415061,0.0239919672830122,0.0359879509245183
0.115,0.18,0.295,0.3898305084745763,0.12739140518254255,1.1077513494134135,0.012391405182542545,0.02478281036508509,0.037174215547627634
0.115,0.185,0.3,0.38333333333333336,0.12779029375816686,1.1112199457231902,0.012790293758166857,0.025580587516333714,0.03837088127450057
0.115,0.19,0.305,0.3770491803278689,0.12819270227100676,1.1147191501826674,0.01319270227100676,0.02638540454201352,0.03957810681302028
0.115,0.195,0.31,0.3709677419354839,0.12859868479588454,1.1182494330076915,0.013598684795884539,0.027197369591769077,0.040796054387653616
0.115,0.2,0.315,0.3650793650793651,0.12900829661417712,1.121811274905888,0.014008296614177115,0.02801659322835423,0.042024889842531346
0.115,0.205,0.32,0.359375,0.12942159424943622,1.1254051673864018,0.014421594249436218,0.028843188498872435,0.04326478274830865
0.115,0.21,0.325,0.35384615384615387,0.12983863550432362,1.129031613081075,0.014838635504323613,0.029677271008647227,0.04451590651297084
0.115,0.215,0.33,0.3484848484848485,0.13025947949892103,1.132691126077574,0.015259479498921022,0.030518958997842044,0.045778438496763066
0.115,0.22,0.335,0.34328358208955223,0.13068418671047344,1.1363842322649864,0.015684186710473433,0.031368373420946866,0.0470525601314203
0.115,0.225,0.34,0.338235294117647,0.13111281901463578,1.140111469692485,0.01611281901463578,0.03222563802927156,0.04833845704390734
0.115,0.23,0.34500000000000003,0.3333333333333333,0.13154543972828459,1.143873388941605,0.01654543972828458,0.03309087945656916,0.04963631918485374
0.115,0.235,0.35,0.3285714285714286,0.13198211365397294,1.1476705535128082,0.01698211365397294,0.03396422730794588,0.050946340961918815
0.115,0.24,0.355,0.323943661971831,0.13242290712609972,1.151503540226954,0.017422907126099715,0.03484581425219943,0.052268721378299146
0.115,0.245,0.36,0.3194444444444445,0.13286788805887562,1.1553729396423966,0.01786788805887561,0.03573577611775122,0.053603664176626833
0.115,0.25,0.365,0.31506849315068497,0.13331712599616952,1.1592793564884305,0.01831712599616951,0.03663425199233902,0.054951377988508535
0.115,0.255,0.37,0.3108108108108108,0.1337706921633235,1.1632234101158563,0.018770692163323485,0.03754138432664697,0.056312076489970456
0.115,0.26,0.375,0.3066666666666667,0.13422865952103114,1.167205734965488,0.01922865952103113,0.03845731904206226,0.05768597856309339
0.115,0.265,0.38,0.3026315789473684,0.13469110282137775,1.1712269810554587,0.019691102821377746,0.03938220564275549,0.05907330846413324
0.115,0.27,0.385,0.2987012987012987,0.13515809866614747,1.1752878144882388,0.02015809866614747,0.04031619733229494,0.06047429599844241
0.115,0.275,0.39,0.2948717948717949,0.13562972556750674,1.1793889179783195,0.020629725567506738,0.041259451135013475,0.06188917670252021
0.115,0.28,0.395,0.2911392405063291,0.13610606401118308,1.183530991401592,0.021106064011183076,0.04221212802236615,0.06331819203354923
0.115,0.285,0.39999999999999997,0.28750000000000003,0.13658719652226103,1.1877147523674871,0.02158719652226103,0.04317439304452206,0.06476158956678309
0.115,0.29,0.40499999999999997,0.28395061728395066,0.13707320773372678,1.1919409368150153,0.02207320773372677,0.04414641546745354,0.06621962320118031
0.115,0.295,0.41,0.2804878048780488,0.13756418445790053,1.1962102996339177,0.022564184457900524,0.04512836891580105,0.06769255337370157
0.115,0.3,0.415,0.27710843373493976,0.13806021576090277,1.2005236153121979,0.023060215760902766,0.04612043152180553,0.0691806472827083
0.115,0.305,0.42,0.27380952380952384,0.13856139304030968,1.2048816786113885,0.023561393040309672,0.047122786080619344,0.07068417912092902
0.115,0.31,0.425,0.2705882352941177,0.1390678101061643,1.209285305270994,0.02406781010616431,0.04813562021232862,0.07220343031849293
0.115,0.315,0.43,0.2674418604651163,0.13957956326551624,1.2137353327436193,0.024579563265516233,0.049159126531032465,0.0737386897965487
0.115,0.32,0.435,0.26436781609195403,0.1400967514106769,1.2182326209624077,0.025096751410676896,0.05019350282135379,0.07529025423203069
0.115,0.325,0.44,0.26136363636363635,0.14061947611138736,1.2227780531424988,0.02561947611138736,0.05123895222277472,0.07685842833416208
0.115,0.33,0.445,0.25842696629213485,0.14114784171110806,1.2273725366183308,0.026147841711108052,0.052295683422216105,0.07844352513332416
0.115,0.335,0.45,0.25555555555555554,0.14168195542765238,1.2320170037187164,0.02668195542765238,0.05336391085530476,0.08004586628295714
0.115,0.34,0.455,0.25274725274725274,0.14222192745840312,1.2367124126817661,0.027221927458403114,0.05444385491680623,0.08166578237520934
0.115,0.345,0.45999999999999996,0.25000000000000006,0.14276787109036015,1.2414597486118273,0.02776787109036015,0.0555357421807203,0.08330361327108045
0.115,0.35,0.46499999999999997,0.24731182795698928,0.14331990281529172,1.2462600244807975,0.028319902815291717,0.056639805630583434,0.08495970844587515
0.115,0.355,0.47,0.2446808510638298,0.14387814245027175,1.251114282176276,0.028878142450271746,0.05775628490054349,0.08663442735081524
0.115,0.36,0.475,0.24210526315789477,0.14444271326391023,1.2560235935992192,0.029442713263910222,0.058885426527820445,0.08832813979173067
0.115,0.365,0.48,0.23958333333333334,0.1450137421085994,1.260989061813908,0.030013742108599403,0.06002748421719881,0.09004122632579821
0.115,0.37,0.485,0.2371134020618557,0.14559135955912528,1.2660118222532633,0.030591359559125272,0.061182719118250545,0.09177407867737582
0.115,0.375,0.49,0.23469387755102042,0.14617570005801106,1.2710930439827048,0.031175700058011055,0.06235140011602211,0.09352710017403316
0.115,0.38,0.495,0.23232323232323235,0.14676690206799237,1.2762339310260205,0.03176690206799236,0.06353380413598472,0.09530070620397708
0.115,0.385,0.5,0.23,0.1473651082320433,1.281435723756898,0.03236510823204329,0.06473021646408658,0.09709532469612987
0.115,0.39,0.505,0.22772277227722773,0.14797046554140814,1.2866997003600706,0.03297046554140813,0.06594093108281626,0.09891139662422439
0.115,0.395,0.51,0.22549019607843138,0.14858312551212305,1.2920271783662873,0.033583125512123044,0.06716625102424609,0.10074937653636913
0.115,0.4,0.515,0.22330097087378642,0.14920324437054555,1.2974195162656135,0.034203244370545546,0.06840648874109109,0.10260973311163664
0.115,0.405,0.52,0.22115384615384615,0.1498309832484488,1.3028781152039024,0.034830983248448785,0.06966196649689757,0.10449294974534636
0.115,0.41,0.525,0.21904761904761905,0.15046650838827835,1.3084044207676377,0.03546650838827835,0.0709330167765567,0.10639952516483504
0.115,0.415,0.53,0.2169811320754717,0.15110999135921022,1.3139999248626975,0.03610999135921021,0.07221998271842042,0.10832997407763063
0.115,0.42,0.535,0.21495327102803738,0.15176160928469995,1.319666167693043,0.036761609284699945,0.07352321856939989,0.11028482785409983
0.115,0.425,0.54,0.21296296296296297,0.15242154508226224,1.3254047398457587,0.03742154508226224,0.07484309016452448,0.11226463524678672
0.115,0.43,0.545,0.2110091743119266,0.15308998771627735,1.3312172844893682,0.03808998771627735,0.0761799754325547,0.11426996314883205
0.115,0.435,0.55,0.20909090909090908,0.15376713246468088,1.337105499692877,0.03876713246468087,0.07753426492936175,0.11630139739404262
0.115,0.44,0.555,0.2072072072072072,0.15445318120046125,1.343071140873576,0.03945318120046125,0.0789063624009225,0.11835954360138375
0.115,0.445,0.56,0.20535714285714285,0.15514834268896194,1.3491160233822777,0.04014834268896193,0.08029668537792387,0.1204450280668858
0.115,0.45,0.5650000000000001,0.20353982300884954,0.15585283290206065,1.35524202523531,0.04085283290206064,0.08170566580412128,0.12255849870618192
0.115,0.455,0.5700000000000001,0.20175438596491227,0.15656687535039127,1.3614510900034023,0.04156687535039126,0.08313375070078252,0.12470062605117378
0.115,0.46,0.5750000000000001,0.19999999999999998,0.15729070143486024,1.36774522986835,0.04229070143486023,0.08458140286972046,0.12687210430458068
0.115,0.465,0.5800000000000001,0.1982758620689655,0.15802455081881905,1.374126528859296,0.04302455081881905,0.0860491016376381,0.12907365245645713
0.115,0.47,0.585,0.1965811965811966,0.1587686718223642,1.3805971462814277,0.0437686718223642,0.0875373436447284,0.13130601546709258
0.115,0.475,0.59,0.19491525423728814,0.15952332184035856,1.3871593203509438,0.04452332184035855,0.0890466436807171,0.13356996552107564
0.115,0.48,0.595,0.19327731092436976,0.16028876778590861,1.3938153720513793,0.04528876778590861,0.09057753557181722,0.13586630335772582
0.115,0.485,0.6,0.19166666666666668,0.16106528656117614,1.4005677092276185,0.04606528656117613,0.09213057312235226,0.13819585968352838
0.115,0.49,0.605,0.19008264462809918,0.16185316555756957,1.4074188309353874,0.04685316555756956,0.09370633111513912,0.14055949667270867
0.115,0.495,0.61,0.18852459016393444,0.16265270318754144,1.4143713320655777,0.04765270318754143,0.09530540637508286,0.14295810956262428
0.115,0.5,0.615,0.1869918699186992,0.1634642094504163,1.4214279082644894,0.04846420945041628,0.09692841890083256,0.14539262835124883
0.115,0.505,0.62,0.18548387096774194,0.1642880065348925,1.4285913611729784,0.0492880065348925,0.098576013069785,0.1478640196046775
0.115,0.51,0.625,0.184,0.16512442946110806,1.4358646040096352,0.05012442946110805,0.1002488589222161,0.15037328838332414
0.115,0.515,0.63,0.18253968253968256,0.16597382676542305,1.4432506675254178,0.050973826765423044,0.10194765353084609,0.15292148029626912
0.115,0.52,0.635,0.18110236220472442,0.16683656123137636,1.4507527063597943,0.05183656123137635,0.1036731224627527,0.15550968369412904
0.115,0.525,0.64,0.1796875,0.16771301067059785,1.4583740058312855,0.052713010670597846,0.10542602134119569,0.15813903201179352
0.115,0.53,0.645,0.17829457364341086,0.16860356875782923,1.466117989198515,0.05360356875782922,0.10720713751565844,0.16081070627348765
0.115,0.535,0.65,0.17692307692307693,0.16950864592461046,1.4739882254313952,0.05450864592461045,0.1090172918492209,0.16352593777383134
0.115,0.54,0.655,0.17557251908396945,0.17042867031664877,1.4819884375360761,0.05542867031664876,0.11085734063329752,0.16628601094994627
0.115,0.545,0.66,0.17424242424242425,0.17136408882038734,1.490122511481629,0.056364088820387334,0.11272817764077467,0.169092266461162
0.115,0.55,0.665,0.17293233082706766,0.17231536816486503,1.498394505781435,0.05731536816486503,0.11463073632973006,0.17194610449459508
0.115,0.555,0.67,0.17164179104477612,0.1732829961055865,1.5068086617877088,0.0582829961055865,0.116565992211173,0.1748489883167595
0.115,0.56,0.675,0.17037037037037037,0.17426748269783676,1.515369414763798,0.05926748269783676,0.11853496539567351,0.17780244809351026
0.115,0.565,0.6799999999999999,0.16911764705882354,0.1752693616676717,1.524081405805841,0.0602693616676717,0.1205387233353434,0.1808080850030151
0.115,0.57,0.6849999999999999,0.16788321167883213,0.17628919188971282,1.5329494946931548,0.06128919188971281,0.12257838377942562,0.18386757566913842
0.115,0.575,0.69,0.16666666666666669,0.1773275589818869,1.5419787737555382,0.062327558981886896,0.12465511796377379,0.18698267694566068
0.115,0.58,0.695,0.1654676258992806,0.1783850770283928,1.5511745828555894,0.06338507702839279,0.12677015405678557,0.19015523108517834
0.115,0.585,0.7,0.1642857142857143,0.17946239044346946,1.5605425255953864,0.06446239044346945,0.1289247808869389,0.19338717133040834
0.115,0.59,0.705,0.16312056737588654,0.18056017599000185,1.5700884868695812,0.06556017599000184,0.13112035198000369,0.19668052797000551
0.115,0.595,0.71,0.1619718309859155,0.18167914496866067,1.579818651901397,0.06667914496866066,0.13335828993732132,0.20003743490598197
0.115,0.6,0.715,0.16083916083916086,0.18282004559516618,1.5897395269144885,0.06782004559516618,0.13564009119033235,0.2034601367854985
0.12,0.005,0.125,0.96,0.12031389756327215,1.002615813027268,0.00031389756327215856,0.0006277951265443171,0.0009416926898164757
0.12,0.01,0.13,0.923076923076923,0.12063005595384113,1.0052504662820094,0.0006300559538411354,0.0012601119076822709,0.0018901678615234063
0.12,0.015,0.135,0.8888888888888888,0.1209485032268135,1.0079041935567792,0.0009485032268135019,0.0018970064536270037,0.0028455096804405056
0.12,0.02,0.13999999999999999,0.8571428571428572,0.12126926793998694,1.0105772328332245,0.00126926793998694,0.00253853587997388,0.00380780381996082
0.12,0.025,0.145,0.8275862068965517,0.12159237916572097,1.013269826381008,0.0015923791657209696,0.003184758331441939,0.004777137497162909
0.12,0.03,0.15,0.8,0.12191786650315761,1.0159822208596467,0.001917866503157617,0.003835733006315234,0.005753599509472851
0.12,0.035,0.155,0.7741935483870968,0.12224576009080368,1.018714667423364,0.0022457600908036834,0.004491520181607367,0.00673728027241105
0.12,0.04,0.16,0.75,0.12257609061948793,1.0214674218290662,0.0025760906194879363,0.0051521812389758725,0.007728271858463809
0.12,0.045,0.16499999999999998,0.7272727272727273,0.1229088893457072,1.02424074454756,0.0029088893457072107,0.005817778691414421,0.008726668037121632
0.12,0.05,0.16999999999999998,0.7058823529411765,0.12324418810537352,1.0270349008781128,0.0032441881053735244,0.006488376210747049,0.009732564316120573
0.12,0.055,0.175,0.6857142857142857,0.12358201932797985,1.0298501610664987,0.0035820193279798573,0.007164038655959715,0.010746057983939572
0.12,0.06,0.18,0.6666666666666666,0.12392241605119525,1.0326868004266272,0.003922416051195254,0.007844832102390509,0.011767248153585763
0.12,0.065,0.185,0.6486486486486487,0.12426541193591134,1.0355450994659279,0.004265411935911345,0.00853082387182269,0.012796235807734035
0.12,0.07,0.19,0.631578947368421,0.1246110412817496,1.03842534401458,0.004611041281749606,0.009222082563499212,0.013833123845248818
0.12,0.075,0.195,0.6153846153846153,0.12495933904305345,1.0413278253587788,0.004959339043053457,0.009918678086106913,0.01487801712916037
0.12,0.08,0.2,0.6,0.1253103408453775,1.044252840378146,0.005310340845377515,0.01062068169075503,0.015931022536132544
0.12,0.085,0.20500000000000002,0.5853658536585366,0.12566408300249732,1.0472006916874776,0.005664083002497322,0.011328166004994644,0.016992249007491966
0.12,0.09,0.21,0.5714285714285714,0.12602060253395497,1.050171687782958,0.006020602533954977,0.012041205067909955,0.018061807601864932
0.12,0.095,0.215,0.5581395348837209,0.12637993718316554,1.0531661431930461,0.0063799371831655405,0.012759874366331081,0.01913981154949662
0.12,0.1,0.22,0.5454545454545454,0.1267421254361013,1.0561843786341776,0.006742125436101309,0.013484250872202619,0.02022637630830393
0.12,0.105,0.22499999999999998,0.5333333333333333,0.12710720654057972,1.0592267211714976,0.007107206540579725,0.01421441308115945,0.021321619621739174
0.12,0.11,0.22999999999999998,0.5217391304347826,0.127475220526176,1.0622935043848,0.007475220526175996,0.014950441052351993,0.02242566157852799
0.12,0.115,0.235,0.5106382978723404,0.1278462082247861,1.0653850685398842,0.0078462082247861,0.0156924164495722,0.0235386246743583
0.12,0.12,0.24,0.5,0.12822021129186534,1.0685017607655445,0.008220211291865342,0.016440422583730685,0.024660633875596027
0.12,0.125,0.245,0.4897959183673469,0.12859727222836892,1.0716439352364078,0.008597272228368924,0.017194544456737848,0.025791816685106772
0.12,0.13,0.25,0.48,0.1289774344034229,1.0748119533618576,0.008977434403422913,0.017954868806845825,0.026932303210268738
0.12,0.135,0.255,0.47058823529411764,0.1293607420777546,1.0780061839812884,0.009360742077754614,0.018721484155509227,0.02808222623326384
0.12,0.14,0.26,0.4615384615384615,0.12974724042791264,1.0812270035659386,0.00974724042791264,0.01949448085582528,0.02924172128373792
0.12,0.145,0.265,0.45283018867924524,0.13013697557130943,1.0844747964275787,0.010136975571309437,0.020273951142618873,0.03041092671392831
0.12,0.15,0.27,0.4444444444444444,0.13052999459211956,1.0877499549343297,0.010529994592119563,0.021059989184239125,0.03158998377635869
0.12,0.155,0.275,0.4363636363636363,0.13092634556806892,1.0910528797339079,0.01092634556806893,0.02185269113613786,0.03277903670420679
0.12,0.16,0.28,0.4285714285714285,0.13132607759815107,1.0943839799845922,0.011326077598151074,0.02265215519630215,0.03397823279445322
0.12,0.165,0.28500000000000003,0.4210526315789473,0.13172924083131132,1.0977436735942612,0.011729240831311327,0.023458481662622654,0.03518772249393398
0.12,0.17,0.29000000000000004,0.4137931034482758,0.13213588649613672,1.101132387467806,0.012135886496136727,0.024271772992273455,0.03640765948841018
0.12,0.175,0.295,0.4067796610169492,0.13254606693159643,1.1045505577633037,0.012546066931596433,0.025092133863192867,0.0376382007947893
0.12,0.18,0.3,0.4,0.1329598356188766,1.107998630157305,0.012959835618876592,0.025919671237753183,0.038879506856629775
0.12,0.185,0.305,0.39344262295081966,0.1333772472143555,1.1114770601196293,0.013377247214355514,0.02675449442871103,0.04013174164306654
0.12,0.19,0.31,0.3870967741935484,0.133798357583771,1.1149863131980917,0.013798357583771015,0.02759671516754203,0.041395072751313045
0.12,0.195,0.315,0.38095238095238093,0.13422322383762875,1.118526865313573,0.014223223837628751,0.028446447675257502,0.042669671512886254
0.12,0.2,0.32,0.375,0.1346519043679082,1.1220992030659016,0.014651904367908197,0.029303808735816395,0.04395571310372459
0.12,0.205,0.32499999999999996,0.36923076923076925,0.13508445888612253,1.125703824051021,0.015084458886122531,0.030168917772245063,0.045253376658367594
0.12,0.21,0.32999999999999996,0.36363636363636365,0.1355209484627926,1.1293412371899385,0.015520948462792616,0.031041896925585233,0.04656284538837785
0.12,0.215,0.33499999999999996,0.35820895522388063,0.1359614355683988,1.13301196306999,0.015961435568398796,0.03192287113679759,0.04788430670519639
0.12,0.22,0.33999999999999997,0.35294117647058826,0.13640598411587668,1.1367165342989725,0.01640598411587668,0.03281196823175336,0.049217952347630045
0.12,0.225,0.345,0.34782608695652173,0.13685465950472775,1.1404554958727313,0.016854659504727754,0.03370931900945551,0.05056397851418326
0.12,0.23,0.35,0.34285714285714286,0.1373075286668185,1.144229405556821,0.017307528666818506,0.03461505733363701,0.05192258600045552
0.12,0.235,0.355,0.3380281690140845,0.13776466011394484,1.1480388342828738,0.01776466011394484,0.03552932022788968,0.053293980341834524
0.12,0.24,0.36,0.3333333333333333,0.13822612398724654,1.151884366560388,0.018226123987246545,0.03645224797449309,0.054678371961739636
0.12,0.245,0.365,0.3287671232876712,0.13869199210855543,1.1557666009046286,0.018691992108555433,0.037383984217110866,0.0560759763256663
0.12,0.25,0.37,0.32432432432432434,0.1391623380337711,1.1596861502814257,0.019162338033771098,0.038324676067542196,0.057487014101313294
0.12,0.255,0.375,0.32,0.13963723710835851,1.1636436425696544,0.01963723710835852,0.03927447421671704,0.058911711325075555
0.12,0.26,0.38,0.3157894736842105,0.1401167665250712,1.1676397210422602,0.020116766525071217,0.040233533050142434,0.06035029957521365
0.12,0.265,0.385,0.3116883116883117,0.14060100538400688,1.1716750448667241,0.020601005384006887,0.041202010768013775,0.06180301615202066
0.12,0.27,0.39,0.30769230769230765,0.14109003475510817,1.1757502896259016,0.021090034755108178,0.042180069510216356,0.06327010426532453
0.12,0.275,0.395,0.30379746835443033,0.14158393774323086,1.1798661478602572,0.021583937743230863,0.043167875486461726,0.06475181322969259
0.12,0.28,0.4,0.3,0.14208279955590508,1.1840233296325424,0.022082799555905086,0.04416559911181017,0.06624839866771526
0.12,0.285,0.40499999999999997,0.2962962962962963,0.1425867075739239,1.1882225631160324,0.022586707573923892,0.045173415147847784,0.06776012272177168
0.12,0.29,0.41,0.2926829268292683,0.14309575142490338,1.1924645952075283,0.023095751424903388,0.046191502849806776,0.06928725427471016
0.12,0.295,0.415,0.2891566265060241,0.14361002305996362,1.1967501921663635,0.023610023059963625,0.04722004611992725,0.07083006917989088
0.12,0.3,0.42,0.2857142857142857,0.14412961683369008,1.2010801402807507,0.024129616833690082,0.048259233667380164,0.07238885050107025
0.12,0.305,0.425,0.2823529411764706,0.14465462958754804,1.2054552465629005,0.02465462958754805,0.0493092591750961,0.07396388876264415
0.12,0.31,0.43,0.27906976744186046,0.14518516073692433,1.2098763394743695,0.02518516073692434,0.05037032147384868,0.07555548221077302
0.12,0.315,0.435,0.27586206896551724,0.14572131236199393,1.2143442696832827,0.02572131236199393,0.05144262472398786,0.07716393708598179
0.12,0.32,0.44,0.2727272727272727,0.1462631893026074,1.2188599108550617,0.026263189302607404,0.05252637860521481,0.07878956790782221
0.12,0.325,0.445,0.2696629213483146,0.14681089925742075,1.2234241604785063,0.02681089925742075,0.0536217985148415,0.08043269777226225
0.12,0.33,0.45,0.26666666666666666,0.14736455288749017,1.228037940729085,0.02736455288749018,0.05472910577498036,0.08209365866247054
0.12,0.335,0.455,0.26373626373626374,0.14792426392458125,1.2327021993715104,0.02792426392458125,0.0558485278491625,0.08377279177374375
0.12,0.34,0.46,0.2608695652173913,0.14849014928444615,1.237417910703718,0.028490149284446153,0.05698029856889231,0.08547044785333846
0.12,0.345,0.46499999999999997,0.25806451612903225,0.14906232918534834,1.2421860765445696,0.029062329185348346,0.05812465837069669,0.08718698755604504
0.12,0.35,0.47,0.2553191489361702,0.14964092727212608,1.2470077272677174,0.029640927272126083,0.059281854544252166,0.08892278181637825
0.12,0.355,0.475,0.25263157894736843,0.15022607074610883,1.2518839228842402,0.030226070746108835,0.06045214149221767,0.0906782122383265
0.12,0.36,0.48,0.25,0.15081789050122008,1.256815754176834,0.03081789050122008,0.06163578100244016,0.09245367150366024
0.12,0.365,0.485,0.24742268041237114,0.15141652126662275,1.261804343888523,0.031416521266622754,0.06283304253324551,0.09424956379986826
0.12,0.37,0.49,0.24489795918367346,0.1520221017562875,1.2668508479690626,0.0320221017562875,0.064044203512575,0.0960663052688625
0.12,0.375,0.495,0.24242424242424243,0.15263477482589005,1.271956456882417,0.032634774825890056,0.06526954965178011,0.09790432447767017
0.12,0.38,0.5,0.24,0.15325468763747285,1.2771223969789405,0.03325468763747286,0.06650937527494571,0.09976406291241857
0.12,0.385,0.505,0.2376237623762376,0.1538819918323343,1.2823499319361193,0.03388199183233431,0.06776398366466863,0.10164597549700294
0.12,0.39,0.51,0.23529411764705882,0.15451684371264496,1.2876403642720413,0.03451684371264496,0.06903368742528992,0.10355053113793489
0.12,0.395,0.515,0.23300970873786406,0.1551594044323218,1.292995036936015,0.035159404432321795,0.07031880886464359,0.10547821329696538
0.12,0.4,0.52,0.23076923076923075,0.15580984019773336,1.2984153349811114,0.03580984019773337,0.07161968039546673,0.1074295205932001
0.12,0.405,0.525,0.22857142857142856,0.15646832247884745,1.303902687323729,0.03646832247884746,0.07293664495769492,0.10940496743654238
0.12,0.41,0.53,0.22641509433962262,0.15713502823148062,1.309458568595672,0.03713502823148063,0.07427005646296125,0.11140508469444188
0.12,0.415,0.5349999999999999,0.22429906542056077,0.15781014013135386,1.3150845010946155,0.037810140131353864,0.07562028026270773,0.11343042039406159
0.12,0.42,0.54,0.2222222222222222,0.15849384682071688,1.3207820568393074,0.03849384682071688,0.07698769364143376,0.11548154046215064
0.12,0.425,0.5449999999999999,0.22018348623853212,0.15918634316835634,1.3265528597363028,0.03918634316835634,0.07837268633671268,0.11755902950506902
0.12,0.43,0.55,0.21818181818181814,0.1598878305438688,1.3323985878655733,0.039887830543868796,0.07977566108773759,0.11966349163160639
0.12,0.435,0.5549999999999999,0.21621621621621623,0.16059851710714668,1.3383209758928891,0.04059851710714668,0.08119703421429336,0.12179555132144004
0.12,0.44,0.56,0.21428571428571425,0.16131861811409876,1.3443218176174896,0.04131861811409876,0.08263723622819752,0.12395585434229628
0.12,0.445,0.565,0.21238938053097348,0.1620483562397108,1.350402968664257,0.042048356239710816,0.08409671247942163,0.12614506871913245
0.12,0.45,0.5700000000000001,0.21052631578947364,0.1627879619196363,1.3565663493303024,0.0427879619196363,0.0855759238392726,0.1283638857589089
0.12,0.455,0.575,0.20869565217391306,0.16353767371160732,1.3628139475967278,0.04353767371160733,0.08707534742321466,0.13061302113482198
0.12,0.46,0.5800000000000001,0.2068965517241379,0.1642977386780594,1.3691478223171618,0.04429773867805942,0.08859547735611883,0.13289321603417825
0.12,0.465,0.585,0.20512820512820512,0.1650684127914821,1.3755701065956842,0.045068412791482104,0.09013682558296421,0.1352052383744463
0.12,0.47,0.59,0.2033898305084746,0.16584996136413055,1.3820830113677547,0.045849961364130554,0.09169992272826111,0.13754988409239166
0.12,0.475,0.595,0.20168067226890757,0.16664265950387647,1.3886888291989705,0.04664265950387647,0.09328531900775294,0.13992797851162941
0.12,0.48,0.6,0.2,0.1674467925981269,1.3953899383177242,0.0474467925981269,0.0948935851962538,0.1423403777943807
0.12,0.485,0.605,0.19834710743801653,0.16826265682790975,1.402188806899248,0.048262656827909756,0.09652531365581951,0.14478797048372927
0.12,0.49,0.61,0.19672131147540983,0.169090559714408,1.4090879976200668,0.04909055971440801,0.09818111942881602,0.14727167914322403
0.12,0.495,0.615,0.1951219512195122,0.16993082070043075,1.4160901725035897,0.049930820700430756,0.09986164140086151,0.14979246210129227
0.12,0.5,0.62,0.1935483870967742,0.17078377176953274,1.4231980980794396,0.05078377176953275,0.1015675435390655,0.15235131530859825
0.12,0.505,0.625,0.192,0.17164975810574512,1.4304146508812094,0.051649758105745125,0.10329951621149025,0.15494927431723537
0.12,0.51,0.63,0.19047619047619047,0.17252913879715281,1.4377428233096068,0.05252913879715282,0.10505827759430564,0.15758741639145846
0.12,0.515,0.635,0.1889763779527559,0.17342228758686196,1.4451857298905164,0.05342228758686196,0.10684457517372392,0.16026686276058588
0.12,0.52,0.64,0.1875,0.17432959367523682,1.452746613960307,0.05432959367523682,0.10865918735047364,0.16298878102571046
0.12,0.525,0.645,0.18604651162790697,0.175251462577662,1.46042885481385,0.055251462577662,0.110502925155324,0.165754387732986
0.12,0.53,0.65,0.1846153846153846,0.17618831704250704,1.4682359753542253,0.05618831704250704,0.11237663408501408,0.16856495112752112
0.12,0.535,0.655,0.18320610687022898,0.1771405980344296,1.4761716502869136,0.05714059803442961,0.11428119606885923,0.17142179410328884
0.12,0.54,0.66,0.1818181818181818,0.1781087657886805,1.484239714905671,0.058108765788680516,0.11621753157736103,0.17432629736604155
0.12,0.545,0.665,0.18045112781954886,0.17909330094264864,1.492444174522072,0.05909330094264864,0.11818660188529728,0.17727990282794592
0.12,0.55,0.67,0.1791044776119403,0.18009470575153697,1.5007892145961415,0.06009470575153697,0.12018941150307394,0.1802841172546109
0.12,0.555,0.675,0.17777777777777776,0.18111350539578697,1.509279211631558,0.06111350539578697,0.12222701079157394,0.1833405161873609
0.12,0.56,0.68,0.1764705882352941,0.1821502493886873,1.5179187449057274,0.062150249388687295,0.12430049877737459,0.18645074816606189
0.12,0.565,0.6849999999999999,0.17518248175182483,0.1832055130935215,1.5267126091126793,0.06320551309352151,0.12641102618704303,0.18961653928056454
0.12,0.57,0.69,0.17391304347826086,0.18427989936064493,1.5356658280053745,0.06427989936064493,0.12855979872128986,0.1928396980819348
0.12,0.575,0.695,0.17266187050359713,0.18537404029605187,1.5447836691337655,0.06537404029605187,0.13074808059210374,0.19612212088815562
0.12,0.58,0.7,0.17142857142857143,0.18648859917431226,1.5540716597859356,0.06648859917431227,0.13297719834862454,0.1994657975229368
0.12,0.585,0.705,0.1702127659574468,0.18762427251026004,1.563535604252167,0.06762427251026004,0.13524854502052008,0.20287281753078013
0.12,0.59,0.71,0.16901408450704225,0.18878179230550973,1.5731816025459144,0.06878179230550974,0.13756358461101947,0.2063453769165292
0.12,0.595,0.715,0.16783216783216784,0.18996192848781646,1.583016070731804,0.06996192848781646,0.13992385697563292,0.20988578546344938
0.12,0.6,0.72,0.16666666666666666,0.19116549156349794,1.5930457630291495,0.07116549156349794,0.14233098312699588,0.21349647469049382
0.125,0.005,0.13,0.9615384615384615,0.12532757484864188,1.002620598789135,0.00032757484864187614,0.0006551496972837523,0.0009827245459256284
0.125,0.01,0.135,0.9259259259259258,0.1256575162705058,1.0052601301640465,0.0006575162705058091,0.0013150325410116182,0.0019725488115174272
0.125,0.015,0.14,0.8928571428571428,0.12598985374439442,1.0079188299551554,0.00098985374439442,0.00197970748878884,0.00296956123318326
0.125,0.02,0.145,0.8620689655172414,0.12632461727956312,1.010596938236505,0.0013246172795631228,0.0026492345591262456,0.003973851838689368
0.125,0.025,0.15,0.8333333333333334,0.1266618374283044,1.0132946994264351,0.0016618374283043913,0.0033236748566087826,0.004985512284913174
0.125,0.03,0.155,0.8064516129032259,0.1270015452989034,1.0160123623912272,0.0020015452989033955,0.004003090597806791,0.0060046358967101865
0.125,0.035,0.16,0.78125,0.12734377256898077,1.0187501805518462,0.002343772568980773,0.004687545137961546,0.007031317706942319
0.125,0.04,0.165,0.7575757575757576,0.12768855149923364,1.021508411993869,0.002688551499233638,0.005377102998467276,0.008065654497700914
0.125,0.045,0.16999999999999998,0.7352941176470589,0.1280359149475907,1.0242873195807256,0.003035914947590701,0.006071829895181402,0.009107744842772103
0.125,0.05,0.175,0.7142857142857143,0.1283858963837966,1.0270871710703728,0.003385896383796605,0.00677179276759321,0.010157689151389815
0.125,0.055,0.18,0.6944444444444444,0.12873852990443957,1.0299082392355166,0.0037385299044395692,0.0074770598088791385,0.011215589713318708
0.125,0.06,0.185,0.6756756756756757,0.1290938502484419,1.032750801987535,0.004093850248441888,0.008187700496883776,0.012281550745325664
0.125,0.065,0.19,0.6578947368421053,0.12945189281302494,1.0356151425041995,0.004451892813024938,0.008903785626049876,0.013355678439074814
0.125,0.07,0.195,0.641025641025641,0.12981269367017279,1.0385015493613823,0.004812693670172785,0.00962538734034557,0.014438081010518355
0.125,0.075,0.2,0.625,0.13017628958360727,1.0414103166688582,0.005176289583607274,0.010352579167214548,0.015528868750821823
0.125,0.08,0.20500000000000002,0.6097560975609756,0.1305427180262979,1.0443417442103833,0.00554271802629791,0.01108543605259582,0.01662815407889373
0.125,0.085,0.21000000000000002,0.5952380952380952,0.13091201719852397,1.0472961375881917,0.005912017198523967,0.011824034397047933,0.0177360515955719
0.125,0.09,0.215,0.5813953488372093,0.1312842260465118,1.0502738083720944,0.006284226046511798,0.012568452093023597,0.018852678139535395
0.125,0.095,0.22,0.5681818181818182,0.13165938428166746,1.0532750742533397,0.0066593842816674576,0.013318768563334915,0.019978152845002373
0.125,0.1,0.225,0.5555555555555556,0.13203753240042992,1.0563002592034394,0.0070375324004299245,0.014075064800859849,0.021112597201289773
0.125,0.105,0.22999999999999998,0.5434782608695653,0.13241871170476638,1.059349693638131,0.007418711704766379,0.014837423409532757,0.022256135114299136
0.125,0.11,0.235,0.5319148936170213,0.13280296432333705,1.0624237145866964,0.007802964323337047,0.015605928646674094,0.02340889297001114
0.125,0.115,0.24,0.5208333333333334,0.13319033323335316,1.0655226658668253,0.008190333233353164,0.01638066646670633,0.024570999700059493
0.125,0.12,0.245,0.5102040816326531,0.13358086228315869,1.0686468982652695,0.008580862283158686,0.01716172456631737,0.025742586849476057
0.125,0.125,0.25,0.5,0.1339745962155614,1.0717967697244912,0.008974596215561403,0.017949192431122807,0.02692378864668421
0.125,0.13,0.255,0.49019607843137253,0.1343715806919452,1.0749726455355617,0.009371580691945214,0.018743161383890428,0.02811474207583564
0.125,0.135,0.26,0.4807692307692307,0.13477186231719562,1.078174898537565,0.009771862317195623,0.019543724634391246,0.02931558695158687
0.125,0.14,0.265,0.4716981132075471,0.13517548866546858,1.0814039093237486,0.01017548866546858,0.02035097733093716,0.03052646599640574
0.125,0.145,0.27,0.4629629629629629,0.13558250830684082,1.0846600664547266,0.010582508306840821,0.021165016613681642,0.03174752492052246
0.125,0.15,0.275,0.45454545454545453,0.13599297083487516,1.0879437666790013,0.01099297083487516,0.02198594166975032,0.03297891250462548
0.125,0.155,0.28,0.4464285714285714,0.13640692689513956,1.0912554151611165,0.011406926895139557,0.022813853790279115,0.03422078068541867
0.125,0.16,0.28500000000000003,0.43859649122807015,0.13682442821471985,1.0945954257177588,0.011824428214719851,0.023648856429439702,0.03547328464415955
0.125,0.165,0.29000000000000004,0.43103448275862066,0.13724552763276843,1.0979642210621474,0.012245527632768427,0.024491055265536854,0.03673658289830528
0.125,0.17,0.29500000000000004,0.42372881355932196,0.13767027913213004,1.1013622330570403,0.012670279132130036,0.02534055826426007,0.03801083739639011
0.125,0.175,0.3,0.4166666666666667,0.1380987378720947,1.1047899029767576,0.013098737872094701,0.026197475744189402,0.039296213616284104
0.125,0.18,0.305,0.4098360655737705,0.1385309602223217,1.1082476817785736,0.013530960222321697,0.027061920444643395,0.04059288066696509
0.125,0.185,0.31,0.40322580645161293,0.13896700379798888,1.111736030383911,0.013967003797988875,0.02793400759597775,0.041901011393966625
0.125,0.19,0.315,0.3968253968253968,0.1394069274962172,1.1152554199697375,0.014406927496217192,0.028813854992434385,0.04322078248865158
0.125,0.195,0.32,0.390625,0.13985079153382973,1.1188063322706379,0.014850791533829732,0.029701583067659465,0.0445523746014892
0.125,0.2,0.325,0.3846153846153846,0.1402986574865006,1.1223892598920049,0.01529865748650061,0.03059731497300122,0.04589597245950183
0.125,0.205,0.32999999999999996,0.37878787878787884,0.1407505883293586,1.1260047066348688,0.015750588329358606,0.03150117665871721,0.04725176498807582
0.125,0.21,0.33499999999999996,0.373134328358209,0.14120664847910824,1.129653187832866,0.016206648479108243,0.032413296958216486,0.04861994543732473
0.125,0.215,0.33999999999999997,0.36764705882352944,0.14166690383773783,1.1333352307019027,0.016666903837737834,0.03333380767547567,0.0500007115132135
0.125,0.22,0.345,0.3623188405797102,0.14213142183788718,1.1370513747030975,0.017131421837887184,0.03426284367577437,0.05139426551366155
0.125,0.225,0.35,0.35714285714285715,0.14260027148994858,1.1408021719195887,0.017600271489948582,0.035200542979897165,0.05280081446984575
0.125,0.23,0.355,0.35211267605633806,0.14307352343098423,1.1445881874478738,0.01807352343098423,0.03614704686196846,0.054220570292952686
0.125,0.235,0.36,0.3472222222222222,0.1435512499755417,1.1484099998043336,0.018551249975541695,0.03710249995108339,0.055653749926625085
0.125,0.24,0.365,0.3424657534246575,0.14403352516845758,1.1522682013476606,0.019033525168457577,0.038067050336915154,0.05710057550537273
0.125,0.245,0.37,0.33783783783783783,0.14452042483974326,1.156163398717946,0.019520424839743256,0.03904084967948651,0.05856127451922977
0.125,0.25,0.375,0.3333333333333333,0.14501202666165147,1.1600962132932118,0.020012026661651472,0.040024053323302944,0.060036079984954416
0.125,0.255,0.38,0.32894736842105265,0.14550841020802818,1.1640672816642255,0.020508410208028183,0.041016820416056365,0.06152523062408455
0.125,0.26,0.385,0.3246753246753247,0.14600965701605972,1.1680772561284778,0.021009657016059724,0.04201931403211945,0.06302897104817917
0.125,0.265,0.39,0.3205128205128205,0.14651585065053363,1.172126805204269,0.02151585065053363,0.04303170130106726,0.06454755195160089
0.125,0.27,0.395,0.3164556962025316,0.14702707677073434,1.1762166141658748,0.022027076770734344,0.04405415354146869,0.06608123031220303
0.125,0.275,0.4,0.3125,0.1475434232001056,1.1803473856008448,0.022543423200105606,0.04508684640021121,0.06763026960031682
0.125,0.28,0.405,0.30864197530864196,0.1480649799988174,1.1845198399905392,0.023064979998817403,0.046129959997634806,0.06919493999645221
0.125,0.285,0.41,0.3048780487804878,0.14859183953938304,1.1887347163150643,0.02359183953938304,0.04718367907876608,0.07077551861814912
0.125,0.29,0.415,0.30120481927710846,0.14912409658548265,1.1929927726838612,0.024124096585482646,0.04824819317096529,0.07237228975644794
0.125,0.295,0.42,0.2976190476190476,0.14966184837415475,1.197294786993238,0.02466184837415475,0.0493236967483095,0.07398554512246425
0.125,0.3,0.425,0.29411764705882354,0.15020519470153326,1.201641557612266,0.025205194701533262,0.050410389403066524,0.07561558410459979
0.125,0.305,0.43,0.29069767441860467,0.1507542380123098,1.2060339040984784,0.025754238012309805,0.05150847602461961,0.07726271403692941
0.125,0.31,0.435,0.28735632183908044,0.15130908349312244,1.2104726679449795,0.026309083493122443,0.052618166986244885,0.07892725047936733
0.125,0.315,0.44,0.2840909090909091,0.15186983917007357,1.2149587133605886,0.026869839170073573,0.053739678340147146,0.08060951751022072
0.125,0.32,0.445,0.2808988764044944,0.15243661601060232,1.2194929280848186,0.02743661601060232,0.05487323202120464,0.08230984803180696
0.125,0.325,0.45,0.2777777777777778,0.1530095280299425,1.22407622423954,0.0280095280299425,0.056019056059885,0.0840285840898275
0.125,0.33,0.455,0.2747252747252747,0.1535886924024179,1.2287095392193432,0.028588692402417903,0.05717738480483581,0.08576607720725371
0.125,0.335,0.46,0.2717391304347826,0.15417422957783977,1.2333938366227182,0.029174229577839772,0.058348459155679544,0.08752268873351932
0.125,0.34,0.465,0.26881720430107525,0.15476626340328925,1.238130107226314,0.02976626340328925,0.0595325268065785,0.08929879020986775
0.125,0.345,0.47,0.26595744680851063,0.15536492125058576,1.242919370004686,0.030364921250585764,0.06072984250117153,0.09109476375175729
0.125,0.35,0.475,0.2631578947368421,0.15597033414976302,1.2477626731981042,0.030970334149763024,0.06194066829952605,0.09291100244928907
0.125,0.355,0.48,0.2604166666666667,0.15658263692889374,1.25266109543115,0.03158263692889374,0.06316527385778747,0.09474791078668121
0.125,0.36,0.485,0.2577319587628866,0.15720196836062927,1.2576157468850342,0.032201968360629274,0.06440393672125855,0.09660590508188782
0.125,0.365,0.49,0.25510204081632654,0.1578284713158441,1.2626277705267528,0.0328284713158441,0.0656569426316882,0.0984854139475323
0.125,0.37,0.495,0.25252525252525254,0.1584622929248014,1.2676983433984113,0.03346229292480141,0.06692458584960281,0.10038687877440422
0.125,0.375,0.5,0.25,0.1591035847462855,1.272828677970284,0.0341035847462855,0.068207169492571,0.1023107542388565
0.125,0.38,0.505,0.24752475247524752,0.15975250294517684,1.2780200235614148,0.034752502945176844,0.06950500589035369,0.10425750883553053
0.125,0.385,0.51,0.24509803921568626,0.16040920847898177,1.2832736678318541,0.03540920847898177,0.07081841695796354,0.1062276254369453
0.125,0.39,0.515,0.24271844660194175,0.16107386729385986,1.288590938350879,0.03607386729385986,0.07214773458771973,0.10822160188157959
0.125,0.395,0.52,0.24038461538461536,0.16174665053073845,1.2939732042459076,0.036746650530738445,0.07349330106147689,0.11023995159221534
0.125,0.4,0.525,0.23809523809523808,0.16242773474213923,1.2994218779371138,0.03742773474213923,0.07485546948427846,0.11228320422641769
0.125,0.405,0.53,0.23584905660377356,0.16311730212039321,1.3049384169631457,0.038117302120393215,0.07623460424078643,0.11435190636117964
0.125,0.41,0.5349999999999999,0.23364485981308414,0.16381554073796756,1.3105243259037405,0.03881554073796756,0.07763108147593512,0.11644662221390267
0.125,0.415,0.54,0.23148148148148145,0.1645226448006829,1.3161811584054632,0.039522644800682905,0.07904528960136581,0.11856793440204871
0.125,0.42,0.5449999999999999,0.22935779816513766,0.16523881491465897,1.3219105193172718,0.04023881491465897,0.08047762982931794,0.12071644474397691
0.125,0.425,0.55,0.22727272727272727,0.16596425836788975,1.327714066943118,0.04096425836788975,0.0819285167357795,0.12289277510366925
0.125,0.43,0.5549999999999999,0.22522522522522526,0.166699189427421,1.333593515419368,0.04169918942742101,0.08339837885484203,0.12509756828226304
0.125,0.435,0.56,0.2232142857142857,0.16744382965317628,1.3395506372254102,0.04244382965317628,0.08488765930635256,0.12733148895952884
0.125,0.44,0.565,0.22123893805309736,0.16819840822956345,1.3455872658365076,0.043198408229563445,0.08639681645912689,0.12959522468869034
0.125,0.445,0.5700000000000001,0.21929824561403508,0.16896316231608244,1.3517052985286595,0.04396316231608244,0.08792632463216488,0.13188948694824731
0.125,0.45,0.575,0.2173913043478261,0.1697383374182545,1.357906699346036,0.044738337418254503,0.08947667483650901,0.1342150122547635
0.125,0.455,0.5800000000000001,0.21551724137931033,0.1705241877803021,1.3641935022424168,0.045524187780302094,0.09104837556060419,0.13657256334090628
0.125,0.46,0.585,0.2136752136752137,0.17132097680112568,1.3705678144090054,0.04632097680112568,0.09264195360225136,0.13896293040337704
0.125,0.465,0.5900000000000001,0.21186440677966098,0.17212897747525613,1.377031819802049,0.04712897747525613,0.09425795495051226,0.14138693242576839
0.125,0.47,0.595,0.21008403361344538,0.17294847286059956,1.3835877828847964,0.047948472860599556,0.09589694572119911,0.14384541858179867
0.125,0.475,0.6,0.20833333333333334,0.17377975657495381,1.3902380525996305,0.048779756574953814,0.09755951314990763,0.14633926972486144
0.125,0.48,0.605,0.2066115702479339,0.17462313332344392,1.3969850665875514,0.049623133323443924,0.09924626664688785,0.14886939997033177
0.125,0.485,0.61,0.20491803278688525,0.17547891945921257,1.4038313556737005,0.05047891945921257,0.10095783891842514,0.1514367583776377
0.125,0.49,0.615,0.2032520325203252,0.17634744357991616,1.4107795486393293,0.05134744357991616,0.10269488715983233,0.1540423307397485
0.125,0.495,0.62,0.20161290322580647,0.17722904716279986,1.4178323773023989,0.05222904716279986,0.10445809432559972,0.15668714148839957
0.125,0.5,0.625,0.2,0.17812408524138712,1.424992681931097,0.05312408524138712,0.10624817048277424,0.15937225572416136
0.125,0.505,0.63,0.1984126984126984,0.1790329271270943,1.4322634170167543,0.05403292712709429,0.10806585425418858,0.16209878138128286
0.125,0.51,0.635,0.19685039370078738,0.17995595717939916,1.4396476574351933,0.05495595717939916,0.10991191435879832,0.16486787153819749
0.125,0.515,0.64,0.1953125,0.18089357562853325,1.447148605028266,0.055893575628533254,0.11178715125706651,0.16768072688559976
0.125,0.52,0.645,0.19379844961240308,0.18184619945505553,1.4547695956404443,0.056846199455055535,0.11369239891011107,0.1705385983651666
0.125,0.525,0.65,0.1923076923076923,0.18281426333109108,1.4625141066487286,0.057814263331091076,0.11562852666218215,0.17344278999327323
0.125,0.53,0.655,0.19083969465648853,0.1837982206284957,1.4703857650279657,0.05879822062849571,0.11759644125699142,0.17639466188548714
0.125,0.535,0.66,0.1893939393939394,0.1847985444997381,1.4783883559979047,0.05979854449973809,0.11959708899947619,0.17939563349921428
0.125,0.54,0.665,0.18796992481203006,0.1858157290378838,1.4865258323030703,0.06081572903788379,0.12163145807576758,0.18244718711365138
0.125,0.545,0.67,0.18656716417910446,0.18685029052273316,1.4948023241818653,0.061850290522733165,0.12370058104546633,0.1855508715681995
0.125,0.55,0.675,0.18518518518518517,0.18790276876090384,1.5032221500872307,0.06290276876090384,0.12580553752180768,0.1887083062827115
0.125,0.555,0.68,0.1838235294117647,0.18897372852849037,1.511789828227923,0.06397372852849037,0.12794745705698074,0.1919211855854711
0.125,0.56,0.685,0.18248175182481752,0.19006376112586854,1.5205100890069483,0.06506376112586854,0.13012752225173707,0.1951912833776056
0.125,0.565,0.69,0.1811594202898551,0.19117348605527296,1.5293878884421837,0.06617348605527296,0.1323469721105459,0.19852045816581887
0.125,0.57,0.695,0.1798561151079137,0.19230355283297207,1.5384284226637766,0.06730355283297207,0.13460710566594414,0.2019106584989162
0.125,0.575,0.7,0.17857142857142858,0.1934546429492111,1.5476371435936889,0.06845464294921111,0.13690928589842222,0.20536392884763333
0.125,0.58,0.705,0.1773049645390071,0.19462747199063157,1.5570197759250526,0.06962747199063157,0.13925494398126315,0.20888241597189472
0.125,0.585,0.71,0.17605633802816903,0.1958227919416048,1.5665823355328383,0.07082279194160479,0.14164558388320958,0.21246837582481437
0.125,0.59,0.715,0.17482517482517484,0.19704139368289908,1.5763311494631926,0.07204139368289908,0.14408278736579816,0.21612418104869724
0.125,0.595,0.72,0.1736111111111111,0.19828410970835053,1.5862728776668042,0.07328410970835053,0.14656821941670106,0.2198523291250516
0.125,0.6,0.725,0.1724137931034483,0.19955181708277947,1.5964145366622358,0.07455181708277947,0.14910363416555894,0.2236554512483384
0.13,0.005,0.135,0.9629629629629629,0.13034130348394002,1.0026254114149231,0.0003413034839400142,0.0006826069678800284,0.0010239104518200426
0.13,0.01,0.14,0.9285714285714285,0.13068508032381543,1.005269848644734,0.0006850803238154235,0.001370160647630847,0.0020552409714462705
0.13,0.015,0.14500000000000002,0.8965517241379309,0.13103136144613647,1.0079335495856652,0.0010313614461364695,0.002062722892272939,0.0030940843384094086
0.13,0.02,0.15,0.8666666666666667,0.13138017833630333,1.0106167564331026,0.0013801783363033282,0.0027603566726066564,0.004140535008909985
0.13,0.025,0.155,0.8387096774193549,0.13173156305192602,1.0133197157840463,0.0017315630519260106,0.003463126103852021,0.005194689155778032
0.13,0.03,0.16,0.8125,0.13208554823654028,1.0160426787426176,0.00208554823654028,0.00417109647308056,0.00625664470962084
0.13,0.035,0.165,0.7878787878787878,0.13244216713373336,1.0187859010287181,0.002442167133733353,0.004884334267466706,0.0073265014012000584
0.13,0.04,0.17,0.7647058823529411,0.1328014536016956,1.021549643089966,0.0028014536016955915,0.005602907203391183,0.008404360805086775
0.13,0.045,0.175,0.7428571428571429,0.1331634421282113,1.02433417021701,0.0031634421282112912,0.0063268842564225825,0.009490326384633874
0.13,0.05,0.18,0.7222222222222223,0.13352816784610677,1.0271397526623598,0.0035281678461067667,0.007056335692213533,0.0105845035383203
0.13,0.055,0.185,0.7027027027027027,0.13389566654917162,1.0299666657628586,0.003895666549171617,0.007791333098343234,0.01168699964751485
0.13,0.06,0.19,0.6842105263157895,0.13426597470856927,1.0328151900659175,0.0042659747085692645,0.008531949417138529,0.012797924125707794
0.13,0.065,0.195,0.6666666666666666,0.1346391294897583,1.0356856114596793,0.004639129489758309,0.009278258979516618,0.013917388469274927
0.13,0.07,0.2,0.65,0.13501516876993902,1.0385782213072232,0.005015168769939016,0.010030337539878031,0.015045506309817047
0.13,0.075,0.20500000000000002,0.6341463414634146,0.13539413115604992,1.0414933165849993,0.0053941311560499194,0.010788262312099839,0.01618239346814976
0.13,0.08,0.21000000000000002,0.619047619047619,0.1357760560033301,1.044431200025616,0.005776056003330088,0.011552112006660176,0.017328168009990264
0.13,0.085,0.21500000000000002,0.6046511627906976,0.13616098343447325,1.0473921802651789,0.006160983434473244,0.012321966868946488,0.018482950303419732
0.13,0.09,0.22,0.5909090909090909,0.1365489543593924,1.0503765719953262,0.0065489543593924004,0.013097908718784801,0.0196468630781772
0.13,0.095,0.225,0.5777777777777778,0.13694001049562166,1.0533846961201665,0.006940010495621651,0.013880020991243303,0.020820031486864954
0.13,0.1,0.23,0.5652173913043478,0.13733419438937744,1.056416879918288,0.007334194389377435,0.01466838877875487,0.022002583168132306
0.13,0.105,0.235,0.5531914893617021,0.1377315494373068,1.0594734572100524,0.007731549437306806,0.015463098874613612,0.02319464831192042
0.13,0.11,0.24,0.5416666666666667,0.13813211990894803,1.0625547685303693,0.008132119908948021,0.016264239817896042,0.024396359726844064
0.13,0.115,0.245,0.5306122448979592,0.13853595096993276,1.0656611613071751,0.00853595096993276,0.01707190193986552,0.02560785290979828
0.13,0.12,0.25,0.52,0.13894308870595884,1.0687929900458373,0.008943088705958835,0.01788617741191767,0.026829266117876505
0.13,0.125,0.255,0.5098039215686274,0.13935358014756472,1.0719506165197286,0.00935358014756471,0.01870716029512942,0.028060740442694132
0.13,0.13,0.26,0.5,0.13976747329573735,1.0751344099672104,0.00976747329573735,0.0195349465914747,0.02930241988721205
0.13,0.135,0.265,0.49056603773584906,0.1401848171483877,1.07834474729529,0.010184817148387704,0.020369634296775407,0.03055445144516311
0.13,0.14,0.27,0.48148148148148145,0.14060566172772948,1.0815820132902267,0.010605661727729476,0.021211323455458952,0.03181698518318843
0.13,0.145,0.275,0.4727272727272727,0.14103005810859726,1.0848466008353634,0.011030058108597252,0.022060116217194503,0.033090174325791755
0.13,0.15,0.28,0.46428571428571425,0.14145805844774428,1.0881389111364945,0.01145805844774428,0.02291611689548856,0.03437417534323284
0.13,0.155,0.28500000000000003,0.45614035087719296,0.1418897160141589,1.0914593539550683,0.011889716014158891,0.023779432028317782,0.03566914804247667
0.13,0.16,0.29000000000000004,0.44827586206896547,0.14232508522044474,1.094808347849575,0.012325085220444731,0.024650170440889463,0.036975255661334194
0.13,0.165,0.29500000000000004,0.44067796610169485,0.14276422165530656,1.098186320425435,0.012764221655306551,0.025528443310613103,0.038292664965919654
0.13,0.17,0.30000000000000004,0.4333333333333333,0.14320718211719163,1.1015937085937817,0.01320718211719163,0.02641436423438326,0.03962154635157489
0.13,0.175,0.305,0.42622950819672134,0.14365402464913413,1.1050309588394933,0.013654024649134122,0.027308049298268244,0.040962073947402367
0.13,0.18,0.31,0.41935483870967744,0.14410480857485597,1.108498527498892,0.014104808574855965,0.02820961714971193,0.042314425724567895
0.13,0.185,0.315,0.41269841269841273,0.14455959453617617,1.111996881047509,0.014559594536176168,0.029119189072352336,0.043678783608528504
0.13,0.19,0.32,0.40625,0.14501844453178991,1.115526496398384,0.01501844453178991,0.03003688906357982,0.04505533359536973
0.13,0.195,0.325,0.4,0.14548142195747316,1.119087861211332,0.015481421957473152,0.030962843914946303,0.046444265872419455
0.13,0.2,0.33,0.3939393939393939,0.14594859164777996,1.122681474213692,0.015948591647779953,0.031897183295559906,0.04784577494333986
0.13,0.205,0.33499999999999996,0.3880597014925374,0.14642001991929632,1.1263078455330486,0.016420019919296314,0.03284003983859263,0.04926005975788894
0.13,0.21,0.33999999999999997,0.3823529411764706,0.1468957746155226,1.1299674970424816,0.016895774615522607,0.033791549231045215,0.05068732384656782
0.13,0.215,0.345,0.3768115942028986,0.14737592515345777,1.1336609627189058,0.01737592515345776,0.03475185030691552,0.05212777546037328
0.13,0.22,0.35,0.37142857142857144,0.1478605425719628,1.1373887890150984,0.01786054257196279,0.03572108514392558,0.05358162771588837
0.13,0.225,0.355,0.36619718309859156,0.1483496995819853,1.1411515352460406,0.01834969958198529,0.03669939916397058,0.05504909874595587
0.13,0.23,0.36,0.36111111111111116,0.1488434706187336,1.1449497739902583,0.018843470618733593,0.037686941237467186,0.05653041185620078
0.13,0.235,0.365,0.35616438356164387,0.14934193189588785,1.1487840915068295,0.019341931895887843,0.038683863791775686,0.05802579568766353
0.13,0.24,0.37,0.35135135135135137,0.14984516146194815,1.152655088168832,0.019845161461948146,0.03969032292389629,0.05953548438584444
0.13,0.245,0.375,0.3466666666666667,0.15035323925881838,1.1565633789139875,0.02035323925881838,0.04070647851763676,0.061059717776455136
0.13,0.25,0.38,0.34210526315789475,0.150866247182734,1.1605095937133385,0.020866247182734,0.041732494365468,0.062598741548202
0.13,0.255,0.385,0.33766233766233766,0.15138426914764747,1.1644943780588266,0.02138426914764746,0.04276853829529492,0.06415280744294238
0.13,0.26,0.39,0.3333333333333333,0.15190739115118856,1.1685183934706813,0.02190739115118856,0.04381478230237712,0.06572217345356568
0.13,0.265,0.395,0.3291139240506329,0.15243570134333018,1.1725823180256167,0.022435701343330172,0.044871402686660344,0.06730710402999052
0.13,0.27,0.4,0.325,0.15296929009788807,1.1766868469068312,0.022969290097888062,0.045938580195776124,0.06890787029366419
0.13,0.275,0.405,0.32098765432098764,0.15350825008700053,1.180832692976927,0.023508250087000526,0.04701650017400105,0.07052475026100158
0.13,0.28,0.41000000000000003,0.3170731707317073,0.15405267635873554,1.1850205873748887,0.024052676358735536,0.04810535271747107,0.07215802907620661
0.13,0.285,0.415,0.3132530120481928,0.1546026664179837,1.1892512801383361,0.0246026664179837,0.0492053328359674,0.0738079992539511
0.13,0.29,0.42,0.30952380952380953,0.15515832031080645,1.1935255408523573,0.025158320310806448,0.050316640621612896,0.07547496093241934
0.13,0.295,0.425,0.3058823529411765,0.15571974071241668,1.197844159326282,0.025719740712416672,0.051439481424833344,0.07715922213725002
0.13,0.3,0.43,0.3023255813953489,0.15628703301898095,1.2022079462998534,0.026287033018980943,0.052574066037961886,0.07886109905694283
0.13,0.305,0.435,0.2988505747126437,0.1568603054434442,1.20661773418034,0.0268603054434442,0.0537206108868884,0.0805809163303326
0.13,0.31,0.44,0.29545454545454547,0.15743966911558893,1.2110743778122226,0.027439669115588927,0.054879338231177854,0.08231900734676678
0.13,0.315,0.445,0.29213483146067415,0.15802523818655667,1.2155787552812052,0.028025238186556667,0.056050476373113334,0.08407571455967
0.13,0.32,0.45,0.2888888888888889,0.15861712993806965,1.2201317687543818,0.02861712993806964,0.05723425987613928,0.08585138981420892
0.13,0.325,0.455,0.2857142857142857,0.1592154648966112,1.2247343453585477,0.0292154648966112,0.0584309297932224,0.0876463946898336
0.13,0.33,0.46,0.2826086956521739,0.1598203669528342,1.2293874380987244,0.029820366952834187,0.059640733905668375,0.08946110085850256
0.13,0.335,0.465,0.27956989247311825,0.16043196348648847,1.234092026819142,0.030431963486488467,0.060863926972976934,0.0912958904594654
0.13,0.34,0.47000000000000003,0.2765957446808511,0.16105038549717543,1.2388491192090418,0.031050385497175426,0.06210077099435085,0.09315115649152628
0.13,0.345,0.475,0.2736842105263158,0.16167576774125825,1.2436597518558326,0.03167576774125824,0.06335153548251649,0.09502730322377473
0.13,0.35,0.48,0.27083333333333337,0.16230824887527817,1.2485249913482936,0.03230824887527817,0.06461649775055633,0.0969247466258345
0.13,0.355,0.485,0.26804123711340205,0.1629479716062503,1.2534459354326946,0.03294797160625029,0.06589594321250059,0.09884391481875088
0.13,0.36,0.49,0.2653061224489796,0.16359508284923985,1.258423714224922,0.03359508284923984,0.06719016569847969,0.10078524854771953
0.13,0.365,0.495,0.26262626262626265,0.1642497338926432,1.2634594914818706,0.034249733892643186,0.06849946778528637,0.10274920167792956
0.13,0.37,0.5,0.26,0.16491208057163065,1.2685544659356203,0.034912080571630644,0.06982416114326129,0.10473624171489193
0.13,0.375,0.505,0.25742574257425743,0.16558228345023984,1.2737098726941525,0.03558228345023984,0.07116456690047968,0.10674685035071951
0.13,0.38,0.51,0.2549019607843137,0.16626050801263903,1.278926984712608,0.036260508012639026,0.07252101602527805,0.10878152403791708
0.13,0.385,0.515,0.2524271844660194,0.16694692486412288,1.2842071143394067,0.036946924864122876,0.07389384972824575,0.11084077459236863
0.13,0.39,0.52,0.25,0.16764170994243655,1.2895516149418196,0.03764170994243654,0.07528341988487308,0.11292512982730962
0.13,0.395,0.525,0.24761904761904763,0.16834504474007406,1.2949618826159541,0.03834504474007405,0.0766900894801481,0.11503513422022216
0.13,0.4,0.53,0.24528301886792453,0.16905711653823896,1.3004393579864535,0.039057116538238956,0.07811423307647791,0.11717134961471687
0.13,0.405,0.535,0.24299065420560748,0.16977811865320913,1.3059855281016086,0.03977811865320913,0.07955623730641825,0.11933435595962738
0.13,0.41,0.54,0.24074074074074073,0.17050825069590203,1.3116019284300156,0.040508250695902026,0.08101650139180405,0.12152475208770608
0.13,0.415,0.5449999999999999,0.23853211009174316,0.1712477188454984,1.3172901449653722,0.04124771884549838,0.08249543769099676,0.12374315653649515
0.13,0.42,0.55,0.23636363636363636,0.17199673613804534,1.3230518164465026,0.04199673613804533,0.08399347227609066,0.125990208414136
0.13,0.425,0.5549999999999999,0.23423423423423426,0.17275552277103412,1.3288886367002624,0.042755522771034116,0.08551104554206823,0.12826656831310235
0.13,0.43,0.56,0.23214285714285712,0.17352430642502426,1.3348023571155712,0.04352430642502425,0.0870486128500485,0.13057291927507275
0.13,0.435,0.565,0.23008849557522126,0.1743033226034696,1.3407947892574583,0.044303322603469586,0.08860664520693917,0.13290996781040876
0.13,0.44,0.5700000000000001,0.22807017543859648,0.17509281499199691,1.3468678076307454,0.04509281499199691,0.09018562998399382,0.13527844497599073
0.13,0.445,0.575,0.22608695652173916,0.17589303583848703,1.3530233526037463,0.04589303583848703,0.09178607167697406,0.13767910751546109
0.13,0.45,0.5800000000000001,0.22413793103448273,0.17670424635541904,1.3592634335032232,0.04670424635541903,0.09340849271083806,0.1401127390662571
0.13,0.455,0.585,0.22222222222222224,0.17752671714605994,1.3655901318927688,0.04752671714605994,0.09505343429211988,0.14258015143817981
0.13,0.46,0.5900000000000001,0.22033898305084743,0.1783607286562161,1.3720056050478162,0.0483607286562161,0.0967214573124322,0.1450821859686483
0.13,0.465,0.595,0.21848739495798322,0.17920657165340437,1.378512089641572,0.04920657165340436,0.09841314330680873,0.1476197149602131
0.13,0.47,0.6,0.21666666666666667,0.18006454773546687,1.3851119056574375,0.05006454773546687,0.10012909547093374,0.1501936432064006
0.13,0.475,0.605,0.21487603305785125,0.18093496987082336,1.391807460544795,0.050934969870823354,0.10186993974164671,0.15280490961247006
0.13,0.48,0.61,0.21311475409836067,0.18181816297275255,1.398601253636558,0.051818162972752546,0.10363632594550509,0.15545448891825764
0.13,0.485,0.615,0.21138211382113822,0.18271446451030582,1.4054958808485063,0.052714464510305814,0.10542892902061163,0.15814339353091744
0.13,0.49,0.62,0.20967741935483872,0.1836242251586926,1.4124940396822507,0.053624225158692584,0.10724845031738517,0.16087267547607775
0.13,0.495,0.625,0.20800000000000002,0.1845478094922356,1.4195985345556583,0.05454780949223559,0.10909561898447118,0.16364342847670676
0.13,0.5,0.63,0.20634920634920637,0.18548559672328468,1.4268122824868053,0.05548559672328468,0.11097119344656936,0.16645679016985404
0.13,0.505,0.635,0.2047244094488189,0.18643798149079294,1.4341383191599457,0.05643798149079293,0.11287596298158586,0.1693139444723788
0.13,0.51,0.64,0.203125,0.18740537470261664,1.4415798054047433,0.05740537470261664,0.11481074940523328,0.17221612410784992
0.13,0.515,0.645,0.20155038759689922,0.1883882044359877,1.4491400341229823,0.05838820443598769,0.11677640887197538,0.17516461330796307
0.13,0.52,0.65,0.2,0.18938691690105092,1.4568224377003915,0.05938691690105091,0.11877383380210182,0.17816075070315274
0.13,0.525,0.655,0.1984732824427481,0.19040197747283694,1.4646305959448995,0.06040197747283693,0.12080395494567386,0.1812059324185108
0.13,0.53,0.66,0.19696969696969696,0.19143387179759142,1.472568244596857,0.06143387179759141,0.12286774359518282,0.18430161539277423
0.13,0.535,0.665,0.19548872180451127,0.1924831069799804,1.4806392844613876,0.062483106979980385,0.12496621395996077,0.18744932093994116
0.13,0.54,0.67,0.19402985074626866,0.19355021285837626,1.488847791218279,0.06355021285837625,0.1271004257167525,0.19065063857512876
0.13,0.545,0.675,0.1925925925925926,0.19463574337618228,1.4971980259706328,0.06463574337618228,0.12927148675236455,0.19390723012854683
0.13,0.55,0.68,0.19117647058823528,0.19574027805801175,1.5056944466000903,0.06574027805801175,0.1314805561160235,0.19722083417403524
0.13,0.555,0.685,0.1897810218978102,0.19686442360049294,1.5143417200037919,0.06686442360049294,0.13372884720098588,0.20059327080147882
0.13,0.56,0.6900000000000001,0.18840579710144928,0.19800881558855477,1.523144735296575,0.06800881558855476,0.13601763117710952,0.20402644676566428
0.13,0.565,0.695,0.18705035971223025,0.19917412034926363,1.5321086180712586,0.06917412034926362,0.13834824069852725,0.20752236104779087
0.13,0.57,0.7,0.18571428571428572,0.20036103695666407,1.5412387458204928,0.07036103695666407,0.14072207391332814,0.2110831108699922
0.13,0.575,0.705,0.1843971631205674,0.2015702994026335,1.5505407646356422,0.07157029940263349,0.14314059880526697,0.21471089820790046
0.13,0.58,0.71,0.18309859154929578,0.20280267895053583,1.5600206073118141,0.07280267895053583,0.14560535790107165,0.21840803685160748
0.13,0.585,0.715,0.18181818181818182,0.20405898669047484,1.5696845130036525,0.07405898669047484,0.14811797338094967,0.2221769600714245
0.13,0.59,0.72,0.18055555555555558,0.20534007631724172,1.579539048594167,0.07534007631724171,0.15068015263448342,0.22602022895172513
0.13,0.595,0.725,0.17931034482758623,0.2066468471546815,1.5895911319590885,0.07664684715468151,0.15329369430936302,0.22994054146404452
0.13,0.6,0.73,0.17808219178082194,0.20798024745320165,1.5998480573323204,0.07798024745320165,0.1559604949064033,0.23394074235960494
0.135,0.005,0.14,0.9642857142857143,0.13535508390928552,1.0026302511798928,0.00035508390928551403,0.0007101678185710281,0.001065251727856542
0.135,0.01,0.14500000000000002,0.9310344827586207,0.13571274900877228,1.005279622287202,0.0007127490087722732,0.0014254980175445464,0.0021382470263168196
0.135,0.015,0.15000000000000002,0.8999999999999999,0.13607302769718088,1.007948353312451,0.0010730276971808728,0.0021460553943617455,0.0032190830915426183
0.135,0.02,0.155,0.870967741935484,0.13643595296125266,1.0106366886018714,0.0014359529612526511,0.0028719059225053023,0.0043078588837579534
0.135,0.025,0.16,0.84375,0.13680155838982877,1.0133448769616946,0.0018015583898287613,0.0036031167796575225,0.005404675169486284
0.135,0.03,0.165,0.8181818181818182,0.13716987818835014,1.0160731717655564,0.0021698781883501272,0.0043397563767002545,0.006509634565050382
0.135,0.035,0.17,0.7941176470588235,0.13754094719379262,1.0188218310651305,0.0025409471937926087,0.005081894387585217,0.007622841581377826
0.135,0.04,0.17500000000000002,0.7714285714285714,0.13791480089005503,1.0215911177041113,0.002914800890055025,0.00582960178011005,0.008744402670165075
0.135,0.045,0.18,0.7500000000000001,0.13829147542381348,1.0243812994356554,0.0032914754238134725,0.006582950847626945,0.009874426271440417
0.135,0.05,0.185,0.7297297297297298,0.13867100762086249,1.0271926490434258,0.0036710076208624765,0.007342015241724953,0.01101302286258743
0.135,0.055,0.19,0.7105263157894737,0.13905343500295708,1.0300254444663486,0.004053435002957073,0.008106870005914146,0.01216030500887122
0.135,0.06,0.195,0.6923076923076923,0.13943879580517937,1.0328799689272545,0.004438795805179363,0.008877591610358726,0.013316387415538089
0.135,0.065,0.2,0.675,0.13982712899384253,1.0357565110655003,0.004827128993842522,0.009654257987685044,0.014481386981527566
0.135,0.07,0.20500000000000002,0.6585365853658537,0.14021847428495948,1.038655365073774,0.005218474284959473,0.010436948569918947,0.01565542285487842
0.135,0.075,0.21000000000000002,0.6428571428571428,0.14061287216329144,1.0415768308391957,0.005612872163291427,0.011225744326582854,0.01683861648987428
0.135,0.08,0.21500000000000002,0.627906976744186,0.1410103639020034,1.044521214088914,0.0060103639020033794,0.012020727804006759,0.01803109170601014
0.135,0.085,0.22000000000000003,0.6136363636363636,0.14141099158294446,1.0474888265403293,0.0064109915829444475,0.012821983165888895,0.019232974748833342
0.135,0.09,0.225,0.6,0.14181479811758313,1.0504799860561713,0.006814798117583121,0.013629596235166241,0.020444394352749362
0.135,0.095,0.23,0.5869565217391305,0.1422218272686172,1.0534950168045718,0.007221827268617198,0.014443654537234396,0.021665481805851594
0.135,0.1,0.23500000000000001,0.574468085106383,0.14263212367228795,1.056534249424355,0.007632123672287938,0.015264247344575876,0.022896371016863815
0.135,0.105,0.24,0.5625000000000001,0.1430457328614253,1.059598021195743,0.008045732861425292,0.016091465722850584,0.024137198584275876
0.135,0.11,0.245,0.5510204081632654,0.14346270128925276,1.062686676216687,0.00846270128925275,0.0169254025785055,0.02538810386775825
0.135,0.115,0.25,0.54,0.1438830763539819,1.065800565585051,0.008883076353981889,0.017766152707963778,0.026649229061945667
0.135,0.12,0.255,0.5294117647058824,0.1443069064242286,1.0689400475868784,0.0093069064242286,0.0186138128484572,0.0279207192726858
0.135,0.125,0.26,0.5192307692307693,0.1447342408652843,1.0721054878909948,0.009734240865284294,0.019468481730568588,0.02920272259585288
0.135,0.13,0.265,0.5094339622641509,0.14516513006627496,1.0752972597501849,0.010165130066274952,0.020330260132549904,0.030495390198824857
0.135,0.135,0.27,0.5,0.1455996254682469,1.0785157442092361,0.010599625468246887,0.021199250936493774,0.03179887640474066
0.135,0.14,0.275,0.4909090909090909,0.14603777959321507,1.0817613303201115,0.011037779593215058,0.022075559186430116,0.033113338779645174
0.135,0.145,0.28,0.48214285714285715,0.14647964607421493,1.085034415364555,0.011479646074214922,0.022959292148429844,0.034438938222644766
0.135,0.15,0.28500000000000003,0.47368421052631576,0.14692527968639857,1.0883354050844338,0.01192527968639856,0.02385055937279712,0.03577583905919568
0.135,0.155,0.29000000000000004,0.46551724137931033,0.1473747363792205,1.0916647139201516,0.012374736379220486,0.02474947275844097,0.03712420913766146
0.135,0.16,0.29500000000000004,0.45762711864406774,0.14782807330975667,1.0950227652574567,0.01282807330975666,0.02565614661951332,0.03848421992926998
0.135,0.165,0.30000000000000004,0.44999999999999996,0.14828534887720757,1.098409991683019,0.013285348877207559,0.026570697754415118,0.03985604663162268
0.135,0.17,0.30500000000000005,0.44262295081967207,0.14874662275863348,1.101826835249137,0.013746622758633475,0.02749324551726695,0.041239868275900426
0.135,0.175,0.31,0.435483870967742,0.14921195594597714,1.1052737477479788,0.014211955945977128,0.028423911891954257,0.042635867837931385
0.135,0.18,0.315,0.4285714285714286,0.14968141078442776,1.108751190995761,0.01468141078442775,0.0293628215688555,0.04404423235328325
0.135,0.185,0.32,0.421875,0.1501550510121873,1.1122596371273132,0.015155051012187282,0.030310102024374563,0.045465153036561845
0.135,0.19,0.325,0.4153846153846154,0.15063294180169784,1.1157995689014655,0.01563294180169783,0.03126588360339566,0.04689882540509349
0.135,0.195,0.33,0.4090909090909091,0.15111514980239749,1.119371480017759,0.016115149802397477,0.032230299604794954,0.04834544940719243
0.135,0.2,0.335,0.40298507462686567,0.1516017431850717,1.1229758754449755,0.016601743185071682,0.033203486370143365,0.04980522955521505
0.135,0.205,0.33999999999999997,0.39705882352941185,0.1520927916878717,1.1266132717620125,0.0170927916878717,0.0341855833757434,0.0512783750636151
0.135,0.21,0.345,0.39130434782608703,0.15258836666407705,1.1302841975116817,0.017588366664077038,0.035176733328154075,0.05276509999223111
0.135,0.215,0.35,0.3857142857142858,0.15308854113167936,1.133989193567995,0.018088541131679348,0.036177082263358695,0.05426562339503804
0.135,0.22,0.355,0.3802816901408451,0.15359338982487458,1.1377288135175894,0.018593389824874573,0.037186779649749147,0.05578016947462372
0.135,0.225,0.36,0.37500000000000006,0.15410298924754873,1.1415036240559164,0.01910298924754872,0.03820597849509744,0.057308967742646155
0.135,0.23,0.365,0.36986301369863017,0.15461741772885274,1.1453142053989092,0.019617417728852726,0.03923483545770545,0.05885225318655818
0.135,0.235,0.37,0.3648648648648649,0.15513675548096395,1.149161151710844,0.02013675548096394,0.04027351096192788,0.060410266442891825
0.135,0.24,0.375,0.36000000000000004,0.1556610846591383,1.1530450715491725,0.020661084659138296,0.04132216931827659,0.06198325397741489
0.135,0.245,0.38,0.35526315789473684,0.1561904894241618,1.1569665883271245,0.021190489424161796,0.04238097884832359,0.06357146827248539
0.135,0.25,0.385,0.35064935064935066,0.15672505600731923,1.1609263407949573,0.02172505600731922,0.04345011201463844,0.06517516802195766
0.135,0.255,0.39,0.34615384615384615,0.15726487277800005,1.1649249835407411,0.022264872778000044,0.04452974555600009,0.06679461833400013
0.135,0.26,0.395,0.34177215189873417,0.15781003031407204,1.1689631875116446,0.022810030314072027,0.045620060628144055,0.06843009094221608
0.135,0.265,0.4,0.3375,0.15836062147515984,1.1730416405567394,0.023360621475159826,0.04672124295031965,0.07008186442547948
0.135,0.27,0.405,0.3333333333333333,0.15891674147897183,1.177161047992384,0.023916741478971826,0.04783348295794365,0.07175022443691548
0.135,0.275,0.41000000000000003,0.32926829268292684,0.15947848798082964,1.1813221331913306,0.024478487980829633,0.048956975961659266,0.0734354639424889
0.135,0.28,0.41500000000000004,0.3253012048192771,0.1600459611565621,1.1855256381967563,0.025045961156562102,0.050091922313124204,0.0751378834696863
0.135,0.285,0.42,0.32142857142857145,0.16061926378893532,1.1897723243624838,0.02561926378893531,0.05123852757787062,0.07685779136680593
0.135,0.29,0.425,0.31764705882352945,0.16119850135780178,1.194062973020754,0.026198501357801773,0.05239700271560355,0.07859550407340532
0.135,0.295,0.43,0.313953488372093,0.1617837821341609,1.1983983861789695,0.026783782134160883,0.053567564268321766,0.08035134640248265
0.135,0.3,0.435,0.3103448275862069,0.16237521727833715,1.2027793872469417,0.02737521727833714,0.05475043455667428,0.08212565183501142
0.135,0.305,0.44,0.3068181818181818,0.16297292094249138,1.2072068217962324,0.027972920942491375,0.05594584188498275,0.08391876282747412
0.135,0.31,0.445,0.30337078651685395,0.1635770103777009,1.2116815583533398,0.028577010377700884,0.05715402075540177,0.08573103113310265
0.135,0.315,0.45,0.3,0.1641876060458476,1.2162044892285007,0.02918760604584758,0.05837521209169516,0.08756281813754274
0.135,0.32,0.455,0.2967032967032967,0.16480483173658278,1.2207765313820946,0.02980483173658277,0.05960966347316554,0.08941449520974831
0.135,0.325,0.46,0.29347826086956524,0.16542881468964066,1.2253986273306714,0.03042881468964065,0.0608576293792813,0.09128644406892195
0.135,0.33,0.465,0.2903225806451613,0.16605968572280005,1.2300717460948152,0.031059685722800046,0.06211937144560009,0.09317905716840014
0.135,0.335,0.47000000000000003,0.2872340425531915,0.1666975793658083,1.2347968841911725,0.031697579365808304,0.06339515873161661,0.09509273809742491
0.135,0.34,0.47500000000000003,0.28421052631578947,0.1673426340006039,1.2395750666711398,0.03234263400060389,0.06468526800120777,0.09702790200181166
0.135,0.345,0.48,0.28125000000000006,0.1679949920081949,1.2444073482088511,0.03299499200819489,0.06598998401638978,0.09898497602458467
0.135,0.35,0.485,0.27835051546391754,0.16865479992257726,1.249294814241313,0.03365479992257725,0.0673095998451545,0.10096439976773175
0.135,0.355,0.49,0.2755102040816327,0.16932220859209957,1.2542385821637003,0.03432220859209956,0.06864441718419911,0.10296662577629867
0.135,0.36,0.495,0.27272727272727276,0.16999737334871112,1.2592398025830454,0.034997373348711114,0.06999474669742223,0.10499212004613334
0.135,0.365,0.5,0.27,0.17068045418555833,1.2642996606337653,0.03568045418555832,0.07136090837111664,0.10704136255667496
0.135,0.37,0.505,0.26732673267326734,0.17137161594342953,1.2694193773587372,0.036371615943429525,0.07274323188685905,0.10911484783028857
0.135,0.375,0.51,0.2647058823529412,0.1720710285065804,1.2746002111598547,0.037071028506580395,0.07414205701316079,0.11121308551974118
0.135,0.38,0.515,0.2621359223300971,0.1727788670085112,1.2798434593223051,0.037778867008511186,0.07555773401702237,0.11333660102553356
0.135,0.385,0.52,0.25961538461538464,0.17349531204831004,1.2851504596171113,0.038495312048310026,0.07699062409662005,0.11548593614493008
0.135,0.39,0.525,0.2571428571428572,0.17422054991821723,1.2905225919867942,0.03922054991821722,0.07844109983643444,0.11766164975465165
0.135,0.395,0.53,0.25471698113207547,0.17495477284311645,1.295961280319381,0.03995477284311644,0.07990954568623287,0.11986431852934931
0.135,0.4,0.535,0.25233644859813087,0.17569817923271025,1.301467994316372,0.04069817923271024,0.08139635846542048,0.12209453769813072
0.135,0.405,0.54,0.25,0.1764509739471931,1.3070442514606897,0.041450973947193104,0.08290194789438621,0.12435292184157931
0.135,0.41,0.5449999999999999,0.24770642201834867,0.1772133685772984,1.3126916190910993,0.042213368577298405,0.08442673715459681,0.12664010573189521
0.135,0.415,0.55,0.24545454545454545,0.17798558173966073,1.3184117165900793,0.042985581739660716,0.08597116347932143,0.12895674521898215
0.135,0.42,0.5549999999999999,0.24324324324324328,0.17876783938851004,1.3242062176926668,0.04376783938851003,0.08753567877702007,0.1313035181655301
0.135,0.425,0.56,0.24107142857142858,0.1795603751447915,1.3300768529243814,0.0445603751447915,0.089120750289583,0.1336811254343745
0.135,0.43,0.565,0.23893805309734517,0.18036343064389238,1.3360254121769806,0.045363430643892366,0.09072686128778473,0.1360902919316771
0.135,0.435,0.5700000000000001,0.23684210526315788,0.1811772559032535,1.3420537474315073,0.0461772559032535,0.092354511806507,0.1385317677097605
0.135,0.44,0.575,0.2347826086956522,0.1820021097112411,1.3481637756388227,0.04700210971124108,0.09400421942248216,0.14100632913372324
0.135,0.445,0.5800000000000001,0.23275862068965517,0.18283826003877512,1.3543574817687045,0.047838260038775116,0.09567652007755023,0.14351478011632535
0.135,0.45,0.585,0.2307692307692308,0.18368598447532647,1.3606369220394552,0.04868598447532646,0.09737196895065292,0.14605795342597938
0.135,0.455,0.5900000000000001,0.22881355932203387,0.18454557069103517,1.3670042273410012,0.04954557069103516,0.09909114138207031,0.14863671207310547
0.135,0.46,0.595,0.22689075630252103,0.18541731692685115,1.373461606865564,0.05041731692685114,0.10083463385370228,0.15125195078055342
0.135,0.465,0.6000000000000001,0.22499999999999998,0.186301532514757,1.380011351961163,0.051301532514757,0.102603065029514,0.153904597544271
0.135,0.47,0.605,0.22314049586776863,0.1871985384303183,1.3866558402245799,0.0521985384303183,0.1043970768606366,0.1565956152909549
0.135,0.475,0.61,0.2213114754098361,0.18810866788000036,1.3933975398518543,0.05310866788000035,0.1062173357600007,0.15932600364000105
0.135,0.48,0.615,0.21951219512195125,0.1890322669259079,1.4002390142659844,0.0540322669259079,0.1080645338518158,0.1620968007777237
0.135,0.485,0.62,0.217741935483871,0.18996969515084727,1.407182927043313,0.054969695150847264,0.10993939030169453,0.1649090854525418
0.135,0.49,0.625,0.21600000000000003,0.1909213263668732,1.4142320471620236,0.05592132636687319,0.11184265273374638,0.16776397910061958
0.135,0.495,0.63,0.2142857142857143,0.191887549370777,1.4213892545983482,0.056887549370777,0.113775098741554,0.170662648112331
0.135,0.5,0.635,0.2125984251968504,0.19286876875029746,1.4286575462984996,0.05786876875029745,0.1157375375005949,0.17360630625089235
0.135,0.505,0.64,0.2109375,0.19386540574519684,1.4360400425570135,0.05886540574519683,0.11773081149039366,0.1765962172355905
0.135,0.51,0.645,0.20930232558139536,0.19487789916774412,1.4435399938351414,0.05987789916774411,0.11975579833548822,0.17963369750323233
0.135,0.515,0.65,0.2076923076923077,0.19590670638759344,1.4511607880562476,0.060906706387593434,0.12181341277518687,0.1827201191627803
0.135,0.52,0.655,0.20610687022900764,0.19695230438653932,1.4589059584188098,0.061952304386539314,0.12390460877307863,0.18585691315961794
0.135,0.525,0.66,0.20454545454545456,0.19801519088918784,1.4667791917717616,0.06301519088918783,0.12603038177837567,0.1890455726675635
0.135,0.53,0.665,0.20300751879699247,0.19909588557619395,1.4747843376014367,0.06409588557619394,0.1281917711523879,0.19228765672858183
0.135,0.535,0.67,0.20149253731343283,0.2001949313874133,1.4829254176845428,0.06519493138741328,0.13038986277482656,0.19558479416223984
0.135,0.54,0.675,0.2,0.20131289592308488,1.4912066364672953,0.06631289592308487,0.13262579184616974,0.1989386877692546
0.135,0.545,0.68,0.19852941176470587,0.20245037295203472,1.499632392237294,0.06745037295203471,0.13490074590406942,0.20235111885610413
0.135,0.55,0.685,0.19708029197080293,0.20360798403686553,1.508207289161967,0.06860798403686552,0.13721596807373104,0.20582395211059656
0.135,0.555,0.6900000000000001,0.1956521739130435,0.20478638028719887,1.516936150275547,0.06978638028719886,0.13957276057439771,0.20935914086159657
0.135,0.56,0.6950000000000001,0.19424460431654675,0.20598624425327805,1.5258240315057632,0.07098624425327804,0.14197248850655608,0.21295873275983412
0.135,0.565,0.7,0.1928571428571429,0.20720829197364465,1.534876236841812,0.07220829197364464,0.1444165839472893,0.21662487592093393
0.135,0.57,0.705,0.1914893617021277,0.2084532751921918,1.5440983347569763,0.0734532751921918,0.1469065503843836,0.2203598255765754
0.135,0.575,0.71,0.19014084507042256,0.20972198376170104,1.5534961760126003,0.07472198376170103,0.14944396752340205,0.22416595128510308
0.135,0.58,0.715,0.18881118881118883,0.21101524825302642,1.5630759129853808,0.07601524825302641,0.15203049650605283,0.22804574475907924
0.135,0.585,0.72,0.18750000000000003,0.21233394279142348,1.572844020677211,0.07733394279142347,0.15466788558284694,0.2320018283742704
0.135,0.59,0.725,0.18620689655172415,0.2136789881441975,1.582807319586648,0.07867898814419749,0.15735797628839499,0.23603696443259248
0.135,0.595,0.73,0.18493150684931509,0.21505135508690387,1.5929730006437324,0.08005135508690386,0.16010271017380773,0.2401540652607116
0.135,0.6,0.735,0.1836734693877551,0.2164520680788411,1.6033486524358598,0.08145206807884109,0.16290413615768218,0.24435620423652327
0.14,0.005,0.14500000000000002,0.9655172413793103,0.14036891657089334,1.0026351183635238,0.0003689165708933295,0.000737833141786659,0.0011067497126799886
0.14,0.01,0.15000000000000002,0.9333333333333332,0.14074052323285824,1.005289451663273,0.0007405232328582256,0.0014810464657164513,0.002221569698574677
0.14,0.015,0.15500000000000003,0.9032258064516129,0.1411148538818321,1.0079632420130862,0.0011148538818320786,0.002229707763664157,0.0033445616454962357
0.14,0.02,0.16,0.8750000000000001,0.14149194303161594,1.0106567359401137,0.0014919430316159277,0.0029838860632318553,0.004475829094847783
0.14,0.025,0.165,0.8484848484848485,0.14187182582873759,1.0133701844909826,0.0018718258287375722,0.0037436516574751444,0.005615477486212717
0.14,0.03,0.17,0.823529411764706,0.14225453806776034,1.0161038433411451,0.0022545380677603255,0.004509076135520651,0.0067636142032809765
0.14,0.035,0.17500000000000002,0.8,0.14264011620705475,1.0188579729075338,0.0026401162070547324,0.005280232414109465,0.007920348621164197
0.14,0.04,0.18000000000000002,0.7777777777777778,0.14302859738504914,1.0216328384646367,0.0030285973850491255,0.006057194770098251,0.009085792155147376
0.14,0.045,0.185,0.7567567567567568,0.14342001943697724,1.024428710264123,0.0034200194369772285,0.006840038873954457,0.010260058310931686
0.14,0.05,0.19,0.736842105263158,0.14381442091214036,1.0272458636581454,0.0038144209121403483,0.007628841824280697,0.011443262736421045
0.14,0.055,0.195,0.717948717948718,0.14421184109170448,1.0300845792264606,0.004211841091704471,0.008423682183408943,0.012635523275113414
0.14,0.06,0.2,0.7000000000000001,0.1446123200070496,1.032945142907497,0.004612320007049586,0.009224640014099172,0.013836960021148759
0.14,0.065,0.20500000000000002,0.6829268292682927,0.14501589845869622,1.0358278461335444,0.005015898458696211,0.010031796917392422,0.015047695376088632
0.14,0.07,0.21000000000000002,0.6666666666666666,0.1454226180358258,1.0387329859701842,0.005422618035825777,0.010845236071651554,0.01626785410747733
0.14,0.075,0.21500000000000002,0.6511627906976744,0.14583252113642176,1.0416608652601553,0.005832521136421742,0.011665042272843484,0.017497563409265227
0.14,0.08,0.22000000000000003,0.6363636363636364,0.14624565098805198,1.0446117927717997,0.006245650988051965,0.01249130197610393,0.018736952964155895
0.14,0.085,0.22500000000000003,0.6222222222222222,0.14666205166932,1.0475860833522856,0.0066620516693199905,0.013324103338639981,0.01998615500795997
0.14,0.09,0.23,0.6086956521739131,0.14708176813200702,1.0505840580857644,0.007081768132007005,0.01416353626401401,0.021245304396021014
0.14,0.095,0.23500000000000001,0.5957446808510638,0.14750484622393678,1.0536060444566913,0.0075048462239367675,0.015009692447873535,0.022514538671810302
0.14,0.1,0.24000000000000002,0.5833333333333334,0.14793133271258574,1.0566523765184694,0.007931332712585726,0.01586266542517145,0.023793998137757177
0.14,0.105,0.245,0.5714285714285715,0.1483612753094733,1.0597233950676663,0.008361275309473282,0.016722550618946563,0.025083825928419845
0.14,0.11,0.25,0.56,0.14879472269535887,1.0628194478239918,0.008794722695358859,0.017589445390717717,0.026384168086076576
0.14,0.115,0.255,0.5490196078431373,0.14923172454628097,1.0659408896162925,0.009231724546280962,0.018463449092561923,0.027695173638842885
0.14,0.12,0.26,0.5384615384615385,0.14967233156046988,1.0690880825747848,0.009672331560469871,0.019344663120939742,0.029016994681409614
0.14,0.125,0.265,0.5283018867924528,0.15011659548617107,1.0722613963297933,0.010116595486171054,0.020233190972342108,0.03034978645851316
0.14,0.13,0.27,0.5185185185185185,0.15056456915041516,1.075461208217251,0.010564569150415148,0.021129138300830297,0.031693707451245445
0.14,0.135,0.275,0.5090909090909091,0.15101630648877395,1.0786879034912424,0.011016306488773941,0.022032612977547883,0.033048919466321824
0.14,0.14,0.28,0.5,0.15147186257614298,1.0819418755438783,0.011471862576142966,0.022943725152285932,0.0344155877284289
0.14,0.145,0.28500000000000003,0.49122807017543857,0.15193129365859337,1.0852235261328096,0.011931293658593356,0.023862587317186712,0.03579388097578007
0.14,0.15,0.29000000000000004,0.48275862068965514,0.1523946571863375,1.0885332656166962,0.012394657186337477,0.024789314372674953,0.03718397155901243
0.14,0.155,0.29500000000000004,0.47457627118644063,0.15286201184785542,1.0918715131989671,0.012862011847855404,0.025724023695710807,0.03858603554356621
0.14,0.16,0.30000000000000004,0.4666666666666666,0.15333341760523234,1.0952386971802308,0.013333417605232323,0.026666835210464646,0.04000025281569697
0.14,0.165,0.30500000000000005,0.4590163934426229,0.15380893573075693,1.0986352552196923,0.013808935730756922,0.027617871461513843,0.041426807192270765
0.14,0.17,0.31000000000000005,0.45161290322580644,0.15428862884483618,1.1020616346059726,0.014288628844836171,0.028577257689672342,0.04286588653450851
0.14,0.175,0.315,0.4444444444444445,0.15477256095528413,1.1055182925377438,0.01477256095528412,0.02954512191056824,0.04431768286585236
0.14,0.18,0.32,0.43750000000000006,0.15526079749804356,1.1090056964145967,0.015260797498043543,0.030521594996087087,0.04578239249413063
0.14,0.185,0.325,0.4307692307692308,0.15575340537940308,1.1125243241385934,0.015753405379403063,0.031506810758806125,0.04726021613820919
0.14,0.19,0.33,0.42424242424242425,0.15625045301977825,1.1160746644269874,0.016250453019778233,0.032500906039556465,0.0487513590593347
0.14,0.195,0.335,0.41791044776119407,0.15675201039912412,1.1196572171366008,0.016752010399124106,0.03350402079824821,0.05025603119737232
0.14,0.2,0.34,0.411764705882353,0.1572581491040539,1.1232724936003848,0.017258149104053877,0.034516298208107754,0.05177444731216163
0.14,0.205,0.345,0.40579710144927544,0.15776894237674,1.126921016976714,0.017768942376739982,0.035537884753479965,0.05330682713021995
0.14,0.21,0.35,0.4000000000000001,0.1582844651656805,1.1306033226120036,0.018284465165680497,0.036568930331360994,0.05485339549704149
0.14,0.215,0.355,0.3943661971830986,0.15880479417841487,1.134319958417249,0.018804794178414852,0.037609588356829704,0.056414382535244556
0.14,0.22,0.36,0.38888888888888895,0.15933000793628005,1.1380714852591431,0.019330007936280036,0.03866001587256007,0.05799002380884011
0.14,0.225,0.365,0.3835616438356165,0.15986018683130354,1.1418584773664537,0.019860186831303528,0.039720373662607056,0.059580560493910584
0.14,0.23,0.37,0.3783783783783784,0.16039541318533124,1.1456815227523658,0.020395413185331224,0.04079082637066245,0.06118623955599367
0.14,0.235,0.375,0.37333333333333335,0.16093577131149905,1.1495412236535645,0.02093577131149904,0.04187154262299808,0.06280731393449712
0.14,0.24,0.38,0.368421052631579,0.16148134757815769,1.1534381969868406,0.021481347578157672,0.042962695156315345,0.06444404273447302
0.14,0.245,0.385,0.36363636363636365,0.16203223047537085,1.1573730748240774,0.02203223047537084,0.04406446095074168,0.06609669142611252
0.14,0.25,0.39,0.358974358974359,0.1625885106841114,1.16134650488651,0.022588510684111385,0.04517702136822277,0.06776553205233415
0.14,0.255,0.395,0.35443037974683544,0.163150281148286,1.1653591510591856,0.02315028114828599,0.04630056229657198,0.06945084344485797
0.14,0.26,0.4,0.35000000000000003,0.16371763714973075,1.1694116939266481,0.02371763714973074,0.04743527429946148,0.07115291144919222
0.14,0.265,0.405,0.34567901234567905,0.1642906763863229,1.1735048313308776,0.024290676386322874,0.04858135277264575,0.07287202915896862
0.14,0.27,0.41000000000000003,0.34146341463414637,0.16486949905336745,1.1776392789526244,0.02486949905336744,0.04973899810673488,0.07460849716010232
0.14,0.275,0.41500000000000004,0.3373493975903614,0.16545420792842225,1.1818157709173016,0.025454207928422234,0.05090841585684447,0.0763626237852667
0.14,0.28,0.42000000000000004,0.3333333333333333,0.1660449084597393,1.1860350604267091,0.02604490845973928,0.05208981691947856,0.07813472537921784
0.14,0.285,0.425,0.3294117647058824,0.16664170885850638,1.1902979204179025,0.026641708858506363,0.05328341771701273,0.07992512657551909
0.14,0.29,0.43,0.32558139534883723,0.16724472019508707,1.1946051442506218,0.027244720195087058,0.054489440390174115,0.08173416058526117
0.14,0.295,0.435,0.32183908045977017,0.16785405649947105,1.198957546424793,0.027854056499471036,0.05570811299894207,0.08356216949841311
0.14,0.3,0.44,0.31818181818181823,0.1684698348661512,1.2033559633296513,0.028469834866151178,0.056939669732302356,0.08540950459845353
0.14,0.305,0.445,0.31460674157303375,0.16909217556367073,1.2078012540262193,0.02909217556367072,0.05818435112734144,0.08727652669101216
0.14,0.31,0.45,0.3111111111111111,0.16972120214908604,1.2122943010649,0.029721202149086023,0.05944240429817205,0.08916360644725807
0.14,0.315,0.455,0.3076923076923077,0.17035704158761433,1.2168360113401022,0.03035704158761432,0.06071408317522864,0.09107112476284296
0.14,0.32,0.46,0.30434782608695654,0.17099982437774974,1.2214273169839267,0.03099982437774973,0.06199964875549946,0.09299947313324919
0.14,0.325,0.465,0.3010752688172043,0.17164968468215047,1.2260691763010747,0.03164968468215046,0.06329936936430092,0.09494905404645138
0.14,0.33,0.47000000000000003,0.2978723404255319,0.17230676046461735,1.2307625747472666,0.032306760464617335,0.06461352092923467,0.096920281393852
0.14,0.335,0.47500000000000003,0.2947368421052632,0.17297119363350888,1.2355085259536347,0.032971193633508866,0.06594238726701773,0.0989135809005266
0.14,0.34,0.48000000000000004,0.2916666666666667,0.17364313019195654,1.2403080727996894,0.03364313019195653,0.06728626038391305,0.10092939057586958
0.14,0.345,0.485,0.288659793814433,0.17432272039527286,1.2451622885376632,0.03432272039527284,0.06864544079054569,0.10296816118581853
0.14,0.35,0.49,0.28571428571428575,0.17501011891596552,1.2500722779711821,0.035010118915965505,0.07002023783193101,0.10503035674789651
0.14,0.355,0.495,0.2828282828282829,0.17570548501680616,1.2550391786914725,0.03570548501680615,0.0714109700336123,0.10711645505041845
0.14,0.36,0.5,0.28,0.1764089827324269,1.2600641623744777,0.036408982732426876,0.07281796546485375,0.10922694819728063
0.14,0.365,0.505,0.27722772277227725,0.1771207810599542,1.26514843614253,0.0371207810599542,0.0742415621199084,0.1113623431798626
0.14,0.37,0.51,0.27450980392156865,0.17784105415922535,1.2702932439944667,0.03784105415922534,0.07568210831845068,0.11352316247767602
0.14,0.375,0.515,0.2718446601941748,0.17856998156316883,1.2754998683083487,0.03856998156316882,0.07713996312633764,0.11570994468950646
0.14,0.38,0.52,0.2692307692307693,0.17930774839897556,1.280769631421254,0.03930774839897555,0.0786154967979511,0.11792324519692665
0.14,0.385,0.525,0.26666666666666666,0.18005454562072987,1.2861038972909276,0.04005454562072985,0.0801090912414597,0.12016363686218956
0.14,0.39,0.53,0.2641509433962264,0.18081057025422076,1.2915040732444338,0.040810570254220746,0.08162114050844149,0.12243171076266224
0.14,0.395,0.535,0.26168224299065423,0.18157602565470443,1.2969716118193173,0.04157602565470442,0.08315205130940884,0.12472807696411325
0.14,0.4,0.54,0.25925925925925924,0.18235112177845014,1.3025080127032151,0.04235112177845013,0.08470224355690026,0.1270533653353504
0.14,0.405,0.545,0.25688073394495414,0.1831360754689617,1.3081148247782979,0.0431360754689617,0.0862721509379234,0.1294082264068851
0.14,0.41,0.55,0.2545454545454546,0.18393111075883573,1.313793648277398,0.04393111075883571,0.08786222151767142,0.13179333227650714
0.14,0.415,0.5549999999999999,0.2522522522522523,0.18473645918829318,1.319546137059237,0.044736459188293165,0.08947291837658633,0.1342093775648795
0.14,0.42,0.56,0.25,0.18555236014150056,1.3253740010107182,0.04555236014150055,0.0911047202830011,0.13665708042450164
0.14,0.425,0.565,0.24778761061946908,0.18637906120188508,1.3312790085848933,0.04637906120188506,0.09275812240377013,0.1391371836056552
0.14,0.43,0.5700000000000001,0.24561403508771928,0.18721681852774597,1.3372629894838997,0.04721681852774595,0.0944336370554919,0.14165045558323786
0.14,0.435,0.575,0.24347826086956526,0.18806589724956801,1.3433278374969142,0.048065897249568,0.096131794499136,0.144197691748704
0.14,0.44,0.5800000000000001,0.24137931034482757,0.18892657189055861,1.34947551350399,0.0489265718905586,0.0978531437811172,0.1467797156716758
0.14,0.445,0.585,0.23931623931623935,0.18979912681205602,1.3557080486575428,0.049799126812056005,0.09959825362411201,0.14939738043616801
0.14,0.45,0.5900000000000001,0.23728813559322032,0.1906838566855945,1.3620275477542463,0.0506838566855945,0.101367713371189,0.1520515700567835
0.14,0.455,0.595,0.23529411764705885,0.19158106699356325,1.368436192811166,0.05158106699356324,0.10316213398712648,0.15474320098068972
0.14,0.46,0.6000000000000001,0.2333333333333333,0.19249107456056158,1.3749362468611541,0.05249107456056157,0.10498214912112314,0.1574732236816847
0.14,0.465,0.605,0.23140495867768598,0.19341420811773813,1.3815300579838437,0.053414208117738116,0.10682841623547623,0.16024262435321435
0.14,0.47,0.61,0.2295081967213115,0.19435080890259904,1.388220063589993,0.054350808902599024,0.10870161780519805,0.16305242670779707
0.14,0.475,0.615,0.22764227642276424,0.1953012312969964,1.3950087949785455,0.05530123129699638,0.11060246259399276,0.16590369389098913
0.14,0.48,0.62,0.22580645161290325,0.1962658435062481,1.4018988821874863,0.05626584350624808,0.11253168701249616,0.16879753051874424
0.14,0.485,0.625,0.22400000000000003,0.19724502828261548,1.408893059161539,0.05724502828261546,0.11449005656523092,0.1717350848478464
0.14,0.49,0.63,0.22222222222222224,0.1982391836966586,1.415994169261847,0.05823918369665859,0.11647836739331718,0.17471755108997578
0.14,0.495,0.635,0.22047244094488191,0.19924872396032556,1.4232051711451825,0.059248723960325544,0.11849744792065109,0.17774617188097663
0.14,0.5,0.64,0.21875000000000003,0.20027408030599403,1.4305291450428144,0.060274080305994016,0.12054816061198803,0.18082224091798205
0.14,0.505,0.645,0.2170542635658915,0.2013157019260946,1.4379692994721043,0.06131570192609459,0.12263140385218918,0.18394710577828377
0.14,0.51,0.65,0.2153846153846154,0.2023740569783975,1.4455289784171248,0.062374056978397485,0.12474811395679497,0.18712217093519246
0.14,0.515,0.655,0.2137404580152672,0.20344963366254676,1.453211669018191,0.06344963366254674,0.1268992673250935,0.19034890098764023
0.14,0.52,0.66,0.21212121212121213,0.2045429413739941,1.4610210098142433,0.06454294137399408,0.12908588274798816,0.19362882412198223
0.14,0.525,0.665,0.2105263157894737,0.20565451194210682,1.468960799586477,0.06565451194210681,0.13130902388421362,0.19696353582632042
0.14,0.53,0.67,0.20895522388059704,0.20678490095993252,1.4770350068566607,0.0667849009599325,0.133569801919865,0.2003547028797975
0.14,0.535,0.675,0.2074074074074074,0.20793468921388958,1.4852477800992112,0.06793468921388957,0.13586937842777913,0.2038040676416687
0.14,0.54,0.68,0.2058823529411765,0.20910448422253614,1.4936034587324007,0.06910448422253612,0.13820896844507224,0.20731345266760837
0.14,0.545,0.685,0.20437956204379562,0.210294921894566,1.5021065849611857,0.07029492189456599,0.14058984378913197,0.21088476568369796
0.14,0.55,0.6900000000000001,0.2028985507246377,0.21150666831729947,1.5107619165521389,0.07150666831729946,0.14301333663459892,0.21452000495189838
0.14,0.555,0.6950000000000001,0.2014388489208633,0.21274042168819984,1.5195744406299987,0.07274042168819983,0.14548084337639966,0.2182212650645995
0.14,0.56,0.7000000000000001,0.2,0.21399691440337731,1.5285493885955521,0.0739969144033773,0.1479938288067546,0.2219907432101319
0.14,0.565,0.705,0.19858156028368798,0.21527691531865512,1.5376922522761078,0.0752769153186551,0.1505538306373102,0.2258307459559653
0.14,0.57,0.71,0.1971830985915493,0.21658123220061598,1.547008801432971,0.07658123220061597,0.15316246440123193,0.2297436966018479
0.14,0.575,0.715,0.19580419580419584,0.21791071438712606,1.556505102765186,0.07791071438712605,0.1558214287742521,0.23373214316137814
0.14,0.58,0.72,0.19444444444444448,0.21926625567922065,1.5661875405658616,0.07926625567922063,0.15853251135844126,0.2377987670376619
0.14,0.585,0.725,0.1931034482758621,0.2206487974889484,1.5760628392067741,0.08064879748894838,0.16129759497789675,0.24194639246684513
0.14,0.59,0.73,0.19178082191780824,0.2220593322708836,1.5861380876491684,0.08205933227088358,0.16411866454176716,0.24617799681265073
0.14,0.595,0.735,0.1904761904761905,0.223498907268584,1.5964207662041714,0.083498907268584,0.166997814537168,0.250496721805752
0.14,0.6,0.74,0.1891891891891892,0.224968628611378,1.606918775795557,0.084968628611378,0.169937257222756,0.254905885834134
0.145,0.005,0.15,0.9666666666666667,0.14538280192119324,1.0026400132496087,0.00038280192119324874,0.0007656038423864975,0.0011484057635797462
0.145,0.01,0.155,0.9354838709677419,0.145768403916279,1.0052993373536483,0.000768403916278998,0.001536807832557996,0.002305211748836994
0.145,0.015,0.15999999999999998,0.9062500000000001,0.14615684140393426,1.0079782165788571,0.0011568414039342667,0.0023136828078685334,0.0034705242118028
0.145,0.02,0.16499999999999998,0.8787878787878788,0.14654815045127478,1.0106768996639641,0.0015481504512747934,0.003096300902549587,0.00464445135382438
0.145,0.025,0.16999999999999998,0.8529411764705882,0.14694236778952618,1.0133956399277668,0.0019423677895261948,0.0038847355790523896,0.0058271033685785845
0.145,0.03,0.175,0.8285714285714285,0.14733953083016926,1.0161346953804777,0.002339530830169273,0.004679061660338546,0.007018592490507819
0.145,0.035,0.18,0.8055555555555556,0.1477396776815737,1.0188943288384393,0.00273967768157371,0.00547935536314742,0.00821903304472113
0.145,0.04,0.185,0.7837837837837838,0.14814284716614134,1.021674808042354,0.003142847166141355,0.00628569433228271,0.009428541498424065
0.145,0.045,0.19,0.763157894736842,0.14854907883797475,1.0244764057791362,0.003549078837974756,0.007098157675949512,0.010647236513924269
0.145,0.05,0.195,0.7435897435897435,0.14895841300109347,1.0272994000075413,0.00395841300109348,0.00791682600218696,0.011875239003280441
0.145,0.055,0.19999999999999998,0.725,0.14937089072821452,1.0301440739876864,0.004370890728214533,0.008741781456429065,0.013112672184643598
0.145,0.06,0.205,0.7073170731707317,0.14978655388012274,1.0330107164146396,0.004786553880122751,0.009573107760245503,0.014359661640368254
0.145,0.065,0.21,0.6904761904761905,0.1502054451256497,1.0358996215562049,0.005205445125649716,0.010410890251299432,0.015616335376949148
0.145,0.07,0.215,0.6744186046511628,0.15062760796228536,1.0388110893950715,0.005627607962285369,0.011255215924570738,0.016882823886856108
0.145,0.075,0.21999999999999997,0.6590909090909092,0.15105308673744744,1.0417454257754997,0.0060530867374474495,0.012106173474894899,0.01815926021234235
0.145,0.08,0.22499999999999998,0.6444444444444445,0.15148192667043237,1.044702942554706,0.006481926670432375,0.01296385334086475,0.019445780011297126
0.145,0.085,0.22999999999999998,0.6304347826086957,0.151914173875075,1.047683957759138,0.006914173875075008,0.013828347750150016,0.020742521625225024
0.145,0.09,0.235,0.6170212765957447,0.1523498753831447,1.0506887957458255,0.007349875383144716,0.014699750766289432,0.02204962614943415
0.145,0.095,0.24,0.6041666666666666,0.1527890791685056,1.0537177873690042,0.007789079168505603,0.015578158337011205,0.023367237505516808
0.145,0.1,0.245,0.5918367346938775,0.15323183417207287,1.0567712701522267,0.008231834172072877,0.016463668344145754,0.02469550251621863
0.145,0.105,0.25,0.58,0.15367819032759422,1.0598495884661672,0.008678190327594232,0.017356380655188464,0.026034570982782695
0.145,0.11,0.255,0.5686274509803921,0.15412819858829174,1.062953093712357,0.009128198588291753,0.018256397176583505,0.027384595764875258
0.145,0.115,0.26,0.5576923076923076,0.154581910954398,1.0660821445130897,0.009581910954398004,0.019163821908796008,0.028745732863194012
0.145,0.12,0.265,0.5471698113207547,0.15503938050162103,1.0692371069077313,0.010039380501621037,0.020078761003242074,0.03011814150486311
0.145,0.125,0.27,0.537037037037037,0.15550066141057806,1.0724183545557109,0.010500661410578066,0.021001322821156132,0.0315019842317342
0.145,0.13,0.275,0.5272727272727272,0.15596580899723755,1.075626268946466,0.010965808997237564,0.021931617994475128,0.03289742699171269
0.145,0.135,0.28,0.5178571428571428,0.1564348797444084,1.0788612396166097,0.011434879744408405,0.02286975948881681,0.034304639233225215
0.145,0.14,0.28500000000000003,0.5087719298245613,0.15690793133432424,1.08212366437465,0.011907931334324245,0.02381586266864849,0.035723794002972736
0.145,0.145,0.29,0.5,0.1573850226823642,1.0854139495335464,0.012385022682364216,0.024770045364728432,0.03715506804709265
0.145,0.15,0.295,0.4915254237288135,0.157866213971961,1.0887325101514551,0.012866213971961,0.025732427943922,0.038598641915883
0.145,0.155,0.3,0.48333333333333334,0.15835156669074624,1.0920797702810086,0.013351566690746247,0.026703133381492494,0.04005470007223874
0.145,0.16,0.305,0.47540983606557374,0.15884114366798352,1.0954561632274726,0.01384114366798353,0.02768228733596706,0.04152343100395059
0.145,0.165,0.31,0.46774193548387094,0.1593350091133484,1.098862131816196,0.014335009113348424,0.028670018226696847,0.04300502734004527
0.145,0.17,0.315,0.4603174603174603,0.15983322865710958,1.1022981286697213,0.014833228657109593,0.029666457314219186,0.04449968597132878
0.145,0.175,0.31999999999999995,0.45312500000000006,0.16033586939177702,1.105764616495014,0.01533586939177703,0.03067173878355406,0.04600760817533109
0.145,0.18,0.32499999999999996,0.4461538461538462,0.16084299991527584,1.1092620683812129,0.01584299991527585,0.0316859998305517,0.047528999745827555
0.145,0.185,0.32999999999999996,0.4393939393939394,0.16135469037571926,1.1127909681084087,0.016354690375719266,0.03270938075143853,0.0490640711271578
0.145,0.19,0.33499999999999996,0.4328358208955224,0.16187101251784775,1.1163518104679155,0.016871012517847755,0.03374202503569551,0.050613037553543266
0.145,0.195,0.33999999999999997,0.4264705882352941,0.16239203973121075,1.119945101594557,0.017392039731210757,0.03478407946242151,0.05217611919363227
0.145,0.2,0.345,0.42028985507246375,0.16291784710017077,1.1235713593115226,0.017917847100170775,0.03583569420034155,0.053753541300512325
0.145,0.205,0.35,0.41428571428571426,0.16344851145581085,1.1272311134883508,0.018448511455810862,0.036897022911621724,0.055345534367432586
0.145,0.21,0.355,0.4084507042253521,0.1639841114298346,1.1309249064126525,0.01898411142983461,0.03796822285966922,0.05695233428950383
0.145,0.215,0.36,0.4027777777777778,0.16452472751055047,1.1346532931762103,0.019524727510550483,0.039049455021100965,0.05857418253165145
0.145,0.22,0.365,0.3972602739726027,0.1650704421010375,1.1384168420761207,0.020070442101037506,0.04014088420207501,0.06021132630311252
0.145,0.225,0.37,0.3918918918918919,0.16562133957959468,1.1422161350316875,0.020621339579594694,0.04124267915918939,0.06186401873878408
0.145,0.23,0.375,0.38666666666666666,0.16617750636258333,1.1460517680178162,0.021177506362583337,0.042355012725166674,0.06353251908775001
0.145,0.235,0.38,0.381578947368421,0.16673903096977538,1.1499243515156923,0.02173903096977539,0.04347806193955078,0.06521709290932617
0.145,0.24,0.385,0.3766233766233766,0.16730600409232999,1.1538345109815862,0.022306004092329995,0.04461200818465999,0.06691801227698999
0.145,0.245,0.39,0.37179487179487175,0.16787851866352355,1.1577828873346452,0.022878518663523556,0.04575703732704711,0.06863555599057067
0.145,0.25,0.395,0.36708860759493667,0.16845666993237018,1.161770137464622,0.023456669932370194,0.04691333986474039,0.07037000979711058
0.145,0.255,0.4,0.36249999999999993,0.16904055554027486,1.1657969347605164,0.02404055554027487,0.04808111108054974,0.07212166662082461
0.145,0.26,0.405,0.3580246913580246,0.1696302756008684,1.1698639696611615,0.024630275600868418,0.049260551201736835,0.07389082680260525
0.145,0.265,0.41000000000000003,0.3536585365853658,0.17022593278318554,1.173971950228866,0.02522593278318555,0.0504518655663711,0.07567779834955665
0.145,0.27,0.41500000000000004,0.34939759036144574,0.17082763239835552,1.1781216027472796,0.025827632398355532,0.051655264796711065,0.0774828971950666
0.145,0.275,0.42000000000000004,0.3452380952380952,0.17143548248998197,1.1823136723447034,0.026435482489981982,0.052870964979963964,0.07930644746994595
0.145,0.28,0.42500000000000004,0.34117647058823525,0.1720495939284048,1.186548923644171,0.027049593928404808,0.054099187856809616,0.08114878178521442
0.145,0.285,0.42999999999999994,0.33720930232558144,0.17267008050904342,1.1908281414416788,0.027670080509043432,0.055340161018086864,0.0830102415271303
0.145,0.29,0.43499999999999994,0.33333333333333337,0.17329705905503556,1.1951521314140385,0.028297059055035573,0.056594118110071145,0.08489117716510672
0.145,0.295,0.43999999999999995,0.3295454545454546,0.17393064952439863,1.1995217208579216,0.02893064952439864,0.05786129904879728,0.08679194857319592
0.145,0.3,0.44499999999999995,0.3258426966292135,0.17457097512195474,1.2039377594617569,0.02957097512195475,0.0591419502439095,0.08871292536586425
0.145,0.305,0.44999999999999996,0.32222222222222224,0.17521816241627408,1.208401120112235,0.03021816241627409,0.06043632483254818,0.09065448724882227
0.145,0.31,0.45499999999999996,0.3186813186813187,0.17587234146191066,1.212912699737315,0.030872341461910674,0.06174468292382135,0.09261702438573202
0.145,0.315,0.45999999999999996,0.31521739130434784,0.17653364592721799,1.2174734201877104,0.031533645927217996,0.06306729185443599,0.09460093778165399
0.145,0.32,0.46499999999999997,0.3118279569892473,0.17720221322805452,1.2220842291589968,0.03220221322805453,0.06440442645610905,0.09660663968416358
0.145,0.325,0.47,0.30851063829787234,0.17787818466770622,1.2267461011565948,0.03287818466770623,0.06575636933541246,0.09863455400311869
0.145,0.33,0.475,0.30526315789473685,0.17856170558337525,1.2314600385060364,0.03356170558337526,0.06712341116675052,0.10068511675012579
0.145,0.335,0.48,0.3020833333333333,0.17925292549960992,1.2362270724111029,0.034252925499609926,0.06850585099921985,0.10275877649882978
0.145,0.34,0.485,0.29896907216494845,0.17995199828907127,1.2410482640625606,0.03495199828907128,0.06990399657814256,0.10485599486721384
0.145,0.345,0.49,0.29591836734693877,0.18065908234106154,1.2459247058004246,0.03565908234106155,0.0713181646821231,0.10697724702318465
0.145,0.35,0.495,0.29292929292929293,0.1813743407382702,1.250857522332898,0.0363743407382702,0.0727486814765404,0.1091230222148106
0.145,0.355,0.5,0.29,0.1820979414422189,1.255847872015303,0.037097941442218924,0.07419588288443785,0.11129382432665677
0.145,0.36,0.505,0.2871287128712871,0.1828300574879268,1.2608969481925987,0.03783005748792681,0.07566011497585362,0.11349017246378043
0.145,0.365,0.51,0.28431372549019607,0.18357086718835014,1.2660059806093114,0.03857086718835015,0.0771417343767003,0.11571260156505045
0.145,0.37,0.515,0.2815533980582524,0.1843205543491897,1.2711762368909636,0.03932055434918971,0.07864110869837942,0.11796166304756914
0.145,0.375,0.52,0.2788461538461538,0.18507930849470489,1.276409024101413,0.040079308494704896,0.08015861698940979,0.12023792548411469
0.145,0.38,0.525,0.27619047619047615,0.1858473251052153,1.2817056903807953,0.0408473251052153,0.0816946502104306,0.1225419753156459
0.145,0.385,0.53,0.27358490566037735,0.18662480586702446,1.2870676266691343,0.04162480586702447,0.08324961173404893,0.1248744176010734
0.145,0.39,0.535,0.27102803738317754,0.18741195893555274,1.2924962685210535,0.042411958935552746,0.08482391787110549,0.12723587680665824
0.145,0.395,0.54,0.2685185185185185,0.18820899921252443,1.29799309801741,0.04320899921252444,0.08641799842504888,0.12962699763757332
0.145,0.4,0.545,0.2660550458715596,0.18901614863812044,1.303559645780141,0.04401614863812045,0.0880322972762409,0.13204844591436135
0.145,0.405,0.55,0.2636363636363636,0.1898336364990747,1.309197493097067,0.04483363649907471,0.08966727299814942,0.13450090949722412
0.145,0.41,0.5549999999999999,0.26126126126126126,0.1906616997537709,1.3149082741639373,0.04566169975377091,0.09132339950754181,0.13698509926131272
0.145,0.415,0.5599999999999999,0.25892857142857145,0.19150058337547538,1.3206936784515544,0.046500583375475385,0.09300116675095077,0.13950175012642616
0.145,0.42,0.565,0.25663716814159293,0.19235054071493507,1.3265554532064487,0.04735054071493508,0.09470108142987016,0.14205162214480524
0.145,0.425,0.57,0.2543859649122807,0.19321183388366514,1.3324954060942424,0.04821183388366515,0.0964236677673303,0.14463550165099545
0.145,0.43,0.575,0.25217391304347825,0.19408473415935845,1.3385154079955757,0.04908473415935846,0.09816946831871692,0.14725420247807539
0.145,0.435,0.58,0.25,0.19496952241496712,1.3446173959652905,0.04996952241496713,0.09993904482993426,0.1499085672449014
0.145,0.44,0.585,0.24786324786324787,0.19586648957313402,1.3508033763664415,0.05086648957313403,0.10173297914626805,0.15259946871940208
0.145,0.445,0.59,0.24576271186440676,0.19677593708779118,1.3570754281916633,0.051775937087791185,0.10355187417558237,0.15532781126337356
0.145,0.45,0.595,0.24369747899159663,0.19769817745489904,1.3634357065855107,0.05269817745489905,0.1053963549097981,0.15809453236469714
0.145,0.455,0.6,0.24166666666666667,0.19863353475446688,1.3698864465825302,0.05363353475446689,0.10726706950893378,0.16090060426340067
0.145,0.46,0.605,0.23966942148760328,0.19958234522618268,1.376429967077122,0.05458234522618269,0.10916469045236538,0.16374703567854806
0.145,0.465,0.61,0.23770491803278687,0.2005449578811832,1.3830686750426429,0.055544957881183216,0.11108991576236643,0.16663487364354965
0.145,0.47,0.615,0.23577235772357721,0.20152173515272365,1.3898050700187838,0.05652173515272366,0.11304347030544731,0.16956520545817097
0.145,0.475,0.62,0.23387096774193547,0.20251305358875238,1.3966417488879475,0.05751305358875239,0.11502610717750478,0.17253916076625717
0.145,0.48,0.625,0.23199999999999998,0.2035193045896716,1.4035814109632525,0.05851930458967161,0.11703860917934322,0.17555791376901483
0.145,0.485,0.63,0.23015873015873015,0.2045408951948714,1.4106268634129062,0.05954089519487141,0.11908179038974281,0.17862268558461422
0.145,0.49,0.635,0.22834645669291337,0.2055782489219552,1.417781027047967,0.06057824892195521,0.12115649784391042,0.18173474676586562
0.145,0.495,0.64,0.22656249999999997,0.20663180666295644,1.425046942503148,0.06163180666295645,0.1232636133259129,0.18489541998886935
0.145,0.5,0.645,0.22480620155038758,0.20770202764225165,1.4324277768431148,0.06270202764225166,0.12540405528450332,0.18810608292675499
0.145,0.505,0.65,0.22307692307692306,0.20878939044134248,1.4399268306299482,0.06378939044134249,0.12757878088268498,0.19136817132402748
0.145,0.51,0.655,0.2213740458015267,0.20989439409619093,1.447547545490972,0.06489439409619094,0.12978878819238188,0.19468318228857281
0.145,0.515,0.66,0.21969696969696967,0.2110175592733602,1.4552935122300703,0.0660175592733602,0.1320351185467204,0.1980526778200806
0.145,0.52,0.665,0.21804511278195485,0.21215942953185907,1.4631684795300626,0.06715942953185908,0.13431885906371815,0.20147828859557723
0.145,0.525,0.67,0.21641791044776115,0.21332057267829818,1.4711763632986083,0.06832057267829819,0.13664114535659638,0.20496171803489457
0.145,0.53,0.675,0.2148148148148148,0.2145015822237678,1.4793212567156402,0.06950158222376782,0.13900316444753563,0.20850474667130345
0.145,0.535,0.68,0.21323529411764702,0.21570307895174823,1.4876074410465396,0.07070307895174824,0.14140615790349648,0.21210923685524471
0.145,0.54,0.685,0.21167883211678828,0.21692571260737248,1.4960393972922241,0.07192571260737249,0.14385142521474498,0.21577713782211747
0.145,0.545,0.6900000000000001,0.21014492753623185,0.21817016371949738,1.5046218187551545,0.07317016371949739,0.14634032743899478,0.21951049115849217
0.145,0.55,0.6950000000000001,0.20863309352517984,0.2194371455683285,1.513359624609162,0.0744371455683285,0.148874291136657,0.22331143670498552
0.145,0.555,0.7000000000000001,0.2071428571428571,0.2207274063127891,1.5222579745709592,0.0757274063127891,0.1514548126255782,0.2271822189383673
0.145,0.56,0.7050000000000001,0.2056737588652482,0.22204173129347182,1.5313222847825645,0.07704173129347183,0.15408346258694366,0.2311251938804155
0.145,0.565,0.71,0.20422535211267606,0.22338094552887366,1.540558245026715,0.07838094552887367,0.15676189105774735,0.23514283658662102
0.145,0.57,0.715,0.20279720279720279,0.22474591642473818,1.5499718374119875,0.07974591642473819,0.15949183284947638,0.23923774927421457
0.145,0.575,0.72,0.2013888888888889,0.22613755671874225,1.5595693566809812,0.08113755671874226,0.16227511343748452,0.24341267015622678
0.145,0.58,0.725,0.19999999999999998,0.22755682768552732,1.5693574323139816,0.08255682768552733,0.16511365537105466,0.24767048305658199
0.145,0.585,0.73,0.19863013698630136,0.2290047426302314,1.5793430526222856,0.08400474263023142,0.16800948526046283,0.2520142278906943
0.145,0.59,0.735,0.19727891156462585,0.23048237070230349,1.589533591050369,0.0854823707023035,0.170964741404607,0.2564471121069105
0.145,0.595,0.74,0.19594594594594594,0.23199084106554724,1.5999368349348086,0.08699084106554725,0.1739816821310945,0.26097252319664177
0.145,0.6,0.745,0.19463087248322147,0.23353134746515025,1.6105610170010363,0.08853134746515026,0.17706269493030052,0.2655940423954508
0.15,0.005,0.155,0.9677419354838709,0.15039674041895046,1.0026449361263365,0.0003967404189504642,0.0007934808379009284,0.0011902212568513926
0.15,0.01,0.16,0.9375,0.1507963919922134,1.0053092799480894,0.0007963919922134022,0.0015927839844268044,0.0023891759766402065
0.15,0.015,0.16499999999999998,0.9090909090909092,0.15119899168725792,1.0079932779150529,0.0011989916872579276,0.002397983374515855,0.003596975061773783
0.15,0.02,0.16999999999999998,0.8823529411764707,0.1516045771513187,1.0106971810087915,0.0016045771513187035,0.003209154302637407,0.0048137314539561105
0.15,0.025,0.175,0.8571428571428572,0.1520131867279021,1.0134212448526807,0.0020131867279021,0.0040263734558042,0.0060395601837062995
0.15,0.03,0.18,0.8333333333333334,0.1524248594737928,1.0161657298252855,0.002424859473792812,0.004849718947585624,0.007274578421378436
0.15,0.035,0.185,0.8108108108108107,0.1528396351765804,1.0189309011772028,0.002839635176580396,0.005679270353160792,0.008518905529741189
0.15,0.04,0.19,0.7894736842105263,0.15325755437272226,1.0217170291514819,0.0032575543727222656,0.006515108745444531,0.009772663118166797
0.15,0.045,0.195,0.7692307692307692,0.15367865836616612,1.0245243891077742,0.0036786583661661265,0.007357316732332253,0.01103597509849838
0.15,0.05,0.2,0.7499999999999999,0.15410298924754862,1.0273532616503243,0.004102989247548622,0.008205978495097244,0.012308967742645865
0.15,0.055,0.205,0.7317073170731707,0.15453058991399704,1.0302039327599803,0.004530589913997046,0.009061179827994092,0.013591769741991139
0.15,0.06,0.21,0.7142857142857143,0.1549615040895509,1.0330766939303393,0.0049615040895509,0.0099230081791018,0.0148845122686527
0.15,0.065,0.215,0.6976744186046512,0.15539577634623158,1.0359718423082107,0.00539577634623159,0.01079155269246318,0.01618732903869477
0.15,0.07,0.22,0.6818181818181818,0.1558334521257826,1.0388896808385506,0.0058334521257825955,0.011666904251565191,0.017500356377347787
0.15,0.075,0.22499999999999998,0.6666666666666667,0.15627457776210552,1.0418305184140368,0.006274577762105521,0.012549155524211042,0.018823733286316563
0.15,0.08,0.22999999999999998,0.6521739130434783,0.15671920050442123,1.044794670029475,0.0067192005044212355,0.013438401008842471,0.020157601513263707
0.15,0.085,0.235,0.6382978723404256,0.15716736854118052,1.0477824569412035,0.007167368541180524,0.014334737082361049,0.021502105623541573
0.15,0.09,0.24,0.625,0.15761913102475777,1.0507942068317186,0.00761913102475778,0.01523826204951556,0.02285739307427334
0.15,0.095,0.245,0.6122448979591837,0.15807453809695504,1.0538302539797004,0.008074538096955047,0.016149076193910095,0.024223614290865142
0.15,0.1,0.25,0.6,0.15853364091535038,1.0568909394356694,0.008533640915350388,0.017067281830700776,0.025600922746051163
0.15,0.105,0.255,0.5882352941176471,0.15899649168052365,1.0599766112034912,0.00899649168052366,0.01799298336104732,0.02698947504157098
0.15,0.11,0.26,0.5769230769230769,0.1594631436641949,1.0630876244279661,0.0094631436641949,0.0189262873283898,0.028389430992584702
0.15,0.115,0.265,0.5660377358490566,0.1599336512383126,1.0662243415887507,0.009933651238312607,0.019867302476625215,0.029800953714937822
0.15,0.12,0.27,0.5555555555555555,0.16040806990512924,1.0693871327008617,0.010408069905129241,0.020816139810258483,0.031224209715387724
0.15,0.125,0.275,0.5454545454545454,0.16088645632830667,1.0725763755220445,0.010886456328306676,0.021772912656613352,0.03265936898492003
0.15,0.13,0.28,0.5357142857142857,0.16136886836509123,1.075792455767275,0.01136886836509124,0.02273773673018248,0.03410660509527372
0.15,0.135,0.28500000000000003,0.5263157894736842,0.16185536509960508,1.0790357673307005,0.01185536509960508,0.02371073019921016,0.03556609529881524
0.15,0.14,0.29000000000000004,0.5172413793103448,0.1623460068772994,1.0823067125153294,0.012346006877299393,0.024692013754598785,0.03703802063189818
0.15,0.145,0.295,0.5084745762711864,0.1628408553406181,1.0856057022707875,0.012840855340618101,0.025681710681236203,0.038522566021854304
0.15,0.15,0.3,0.5,0.16333997346592444,1.0889331564394964,0.013339973465924443,0.026679946931848886,0.04001992039777333
0.15,0.155,0.305,0.4918032786885246,0.1638434256017428,1.0922895040116187,0.013843425601742815,0.02768685120348563,0.041530276805228444
0.15,0.16,0.31,0.48387096774193544,0.16435127750837397,1.0956751833891598,0.014351277508373977,0.028702555016747955,0.04305383252512193
0.15,0.165,0.315,0.47619047619047616,0.16486359639894177,1.0990906426596119,0.014863596398941775,0.02972719279788355,0.044590789196825326
0.15,0.17,0.32,0.46875,0.16538045098193477,1.1025363398795651,0.015380450981934773,0.030760901963869547,0.04614135294580432
0.15,0.175,0.32499999999999996,0.46153846153846156,0.1659019115053072,1.1060127433687148,0.015901911505307204,0.03180382301061441,0.04770573451592161
0.15,0.18,0.32999999999999996,0.4545454545454546,0.1664280498022096,1.1095203320147307,0.016428049802209604,0.03285609960441921,0.04928414940662881
0.15,0.185,0.33499999999999996,0.44776119402985076,0.166958939338421,1.1130595955894733,0.016958939338420992,0.033917878676841984,0.050876818015262976
0.15,0.19,0.33999999999999997,0.44117647058823534,0.16749465526155893,1.1166310350770596,0.01749465526155894,0.03498931052311788,0.05248396578467682
0.15,0.195,0.345,0.4347826086956522,0.1680352744521475,1.1202351630143168,0.018035274452147504,0.03607054890429501,0.05410582335644251
0.15,0.2,0.35,0.4285714285714286,0.16858087557662982,1.1238725038441988,0.018580875576629824,0.03716175115325965,0.05574262672988947
0.15,0.205,0.355,0.4225352112676056,0.16913153914241108,1.1275435942827405,0.019131539142411086,0.03826307828482217,0.05739461742723326
0.15,0.21,0.36,0.4166666666666667,0.16968734755502923,1.1312489837001949,0.01968734755502924,0.03937469511005848,0.059062042665087716
0.15,0.215,0.365,0.410958904109589,0.17024838517755048,1.1349892345170032,0.020248385177550482,0.040496770355100964,0.060745155532651446
0.15,0.22,0.37,0.4054054054054054,0.1708147383922951,1.1387649226153007,0.020814738392295112,0.041629476784590225,0.06244421517688534
0.15,0.225,0.375,0.39999999999999997,0.1713864956650033,1.1425766377666888,0.021386495665003308,0.042772991330006616,0.06415948699500992
0.15,0.23,0.38,0.39473684210526316,0.17196374761155808,1.146424984077054,0.021963747611558088,0.043927495223116175,0.06589124283467426
0.15,0.235,0.385,0.3896103896103896,0.17254658706738812,1.1503105804492542,0.02254658706738813,0.04509317413477626,0.06763976120216439
0.15,0.24,0.39,0.3846153846153846,0.1731351091596801,1.154234061064534,0.023135109159680117,0.046270218319360235,0.06940532747904035
0.15,0.245,0.395,0.37974683544303794,0.17372941138253828,1.1581960758835885,0.023729411382538285,0.04745882276507657,0.07118823414761485
0.15,0.25,0.4,0.37499999999999994,0.1743295936752367,1.1621972911682448,0.02432959367523671,0.04865918735047342,0.07298878102571013
0.15,0.255,0.405,0.37037037037037035,0.17493575850371756,1.166238390024784,0.02493575850371757,0.04987151700743514,0.07480727551115271
0.15,0.26,0.41000000000000003,0.3658536585365853,0.17554801094549732,1.1703200729699823,0.02554801094549733,0.05109602189099466,0.07664403283649199
0.15,0.265,0.41500000000000004,0.36144578313253006,0.17616645877815595,1.1744430585210397,0.02616645877815596,0.05233291755631192,0.07849937633446788
0.15,0.27,0.42000000000000004,0.3571428571428571,0.17679121257158714,1.178608083810581,0.026791212571587147,0.053582425143174295,0.08037363771476144
0.15,0.275,0.42500000000000004,0.3529411764705882,0.177422385784208,1.1828159052280534,0.027422385784207998,0.054844771568415995,0.08226715735262399
0.15,0.28,0.43000000000000005,0.34883720930232553,0.1780600948633282,1.1870672990888547,0.028060094863328194,0.05612018972665639,0.08418028458998458
0.15,0.285,0.43499999999999994,0.3448275862068966,0.1787044593499013,1.1913630623326754,0.028704459349901318,0.057408918699802636,0.08611337804970395
0.15,0.29,0.43999999999999995,0.34090909090909094,0.17935560198788503,1.195704013252567,0.029355601987885033,0.058711203975770065,0.0880668059636551
0.15,0.295,0.44499999999999995,0.3370786516853933,0.18001364883845805,1.2000909922563872,0.030013648838458057,0.060027297676916114,0.09004094651537417
0.15,0.3,0.44999999999999996,0.33333333333333337,0.18067872939935414,1.204524862662361,0.03067872939935415,0.0613574587987083,0.09203618819806245
0.15,0.305,0.45499999999999996,0.32967032967032966,0.18135097672958922,1.2090065115305948,0.031350976729589225,0.06270195345917845,0.09405293018876767
0.15,0.31,0.45999999999999996,0.32608695652173914,0.18203052757987814,1.213536850532521,0.03203052757987815,0.0640610551597563,0.09609158273963445
0.15,0.315,0.46499999999999997,0.3225806451612903,0.1827175225290535,1.2181168168603567,0.032717522529053494,0.06543504505810699,0.09815256758716048
0.15,0.32,0.47,0.3191489361702128,0.18341210612682168,1.2227473741788113,0.03341210612682169,0.06682421225364338,0.10023631838046507
0.15,0.325,0.475,0.3157894736842105,0.18411442704321157,1.2274295136214106,0.034114427043211576,0.06822885408642315,0.10234328112963473
0.15,0.33,0.48,0.3125,0.18482463822509643,1.2321642548339762,0.03482463822509643,0.06964927645019287,0.1044739146752893
0.15,0.335,0.485,0.30927835051546393,0.18554289706019256,1.2369526470679504,0.03554289706019256,0.07108579412038513,0.10662869118057769
0.15,0.34,0.49,0.30612244897959184,0.18626936554896978,1.2417957703264653,0.036269365548969784,0.07253873109793957,0.10880809664690935
0.15,0.345,0.495,0.30303030303030304,0.187004210484932,1.2466947365662133,0.03700421048493199,0.07400842096986399,0.11101263145479598
0.15,0.35,0.5,0.3,0.18774760364376442,1.2516506909584295,0.03774760364376442,0.07549520728752884,0.11324281093129326
0.15,0.355,0.505,0.297029702970297,0.1884997219818746,1.2566648132124973,0.038499721981874596,0.07699944396374919,0.11549916594562379
0.15,0.36,0.51,0.29411764705882354,0.18926074784489066,1.261738318965938,0.03926074784489067,0.07852149568978134,0.11778224353467201
0.15,0.365,0.515,0.2912621359223301,0.1900308691867244,1.2668724612448294,0.04003086918672441,0.08006173837344882,0.12009260756017323
0.15,0.37,0.52,0.28846153846153844,0.19081027979984488,1.272068531998966,0.04081027979984489,0.08162055959968978,0.12243083939953467
0.15,0.375,0.525,0.2857142857142857,0.1915991795574602,1.2773278637164014,0.0415991795574602,0.0831983591149204,0.12479753867238061
0.15,0.38,0.53,0.2830188679245283,0.19239777466835128,1.282651831122342,0.04239777466835129,0.08479554933670258,0.12719332400505387
0.15,0.385,0.535,0.2803738317757009,0.1932062779451601,1.288041852967734,0.043206277945160104,0.08641255589032021,0.1296188338354803
0.15,0.39,0.54,0.27777777777777773,0.19402490908699377,1.293499393913292,0.044024909086993774,0.08804981817398755,0.13207472726098132
0.15,0.395,0.545,0.2752293577981651,0.19485389497726946,1.2990259665151298,0.044853894977269465,0.08970778995453893,0.1345616849318084
0.15,0.4,0.55,0.2727272727272727,0.19569346999779647,1.304623133318643,0.04569346999779647,0.09138693999559294,0.1370804099933894
0.15,0.405,0.555,0.27027027027027023,0.19654387636017123,1.3102925090678084,0.04654387636017124,0.09308775272034248,0.13963162908051371
0.15,0.41,0.5599999999999999,0.26785714285714285,0.19740536445563972,1.3160357630375983,0.047405364455639726,0.09481072891127945,0.14221609336691918
0.15,0.415,0.565,0.26548672566371684,0.19827819322467877,1.3218546214978586,0.04827819322467877,0.09655638644935755,0.14483457967403632
0.15,0.42,0.57,0.2631578947368421,0.1991626305476416,1.3277508703176109,0.04916263054764161,0.09832526109528322,0.14748789164292483
0.15,0.425,0.575,0.2608695652173913,0.20005895365792803,1.3337263577195202,0.050058953657928035,0.10011790731585607,0.1501768609737841
0.15,0.43,0.58,0.25862068965517243,0.20096744957925217,1.3397829971950146,0.05096744957925217,0.10193489915850434,0.15290234873775652
0.15,0.435,0.585,0.25641025641025644,0.20188841558871762,1.345922770591451,0.051888415588717623,0.10377683117743525,0.15566524676615287
0.15,0.44,0.59,0.2542372881355932,0.2028221597075459,1.3521477313836394,0.05282215970754592,0.10564431941509184,0.15846647912263775
0.15,0.445,0.595,0.25210084033613445,0.20376900122146746,1.3584600081431164,0.053769001221467466,0.10753800244293493,0.1613070036644024
0.15,0.45,0.6,0.25,0.20472927123294937,1.3648618082196626,0.05472927123294938,0.10945854246589876,0.16418781369884813
0.15,0.455,0.605,0.24793388429752067,0.20570331324762947,1.3713554216508632,0.05570331324762948,0.11140662649525895,0.16710993974288843
0.15,0.46,0.61,0.2459016393442623,0.20669148379753033,1.3779432253168689,0.056691483797530334,0.11338296759506067,0.170074451392591
0.15,0.465,0.615,0.24390243902439024,0.20769415310385664,1.3846276873590444,0.057694153103856644,0.11538830620771329,0.17308245931156993
0.15,0.47,0.62,0.24193548387096772,0.2087117057824328,1.3914113718828856,0.058711705782432816,0.11742341156486563,0.17613511734729845
0.15,0.475,0.625,0.24,0.20974454159511746,1.3982969439674497,0.05974454159511747,0.11948908319023493,0.1792336247853524
0.15,0.48,0.63,0.23809523809523808,0.21079307625083854,1.4052871750055904,0.060793076250838546,0.12158615250167709,0.18237922875251564
0.15,0.485,0.635,0.23622047244094488,0.2118577422602349,1.412384948401566,0.06185774226023491,0.12371548452046982,0.18557322678070473
0.15,0.49,0.64,0.234375,0.21293898984827164,1.4195932656551444,0.06293898984827165,0.1258779796965433,0.18881696954481494
0.15,0.495,0.645,0.23255813953488372,0.21403728792961374,1.4269152528640916,0.06403728792961375,0.1280745758592275,0.19211186378884124
0.15,0.5,0.65,0.23076923076923075,0.21515312515201424,1.434354167680095,0.06515312515201424,0.13030625030402848,0.19545937545604272
0.15,0.505,0.655,0.22900763358778625,0.2162870110134898,1.4419134067565986,0.0662870110134898,0.1325740220269796,0.1988610330404694
0.15,0.51,0.66,0.22727272727272727,0.21743947705964262,1.4495965137309508,0.06743947705964262,0.13487895411928524,0.20231843117892787
0.15,0.515,0.665,0.22556390977443608,0.21861107816813263,1.457407187787551,0.06861107816813264,0.13722215633626528,0.20583323450439792
0.15,0.52,0.67,0.22388059701492535,0.2198023939280307,1.465349292853538,0.0698023939280307,0.1396047878560614,0.2094071817840921
0.15,0.525,0.675,0.2222222222222222,0.2210140301225978,1.4734268674839854,0.0710140301225978,0.1420280602451956,0.2130420903677934
0.15,0.53,0.68,0.2205882352941176,0.2222466203249459,1.4816441354996395,0.07224662032494591,0.14449324064989183,0.21673986097483774
0.15,0.535,0.685,0.218978102189781,0.2235008276170639,1.4900055174470928,0.07350082761706392,0.14700165523412784,0.22050248285119176
0.15,0.54,0.6900000000000001,0.21739130434782605,0.22477734644384373,1.4985156429589583,0.07477734644384373,0.14955469288768747,0.2243320393315312
0.15,0.545,0.6950000000000001,0.21582733812949637,0.22607690461504992,1.5071793641003328,0.07607690461504993,0.15215380923009986,0.22823071384514979
0.15,0.55,0.7000000000000001,0.21428571428571425,0.2274002654696422,1.5160017697976147,0.07740026546964221,0.15480053093928442,0.23220079640892663
0.15,0.555,0.7050000000000001,0.21276595744680848,0.22874823021853374,1.5249882014568916,0.07874823021853375,0.1574964604370675,0.23624469065560125
0.15,0.56,0.7100000000000001,0.21126760563380279,0.23012164048375694,1.534144269891713,0.08012164048375695,0.1602432809675139,0.24036492145127084
0.15,0.565,0.715,0.2097902097902098,0.2315213810541611,1.5434758736944074,0.0815213810541611,0.1630427621083222,0.2445641431624833
0.15,0.57,0.72,0.20833333333333334,0.2329483828802158,1.5529892192014387,0.0829483828802158,0.1658967657604316,0.2488451486406474
0.15,0.575,0.725,0.20689655172413793,0.23440362633329603,1.5626908422219736,0.08440362633329604,0.16880725266659208,0.25321087899988814
0.15,0.58,0.73,0.2054794520547945,0.23588814475802555,1.5725876317201704,0.08588814475802556,0.17177628951605112,0.2576644342740767
0.15,0.585,0.735,0.20408163265306123,0.2374030283499312,1.5826868556662081,0.08740302834993122,0.17480605669986243,0.2622090850497937
0.15,0.59,0.74,0.2027027027027027,0.23894942839488686,1.592996189299246,0.08894942839488687,0.17789885678977374,0.26684828518466064
0.15,0.595,0.745,0.20134228187919462,0.2405285619116968,1.6035237460779788,0.09052856191169681,0.18105712382339362,0.27158568573509045
0.15,0.6,0.75,0.19999999999999998,0.2421417167448009,1.614278111632006,0.0921417167448009,0.1842834334896018,0.27642515023440273
0.155,0.005,0.16,0.96875,0.15541073252939053,1.0026498872863905,0.0004107325293905284,0.0008214650587810568,0.0012321975881715852
0.155,0.01,0.165,0.9393939393939393,0.15582448840706975,1.0053192800456112,0.0008244884070697511,0.0016489768141395023,0.0024734652212092534
0.155,0.015,0.16999999999999998,0.911764705882353,0.1562413061758955,1.0080084269412612,0.0012413061758954902,0.0024826123517909804,0.0037239185276864706
0.155,0.02,0.175,0.8857142857142858,0.15666122509059,1.010717581229613,0.0016612250905899961,0.0033224501811799922,0.004983675271769988
0.155,0.025,0.18,0.8611111111111112,0.15708428513510764,1.0134470008716623,0.0020842851351076386,0.004168570270215277,0.006252855405322916
0.155,0.03,0.185,0.8378378378378378,0.15751052704053337,1.0161969486486024,0.002510527040533367,0.005021054081066734,0.0075315811216001005
0.155,0.035,0.19,0.8157894736842105,0.15793999230352773,1.0189676922808242,0.002939992303527733,0.005879984607055466,0.0088199769105832
0.155,0.04,0.195,0.7948717948717948,0.15837272320534335,1.0217595045506023,0.0033727232053433476,0.006745446410686695,0.010118169616030043
0.155,0.045,0.2,0.7749999999999999,0.15880876283142908,1.0245726634285748,0.0038087628314290856,0.007617525662858171,0.011426288494287257
0.155,0.05,0.20500000000000002,0.7560975609756097,0.1592481550916489,1.0274074522041865,0.004248155091648914,0.008496310183297828,0.012744465274946742
0.155,0.055,0.21,0.7380952380952381,0.15969094474113366,1.0302641596202171,0.004690944741133657,0.009381889482267314,0.01407283422340097
0.155,0.06,0.215,0.7209302325581396,0.16013717740179423,1.0331430800115757,0.0051371774017942295,0.010274354803588459,0.015411532205382689
0.155,0.065,0.22,0.7045454545454546,0.16058689958451688,1.0360445134484961,0.005586899584516886,0.011173799169033771,0.016760698753550657
0.155,0.07,0.225,0.6888888888888889,0.1610401587120711,1.0389687658843298,0.006040158712071114,0.012080317424142228,0.018120476136213343
0.155,0.075,0.22999999999999998,0.6739130434782609,0.16149700314275428,1.0419161493080922,0.006497003142754282,0.012994006285508564,0.019491009428262845
0.155,0.08,0.235,0.6595744680851064,0.16195748219480322,1.0448869819019562,0.006957482194803216,0.013914964389606432,0.02087244658440965
0.155,0.085,0.24,0.6458333333333334,0.16242164617160204,1.047881588203884,0.007421646171602042,0.014843292343204084,0.022264938514806126
0.155,0.09,0.245,0.6326530612244898,0.16288954638771858,1.0509002992756038,0.007889546387718577,0.015779092775437153,0.02366863916315573
0.155,0.095,0.25,0.62,0.16336123519580037,1.0539434528761313,0.00836123519580037,0.01672247039160074,0.02508370558740111
0.155,0.1,0.255,0.6078431372549019,0.16383676601436648,1.057011393641074,0.008836766014366476,0.017673532028732952,0.02651029804309943
0.155,0.105,0.26,0.5961538461538461,0.1643161933565288,1.060104473267928,0.009316193356528807,0.018632386713057614,0.02794858006958642
0.155,0.11,0.265,0.5849056603773585,0.16479957285968305,1.0632230507076326,0.009799572859683053,0.019599145719366107,0.02939871857904916
0.155,0.115,0.27,0.5740740740740741,0.16528696131620635,1.0663674923626216,0.01028696131620635,0.0205739226324127,0.03086088394861905
0.155,0.12,0.275,0.5636363636363636,0.165778416705204,1.0695381722916386,0.010778416705203991,0.021556833410407983,0.032335250115611974
0.155,0.125,0.28,0.5535714285714285,0.16627399822534816,1.0727354724216012,0.011273998225348164,0.022547996450696328,0.03382199467604449
0.155,0.13,0.28500000000000003,0.5438596491228069,0.16677376632885388,1.0759597827667993,0.01177376632885388,0.02354753265770776,0.03532129898656164
0.155,0.135,0.29000000000000004,0.5344827586206896,0.16727778275663985,1.0792115016557409,0.012277782756639849,0.024555565513279698,0.03683334826991955
0.155,0.14,0.29500000000000004,0.5254237288135593,0.1677861105747236,1.0824910359659587,0.012786110574723591,0.025572221149447183,0.038358331724170774
0.155,0.145,0.3,0.5166666666666667,0.1682988142119035,1.0857988013671194,0.013298814211903515,0.02659762842380703,0.039896442635710544
0.155,0.15,0.305,0.5081967213114754,0.1688159594987828,1.0891352225727924,0.01381595949878281,0.02763191899756562,0.04144787849634843
0.155,0.155,0.31,0.5,0.16933761370819256,1.0925007336012422,0.01433761370819256,0.02867522741638512,0.04301284112457768
0.155,0.16,0.315,0.49206349206349204,0.1698638455970738,1.0958957780456373,0.014863845597073794,0.029727691194147587,0.04459153679122138
0.155,0.165,0.32,0.484375,0.17039472544988488,1.099320809354096,0.015394725449884877,0.030789450899769755,0.04618417634965463
0.155,0.17,0.325,0.4769230769230769,0.1709303251235964,1.1027762911199768,0.015930325123596406,0.03186065024719281,0.04779097537078922
0.155,0.175,0.32999999999999996,0.4696969696969697,0.1714707180943491,1.1062626973828975,0.016470718094349107,0.032941436188698214,0.04941215428304732
0.155,0.18,0.33499999999999996,0.46268656716417916,0.17201597950584413,1.10978051294093,0.01701597950584413,0.03403195901168826,0.05104793851753239
0.155,0.185,0.33999999999999997,0.4558823529411765,0.17256618621954667,1.1133302336744946,0.01756618621954667,0.03513237243909334,0.05269855865864001
0.155,0.19,0.345,0.44927536231884063,0.17312141686678317,1.116912366882472,0.018121416866783174,0.03624283373356635,0.05436425060034952
0.155,0.195,0.35,0.4428571428571429,0.17368175190281887,1.1205274316310896,0.01868175190281887,0.03736350380563774,0.056045255708456615
0.155,0.2,0.355,0.4366197183098592,0.17424727366300585,1.1241759591161669,0.019247273663005854,0.03849454732601171,0.05774182098901756
0.155,0.205,0.36,0.4305555555555556,0.17481806642109943,1.1278584930393512,0.01981806642109943,0.03963613284219886,0.059454199263298285
0.155,0.21,0.365,0.4246575342465754,0.1753942164498401,1.1315755899989683,0.020394216449840102,0.040788432899680205,0.06118264934952031
0.155,0.215,0.37,0.4189189189189189,0.1759758120839119,1.1353278198962058,0.020975812083911888,0.041951624167823776,0.06292743625173566
0.155,0.22,0.375,0.41333333333333333,0.1765629437853854,1.139115766357325,0.021562943785385397,0.04312588757077079,0.06468883135615619
0.155,0.225,0.38,0.40789473684210525,0.1771557042117673,1.1429400271726922,0.022155704211767296,0.04431140842353459,0.06646711263530189
0.155,0.23,0.385,0.40259740259740256,0.17775418828677914,1.1468012147534137,0.022754188286779137,0.045508376573558273,0.06826256486033741
0.155,0.235,0.39,0.3974358974358974,0.17835849327399933,1.1506999566064473,0.02335849327399933,0.04671698654799866,0.070075479821998
0.155,0.24,0.395,0.3924050632911392,0.17896871885350762,1.1546368958290814,0.023968718853507626,0.04793743770701525,0.07190615656052288
0.155,0.245,0.4,0.38749999999999996,0.17958496720167938,1.158612691623738,0.02458496720167938,0.04916993440335876,0.07375490160503814
0.155,0.25,0.405,0.38271604938271603,0.18020734307428732,1.1626280198341117,0.02520734307428732,0.05041468614857464,0.07562202922286196
0.155,0.255,0.41000000000000003,0.3780487804878048,0.18083595389307439,1.1666835735037058,0.025835953893074387,0.051671907786148774,0.07750786167922316
0.155,0.26,0.41500000000000004,0.37349397590361444,0.1814709098359758,1.1707800634579084,0.026470909835975803,0.05294181967195161,0.07941272950792741
0.155,0.265,0.42000000000000004,0.369047619047619,0.18211232393117283,1.1749182189107925,0.027112323931172827,0.054224647862345654,0.08133697179351848
0.155,0.27,0.42500000000000004,0.36470588235294116,0.18276031215517763,1.1790987880979202,0.02776031215517763,0.05552062431035526,0.08328093646553289
0.155,0.275,0.43000000000000005,0.36046511627906974,0.18341499353515678,1.1833225389364954,0.02841499353515678,0.05682998707031356,0.08524498060547034
0.155,0.28,0.43500000000000005,0.3563218390804597,0.18407649025571493,1.1875902597142898,0.029076490255714932,0.058152980511429864,0.0872294707671448
0.155,0.285,0.43999999999999995,0.3522727272727273,0.1847449277703741,1.1919027598088652,0.029744927770374102,0.059489855540748204,0.0892347833111223
0.155,0.29,0.44499999999999995,0.34831460674157305,0.18542043491799753,1.1962608704386937,0.030420434917997535,0.06084086983599507,0.0912613047539926
0.155,0.295,0.44999999999999996,0.3444444444444445,0.1861031440444244,1.2006654454478993,0.031103144044424408,0.062206288088848816,0.09330943213327322
0.155,0.3,0.45499999999999996,0.34065934065934067,0.18679319112959614,1.2051173621264266,0.03179319112959614,0.06358638225919228,0.09537957338878841
0.155,0.305,0.45999999999999996,0.33695652173913043,0.1874907159204754,1.209617522067583,0.032490715920475394,0.06498143184095079,0.09747214776142618
0.155,0.31,0.46499999999999997,0.33333333333333337,0.18819586207007655,1.21416685206501,0.03319586207007655,0.0663917241401531,0.09958758621022964
0.155,0.315,0.47,0.3297872340425532,0.18890877728294742,1.2187663050512736,0.03390877728294742,0.06781755456589483,0.10172633184884225
0.155,0.32,0.475,0.3263157894736842,0.18962961346746454,1.2234168610804164,0.03462961346746454,0.06925922693492909,0.10388884040239363
0.155,0.325,0.48,0.3229166666666667,0.19035852689532895,1.228119528356961,0.03535852689532895,0.0707170537906579,0.10607558068598685
0.155,0.33,0.485,0.3195876288659794,0.19109567836867314,1.2328753443140203,0.03609567836867314,0.07219135673734628,0.10828703510601942
0.155,0.335,0.49,0.3163265306122449,0.1918412333952202,1.237685376743356,0.03684123339522019,0.07368246679044038,0.11052370018566057
0.155,0.34,0.495,0.31313131313131315,0.19259536237196428,1.2425507249804149,0.037595362371964286,0.07519072474392857,0.11278608711589286
0.155,0.345,0.5,0.31,0.19335824077787367,1.2474725211475721,0.03835824077787367,0.07671648155574734,0.11507472233362101
0.155,0.35,0.505,0.3069306930693069,0.19413004937615486,1.2524519314590636,0.03913004937615486,0.07826009875230971,0.11739014812846457
0.155,0.355,0.51,0.30392156862745096,0.1949109744266505,1.2574901575912936,0.03991097442665051,0.07982194885330102,0.11973292327995153
0.155,0.36,0.515,0.30097087378640774,0.1957012079089877,1.2625884381225014,0.04070120790898771,0.08140241581797542,0.12210362372696312
0.155,0.365,0.52,0.2980769230769231,0.19650094775713434,1.267748050046028,0.04150094775713434,0.08300189551426868,0.12450284327140301
0.155,0.37,0.525,0.29523809523809524,0.19731039810607198,1.2729703103617547,0.042310398106071984,0.08462079621214397,0.12693119431821595
0.155,0.375,0.53,0.29245283018867924,0.19812976955134187,1.2782565777505928,0.04312976955134187,0.08625953910268375,0.12938930865402562
0.155,0.38,0.535,0.2897196261682243,0.19895927942228053,1.2836082543372938,0.043959279422280534,0.08791855884456107,0.1318778382668416
0.155,0.385,0.54,0.28703703703703703,0.19979915206981858,1.2890267875472166,0.044799152069818576,0.08959830413963715,0.13439745620945573
0.155,0.39,0.545,0.2844036697247706,0.20064961916978385,1.2945136720631216,0.045649619169783856,0.09129923833956771,0.13694885750935157
0.155,0.395,0.55,0.2818181818181818,0.20151092004272453,1.3000704518885453,0.04651092004272453,0.09302184008544906,0.1395327601281736
0.155,0.4,0.555,0.27927927927927926,0.20238330199133858,1.3056987225247652,0.04738330199133858,0.09476660398267717,0.14214990597401575
0.155,0.405,0.56,0.27678571428571425,0.20326702065669144,1.311400133268977,0.048267020656691445,0.09653404131338289,0.14480106197007434
0.155,0.41,0.565,0.27433628318584075,0.20416234039448533,1.317176389641841,0.04916234039448533,0.09832468078897066,0.147487021183456
0.155,0.415,0.57,0.2719298245614035,0.20506953467275457,1.3230292559532553,0.05006953467275457,0.10013906934550915,0.15020860401826372
0.155,0.42,0.575,0.26956521739130435,0.20598888649246494,1.3289605580159027,0.05098888649246494,0.10197777298492988,0.15296665947739482
0.155,0.425,0.58,0.26724137931034486,0.20692068883261983,1.3349721860169022,0.05192068883261983,0.10384137766523965,0.15576206649785948
0.155,0.43,0.585,0.26495726495726496,0.20786524512160642,1.3410660975587512,0.052865245121606425,0.10573049024321285,0.15859573536481927
0.155,0.435,0.59,0.2627118644067797,0.20882286973666053,1.347244320881681,0.053822869736660534,0.10764573947332107,0.1614686092099816
0.155,0.44,0.595,0.2605042016806723,0.20979388853348846,1.3535089582805706,0.05479388853348846,0.10958777706697692,0.16438166560046538
0.155,0.445,0.6,0.25833333333333336,0.21077863940825636,1.3598621897306862,0.055778639408256364,0.11155727881651273,0.1673359182247691
0.155,0.45,0.605,0.256198347107438,0.21177747289435322,1.3663062767377627,0.056777472894353226,0.11355494578870645,0.17033241868305968
0.155,0.455,0.61,0.2540983606557377,0.21279075279654014,1.3728435664292913,0.05779075279654014,0.11558150559308028,0.17337225838962042
0.155,0.46,0.615,0.25203252032520324,0.21381885686533564,1.3794764959053911,0.05881885686533564,0.11763771373067128,0.17645657059600692
0.155,0.465,0.62,0.25,0.21486217751473868,1.3862075968692817,0.059862177514738685,0.11972435502947737,0.17958653254421605
0.155,0.47,0.625,0.248,0.21592112258667973,1.393039500559224,0.06092112258667973,0.12184224517335945,0.18276336776003918
0.155,0.475,0.63,0.24603174603174602,0.21699611616589676,1.3999749430057855,0.06199611616589676,0.12399223233179352,0.18598834849769028
0.155,0.48,0.635,0.24409448818897636,0.2180875994492878,1.4070167706405665,0.0630875994492878,0.1261751988985756,0.1892627983478634
0.155,0.485,0.64,0.2421875,0.21919603167416846,1.414167946284958,0.06419603167416846,0.12839206334833692,0.19258809502250537
0.155,0.49,0.645,0.24031007751937983,0.2203218911102952,1.4214315555502917,0.06532189111029521,0.13064378222059042,0.19596567333088563
0.155,0.495,0.65,0.23846153846153845,0.22146567612098866,1.4288108136837978,0.06646567612098866,0.13293135224197733,0.199397028362966
0.155,0.5,0.655,0.23664122137404578,0.2226279062992168,1.436309072898173,0.0676279062992168,0.1352558125984336,0.20288371889765042
0.155,0.505,0.66,0.23484848484848483,0.22380912368509187,1.4439298302263992,0.06880912368509187,0.13761824737018374,0.20642737105527562
0.155,0.51,0.665,0.23308270676691728,0.22500989407188865,1.4516767359476688,0.07000989407188865,0.1400197881437773,0.21002968221566595
0.155,0.515,0.67,0.23134328358208953,0.2262308084084308,1.4595536026350373,0.0712308084084308,0.1424616168168616,0.2136924252252924
0.155,0.52,0.675,0.2296296296296296,0.22747248430651357,1.4675644148807327,0.07247248430651357,0.14494496861302714,0.2174174529195407
0.155,0.525,0.68,0.22794117647058823,0.22873556766295922,1.4757133397610271,0.07373556766295922,0.14747113532591843,0.22120670298887765
0.155,0.53,0.685,0.2262773722627737,0.23002073440693926,1.4840047381092856,0.07502073440693927,0.15004146881387853,0.2250622032208178
0.155,0.535,0.6900000000000001,0.22463768115942026,0.2313286923843696,1.4924431766733521,0.0763286923843696,0.1526573847687392,0.22898607715310879
0.155,0.54,0.6950000000000001,0.22302158273381292,0.23266018339250394,1.5010334412419608,0.07766018339250394,0.15532036678500788,0.23298055017751182
0.155,0.545,0.7000000000000001,0.22142857142857142,0.2340159853793462,1.5097805508344917,0.0790159853793462,0.1580319707586924,0.2370479561380386
0.155,0.55,0.7050000000000001,0.21985815602836878,0.23539691482418912,1.5186897730592845,0.08039691482418912,0.16079382964837824,0.24119074447256736
0.155,0.555,0.7100000000000001,0.21830985915492956,0.23680382931750765,1.5277666407581139,0.08180382931750765,0.1636076586350153,0.24541148795252296
0.155,0.56,0.7150000000000001,0.21678321678321677,0.23823763036061174,1.5370169700684628,0.08323763036061174,0.16647526072122348,0.24971289108183523
0.155,0.565,0.72,0.2152777777777778,0.23969926640795058,1.546446880051294,0.08469926640795059,0.16939853281590117,0.2540977992238518
0.155,0.57,0.725,0.21379310344827587,0.24118973617779316,1.5560628140502784,0.08618973617779316,0.17237947235558632,0.2585692085333795
0.155,0.575,0.73,0.2123287671232877,0.24271009226025608,1.565871562969394,0.08771009226025608,0.17542018452051217,0.2631302767807683
0.155,0.58,0.735,0.2108843537414966,0.24426144505537362,1.5758802906798297,0.08926144505537362,0.17852289011074723,0.2677843351661209
0.155,0.585,0.74,0.20945945945945946,0.2458449670781827,1.5860965617947271,0.09084496707818271,0.18168993415636542,0.27253490123454815
0.155,0.59,0.745,0.2080536912751678,0.2474618976727302,1.5965283720821304,0.09246189767273019,0.18492379534546038,0.2773856930181906
0.155,0.595,0.75,0.20666666666666667,0.24911354818261489,1.607184181823322,0.09411354818261489,0.18822709636522977,0.2823406445478447
0.155,0.6,0.755,0.2052980132450331,0.2508013076322805,1.6180729524663258,0.09580130763228048,0.19160261526456096,0.28740392289684147
0.16,0.005,0.165,0.9696969696969697,0.16042477872432614,1.0026548670270383,0.0004247787243261414,0.0008495574486522828,0.0012743361729784242
0.16,0.01,0.17,0.9411764705882353,0.16085269412074887,1.0053293382546804,0.0008526941207488703,0.0017053882414977406,0.002558082362246611
0.16,0.015,0.175,0.9142857142857144,0.16128378633466833,1.0080236645916771,0.0012837863346683298,0.0025675726693366596,0.0038513590040049894
0.16,0.02,0.18,0.888888888888889,0.16171809625624156,1.0107381016015098,0.001718096256241558,0.003436192512483116,0.005154288768724674
0.16,0.025,0.185,0.8648648648648649,0.16215566553864136,1.0134729096165085,0.002155665538641355,0.00431133107728271,0.006466996615924064
0.16,0.03,0.19,0.8421052631578947,0.16259653661687135,1.016228353855446,0.002596536616871342,0.005193073233742684,0.0077896098506140266
0.16,0.035,0.195,0.8205128205128205,0.16304075272716478,1.0190047045447799,0.0030407527271647805,0.006081505454329561,0.009122258181494342
0.16,0.04,0.2,0.7999999999999999,0.16348835792698135,1.0218022370436335,0.0034883579269813503,0.0069767158539627006,0.01046507378094405
0.16,0.045,0.20500000000000002,0.7804878048780487,0.16393939711563021,1.0246212319726888,0.003939397115630211,0.007878794231260422,0.011818191346890633
0.16,0.05,0.21000000000000002,0.7619047619047619,0.16439391605553821,1.027461975347114,0.004393916055538211,0.008787832111076421,0.013181748166614632
0.16,0.055,0.215,0.7441860465116279,0.16485196139419267,1.030324758713704,0.0048519613941926665,0.009703922788385333,0.014555884182578
0.16,0.06,0.22,0.7272727272727273,0.16531358068677826,1.033209879292364,0.005313580686778258,0.010627161373556515,0.015940742060334773
0.16,0.065,0.225,0.7111111111111111,0.16577882241954045,1.0361176401221277,0.005778822419540447,0.011557644839080894,0.01733646725862134
0.16,0.07,0.23,0.6956521739130435,0.16624773603389942,1.0390483502118713,0.006247736033899415,0.01249547206779883,0.018743208101698244
0.16,0.075,0.235,0.6808510638297873,0.1667203719513458,1.0420023246959114,0.0067203719513458104,0.013440743902691621,0.02016111585403743
0.16,0.08,0.24,0.6666666666666667,0.16719678159914697,1.0449798849946685,0.0071967815991469675,0.014393563198293935,0.021590344797440902
0.16,0.085,0.245,0.653061224489796,0.1676770174368981,1.0479813589806133,0.007677017436898109,0.015354034873796218,0.023031052310694328
0.16,0.09,0.25,0.64,0.16816113298394864,1.051007081149679,0.008161132983948632,0.016322265967897265,0.024483398951845897
0.16,0.095,0.255,0.6274509803921569,0.16864918284774089,1.0540573927983805,0.008649182847740883,0.017298365695481766,0.025947548543222648
0.16,0.1,0.26,0.6153846153846154,0.16914122275309718,1.0571326422068574,0.009141222753097172,0.018282445506194345,0.027423668259291517
0.16,0.105,0.265,0.6037735849056604,0.16963730957249212,1.0602331848280757,0.00963730957249212,0.01927461914498424,0.02891192871747636
0.16,0.11,0.27,0.5925925925925926,0.1701375013573525,1.0633593834834532,0.010137501357352502,0.020275002714705004,0.030412504072057506
0.16,0.115,0.275,0.5818181818181818,0.17064185737042503,1.0665116085651565,0.010641857370425029,0.021283714740850057,0.031925572111275086
0.16,0.12,0.28,0.5714285714285714,0.1711504381192559,1.0696902382453493,0.011150438119255895,0.02230087623851179,0.033451314357767686
0.16,0.125,0.28500000000000003,0.5614035087719298,0.1716633053908292,1.0728956586926823,0.011663305390829187,0.023326610781658375,0.03498991617248756
0.16,0.13,0.29000000000000004,0.5517241379310345,0.17218052228741187,1.0761282642963241,0.012180522287411871,0.024361044574823743,0.036541566862235614
0.16,0.135,0.29500000000000004,0.5423728813559321,0.1727021532636558,1.0793884578978488,0.012702153263655785,0.02540430652731157,0.038106459790967356
0.16,0.14,0.30000000000000004,0.5333333333333332,0.1732282641650107,1.0826766510313168,0.01322826416501069,0.02645652833002138,0.03968479249503207
0.16,0.145,0.305,0.5245901639344263,0.17375892226750278,1.0859932641718923,0.013758922267502777,0.027517844535005553,0.04127676680250833
0.16,0.15,0.31,0.5161290322580645,0.17429419631893905,1.089338726993369,0.01429419631893905,0.0285883926378781,0.04288258895681715
0.16,0.155,0.315,0.5079365079365079,0.17483415658159718,1.0927134786349824,0.014834156581597174,0.02966831316319435,0.04450246974479152
0.16,0.16,0.32,0.5,0.17537887487646797,1.0961179679779247,0.015378874876467968,0.030757749752935937,0.046136624629403905
0.16,0.165,0.325,0.4923076923076923,0.17592842462911484,1.0995526539319678,0.01592842462911484,0.03185684925822968,0.04778527388734452
0.16,0.17,0.33,0.48484848484848486,0.17648288091722653,1.1030180057326657,0.016482880917226522,0.032965761834453045,0.04944864275167957
0.16,0.175,0.33499999999999996,0.4776119402985075,0.17704232051993307,1.1065145032495818,0.01704232051993307,0.03408464103986614,0.051126961559799206
0.16,0.18,0.33999999999999997,0.4705882352941177,0.1776068219689687,1.1100426373060543,0.017606821968968706,0.03521364393793741,0.05282046590690612
0.16,0.185,0.345,0.46376811594202905,0.17817646560176215,1.1136029100110134,0.018176465601762143,0.036352931203524286,0.05452939680528643
0.16,0.19,0.35,0.4571428571428572,0.1787513336165425,1.1171958351033906,0.018751333616542493,0.037502667233084985,0.05625400084962748
0.16,0.195,0.355,0.4507042253521127,0.17933151012955462,1.1208219383097164,0.019331510129554613,0.038663020259109226,0.05799453038866384
0.16,0.2,0.36,0.4444444444444445,0.17991708123447914,1.1244817577154946,0.019917081234479134,0.03983416246895827,0.0597512437034374
0.16,0.205,0.365,0.4383561643835617,0.18050813506416086,1.1281758441510052,0.020508135064160854,0.04101627012832171,0.06152440519248256
0.16,0.21,0.37,0.43243243243243246,0.18110476185475533,1.1319047615922209,0.021104761854755322,0.042209523709510643,0.06331428556426597
0.16,0.215,0.375,0.4266666666666667,0.18170705401240383,1.135669087577524,0.02170705401240383,0.04341410802480766,0.0651211620372115
0.16,0.22,0.38,0.42105263157894735,0.18231510618256186,1.1394694136410115,0.022315106182561856,0.04463021236512371,0.06694531854768557
0.16,0.225,0.385,0.41558441558441556,0.1829290153221057,1.1433063457631607,0.0229290153221057,0.0458580306442114,0.0687870459663171
0.16,0.23,0.39,0.41025641025641024,0.18354888077435183,1.147180504839699,0.023548880774351827,0.047097761548703654,0.07064664232305548
0.16,0.235,0.395,0.4050632911392405,0.18417480434713251,1.1510925271695782,0.02417480434713251,0.04834960869426502,0.07252441304139753
0.16,0.24,0.4,0.39999999999999997,0.18480689039407727,1.155043064962983,0.02480689039407727,0.04961378078815454,0.0744206711822318
0.16,0.245,0.405,0.3950617283950617,0.18544524589925826,1.159032786870364,0.025445245899258256,0.05089049179851651,0.07633573769777477
0.16,0.25,0.41000000000000003,0.39024390243902435,0.1860899805653703,1.1630623785335643,0.02608998056537029,0.05217996113074058,0.07826994169611087
0.16,0.255,0.41500000000000004,0.38554216867469876,0.18674120690562102,1.1671325431601314,0.026741206905621012,0.053482413811242024,0.08022362071686304
0.16,0.26,0.42000000000000004,0.38095238095238093,0.18739904033952182,1.1712440021220114,0.027399040339521813,0.054798080679043626,0.08219712101856544
0.16,0.265,0.42500000000000004,0.3764705882352941,0.1880635992927795,1.1753974955798718,0.02806359929277949,0.05612719858555898,0.08419079787833847
0.16,0.27,0.43000000000000005,0.3720930232558139,0.18873500530149934,1.1795937831343708,0.028735005301499333,0.05747001060299867,0.086205015904498
0.16,0.275,0.43500000000000005,0.36781609195402293,0.18941338312092715,1.1838336445057946,0.029413383120927145,0.05882676624185429,0.08824014936278143
0.16,0.28,0.44000000000000006,0.3636363636363636,0.19009886083896643,1.1881178802435401,0.03009886083896643,0.06019772167793286,0.09029658251689929
0.16,0.285,0.44499999999999995,0.35955056179775285,0.19079156999472646,1.1924473124670403,0.03079156999472646,0.06158313998945292,0.09237470998417938
0.16,0.29,0.44999999999999996,0.3555555555555556,0.19149164570237043,1.1968227856398153,0.031491645702370424,0.06298329140474085,0.09447493710711127
0.16,0.295,0.45499999999999996,0.3516483516483517,0.19219922678054968,1.2012451673784355,0.03219922678054968,0.06439845356109936,0.09659768034164903
0.16,0.3,0.45999999999999996,0.3478260869565218,0.1929144558877286,1.2057153492983037,0.032914455887728594,0.06582891177545719,0.09874336766318578
0.16,0.305,0.46499999999999997,0.34408602150537637,0.19363747966372646,1.2102342478982904,0.03363747966372646,0.06727495932745292,0.10091243899117938
0.16,0.31,0.47,0.34042553191489366,0.19436844887781923,1.2148028054863702,0.03436844887781923,0.06873689775563846,0.10310534663345769
0.16,0.315,0.475,0.33684210526315794,0.1951075185837713,1.2194219911485706,0.035107518583771286,0.07021503716754257,0.10532255575131386
0.16,0.32,0.48,0.33333333333333337,0.19585484828218847,1.2240928017636779,0.03585484828218846,0.07170969656437692,0.10756454484656539
0.16,0.325,0.485,0.32989690721649484,0.196610602090611,1.2288162630663186,0.03661060209061098,0.07322120418122197,0.10983180627183295
0.16,0.33,0.49,0.326530612244898,0.1973749489217942,1.2335934307612137,0.03737494892179419,0.07474989784358838,0.11212484676538256
0.16,0.335,0.495,0.32323232323232326,0.19814806267065266,1.238425391691579,0.038148062670652655,0.07629612534130531,0.11444418801195796
0.16,0.34,0.5,0.32,0.19893012241037789,1.2433132650648617,0.03893012241037788,0.07786024482075576,0.11679036723113365
0.16,0.345,0.505,0.31683168316831684,0.19972131259827708,1.2482582037392318,0.039721312598277075,0.07944262519655415,0.11916393779483123
0.16,0.35,0.51,0.3137254901960784,0.20052182329191226,1.2532613955744516,0.04052182329191226,0.08104364658382451,0.12156546987573677
0.16,0.355,0.515,0.3106796116504854,0.20133185037616919,1.2583240648510574,0.04133185037616918,0.08266370075233836,0.12399555112850755
0.16,0.36,0.52,0.3076923076923077,0.20215159580192155,1.2634474737620096,0.04215159580192154,0.08430319160384309,0.12645478740576463
0.16,0.365,0.525,0.30476190476190473,0.20298126783701154,1.268632923981322,0.04298126783701153,0.08596253567402307,0.1289438035110346
0.16,0.37,0.53,0.3018867924528302,0.20382108133031407,1.2738817583144628,0.043821081330314066,0.08764216266062813,0.1314632439909422
0.16,0.375,0.535,0.29906542056074764,0.2046712579897143,1.2791953624357144,0.0446712579897143,0.0893425159794286,0.1340137739691429
0.16,0.38,0.54,0.2962962962962963,0.2055320266748849,1.2845751667180307,0.0455320266748849,0.0910640533497698,0.1365960800246547
0.16,0.385,0.545,0.2935779816513761,0.20640362370582088,1.2900226481613806,0.04640362370582088,0.09280724741164176,0.13921087111746264
0.16,0.39,0.55,0.2909090909090909,0.2072862931881585,1.2955393324259905,0.047286293188158496,0.09457258637631699,0.1418588795644755
0.16,0.395,0.555,0.2882882882882883,0.20818028735638738,1.301126795977421,0.04818028735638738,0.09636057471277476,0.14454086206916214
0.16,0.4,0.56,0.2857142857142857,0.20908586693614928,1.306786668350933,0.049085866936149275,0.09817173387229855,0.14725760080844782
0.16,0.405,0.5650000000000001,0.2831858407079646,0.2100033015269117,1.3125206345431981,0.05000330152691171,0.10000660305382342,0.15000990458073513
0.16,0.41,0.57,0.28070175438596495,0.21093287000640715,1.3183304375400446,0.050932870006407144,0.10186574001281429,0.15279861001922143
0.16,0.415,0.575,0.2782608695652174,0.21187486095834096,1.324217880989631,0.05187486095834096,0.10374972191668191,0.15562458287502287
0.16,0.42,0.58,0.2758620689655173,0.2128295731249923,1.3301848320312017,0.052829573124992285,0.10565914624998457,0.15848871937497686
0.16,0.425,0.585,0.27350427350427353,0.21379731588646966,1.3362332242904353,0.05379731588646966,0.10759463177293932,0.16139194765940898
0.16,0.43,0.59,0.2711864406779661,0.21477840976852547,1.3423650610532842,0.054778409768525466,0.10955681953705093,0.1643352293055764
0.16,0.435,0.595,0.26890756302521013,0.21577318698099868,1.3485824186312416,0.055773186980998674,0.11154637396199735,0.16731956094299602
0.16,0.44,0.6,0.26666666666666666,0.21678199198912906,1.3548874499320567,0.05678199198912906,0.11356398397825812,0.17034597596738718
0.16,0.445,0.605,0.2644628099173554,0.21780518212018352,1.361282388251147,0.05780518212018351,0.11561036424036703,0.17341554636055054
0.16,0.45,0.61,0.26229508196721313,0.21884312820804586,1.3677695513002865,0.05884312820804585,0.1176862564160917,0.17652938462413756
0.16,0.455,0.615,0.2601626016260163,0.21989621527866043,1.3743513454916276,0.05989621527866043,0.11979243055732086,0.1796886458359813
0.16,0.46,0.62,0.25806451612903225,0.22096484327947719,1.3810302704967323,0.06096484327947718,0.12192968655895436,0.18289452983843155
0.16,0.465,0.625,0.256,0.22204942785633497,1.3878089241020934,0.062049427856334965,0.12409885571266993,0.1861482835690049
0.16,0.47,0.63,0.25396825396825395,0.2231504011815364,1.3946900073846025,0.06315040118153639,0.12630080236307278,0.18945120354460918
0.16,0.475,0.635,0.25196850393700787,0.22426821283721876,1.4016763302326172,0.06426821283721876,0.12853642567443752,0.19280463851165627
0.16,0.48,0.64,0.25,0.2254033307585166,1.4087708172407287,0.06540333075851659,0.13080666151703318,0.19620999227554978
0.16,0.485,0.645,0.24806201550387597,0.226556242241443,1.4159765140090186,0.06655624224144299,0.13311248448288598,0.19966872672432898
0.16,0.49,0.65,0.24615384615384614,0.2277274550208973,1.4232965938806081,0.0677274550208973,0.1354549100417946,0.2031823650626919
0.16,0.495,0.655,0.24427480916030533,0.22891749842474418,1.4307343651546511,0.06891749842474418,0.13783499684948836,0.20675249527423253
0.16,0.5,0.66,0.24242424242424243,0.2301269246105042,1.4382932788156513,0.07012692461050421,0.14025384922100842,0.21038077383151263
0.16,0.505,0.665,0.24060150375939848,0.23135630989186295,1.4459769368241435,0.07135630989186295,0.1427126197837259,0.21406892967558885
0.16,0.51,0.67,0.23880597014925373,0.2326062561629526,1.4537891010184538,0.0726062561629526,0.1452125123259052,0.2178187684888578
0.16,0.515,0.675,0.23703703703703702,0.23387739242919248,1.4617337026824528,0.07387739242919247,0.14775478485838495,0.22163217728757742
0.16,0.52,0.68,0.23529411764705882,0.2351703764544153,1.4698148528400956,0.0751703764544153,0.1503407529088306,0.22551112936324588
0.16,0.525,0.685,0.23357664233576642,0.23648589653505503,1.478036853344094,0.07648589653505503,0.15297179307011005,0.22945768960516508
0.16,0.53,0.6900000000000001,0.23188405797101447,0.23782467341336244,1.4864042088335152,0.07782467341336244,0.15564934682672488,0.23347402024008732
0.16,0.535,0.6950000000000001,0.23021582733812948,0.23918746234294652,1.4949216396434157,0.07918746234294652,0.15837492468589304,0.23756238702883956
0.16,0.54,0.7000000000000001,0.22857142857142856,0.24057505532145695,1.5035940957591059,0.08057505532145695,0.1611501106429139,0.24172516596437085
0.16,0.545,0.7050000000000001,0.22695035460992907,0.2419882835069288,1.5124267719183049,0.0819882835069288,0.1639765670138576,0.2459648505207864
0.16,0.55,0.7100000000000001,0.22535211267605632,0.2434280198362544,1.52142512397659,0.08342801983625439,0.16685603967250878,0.2502840595087632
0.16,0.555,0.7150000000000001,0.22377622377622375,0.24489518186645431,1.5305948866653394,0.08489518186645431,0.16979036373290862,0.25468554559936296
0.16,0.56,0.7200000000000001,0.2222222222222222,0.24639073486193053,1.5399420928870657,0.08639073486193052,0.17278146972386105,0.2591722045857916
0.16,0.565,0.725,0.22068965517241382,0.24791569515375755,1.5494730947109847,0.08791569515375755,0.1758313903075151,0.2637470854612727
0.16,0.57,0.73,0.21917808219178084,0.24947113380035035,1.5591945862521897,0.08947113380035035,0.1789422676007007,0.2684134014010511
0.16,0.575,0.735,0.217687074829932,0.251058180582613,1.569113628641331,0.09105818058261297,0.18211636116522595,0.27317454174783895
0.16,0.58,0.74,0.21621621621621623,0.2526780283710043,1.5792376773187766,0.09267802837100428,0.18535605674200856,0.27803408511301286
0.16,0.585,0.745,0.21476510067114093,0.25433193790694797,1.5895746119184249,0.09433193790694797,0.18866387581389593,0.2829958137208439
0.16,0.59,0.75,0.21333333333333335,0.25602124304678275,1.600132769042392,0.09602124304678275,0.1920424860935655,0.2880637291403483
0.16,0.595,0.755,0.2119205298013245,0.2577473565231314,1.6109209782695713,0.0977473565231314,0.1954947130462628,0.29324206956939425
0.16,0.6,0.76,0.21052631578947367,0.2595117762863368,1.621948601789605,0.09951177628633681,0.19902355257267362,0.29853532885901046
0.165,0.005,0.17,0.9705882352941176,0.16543887948228841,1.0026598756502327,0.0004388794822884068,0.0008777589645768136,0.0013166384468652204
0.165,0.01,0.17500000000000002,0.9428571428571428,0.16588101010691336,1.0053394551934143,0.0008810101069133547,0.0017620202138267094,0.002643030320740064
0.165,0.015,0.18,0.9166666666666667,0.16632643364954292,1.0080389918154116,0.0013264336495429074,0.002652867299085815,0.003979300948628722
0.165,0.02,0.185,0.891891891891892,0.16677519266431184,1.0107587434200718,0.0017751926643118365,0.003550385328623673,0.00532557799293551
0.165,0.025,0.19,0.868421052631579,0.16722733050299599,1.0134989727454302,0.002227330502995978,0.004454661005991956,0.006681991508987933
0.165,0.03,0.195,0.8461538461538461,0.16768289133478065,1.016259947483519,0.0026828913347806405,0.005365782669561281,0.008048674004341921
0.165,0.035,0.2,0.825,0.16814192016663754,1.0190419404038638,0.0031419201666375296,0.006283840333275059,0.009425760499912589
0.165,0.04,0.20500000000000002,0.8048780487804877,0.16860446286433972,1.0218452294808467,0.0036044628643397136,0.007208925728679427,0.010813388593019141
0.165,0.045,0.21000000000000002,0.7857142857142857,0.16907056617413319,1.0246700980250496,0.004070566174133178,0.008141132348266356,0.012211698522399533
0.165,0.05,0.21500000000000002,0.7674418604651162,0.1695402777450945,1.0275168348187544,0.004540277745094495,0.00908055549018899,0.013620833235283486
0.165,0.055,0.22,0.75,0.17001364615219605,1.0303857342557337,0.005013646152196044,0.010027292304392088,0.015040938456588132
0.165,0.06,0.225,0.7333333333333334,0.1704907209201102,1.0332770964855162,0.005490720920110187,0.010981441840220374,0.01647216276033056
0.165,0.065,0.23,0.717391304347826,0.17097155254777752,1.036191227562288,0.005971552547777509,0.011943105095555018,0.017914657643332527
0.165,0.07,0.23500000000000001,0.7021276595744681,0.1714561925337701,1.0391284395986065,0.006456192533770083,0.012912385067540166,0.01936857760131025
0.165,0.075,0.24,0.6875000000000001,0.17194469340248153,1.0420890509241305,0.006944693402481522,0.013889386804963044,0.020834080207444566
0.165,0.08,0.245,0.6734693877551021,0.17243710873117457,1.0450733862495427,0.007437108731174563,0.014874217462349126,0.02231132619352369
0.165,0.085,0.25,0.66,0.17293349317792128,1.0480817768358865,0.007933493177921275,0.01586698635584255,0.023800479533763824
0.165,0.09,0.255,0.6470588235294118,0.1734339025104712,1.0511145606695222,0.008433902510471186,0.016867805020942372,0.02530170753141356
0.165,0.095,0.26,0.6346153846153846,0.17393839363608343,1.05417208264293,0.008938393636083425,0.01787678727216685,0.026815180908250275
0.165,0.1,0.265,0.6226415094339622,0.17444702463236372,1.0572546947415982,0.009447024632363715,0.01889404926472743,0.028341073897091146
0.165,0.105,0.27,0.611111111111111,0.17495985477914522,1.0603627562372437,0.00995985477914521,0.01991970955829042,0.029879564337435632
0.165,0.11,0.275,0.6,0.17547694459145602,1.0634966338876122,0.010476944591456011,0.020953889182912022,0.03143083377436803
0.165,0.115,0.28,0.5892857142857143,0.17599835585361923,1.0666567021431468,0.010998355853619218,0.021996711707238437,0.032995067560857655
0.165,0.12,0.28500000000000003,0.5789473684210525,0.1765241516545314,1.0698433433607963,0.011524151654531384,0.023048303309062768,0.03457245496359415
0.165,0.125,0.29000000000000004,0.5689655172413792,0.17705439642416787,1.0730569480252599,0.012054396424167863,0.024108792848335725,0.03616318927250359
0.165,0.13,0.29500000000000004,0.559322033898305,0.17758915597136882,1.0762979149779928,0.01258915597136881,0.02517831194273762,0.03776746791410643
0.165,0.135,0.30000000000000004,0.5499999999999999,0.1781284975229569,1.0795666516542841,0.013128497522956889,0.026256995045913778,0.03938549256887067
0.165,0.14,0.30500000000000005,0.540983606557377,0.17867248976424643,1.0828635743287662,0.013672489764246426,0.027344979528492852,0.04101746929273928
0.165,0.145,0.31,0.5322580645161291,0.1792212028810013,1.0861891083697048,0.014221202881001288,0.028442405762002576,0.042663608643003864
0.165,0.15,0.315,0.5238095238095238,0.1797747086029049,1.0895436885024539,0.01477470860290489,0.02954941720580978,0.04432412580871467
0.165,0.155,0.32,0.515625,0.18033308024860895,1.0929277590824784,0.015333080248608938,0.030666160497217876,0.045999240745826814
0.165,0.16,0.325,0.5076923076923077,0.18089639277242797,1.0963417743783512,0.015896392772427964,0.03179278554485593,0.04768917831728389
0.165,0.165,0.33,0.5,0.18146472281275505,1.099786198865182,0.016464722812755045,0.03292944562551009,0.049394168438265135
0.165,0.17,0.335,0.4925373134328358,0.18203814874227164,1.103261507528919,0.017038148742271636,0.03407629748454327,0.05111444622681491
0.165,0.175,0.33999999999999997,0.4852941176470589,0.18261675072003603,1.1067681861820364,0.017616750720036017,0.035233501440072035,0.05285025216010805
0.165,0.18,0.345,0.47826086956521746,0.1832006107455315,1.1103067317911,0.018200610745531504,0.03640122149106301,0.05460183223659451
0.165,0.185,0.35,0.4714285714285715,0.18378981271476513,1.1138776528167584,0.018789812714765125,0.03757962542953025,0.056369438144295375
0.165,0.19,0.355,0.46478873239436624,0.1843844424785107,1.1174814695667314,0.019384442478510705,0.03876888495702141,0.058153327435532115
0.165,0.195,0.36,0.45833333333333337,0.18498458790279515,1.1211187145623949,0.019984587902795142,0.039969175805590285,0.05995376370838543
0.165,0.2,0.365,0.452054794520548,0.1855903389317317,1.124789932919586,0.020590338931731705,0.04118067786346341,0.061771016795195116
0.165,0.205,0.37,0.445945945945946,0.1862017876528106,1.1284956827443064,0.021201787652810583,0.042403575305621166,0.06360536295843175
0.165,0.21,0.375,0.44,0.1868190283647636,1.1322365355440218,0.0218190283647636,0.0436380567295272,0.0654570850942908
0.165,0.215,0.38,0.4342105263157895,0.1874421576481241,1.1360130766552976,0.0224421576481241,0.0448843152962482,0.0673264729443723
0.165,0.22,0.385,0.4285714285714286,0.1880712744386127,1.1398259056885618,0.023071274438612704,0.04614254887722541,0.06921382331583811
0.165,0.225,0.39,0.4230769230769231,0.18870648010348445,1.1436756369908148,0.023706480103484445,0.04741296020696889,0.07111944031045334
0.165,0.23,0.395,0.4177215189873418,0.18934787852098278,1.1475629001271683,0.024347878520982774,0.04869575704196555,0.07304363556294832
0.165,0.235,0.4,0.4125,0.18999557616305263,1.151488340382137,0.02499557616305262,0.04999115232610524,0.07498672848915786
0.165,0.24,0.405,0.4074074074074074,0.1906496821814736,1.155452619281658,0.025649682181473593,0.051299364362947186,0.07694904654442078
0.165,0.245,0.41000000000000003,0.40243902439024387,0.19131030849758557,1.1594564151368822,0.02631030849758556,0.05262061699517112,0.07893092549275668
0.165,0.25,0.41500000000000004,0.39759036144578314,0.19197756989578618,1.1635004236108253,0.026977569895786174,0.05395513979157235,0.08093270968735852
0.165,0.255,0.42000000000000004,0.39285714285714285,0.19265158412099304,1.1675853583090487,0.027651584120993028,0.055303168241986056,0.08295475236297908
0.165,0.26,0.42500000000000004,0.388235294117647,0.19333247198027304,1.171711951395594,0.028332471980273027,0.056664943960546055,0.08499741594081908
0.165,0.265,0.43000000000000005,0.3837209302325581,0.1940203574488557,1.175880954235489,0.0290203574488557,0.0580407148977114,0.0870610723465671
0.165,0.27,0.43500000000000005,0.3793103448275862,0.1947153677807567,1.1800931380651922,0.029715367780756702,0.059430735561513404,0.0891461033422701
0.165,0.275,0.44000000000000006,0.37499999999999994,0.1954176336242568,1.1843492946924654,0.030417633624256785,0.06083526724851357,0.09125290087277035
0.165,0.28,0.44500000000000006,0.37078651685393255,0.19612728914249133,1.18865023722722,0.031127289142491327,0.06225457828498265,0.09338186742747398
0.165,0.285,0.44999999999999996,0.3666666666666667,0.1968444721394268,1.192996800845011,0.03184447213942679,0.06368894427885358,0.09553341641828036
0.165,0.29,0.45499999999999996,0.3626373626373627,0.1975693241915123,1.197389843584923,0.03256932419151229,0.06513864838302458,0.09770797257453687
0.165,0.295,0.45999999999999996,0.3586956521739131,0.19830199078531818,1.2018302471837465,0.033301990785318175,0.06660398157063635,0.09990597235595453
0.165,0.3,0.46499999999999997,0.3548387096774194,0.1990426214614891,1.2063189179484188,0.03404262146148909,0.06808524292297818,0.10212786438446728
0.165,0.305,0.47,0.3510638297872341,0.1997913699653634,1.210856787668869,0.03479136996536339,0.06958273993072678,0.10437410989609017
0.165,0.31,0.475,0.3473684210526316,0.20054839440463246,1.21544481457353,0.03554839440463245,0.0710967888092649,0.10664518321389735
0.165,0.315,0.48,0.34375000000000006,0.20131385741443752,1.2200839843299243,0.03631385741443752,0.07262771482887503,0.10894157224331255
0.165,0.32,0.485,0.3402061855670103,0.2020879263303289,1.2247753110929025,0.037087926330328896,0.07417585266065779,0.11126377899098669
0.165,0.325,0.49,0.33673469387755106,0.20287077336954262,1.2295198386032886,0.037870773369542615,0.07574154673908523,0.11361232010862785
0.165,0.33,0.495,0.33333333333333337,0.20366257582107572,1.2343186413398528,0.03866257582107571,0.07732515164215142,0.11598772746322714
0.165,0.335,0.5,0.33,0.2044635162450813,1.2391728257277654,0.03946351624508129,0.07892703249016259,0.11839054873524388
0.165,0.34,0.505,0.32673267326732675,0.20527378268213314,1.2440835314068674,0.040273782682133136,0.08054756536426627,0.12082134804639941
0.165,0.345,0.51,0.3235294117647059,0.20609356887295482,1.2490519325633624,0.041093568872954817,0.08218713774590963,0.12328070661886445
0.165,0.35,0.515,0.32038834951456313,0.20692307448924518,1.2540792393287585,0.04192307448924518,0.08384614897849035,0.12576922346773553
0.165,0.355,0.52,0.3173076923076923,0.20776250537628127,1.2591666992501895,0.04276250537628126,0.08552501075256252,0.1282875161288438
0.165,0.36,0.525,0.3142857142857143,0.20861207380802527,1.2643155988365167,0.04361207380802526,0.08722414761605052,0.13083622142407578
0.165,0.365,0.53,0.3113207547169811,0.20947199875551747,1.2695272651849543,0.04447199875551747,0.08894399751103493,0.1334159962665524
0.165,0.37,0.535,0.308411214953271,0.21034250616939532,1.2748030676933049,0.04534250616939531,0.09068501233879062,0.13602751850818592
0.165,0.375,0.54,0.3055555555555555,0.21122382927743788,1.2801444198632599,0.04622382927743787,0.09244765855487574,0.13867148783231362
0.165,0.38,0.545,0.30275229357798167,0.21211620889810734,1.2855527812006504,0.04711620889810733,0.09423241779621466,0.141348626694322
0.165,0.385,0.55,0.3,0.21301989377112895,1.2910296592189634,0.048019893771128946,0.09603978754225789,0.14405968131338684
0.165,0.39,0.555,0.29729729729729726,0.213935140906234,1.2965766115529334,0.04893514090623399,0.09787028181246799,0.14680542271870198
0.165,0.395,0.56,0.29464285714285715,0.21486221595127653,1.3021952481895547,0.04986221595127652,0.09972443190255303,0.14958664785382955
0.165,0.4,0.5650000000000001,0.2920353982300885,0.21580139358102945,1.307887233824421,0.05080139358102945,0.1016027871620589,0.15240418074308834
0.165,0.405,0.5700000000000001,0.28947368421052627,0.21675295790807125,1.313654290351947,0.051752957908071245,0.10350591581614249,0.15525887372421374
0.165,0.41,0.575,0.28695652173913044,0.21771720291728647,1.3194981994987058,0.05271720291728646,0.10543440583457292,0.15815160875185938
0.165,0.415,0.58,0.28448275862068967,0.2186944329256285,1.3254208056098697,0.053694432925628505,0.10738886585125701,0.16108329877688551
0.165,0.42,0.585,0.2820512820512821,0.2196849630689277,1.3314240185995618,0.0546849630689277,0.1093699261378554,0.1640548892067831
0.165,0.425,0.59,0.2796610169491526,0.22068911981767925,1.3375098170768438,0.05568911981767924,0.11137823963535848,0.16706735945303772
0.165,0.43,0.595,0.2773109243697479,0.2217072415239053,1.3436802516600321,0.0567072415239053,0.1134144830478106,0.1701217245717159
0.165,0.435,0.6,0.275,0.22273967900136682,1.3499374484931321,0.05773967900136681,0.11547935800273362,0.17321903700410043
0.165,0.44,0.605,0.27272727272727276,0.22378679614159924,1.3562836129793894,0.058786796141599235,0.11757359228319847,0.1763603884247977
0.165,0.445,0.61,0.27049180327868855,0.22484897056845754,1.3627210337482274,0.05984897056845753,0.11969794113691506,0.1795469117053726
0.165,0.45,0.615,0.2682926829268293,0.22592659433410256,1.3692520868733489,0.06092659433410255,0.1218531886682051,0.18277978300230766
0.165,0.455,0.62,0.26612903225806456,0.22702007465961527,1.3758792403613045,0.06202007465961526,0.12404014931923052,0.18606022397884578
0.165,0.46,0.625,0.264,0.22812983472372506,1.382605058931667,0.06312983472372505,0.1262596694474501,0.18938950417117514
0.165,0.465,0.63,0.2619047619047619,0.22925631450345185,1.3894322091118294,0.06425631450345184,0.1285126290069037,0.19276894351035553
0.165,0.47,0.635,0.25984251968503935,0.23039997167082338,1.3963634646716567,0.06539997167082337,0.13079994334164674,0.1961999150124701
0.165,0.475,0.64,0.2578125,0.2315612825502208,1.4034017124255804,0.06656128255022078,0.13312256510044157,0.19968384765066235
0.165,0.48,0.645,0.2558139534883721,0.23274074314134363,1.4105499584323855,0.06774074314134362,0.13548148628268725,0.20322222942403087
0.165,0.485,0.65,0.25384615384615383,0.23393887021327398,1.417811334625903,0.06893887021327397,0.13787774042654793,0.2068166106398219
0.165,0.49,0.655,0.25190839694656486,0.2351562024756595,1.4251891059130877,0.07015620247565948,0.14031240495131897,0.21046860742697845
0.165,0.495,0.66,0.25,0.23639330183364027,1.4326866777796379,0.07139330183364026,0.14278660366728052,0.21417990550092078
0.165,0.5,0.665,0.24812030075187969,0.23765075473381836,1.440307604447384,0.07265075473381835,0.1453015094676367,0.21795226420145505
0.165,0.505,0.67,0.2462686567164179,0.23892917360932509,1.448055597632273,0.07392917360932508,0.14785834721865015,0.22178752082797523
0.165,0.51,0.675,0.24444444444444444,0.24022919843288326,1.4559345359568683,0.07522919843288325,0.1504583968657665,0.22568759529864976
0.165,0.515,0.68,0.2426470588235294,0.2415514983877115,1.4639484750770393,0.0765514983877115,0.153102996775423,0.2296544951631345
0.165,0.52,0.685,0.2408759124087591,0.24289677366718387,1.472101658588993,0.07789677366718387,0.15579354733436773,0.2336903210015516
0.165,0.525,0.6900000000000001,0.23913043478260868,0.2442657574153544,1.4803985297900266,0.07926575741535438,0.15853151483070876,0.23779727224606315
0.165,0.53,0.6950000000000001,0.23741007194244604,0.24565921782181266,1.488843744374622,0.08065921782181265,0.1613184356436253,0.24197765346543795
0.165,0.535,0.7000000000000001,0.2357142857142857,0.24707796038586238,1.4974421841567416,0.08207796038586238,0.16415592077172475,0.24623388115758713
0.165,0.54,0.7050000000000001,0.23404255319148934,0.24852283036674605,1.506198971919673,0.08352283036674604,0.16704566073349209,0.25056849110023816
0.165,0.545,0.7100000000000001,0.2323943661971831,0.2499947154386033,1.5151194875066867,0.08499471543860329,0.16998943087720658,0.2549841463158099
0.165,0.55,0.7150000000000001,0.23076923076923075,0.2514945485710788,1.5242093852792653,0.08649454857107877,0.17298909714215754,0.25948364571323634
0.165,0.555,0.7200000000000001,0.22916666666666666,0.253023311159041,1.5334746130850967,0.08802331115904097,0.17604662231808194,0.26406993347712293
0.165,0.56,0.7250000000000001,0.2275862068965517,0.25458203642777033,1.5429214328955776,0.08958203642777032,0.17916407285554065,0.268746109283311
0.165,0.565,0.73,0.226027397260274,0.25617181314329973,1.5525564432927255,0.09117181314329972,0.18234362628659945,0.2735154394298992
0.165,0.57,0.735,0.22448979591836737,0.25779378966139344,1.562386604008445,0.09279378966139343,0.18558757932278686,0.2783813689841803
0.165,0.575,0.74,0.222972972972973,0.25944917835303005,1.5724192627456366,0.09444917835303004,0.1888983567060601,0.28334753505909016
0.165,0.58,0.745,0.2214765100671141,0.261139260449299,1.582662184541206,0.09613926044929902,0.19227852089859804,0.2884177813478971
0.165,0.585,0.75,0.22,0.2628653913544494,1.59312358396636,0.09786539135444941,0.19573078270889882,0.29359617406334826
0.165,0.59,0.755,0.2185430463576159,0.26462900648258314,1.6038121605005038,0.09962900648258313,0.19925801296516626,0.2988870194477494
0.165,0.595,0.76,0.21710526315789475,0.2664316276813331,1.6147371374626247,0.1014316276813331,0.2028632553626662,0.3042948830439993
0.165,0.6,0.765,0.21568627450980393,0.2682748703150112,1.6259083049394616,0.10327487031501117,0.20654974063002235,0.30982461094503355
0.17,0.005,0.17500000000000002,0.9714285714285714,0.1704530352886604,1.0026649134627081,0.00045303528866039167,0.0009060705773207833,0.001359105865981175
0.17,0.01,0.18000000000000002,0.9444444444444444,0.1709094373532637,1.0053496314897863,0.0009094373532636812,0.0018188747065273625,0.0027283120597910437
0.17,0.015,0.185,0.918918918918919,0.17136924962805944,1.0080544095768202,0.0013692496280594268,0.0027384992561188537,0.0041077488841782805
0.17,0.02,0.19,0.8947368421052632,0.17183251636031072,1.0107795080018276,0.0018325163603107042,0.0036650327206214084,0.005497549080932113
0.17,0.025,0.195,0.8717948717948718,0.1722992826304186,1.0135251919436388,0.002299282630418592,0.004598565260837184,0.006897847891255776
0.17,0.03,0.2,0.85,0.17276959437266792,1.0162917316039288,0.0027695943726679106,0.005539188745335821,0.008308783118003732
0.17,0.035,0.20500000000000002,0.8292682926829268,0.17324349839662145,1.0190794023330674,0.0032434983966214415,0.006486996793242883,0.009730495189864324
0.17,0.04,0.21000000000000002,0.8095238095238095,0.17372104240918174,1.0218884847598926,0.003721042409181724,0.007442084818363448,0.011163127227545172
0.17,0.045,0.21500000000000002,0.7906976744186046,0.1742022750373502,1.0247192649255894,0.004202275037350184,0.008404550074700368,0.012606825112050551
0.17,0.05,0.22000000000000003,0.7727272727272727,0.1746872458517068,1.0275720344218047,0.004687245851706795,0.00937449170341359,0.014061737555120385
0.17,0.055,0.225,0.7555555555555555,0.1751760053906405,1.0304470905331793,0.005176005390640476,0.010352010781280951,0.015528016171921427
0.17,0.06,0.23,0.7391304347826088,0.17566860518535654,1.0333447363844501,0.005668605185356529,0.011337210370713058,0.017005815556069587
0.17,0.065,0.23500000000000001,0.723404255319149,0.17616509778569311,1.0362652810923123,0.006165097785693102,0.012330195571386204,0.018495293357079307
0.17,0.07,0.24000000000000002,0.7083333333333334,0.17666553678677754,1.0392090399222207,0.006665536786777532,0.013331073573555063,0.019996610360332595
0.17,0.075,0.245,0.6938775510204083,0.17716997685655556,1.0421763344503268,0.007169976856555543,0.014339953713111087,0.02150993056966663
0.17,0.08,0.25,0.68,0.17767847376422707,1.0451674927307475,0.007678473764227062,0.015356947528454123,0.023035421292681185
0.17,0.085,0.255,0.6666666666666667,0.17819108440962605,1.0481828494683885,0.008191084409626043,0.016382168819252085,0.024573253228878128
0.17,0.09,0.26,0.6538461538461539,0.17870786685358098,1.051222746197535,0.008707866853580964,0.01741573370716193,0.026123600560742893
0.17,0.095,0.265,0.6415094339622641,0.17922888034929552,1.0542875314664442,0.009228880349295504,0.018457760698591008,0.027686641047886512
0.17,0.1,0.27,0.6296296296296297,0.17975418537479182,1.057377561028187,0.009754185374791807,0.019508370749583615,0.029262556124375422
0.17,0.105,0.275,0.6181818181818182,0.18028384366645778,1.0604931980379868,0.010283843666457765,0.02056768733291553,0.030851530999373294
0.17,0.11,0.28,0.6071428571428571,0.18081791825374582,1.0636348132573283,0.010817918253745812,0.021635836507491624,0.032453754761237436
0.17,0.115,0.28500000000000003,0.5964912280701754,0.18135647349506956,1.066802785265115,0.011356473495069547,0.022712946990139093,0.03406942048520864
0.17,0.12,0.29000000000000004,0.5862068965517241,0.18189957511494748,1.0699975006761615,0.011899575114947464,0.023799150229894928,0.03569872534484239
0.17,0.125,0.29500000000000004,0.576271186440678,0.18244729024244866,1.073219354367345,0.012447290242448644,0.02489458048489729,0.03734187072734593
0.17,0.13,0.30000000000000004,0.5666666666666667,0.1829996874509917,1.0764687497117158,0.012999687450991698,0.025999374901983396,0.038999062352975095
0.17,0.135,0.30500000000000005,0.5573770491803278,0.18355683679955848,1.0797460988209322,0.013556836799558464,0.027113673599116928,0.04067051039867539
0.17,0.14,0.31000000000000005,0.5483870967741935,0.1841188098753792,1.0830518227963482,0.014118809875379196,0.02823761975075839,0.04235642962613759
0.17,0.145,0.315,0.5396825396825398,0.1846856798381561,1.0863863519891535,0.01468567983815608,0.02937135967631216,0.04405703951446824
0.17,0.15,0.32,0.53125,0.18525752146588947,1.089750126269938,0.015257521465889462,0.030515042931778924,0.045772564397668386
0.17,0.155,0.325,0.5230769230769231,0.1858344112023781,1.0931435953081063,0.01583441120237808,0.03166882240475616,0.04750323360713424
0.17,0.16,0.33,0.5151515151515151,0.18641642720646734,1.0965672188615725,0.016416427206467327,0.03283285441293465,0.04924928161940198
0.17,0.165,0.335,0.5074626865671642,0.18700364940312142,1.1000214670771848,0.017003649403121407,0.034007298806242814,0.05101094820936422
0.17,0.17,0.34,0.5,0.18759615953640396,1.1035068208023762,0.01759615953640395,0.0351923190728079,0.05278847860921185
0.17,0.175,0.345,0.4927536231884059,0.18819404122445005,1.1070237719085296,0.018194041224450036,0.03638808244890007,0.05458212367335011
0.17,0.18,0.35,0.48571428571428577,0.1887973800165217,1.1105728236265981,0.018797380016521675,0.03759476003304335,0.056392140049565026
0.17,0.185,0.355,0.4788732394366198,0.18940626345224243,1.1141544908955436,0.019406263452242417,0.038812526904484834,0.05821879035672725
0.17,0.19,0.36,0.47222222222222227,0.19002078112311005,1.1177693007241767,0.020020781123110037,0.040041562246220075,0.06006234336933011
0.17,0.195,0.365,0.4657534246575343,0.19064102473639455,1.1214177925670268,0.020641024736394536,0.04128204947278907,0.06192307420918361
0.17,0.2,0.37,0.4594594594594595,0.19126708818153237,1.1251005187148961,0.021267088181532362,0.042534176363064724,0.06380126454459709
0.17,0.205,0.375,0.45333333333333337,0.191899067599135,1.128818044700794,0.021899067599134986,0.04379813519826997,0.06569720279740496
0.17,0.21,0.38,0.4473684210526316,0.1925370614527362,1.1325709497219776,0.02253706145273618,0.04507412290547236,0.06761118435820854
0.17,0.215,0.385,0.4415584415584416,0.1931811706034091,1.136359827078877,0.0231811706034091,0.0463623412068182,0.0695435118102273
0.17,0.22,0.39,0.4358974358974359,0.19383149838739167,1.1401852846317155,0.023831498387391653,0.047662996774783306,0.07149449516217496
0.17,0.225,0.395,0.43037974683544306,0.19448815069686742,1.1440479452756906,0.02448815069686741,0.04897630139373482,0.07346445209060223
0.17,0.23,0.4,0.425,0.1951512360640565,1.1479484474356263,0.025151236064056476,0.05030247212811295,0.07545370819216943
0.17,0.235,0.405,0.41975308641975306,0.19582086574878022,1.15188744558106,0.025820865748780203,0.051641731497560406,0.07746259724634061
0.17,0.24,0.41000000000000003,0.4146341463414634,0.19649715382967414,1.155865610762789,0.02649715382967413,0.05299430765934826,0.07949146148902239
0.17,0.245,0.41500000000000004,0.40963855421686746,0.19718021729923096,1.1598836311719467,0.027180217299230952,0.054360434598461904,0.08154065189769286
0.17,0.25,0.42000000000000004,0.40476190476190477,0.19787017616287017,1.1639422127227657,0.02787017616287016,0.05574035232574032,0.08361052848861047
0.17,0.255,0.42500000000000004,0.39999999999999997,0.19856715354223908,1.1680420796602298,0.02856715354223907,0.05713430708447814,0.08570146062671721
0.17,0.26,0.43000000000000005,0.3953488372093023,0.19927127578296466,1.1721839751939096,0.02927127578296465,0.0585425515659293,0.08781382734889395
0.17,0.265,0.43500000000000005,0.3908045977011494,0.19998267256708768,1.1763686621593392,0.02998267256708767,0.05996534513417534,0.08994801770126301
0.17,0.27,0.44000000000000006,0.38636363636363635,0.2007014770304245,1.1805969237083793,0.0307014770304245,0.061402954060849,0.0921044310912735
0.17,0.275,0.44500000000000006,0.38202247191011235,0.20142782588512032,1.1848695640301194,0.0314278258851203,0.0628556517702406,0.09428347765536091
0.17,0.28,0.45000000000000007,0.37777777777777777,0.20216185954766797,1.1891874091039292,0.032161859547667954,0.06432371909533591,0.09648557864300386
0.17,0.285,0.45499999999999996,0.3736263736263737,0.2029037222726906,1.1935513074864152,0.03290372227269059,0.06580744454538118,0.09871116681807177
0.17,0.29,0.45999999999999996,0.3695652173913044,0.20365356229280063,1.1979621311341213,0.033653562292800615,0.06730712458560123,0.10096068687840185
0.17,0.295,0.46499999999999997,0.36559139784946243,0.2044115319648685,1.2024207762639323,0.034411531964868486,0.06882306392973697,0.10323459589460546
0.17,0.3,0.47,0.3617021276595745,0.20517778792305763,1.20692816425328,0.03517778792305762,0.07035557584611524,0.10553336376917286
0.17,0.305,0.475,0.3578947368421053,0.20595249123900594,1.2114852425823879,0.03595249123900593,0.07190498247801186,0.10785747371701779
0.17,0.31,0.48,0.3541666666666667,0.2067358075895538,1.2160929858209046,0.036735807589553776,0.07347161517910755,0.11020742276866133
0.17,0.315,0.485,0.3505154639175258,0.20752790743245375,1.2207523966614926,0.03752790743245374,0.07505581486490748,0.11258372229736122
0.17,0.32,0.49,0.34693877551020413,0.20832896619051844,1.2254645070030497,0.038328966190518426,0.07665793238103685,0.11498689857155528
0.17,0.325,0.495,0.3434343434343435,0.20913916444469982,1.2302303790864695,0.03913916444469981,0.07827832888939962,0.11741749333409943
0.17,0.33,0.5,0.34,0.20995868813662288,1.2350511066860168,0.03995868813662287,0.07991737627324574,0.11987606440986862
0.17,0.335,0.505,0.33663366336633666,0.21078772878113572,1.2399278163596217,0.04078772878113571,0.08157545756227141,0.12236318634340712
0.17,0.34,0.51,0.33333333333333337,0.2116264836894758,1.244861668761622,0.041626483689475774,0.08325296737895155,0.12487945106842732
0.17,0.345,0.515,0.3300970873786408,0.21247515620369495,1.2498538600217348,0.042475156203694936,0.08495031240738987,0.1274254686110848
0.17,0.35,0.52,0.3269230769230769,0.21333395594303262,1.2549056231943094,0.043333955943032604,0.08666791188606521,0.1300018678290978
0.17,0.355,0.525,0.3238095238095238,0.2142030990629733,1.2600182297821958,0.04420309906297329,0.08840619812594658,0.13260929718891987
0.17,0.36,0.53,0.32075471698113206,0.21508280852778294,1.2651929913398996,0.04508280852778293,0.09016561705556586,0.1352484255833488
0.17,0.365,0.535,0.3177570093457944,0.21597331439737255,1.270431261161015,0.04597331439737254,0.09194662879474508,0.13791994319211762
0.17,0.37,0.54,0.3148148148148148,0.21687485412940288,1.275734436055311,0.04687485412940287,0.09374970825880574,0.1406245623882086
0.17,0.375,0.545,0.3119266055045872,0.2177876728976138,1.2811039582212576,0.04778767289761379,0.09557534579522758,0.14336301869284138
0.17,0.38,0.55,0.3090909090909091,0.21871202392743394,1.2865413172201996,0.04871202392743393,0.09742404785486786,0.14613607178230179
0.17,0.385,0.555,0.3063063063063063,0.21964816885000982,1.2920480520588813,0.049648168850009805,0.09929633770001961,0.14894450655002942
0.17,0.39,0.56,0.30357142857142855,0.22059637807588095,1.2976257533875348,0.05059637807588094,0.10119275615176188,0.1517891342276428
0.17,0.395,0.5650000000000001,0.30088495575221236,0.22155693118962483,1.3032760658213225,0.051556931189624816,0.10311386237924963,0.15467079356887445
0.17,0.4,0.5700000000000001,0.2982456140350877,0.2225301173669001,1.3090006903935298,0.05253011736690008,0.10506023473380016,0.15759035210070024
0.17,0.405,0.5750000000000001,0.2956521739130435,0.22351623581543145,1.3148013871495967,0.05351623581543144,0.10703247163086288,0.16054870744629432
0.17,0.41,0.58,0.2931034482758621,0.22451559624160677,1.3206799778918044,0.05451559624160676,0.10903119248321352,0.16354678872482029
0.17,0.415,0.585,0.2905982905982906,0.2255285193444917,1.3266383490852451,0.055528519344491684,0.11105703868898337,0.16658555803347505
0.17,0.42,0.59,0.288135593220339,0.22655533733922073,1.3326784549365924,0.05655533733922072,0.11311067467844144,0.16966601201766215
0.17,0.425,0.595,0.28571428571428575,0.22759639451188718,1.3388023206581599,0.05759639451188717,0.11519278902377433,0.1727891835356615
0.17,0.43,0.6,0.2833333333333334,0.22865204780823556,1.3450120459307973,0.05865204780823555,0.1173040956164711,0.17595614342470664
0.17,0.435,0.605,0.2809917355371901,0.22972266745866132,1.3513098085803605,0.05972266745866131,0.11944533491732262,0.17916800237598393
0.17,0.44,0.61,0.27868852459016397,0.23080863764223913,1.3576978684837595,0.06080863764223912,0.12161727528447824,0.18242591292671737
0.17,0.445,0.615,0.2764227642276423,0.23191035719274544,1.3641785717220318,0.06191035719274543,0.12382071438549086,0.1857310715782363
0.17,0.45,0.62,0.2741935483870968,0.2330282403499051,1.3707543549994416,0.06302824034990509,0.12605648069981018,0.18908472104971527
0.17,0.455,0.625,0.272,0.23416271755938745,1.3774277503493377,0.06416271755938743,0.12832543511877487,0.1924881526781623
0.17,0.46,0.63,0.2698412698412699,0.23531423632540194,1.384201390149423,0.06531423632540193,0.13062847265080385,0.19594270897620578
0.17,0.465,0.635,0.2677165354330709,0.23648326212010284,1.391078012471193,0.06648326212010283,0.13296652424020566,0.1994497863603085
0.17,0.47,0.64,0.265625,0.23767027935441376,1.398060466790669,0.06767027935441375,0.1353405587088275,0.20301083806324124
0.17,0.475,0.645,0.26356589147286824,0.23887579241532164,1.4051517200901271,0.06887579241532163,0.13775158483064326,0.2066273772459649
0.17,0.48,0.65,0.26153846153846155,0.24010032677518678,1.4123548633834515,0.07010032677518677,0.14020065355037353,0.2103009803255603
0.17,0.485,0.655,0.2595419847328244,0.2413444301791603,1.4196731187009428,0.07134443017916028,0.14268886035832057,0.21403329053748085
0.17,0.49,0.66,0.25757575757575757,0.2426086739174126,1.4271098465730152,0.07260867391741258,0.14521734783482515,0.21782602175223773
0.17,0.495,0.665,0.2556390977443609,0.24389365418955866,1.4346685540562274,0.07389365418955865,0.1477873083791173,0.22168096256867595
0.17,0.5,0.67,0.2537313432835821,0.24519999356942712,1.4423529033495712,0.07519999356942711,0.15039998713885422,0.22559998070828133
0.17,0.505,0.675,0.2518518518518518,0.246528342579177,1.4501667210539821,0.07652834257917698,0.15305668515835397,0.22958502773753095
0.17,0.51,0.68,0.25,0.24787938138272136,1.458114008133655,0.07787938138272135,0.1557587627654427,0.23363814414816406
0.17,0.515,0.685,0.24817518248175183,0.24925382160949583,1.4661989506440931,0.07925382160949582,0.15850764321899163,0.23776146482848745
0.17,0.52,0.6900000000000001,0.24637681159420288,0.2506524083208218,1.4744259312989516,0.0806524083208218,0.1613048166416436,0.24195722496246538
0.17,0.525,0.6950000000000001,0.2446043165467626,0.2520759221324801,1.4827995419557651,0.08207592213248008,0.16415184426496016,0.24622776639744023
0.17,0.53,0.7000000000000001,0.24285714285714285,0.25352518150865766,1.4913245971097508,0.08352518150865765,0.1670503630173153,0.25057554452597297
0.17,0.535,0.7050000000000001,0.24113475177304963,0.25500104524417555,1.5000061484951501,0.08500104524417554,0.17000209048835108,0.25500313573252664
0.17,0.54,0.7100000000000001,0.23943661971830985,0.25650441515389244,1.5088495009052496,0.08650441515389243,0.17300883030778486,0.2595132454616773
0.17,0.545,0.7150000000000001,0.23776223776223776,0.2580362389904297,1.5178602293554688,0.0880362389904297,0.1760724779808594,0.2641087169712891
0.17,0.55,0.7200000000000001,0.2361111111111111,0.2595975136139337,1.5270441977290217,0.08959751361393367,0.17919502722786734,0.26879254084180104
0.17,0.555,0.7250000000000001,0.23448275862068965,0.26118928844051914,1.5364075790618772,0.09118928844051913,0.18237857688103826,0.2735678653215574
0.17,0.56,0.7300000000000001,0.2328767123287671,0.2628126691993923,1.5459568776434838,0.09281266919939227,0.18562533839878453,0.27843800759817683
0.17,0.565,0.735,0.23129251700680273,0.26446882203249655,1.5556989531323326,0.09446882203249654,0.18893764406499308,0.28340646609748965
0.17,0.57,0.74,0.22972972972972974,0.2661589779749437,1.5656410469114335,0.09615897797494369,0.19231795594988738,0.2884769339248311
0.17,0.575,0.745,0.22818791946308728,0.2678844378595847,1.5757908109387335,0.0978844378595847,0.1957688757191694,0.2936533135787541
0.17,0.58,0.75,0.22666666666666668,0.2696465776949637,1.5861563393821392,0.09964657769496368,0.19929315538992737,0.2989397330848911
0.17,0.585,0.755,0.2251655629139073,0.271446854572711,1.5967462033688882,0.10144685457271099,0.20289370914542199,0.304340563718133
0.17,0.59,0.76,0.2236842105263158,0.27328681316835757,1.6075694892256327,0.10328681316835756,0.2065736263367151,0.3098604395050727
0.17,0.595,0.765,0.22222222222222224,0.27516809290877775,1.618635840639869,0.10516809290877774,0.21033618581755548,0.31550427872633324
0.17,0.6,0.77,0.2207792207792208,0.2770924358902569,1.629955505236805,0.10709243589025688,0.21418487178051376,0.3212773076707707
0.175,0.005,0.18,0.9722222222222222,0.17546724663581503,1.002669980776086,0.000467246635815044,0.000934493271630088,0.001401739907445132
0.175,0.01,0.185,0.9459459459459459,0.17593797686182266,1.0053598677818438,0.0009379768618226758,0.0018759537236453516,0.0028139305854680274
0.175,0.015,0.19,0.9210526315789473,0.1764122357997696,1.0080699188558264,0.0014122357997696233,0.0028244715995392466,0.00423670739930887
0.175,0.02,0.19499999999999998,0.8974358974358975,0.1768900694198261,1.0108003966847205,0.0018900694198261125,0.003780138839652225,0.005670208259478338
0.175,0.025,0.19999999999999998,0.875,0.17737152456168825,1.013551568923933,0.002371524561688265,0.00474304912337653,0.007114573685064796
0.175,0.03,0.205,0.8536585365853658,0.1778566489563378,1.0163237083219303,0.002856648956337804,0.005713297912675608,0.008569946869013412
0.175,0.035,0.21,0.8333333333333333,0.17834549124848242,1.019117092848471,0.003345491248482435,0.00669098249696487,0.010036473745447305
0.175,0.04,0.215,0.813953488372093,0.178838101019703,1.0219320058268744,0.0038381010197029997,0.007676202039405999,0.011514303059108999
0.175,0.045,0.21999999999999997,0.7954545454545455,0.17933452881233392,1.0247687360704796,0.0043345288123339265,0.008669057624667853,0.01300358643700178
0.175,0.05,0.22499999999999998,0.7777777777777778,0.17983482615410518,1.0276275780234583,0.004834826154105187,0.009669652308210375,0.014504478462315562
0.175,0.055,0.22999999999999998,0.7608695652173914,0.18033904558357516,1.030508831906144,0.005339045583575175,0.01067809116715035,0.016017136750725525
0.175,0.06,0.235,0.7446808510638298,0.18084724067638447,1.033412803865054,0.00584724067638448,0.01169448135276896,0.01754172202915344
0.175,0.065,0.24,0.7291666666666666,0.18135946607236364,1.0363398061277922,0.006359466072363651,0.012718932144727302,0.019078398217090953
0.175,0.07,0.245,0.7142857142857143,0.18187577750352668,1.0392901571630098,0.006875777503526692,0.013751555007053384,0.020627332510580076
0.175,0.075,0.25,0.7,0.1823962318229867,1.0422641818456384,0.00739623182298671,0.01479246364597342,0.02218869546896013
0.175,0.08,0.255,0.6862745098039215,0.18292088703483012,1.0452622116276007,0.007920887034830126,0.015841774069660253,0.02376266110449038
0.175,0.085,0.26,0.673076923076923,0.18344980232498642,1.0482845847142082,0.008449802324986433,0.016899604649972866,0.0253494069749593
0.175,0.09,0.265,0.660377358490566,0.18398303809313554,1.0513316462464888,0.008983038093135554,0.017966076186271107,0.02694911427940666
0.175,0.095,0.27,0.648148148148148,0.18452065598569267,1.0544037484896724,0.009520655985692683,0.019041311971385366,0.02856196795707805
0.175,0.1,0.275,0.6363636363636362,0.18506271892991688,1.0575012510280966,0.010062718929916892,0.020125437859833784,0.030188156789750675
0.175,0.105,0.27999999999999997,0.625,0.18560929116918667,1.060624520966781,0.010609291169186685,0.02121858233837337,0.031827873507560056
0.175,0.11,0.285,0.6140350877192983,0.18616043829949358,1.0637739331399634,0.011160438299493591,0.022320876598987183,0.033481314898480774
0.175,0.115,0.29,0.603448275862069,0.18671622730720328,1.0669498703268758,0.011716227307203286,0.023432454614406573,0.03514868192160986
0.175,0.12,0.295,0.5932203389830508,0.18727672660813577,1.0701527234750616,0.01227672660813578,0.02455345321627156,0.03683017982440734
0.175,0.125,0.3,0.5833333333333334,0.18784200608802382,1.0733828919315647,0.012842006088023827,0.025684012176047655,0.03852601826407148
0.175,0.13,0.305,0.5737704918032787,0.18841213714440408,1.076640783682309,0.01341213714440409,0.02682427428880818,0.04023641143321227
0.175,0.135,0.31,0.564516129032258,0.18898719273000653,1.0799268156000374,0.013987192730006537,0.027974385460013074,0.04196157819001961
0.175,0.14,0.315,0.5555555555555555,0.18956724739770203,1.0832414137011546,0.014567247397702043,0.029134494795404087,0.04370174219310613
0.175,0.145,0.31999999999999995,0.546875,0.19015237734708035,1.0865850134118877,0.015152377347080359,0.030304754694160718,0.04545713204124108
0.175,0.15,0.32499999999999996,0.5384615384615385,0.1907426604727258,1.0899580598441476,0.015742660472725822,0.031485320945451645,0.04722798141817747
0.175,0.155,0.32999999999999996,0.5303030303030304,0.19133817641426876,1.093361008081536,0.016338176414268768,0.032676352828537536,0.049014529242806304
0.175,0.16,0.33499999999999996,0.5223880597014926,0.19193900660828922,1.0967943234759385,0.01693900660828923,0.03387801321657846,0.05081701982486769
0.175,0.165,0.33999999999999997,0.5147058823529412,0.19254523434215642,1.1002584819551797,0.017545234342156435,0.03509046868431287,0.052635703026469305
0.175,0.17,0.345,0.5072463768115942,0.19315694480989154,1.1037539703422374,0.01815694480989155,0.0363138896197831,0.05447083442967465
0.175,0.175,0.35,0.5,0.19377422517014498,1.1072812866865427,0.018774225170144987,0.037548450340289974,0.05632267551043496
0.175,0.18,0.355,0.49295774647887325,0.19439716460638556,1.1108409406079176,0.019397164606385575,0.03879432921277115,0.058191493819156725
0.175,0.185,0.36,0.4861111111111111,0.19502585438940223,1.114433453653727,0.020025854389402242,0.040051708778804485,0.06007756316820673
0.175,0.19,0.365,0.4794520547945205,0.19566038794222684,1.1180593596698678,0.020660387942226854,0.04132077588445371,0.06198116382668056
0.175,0.195,0.37,0.47297297297297297,0.19630086090759125,1.1217192051862357,0.021300860907591257,0.042601721815182514,0.06390258272277377
0.175,0.2,0.375,0.4666666666666666,0.19694737121803707,1.1254135498173548,0.02194737121803708,0.04389474243607416,0.06584211365411125
0.175,0.205,0.38,0.4605263157894737,0.1976000191688051,1.1291429666788864,0.022600019168805108,0.045200038337610215,0.06780005750641532
0.175,0.21,0.385,0.45454545454545453,0.1982589074936375,1.1329080428207858,0.023258907493637515,0.04651781498727503,0.06977672248091255
0.175,0.215,0.39,0.4487179487179487,0.19892414144363313,1.1367093796779038,0.02392414144363314,0.04784828288726628,0.07177242433089942
0.175,0.22,0.395,0.4430379746835443,0.1995958288693046,1.1405475935388836,0.024595828869304615,0.04919165773860923,0.07378748660791384
0.175,0.225,0.4,0.43749999999999994,0.20027408030599392,1.144423316034251,0.02527408030599393,0.05054816061198786,0.07582224091798179
0.175,0.23,0.405,0.4320987654320987,0.2009590090628145,1.1483371946446543,0.02595900906281451,0.05191801812562902,0.07787702718844353
0.175,0.235,0.41,0.4268292682926829,0.20165073131529232,1.152289893230242,0.02665073131529233,0.05330146263058466,0.07995219394587699
0.175,0.24,0.415,0.4216867469879518,0.20234936620189636,1.156282092582265,0.027349366201896375,0.05469873240379275,0.08204809860568912
0.175,0.245,0.42,0.41666666666666663,0.20305503592465113,1.1603144909980065,0.02805503592465114,0.05611007184930228,0.08416510777395342
0.175,0.25,0.425,0.4117647058823529,0.20376786585404505,1.1643878048802574,0.02876786585404506,0.05753573170809012,0.08630359756213518
0.175,0.255,0.43,0.4069767441860465,0.20448798463845175,1.1685027693625816,0.02948798463845176,0.05897596927690352,0.08846395391535528
0.175,0.26,0.435,0.4022988505747126,0.2052155243183027,1.1726601389617297,0.03021552431830271,0.06043104863660542,0.09064657295490813
0.175,0.265,0.44,0.3977272727272727,0.20595062044525803,1.1768606882586174,0.030950620445258037,0.061901240890516074,0.09285186133577411
0.175,0.27,0.445,0.3932584269662921,0.2066934122066434,1.1811052126093908,0.0316934122066434,0.0633868244132868,0.0950802366199302
0.175,0.275,0.45,0.38888888888888884,0.20744404255543047,1.1853945288881742,0.032444042555430486,0.06488808511086097,0.09733212766629146
0.175,0.28,0.455,0.3846153846153846,0.208202658346064,1.189729476263223,0.03320265834606401,0.06640531669212801,0.09960797503819202
0.175,0.285,0.45999999999999996,0.3804347826086957,0.2089694104764498,1.1941109170082846,0.0339694104764498,0.0679388209528996,0.1019082314293494
0.175,0.29,0.46499999999999997,0.3763440860215054,0.20974445403644648,1.1985397373511228,0.03474445403644649,0.06948890807289299,0.10423336210933948
0.175,0.295,0.47,0.3723404255319149,0.2105279484632161,1.203016848361235,0.03552794846321611,0.07105589692643222,0.10658384538964832
0.175,0.3,0.475,0.3684210526315789,0.21132005770382245,1.2075431868789854,0.03632005770382246,0.07264011540764492,0.10896017311146738
0.175,0.305,0.48,0.3645833333333333,0.2121209503854833,1.212119716488476,0.0371209503854833,0.0742419007709666,0.1113628511564499
0.175,0.31,0.485,0.36082474226804123,0.2129307999939134,1.216747428536648,0.03793079999391341,0.07586159998782682,0.11379239998174023
0.175,0.315,0.49,0.35714285714285715,0.21374978506022546,1.2214273432012883,0.03874978506022547,0.07749957012045094,0.11624935518067642
0.175,0.32,0.495,0.35353535353535354,0.21457808935688472,1.2261605106107698,0.03957808935688473,0.07915617871376945,0.11873426807065418
0.175,0.325,0.5,0.35,0.21541590210324923,1.2309480120185672,0.040415902103249246,0.08083180420649849,0.12124770630974774
0.175,0.33,0.505,0.3465346534653465,0.21626341818126482,1.235790961035799,0.04126341818126483,0.08252683636252967,0.1237902545437945
0.175,0.335,0.51,0.34313725490196073,0.21712083836192098,1.2406905049252628,0.04212083836192099,0.08424167672384197,0.12636251508576296
0.175,0.34,0.515,0.3398058252427184,0.2179883695431203,1.2456478259606873,0.0429883695431203,0.0859767390862406,0.1289651086293609
0.175,0.345,0.52,0.3365384615384615,0.2188662249996579,1.2506641428551881,0.04386622499965792,0.08773244999931584,0.13159867499897376
0.175,0.35,0.5249999999999999,0.33333333333333337,0.21975462464605755,1.255740712263186,0.04475462464605756,0.08950924929211512,0.13426387393817268
0.175,0.355,0.53,0.330188679245283,0.22065379531306883,1.2608788303603935,0.045653795313068846,0.09130759062613769,0.13696138593920654
0.175,0.36,0.5349999999999999,0.3271028037383178,0.22156397103868342,1.2660798345067625,0.04656397103868343,0.09312794207736685,0.13969191311605028
0.175,0.365,0.54,0.324074074074074,0.2224853933745976,1.2713451049977007,0.04748539337459762,0.09497078674919524,0.14245618012379285
0.175,0.37,0.5449999999999999,0.3211009174311927,0.2234183117091153,1.2766760669092303,0.048418311709115314,0.09683662341823063,0.14525493512734594
0.175,0.375,0.55,0.3181818181818181,0.22436298360756057,1.2820741920432033,0.049362983607560584,0.09872596721512117,0.14808895082268175
0.175,0.38,0.5549999999999999,0.3153153153153153,0.22531967517135354,1.2875410009791632,0.05031967517135355,0.1006393503427071,0.15095902551406065
0.175,0.385,0.56,0.31249999999999994,0.22628866141699122,1.2930780652399498,0.05128866141699123,0.10257732283398246,0.1538659842509737
0.175,0.39,0.565,0.30973451327433627,0.22727022667627206,1.2986870095786975,0.05227022667627207,0.10454045335254414,0.1568106800288162
0.175,0.395,0.5700000000000001,0.3070175438596491,0.22826466501921183,1.3043695143954963,0.05326466501921184,0.10652933003842369,0.15979399505763553
0.175,0.4,0.575,0.30434782608695654,0.22927228070121164,1.310127318292638,0.05427228070121165,0.1085445614024233,0.16281684210363495
0.175,0.405,0.5800000000000001,0.3017241379310344,0.23029338863616933,1.3159622207781105,0.05529338863616934,0.11058677727233868,0.16588016590850801
0.175,0.41,0.585,0.29914529914529914,0.23132831489736094,1.3218760851277769,0.056328314897360954,0.11265662979472191,0.16898494469208286
0.175,0.415,0.59,0.2966101694915254,0.23237739724807505,1.3278708414175717,0.05737739724807506,0.11475479449615011,0.17213219174422517
0.175,0.42,0.595,0.29411764705882354,0.23344098570414618,1.3339484897379783,0.05844098570414619,0.11688197140829237,0.17532295711243856
0.175,0.425,0.6,0.2916666666666667,0.2345194431307207,1.3401111036041184,0.05951944313072072,0.11903888626144143,0.17855832939216215
0.175,0.43,0.605,0.2892561983471074,0.23561314587578608,1.3463608335759205,0.06061314587578609,0.12122629175157218,0.18183943762735827
0.175,0.435,0.61,0.28688524590163933,0.23672248444321986,1.3526999111041136,0.06172248444321987,0.12344496888643974,0.18516745332965961
0.175,0.44,0.615,0.2845528455284553,0.23784786420835535,1.3591306526191735,0.06284786420835536,0.12569572841671073,0.1885435926250661
0.175,0.445,0.62,0.282258064516129,0.23898970617933368,1.365655463881907,0.0639897061793337,0.1279794123586674,0.19196911853800108
0.175,0.45,0.625,0.27999999999999997,0.24014844780780642,1.3722768446160367,0.06514844780780643,0.13029689561561286,0.1954453434234193
0.175,0.455,0.63,0.27777777777777773,0.2413245438528836,1.3789973934450492,0.06632454385288361,0.13264908770576722,0.19897363155865083
0.175,0.46,0.635,0.2755905511811023,0.24251846730258386,1.3858198131576223,0.06751846730258387,0.13503693460516775,0.20255540190775162
0.175,0.465,0.64,0.2734375,0.24373071035744898,1.39274691632828,0.06873071035744899,0.13746142071489797,0.20619213107234696
0.175,0.47,0.645,0.2713178294573643,0.24496178548143033,1.3997816313224591,0.06996178548143034,0.13992357096286068,0.20988535644429102
0.175,0.475,0.6499999999999999,0.2692307692307693,0.24621222652565433,1.4069270087180248,0.07121222652565434,0.14242445305130869,0.21363667957696303
0.175,0.48,0.655,0.2671755725190839,0.24748258993122518,1.4141862281784296,0.0724825899312252,0.1449651798624504,0.21744776979367558
0.175,0.485,0.6599999999999999,0.2651515151515152,0.2487734560178434,1.421562605816248,0.07377345601784341,0.14754691203568682,0.22132036805353023
0.175,0.49,0.665,0.2631578947368421,0.2500854303657043,1.429059602089739,0.07508543036570431,0.15017086073140862,0.22525629109711293
0.175,0.495,0.6699999999999999,0.2611940298507463,0.2514191452989145,1.4366808302795115,0.07641914529891453,0.15283829059782905,0.22925743589674358
0.175,0.5,0.675,0.25925925925925924,0.2527752614795229,1.4444300655972737,0.0777752614795229,0.1555505229590458,0.23332578443856872
0.175,0.505,0.6799999999999999,0.2573529411764706,0.25415446962223565,1.4523112549842039,0.07915446962223566,0.15830893924447131,0.23746340886670697
0.175,0.51,0.685,0.2554744525547445,0.25555749234096603,1.4603285276626632,0.08055749234096604,0.16111498468193208,0.24167247702289812
0.175,0.515,0.69,0.2536231884057971,0.2569850861396008,1.4684862065120048,0.08198508613960082,0.16397017227920163,0.24595525841880245
0.175,0.52,0.6950000000000001,0.2517985611510791,0.25843804356073774,1.476788820347073,0.08343804356073775,0.1668760871214755,0.25031413068221325
0.175,0.525,0.7,0.25,0.25991719550771475,1.4852411171869415,0.08491719550771476,0.16983439101542952,0.2547515865231443
0.175,0.53,0.7050000000000001,0.2482269503546099,0.2614234137570127,1.4938480786115014,0.08642341375701273,0.17284682751402547,0.2592702412710382
0.175,0.535,0.71,0.24647887323943662,0.26295761368011583,1.5026149353149476,0.08795761368011584,0.17591522736023169,0.2638728410403475
0.175,0.54,0.7150000000000001,0.2447552447552447,0.26452075719619017,1.5115471839782297,0.08952075719619018,0.17904151439238036,0.26856227158857054
0.175,0.545,0.72,0.24305555555555555,0.26611385597953097,1.52065060559732,0.09111385597953098,0.18222771195906196,0.27334156793859293
0.175,0.55,0.7250000000000001,0.24137931034482754,0.26773797494868734,1.5299312854210707,0.09273797494868735,0.1854759498973747,0.27821392484606206
0.175,0.555,0.73,0.23972602739726026,0.2693942360675552,1.5393956346717441,0.0943942360675552,0.1887884721351104,0.2831827082026656
0.175,0.56,0.7350000000000001,0.23809523809523805,0.27108382249260976,1.5490504142434844,0.09608382249260977,0.19216764498521954,0.2882514674778293
0.175,0.565,0.74,0.23648648648648649,0.27280798310490595,1.5589027605994628,0.09780798310490596,0.19561596620981192,0.2934239493147179
0.175,0.57,0.7449999999999999,0.23489932885906042,0.2745680374706171,1.568960214117812,0.0995680374706171,0.1991360749412342,0.2987041124118513
0.175,0.575,0.75,0.2333333333333333,0.2763653812798109,1.5792307501703482,0.10136538127981093,0.20273076255962186,0.3040961438394328
0.175,0.58,0.7549999999999999,0.2317880794701987,0.2782014923200461,1.5897228132574064,0.1032014923200461,0.2064029846400922,0.3096044769601383
0.175,0.585,0.76,0.23026315789473684,0.2800779370493549,1.6004453545677424,0.10507793704935492,0.21015587409870984,0.31523381114806476
0.175,0.59,0.7649999999999999,0.22875816993464054,0.28199637784248655,1.6114078733856374,0.10699637784248656,0.2139927556849731,0.32098913352745967
0.175,0.595,0.77,0.22727272727272727,0.28395858099516025,1.6226204628294871,0.10895858099516026,0.21791716199032052,0.3268757429854808
0.175,0.6,0.7749999999999999,0.22580645161290325,0.285966425583826,1.6340938604790058,0.11096642558382602,0.22193285116765205,0.33289927675147807
0.18,0.005,0.185,0.9729729729729729,0.18048151402325618,1.0026750779069789,0.00048151402325619097,0.0009630280465123819,0.001444542069768573
0.18,0.01,0.19,0.9473684210526315,0.18096662964922583,1.0053701647179214,0.0009666296492258364,0.0019332592984516728,0.002899888947677509
0.18,0.015,0.195,0.923076923076923,0.1814553937166884,1.0080855206482688,0.0014553937166884023,0.0029107874333768047,0.004366181150065207
0.18,0.02,0.19999999999999998,0.9,0.1819478539491416,1.0108214108285645,0.001947853949141598,0.003895707898283196,0.005843561847424794
0.18,0.025,0.205,0.8780487804878049,0.18244405897691673,1.0135781054273152,0.002444058976916741,0.004888117953833482,0.007332176930750223
0.18,0.03,0.21,0.8571428571428571,0.18294405835998306,1.0163558797776837,0.0029440583599830705,0.005888116719966141,0.008832175079949212
0.18,0.035,0.215,0.8372093023255813,0.18344790261147081,1.0191550145081711,0.003447902611470821,0.006895805222941642,0.010343707834412463
0.18,0.04,0.22,0.8181818181818181,0.1839556432219389,1.0219757956774385,0.00395564322193892,0.00791128644387784,0.011866929665816761
0.18,0.045,0.22499999999999998,0.8,0.18446733268441473,1.0248185149134152,0.004467332684414738,0.008934665368829475,0.013401998053244213
0.18,0.05,0.22999999999999998,0.782608695652174,0.18498302452023774,1.0276834695568764,0.004983024520237744,0.009966049040475489,0.014949073560713233
0.18,0.055,0.235,0.7659574468085106,0.18550277330573606,1.0305709628096449,0.005502773305736064,0.011005546611472128,0.016508319917208192
0.18,0.06,0.24,0.75,0.18602663469976954,1.0334813038876087,0.006026634699769551,0.012053269399539102,0.018079904099308652
0.18,0.065,0.245,0.7346938775510204,0.1865546654721728,1.0364148081787379,0.006554665472172816,0.013109330944345632,0.019663996416518448
0.18,0.07,0.25,0.72,0.1870869235331335,1.0393717974062973,0.0070869235331335045,0.014173847066267009,0.021260770599400514
0.18,0.075,0.255,0.7058823529411764,0.18762346796354368,1.042352599797465,0.007623467963543684,0.015246935927087368,0.022870403890631053
0.18,0.08,0.26,0.6923076923076923,0.18816435904636197,1.0453575502575665,0.00816435904636198,0.01632871809272396,0.02449307713908594
0.18,0.085,0.265,0.6792452830188679,0.1887096582990283,1.0483869905501573,0.008709658299028311,0.017419316598056622,0.026128974897084933
0.18,0.09,0.27,0.6666666666666666,0.18925942850697286,1.0514412694831825,0.009259428506972867,0.018518857013945733,0.0277782855209186
0.18,0.095,0.275,0.6545454545454544,0.18981373375826416,1.0545207431014676,0.009813733758264165,0.01962746751652833,0.029441201274792494
0.18,0.1,0.28,0.6428571428571428,0.19037263947944338,1.0576257748857967,0.01037263947944339,0.02074527895888678,0.031117918438330172
0.18,0.105,0.285,0.6315789473684211,0.19093621247259296,1.06075673595885,0.010936212472592965,0.02187242494518593,0.032808637417778896
0.18,0.11,0.29,0.6206896551724138,0.19150452095369208,1.0639140052982894,0.011504520953692088,0.023009041907384176,0.034513562861076263
0.18,0.115,0.295,0.6101694915254238,0.19207763459231086,1.0670979699572827,0.01207763459231087,0.02415526918462174,0.03623290377693261
0.18,0.12,0.3,0.6,0.1926556245527028,1.0703090252927934,0.012655624552702804,0.02531124910540561,0.03796687365810841
0.18,0.125,0.305,0.5901639344262295,0.19323856353635105,1.0735475752019503,0.013238563536351056,0.02647712707270211,0.03971569060905317
0.18,0.13,0.31,0.5806451612903225,0.1938265258260341,1.0768140323668562,0.013826525826034108,0.027653051652068217,0.041479577478102325
0.18,0.135,0.315,0.5714285714285714,0.19441958733147346,1.080108818508186,0.014419587331473471,0.028839174662946943,0.043258761994420414
0.18,0.14,0.32,0.5625,0.19501782563663483,1.0834323646479713,0.01501782563663484,0.03003565127326968,0.04505347690990452
0.18,0.145,0.32499999999999996,0.5538461538461539,0.19562132004875166,1.0867851113819538,0.015621320048751663,0.031242640097503327,0.04686396014625499
0.18,0.15,0.32999999999999996,0.5454545454545455,0.19623015164915036,1.0901675091619465,0.01623015164915037,0.03246030329830074,0.04869045494745111
0.18,0.155,0.33499999999999996,0.5373134328358209,0.19684440334595354,1.0935800185886309,0.01684440334595355,0.0336888066919071,0.050533210037860654
0.18,0.16,0.33999999999999997,0.5294117647058824,0.19746415992874844,1.0970231107152693,0.017464159928748446,0.03492831985749689,0.05239247978624534
0.18,0.165,0.345,0.5217391304347826,0.19808950812530657,1.1004972673628144,0.018089508125306575,0.03617901625061315,0.054268524375919724
0.18,0.17,0.35,0.5142857142857143,0.1987205366604481,1.1040029814469339,0.018720536660448095,0.03744107332089619,0.056161609981344285
0.18,0.175,0.355,0.5070422535211268,0.1993573363171499,1.1075407573174996,0.01935733631714992,0.03871467263429984,0.05807200895144976
0.18,0.18,0.36,0.5,0.19999999999999996,1.111111111111111,0.019999999999999962,0.039999999999999925,0.05999999999999989
0.18,0.185,0.365,0.4931506849315068,0.2006486228011054,1.1147145711172524,0.02064862280110541,0.04129724560221082,0.06194586840331623
0.18,0.19,0.37,0.48648648648648646,0.20130330206857183,1.1183516781587324,0.02130330206857184,0.04260660413714368,0.06390990620571552
0.18,0.195,0.375,0.48,0.20196413747767283,1.1220229859870714,0.02196413747767284,0.04392827495534568,0.06589241243301852
0.18,0.2,0.38,0.47368421052631576,0.2026312311048375,1.1257290616935416,0.0226312311048375,0.045262462209675,0.0678936933145125
0.18,0.205,0.385,0.4675324675324675,0.20330468750459274,1.1294704861366265,0.023304687504592747,0.046609375009185494,0.06991406251377824
0.18,0.21,0.39,0.4615384615384615,0.20398461378959953,1.1332478543866642,0.02398461378959954,0.04796922757919908,0.07195384136879862
0.18,0.215,0.395,0.45569620253164556,0.20467111971393792,1.137061776188544,0.024671119713937928,0.049342239427875856,0.07401335914181378
0.18,0.22,0.4,0.44999999999999996,0.20536431775979547,1.1409128764433083,0.025364317759795474,0.05072863551959095,0.07609295327938642
0.18,0.225,0.405,0.4444444444444444,0.20606432322773116,1.1448017957096177,0.026064323227731168,0.052128646455462335,0.0781929696831935
0.18,0.23,0.41000000000000003,0.4390243902439024,0.20677125433069077,1.14872919072606,0.026771254330690775,0.05354250866138155,0.08031376299207232
0.18,0.235,0.415,0.43373493975903615,0.20748523229196325,1.1526957349553515,0.027485232291963257,0.054970464583926515,0.08245569687588977
0.18,0.24,0.42,0.42857142857142855,0.2082063814472772,1.15670211915154,0.028206381447277218,0.056412762894554436,0.08461914434183165
0.18,0.245,0.425,0.4235294117647059,0.2089348293512503,1.1607490519513906,0.028934829351250302,0.057869658702500604,0.0868044880537509
0.18,0.25,0.43,0.41860465116279066,0.20967070688841338,1.1648372604911854,0.02967070688841339,0.05934141377682678,0.08901212066524017
0.18,0.255,0.435,0.41379310344827586,0.21041414838905237,1.168967491050291,0.030414148389052376,0.06082829677810475,0.09124244516715713
0.18,0.26,0.44,0.40909090909090906,0.21116529175011312,1.1731405097228507,0.031165291750113122,0.062330583500226244,0.09349587525033937
0.18,0.265,0.445,0.4044943820224719,0.2119242785614458,1.1773571031191434,0.03192427856144581,0.06384855712289161,0.09577283568433742
0.18,0.27,0.45,0.39999999999999997,0.21269125423766633,1.1816180790981463,0.032691254237666334,0.06538250847533267,0.098073762712999
0.18,0.275,0.455,0.3956043956043956,0.21346636815594278,1.1859242675330155,0.03346636815594278,0.06693273631188557,0.10039910446782835
0.18,0.28,0.46,0.3913043478260869,0.21424977380002608,1.190276521111256,0.034249773800026084,0.06849954760005217,0.10274932140007825
0.18,0.285,0.46499999999999997,0.3870967741935484,0.21504162891086898,1.1946757161714943,0.03504162891086898,0.07008325782173797,0.10512488673260695
0.18,0.29,0.47,0.3829787234042553,0.21584209564419743,1.1991227535788747,0.035842095644197436,0.07168419128839487,0.10752628693259231
0.18,0.295,0.475,0.37894736842105264,0.21665134073542336,1.203618559641241,0.036651340735423366,0.07330268147084673,0.1099540222062701
0.18,0.3,0.48,0.375,0.21746953567231297,1.2081640870684054,0.03746953567231298,0.07493907134462596,0.11240860701693894
0.18,0.305,0.485,0.3711340206185567,0.21829685687585265,1.2127603159769593,0.03829685687585266,0.07659371375170532,0.11489057062755798
0.18,0.31,0.49,0.3673469387755102,0.219133485889783,1.2174082549432388,0.03913348588978299,0.07826697177956599,0.11740045766934898
0.18,0.315,0.495,0.36363636363636365,0.21997960957930573,1.2221089421072542,0.03997960957930574,0.07995921915861148,0.11993882873791722
0.18,0.32,0.5,0.36,0.2208354203395001,1.226863446330556,0.040835420339500106,0.08167084067900021,0.12250626101850032
0.18,0.325,0.505,0.3564356435643564,0.22170111631402512,1.2316728684112508,0.04170111631402512,0.08340223262805024,0.12510334894207537
0.18,0.33,0.51,0.3529411764705882,0.22257690162472088,1.2365383423595604,0.042576901624720886,0.08515380324944177,0.12773070487416266
0.18,0.335,0.515,0.3495145631067961,0.2234629866127703,1.2414610367376129,0.043462986612770316,0.08692597322554063,0.13038895983831095
0.18,0.34,0.52,0.34615384615384615,0.22435958809212464,1.246442156067359,0.04435958809212465,0.0887191761842493,0.13307876427637394
0.18,0.345,0.5249999999999999,0.3428571428571429,0.2252669296159493,1.2514829423108296,0.0452669296159493,0.0905338592318986,0.1358007888478479
0.18,0.35,0.53,0.33962264150943394,0.22618524175690347,1.2565846764272415,0.04618524175690347,0.09237048351380694,0.13855572527071042
0.18,0.355,0.5349999999999999,0.33644859813084116,0.2271147624021218,1.2617486800117879,0.04711476240212181,0.09422952480424363,0.14134428720636544
0.18,0.36,0.54,0.3333333333333333,0.22805573706383586,1.2669763170213104,0.04805573706383587,0.09611147412767174,0.1441672111915076
0.18,0.365,0.5449999999999999,0.3302752293577982,0.22900841920664095,1.2722689955924498,0.04900841920664095,0.0980168384132819,0.14702525761992286
0.18,0.37,0.55,0.3272727272727272,0.22997307059249106,1.2776281699582837,0.049973070592491065,0.09994614118498213,0.1499192117774732
0.18,0.375,0.5549999999999999,0.32432432432432434,0.23094996164458648,1.283055342469925,0.05094996164458648,0.10189992328917297,0.15284988493375945
0.18,0.38,0.56,0.3214285714285714,0.23193937183141244,1.288552065730069,0.05193937183141245,0.1038787436628249,0.15581811549423735
0.18,0.385,0.565,0.3185840707964602,0.23294159007228143,1.2941199448460081,0.05294159007228144,0.10588318014456288,0.15882477021684432
0.18,0.39,0.5700000000000001,0.31578947368421045,0.2339569151658435,1.2997606398102417,0.0539569151658435,0.107913830331687,0.1618707454975305
0.18,0.395,0.575,0.3130434782608696,0.23498565624314283,1.3054758680174603,0.05498565624314283,0.10997131248628567,0.1649569687294285
0.18,0.4,0.5800000000000001,0.31034482758620685,0.23602813324693006,1.3112674069273893,0.05602813324693007,0.11205626649386013,0.1680843997407902
0.18,0.405,0.585,0.3076923076923077,0.23708467743907968,1.3171370968837761,0.05708467743907969,0.11416935487815938,0.17125403231723907
0.18,0.41,0.59,0.3050847457627119,0.2381556319381144,1.3230868441006356,0.058155631938114405,0.11631126387622881,0.17446689581434321
0.18,0.415,0.595,0.3025210084033613,0.23924135228900822,1.3291186238278234,0.05924135228900823,0.11848270457801646,0.1777240568670247
0.18,0.42,0.6,0.3,0.2403422070676261,1.335234483709034,0.06034220706762611,0.12068441413525222,0.18102662120287832
0.18,0.425,0.605,0.2975206611570248,0.24145857852235952,1.3414365473464418,0.06145857852235953,0.12291715704471906,0.1843757355670786
0.18,0.43,0.61,0.29508196721311475,0.24259086325574297,1.347727018087461,0.06259086325574298,0.12518172651148596,0.18777258976722894
0.18,0.435,0.615,0.2926829268292683,0.24373947294908227,1.354108183050457,0.06373947294908228,0.12747894589816455,0.19121841884724683
0.18,0.44,0.62,0.29032258064516125,0.24490483513339711,1.3605824174077619,0.06490483513339712,0.12980967026679424,0.19471450540019136
0.18,0.445,0.625,0.288,0.246087394010282,1.3671521889460112,0.06608739401028202,0.13217478802056404,0.19826218203084606
0.18,0.45,0.63,0.2857142857142857,0.24728761132661914,1.3738200629256618,0.06728761132661915,0.1345752226532383,0.20186283397985744
0.18,0.455,0.635,0.28346456692913385,0.24850596730744712,1.3805887072635952,0.06850596730744712,0.13701193461489425,0.20551790192234137
0.18,0.46,0.64,0.28125,0.24974296165169418,1.3874608980649676,0.06974296165169419,0.13948592330338838,0.20922888495508257
0.18,0.465,0.645,0.27906976744186046,0.2509991145959374,1.3944395255329856,0.07099911459593738,0.14199822919187477,0.21299734378781215
0.18,0.47,0.6499999999999999,0.27692307692307694,0.252274968051851,1.4015276002880612,0.07227496805185102,0.14454993610370204,0.21682490415555306
0.18,0.475,0.655,0.27480916030534347,0.25357108682356744,1.4087282601309303,0.07357108682356744,0.1471421736471349,0.22071326047070233
0.18,0.48,0.6599999999999999,0.27272727272727276,0.25488805991179486,1.4160447772877494,0.07488805991179487,0.14977611982358974,0.2246641797353846
0.18,0.485,0.665,0.2706766917293233,0.25622650191223295,1.423480566179072,0.07622650191223296,0.15245300382446592,0.22867950573669887
0.18,0.49,0.6699999999999999,0.26865671641791045,0.25758705451660413,1.4310391917589118,0.07758705451660414,0.15517410903320827,0.2327611635498124
0.18,0.495,0.675,0.26666666666666666,0.2589703881254912,1.4387243784749513,0.07897038812549123,0.15794077625098246,0.2369111643764737
0.18,0.5,0.6799999999999999,0.2647058823529412,0.2603772035831422,1.4465400199063456,0.08037720358314221,0.16075440716628442,0.24113161074942663
0.18,0.505,0.685,0.2627737226277372,0.2618082340455101,1.454490189141723,0.08180823404551013,0.16361646809102026,0.2454247021365304
0.18,0.51,0.69,0.2608695652173913,0.26326424699402085,1.4625791499667826,0.08326424699402085,0.1665284939880417,0.24979274098206256
0.18,0.515,0.6950000000000001,0.2589928057553956,0.2647460464089607,1.4708113689386706,0.08474604640896072,0.16949209281792144,0.25423813922688215
0.18,0.52,0.7,0.2571428571428572,0.26625447511794587,1.4791915284330326,0.08625447511794587,0.17250895023589174,0.2587634253538376
0.18,0.525,0.7050000000000001,0.2553191489361702,0.2677904173367164,1.4877245407595354,0.08779041733671639,0.17558083467343277,0.26337125201014916
0.18,0.53,0.71,0.2535211267605634,0.26935480142151746,1.4964155634528749,0.08935480142151747,0.17870960284303494,0.2680644042645524
0.18,0.535,0.7150000000000001,0.2517482517482517,0.2709486028546235,1.5052700158590195,0.09094860285462353,0.18189720570924706,0.2728458085638706
0.18,0.54,0.72,0.25,0.27257284748717403,1.5142935971509668,0.09257284748717404,0.18514569497434807,0.2777185424615221
0.18,0.545,0.7250000000000001,0.24827586206896549,0.2742286150664728,1.5234923059248489,0.09422861506647279,0.18845723013294557,0.28268584519941836
0.18,0.55,0.73,0.2465753424657534,0.27591704307831133,1.5328724615461742,0.09591704307831134,0.19183408615662267,0.287751129234934
0.18,0.555,0.7350000000000001,0.24489795918367344,0.27763933093879056,1.5424407274377254,0.09763933093879057,0.19527866187758114,0.2929179928163717
0.18,0.56,0.74,0.24324324324324323,0.2793967445746047,1.5522041365255819,0.09939674457460473,0.19879348914920947,0.2981902337238142
0.18,0.565,0.7449999999999999,0.2416107382550336,0.2811906214359364,1.5621701190885358,0.10119062143593643,0.20238124287187287,0.3035718643078093
0.18,0.57,0.75,0.24,0.28302237599208635,1.5723465332893687,0.10302237599208636,0.2060447519841727,0.30906712797625907
0.18,0.575,0.7549999999999999,0.2384105960264901,0.2848935057668973,1.5827416987049852,0.10489350576689732,0.20978701153379464,0.31468051730069196
0.18,0.58,0.76,0.23684210526315788,0.2868055979790768,1.5933644332170933,0.1068055979790768,0.2136111959581536,0.3204167939372304
0.18,0.585,0.7649999999999999,0.23529411764705885,0.2887603368618975,1.6042240936772083,0.10876033686189751,0.21752067372379502,0.32628101058569253
0.18,0.59,0.77,0.23376623376623376,0.29075951174771464,1.6153306208206368,0.11075951174771465,0.2215190234954293,0.33227853524314394
0.18,0.595,0.7749999999999999,0.23225806451612904,0.2928050260155777,1.6266945889754316,0.11280502601557768,0.22561005203115536,0.33841507804673304
0.18,0.6,0.78,0.23076923076923075,0.29489890701531607,1.6383272611962005,0.11489890701531608,0.22979781403063215,0.34469672104594823
0.185,0.005,0.19,0.9736842105263158,0.1854958379577627,1.0026802051770958,0.0004958379577627015,0.000991675915525403,0.0014875138732881044
0.185,0.01,0.195,0.9487179487179487,0.18599539674702092,1.00538052295687,0.0009953967470209268,0.0019907934940418537,0.0029861902410627805
0.185,0.015,0.2,0.9249999999999999,0.1864987249537554,1.0081012159662455,0.0014987249537554148,0.0029974499075108296,0.0044961748612662444
0.185,0.02,0.205,0.9024390243902439,0.18700587208587416,1.010842551815536,0.0020058720858741608,0.0040117441717483215,0.006017616257622482
0.185,0.025,0.21,0.8809523809523809,0.18751688859636917,1.0136048032236171,0.002516888596369171,0.005033777192738342,0.0075506657891075135
0.185,0.03,0.215,0.8604651162790697,0.18803182590720247,1.0163882481470403,0.003031825907202468,0.006063651814404936,0.009095477721607403
0.185,0.035,0.22,0.8409090909090909,0.18855073643394704,1.0191931699132273,0.0035507364339470437,0.0071014728678940875,0.010652209301841131
0.185,0.04,0.225,0.8222222222222222,0.18907367361121208,1.0220198573579031,0.004073673611212081,0.008147347222424162,0.012221020833636242
0.185,0.045,0.22999999999999998,0.8043478260869565,0.18960069191888218,1.0248686049669307,0.004600691918882183,0.009201383837764365,0.013802075756646548
0.185,0.05,0.235,0.7872340425531915,0.19013184690920237,1.0277397130227155,0.0051318469092023755,0.010263693818404751,0.015395540727607127
0.185,0.055,0.24,0.7708333333333334,0.19066719523474185,1.0306334877553613,0.005667195234741851,0.011334390469483702,0.017001585704225552
0.185,0.06,0.245,0.7551020408163265,0.1912067946772703,1.0335502414987585,0.006206794677270311,0.012413589354540622,0.018620384031810933
0.185,0.065,0.25,0.74,0.1917507041775831,1.0364902928518005,0.006750704177583111,0.013501408355166222,0.020252112532749333
0.185,0.07,0.255,0.7254901960784313,0.19229898386631272,1.0394539668449336,0.007298983866312725,0.01459796773262545,0.021896951598938175
0.185,0.075,0.26,0.7115384615384615,0.19285169509576616,1.0424415951122494,0.007851695095766165,0.01570339019153233,0.023555085287298494
0.185,0.08,0.265,0.6981132075471698,0.1934089004728291,1.0454535160693466,0.008408900472829106,0.016817800945658212,0.02522670141848732
0.185,0.085,0.27,0.6851851851851851,0.19397066389298012,1.04849007509719,0.008970663892980124,0.017941327785960248,0.026911991678940372
0.185,0.09,0.275,0.6727272727272726,0.19453705057545956,1.0515516247322139,0.00953705057545956,0.01907410115091912,0.02861115172637868
0.185,0.095,0.28,0.6607142857142857,0.1951081270996421,1.0546385248629302,0.010108127099642095,0.02021625419928419,0.030324381298926284
0.185,0.1,0.28500000000000003,0.6491228070175438,0.19568396144265987,1.0577511429332966,0.010683961442659873,0.021367922885319746,0.03205188432797962
0.185,0.105,0.29,0.6379310344827587,0.19626462301833092,1.0608898541531402,0.011264623018330922,0.022529246036661843,0.033793869054992765
0.185,0.11,0.295,0.6271186440677966,0.19685018271744514,1.0640550417159198,0.011850182717445146,0.02370036543489029,0.03555054815233544
0.185,0.115,0.3,0.6166666666666667,0.19744071294946752,1.0672470970241488,0.012440712949467525,0.02488142589893505,0.037322138848402575
0.185,0.12,0.305,0.6065573770491803,0.19803628768571535,1.0704664199227858,0.013036287685715353,0.026072575371430706,0.03910886305714606
0.185,0.125,0.31,0.5967741935483871,0.19863698250407613,1.073713418940952,0.013636982504076134,0.027273965008152268,0.0409109475122284
0.185,0.13,0.315,0.5873015873015873,0.19924287463532908,1.0769885115423194,0.014242874635329084,0.028485749270658167,0.04272862390598725
0.185,0.135,0.32,0.578125,0.19985404301114273,1.0802921243845554,0.014854043011142737,0.029708086022285474,0.04456212903342821
0.185,0.14,0.325,0.5692307692307692,0.20047056831381838,1.0836246935882075,0.015470568313818378,0.030941136627636756,0.046411704941455134
0.185,0.145,0.32999999999999996,0.5606060606060607,0.20109253302786012,1.08698666501546,0.016092533027860123,0.032185066055720246,0.04827759908358037
0.185,0.15,0.33499999999999996,0.5522388059701493,0.2017200214934486,1.0903784945591815,0.01672002149344859,0.03344004298689718,0.05016006448034577
0.185,0.155,0.33999999999999997,0.5441176470588236,0.20235311996190586,1.0938006484427343,0.01735311996190586,0.03470623992381172,0.05205935988571758
0.185,0.16,0.345,0.5362318840579711,0.20299191665323957,1.0972536035310247,0.01799191665323957,0.03598383330647914,0.05397574995971871
0.185,0.165,0.35,0.5285714285714286,0.20363650181586213,1.1007378476533087,0.018636501815862128,0.037273003631724255,0.05590950544758638
0.185,0.17,0.355,0.5211267605633803,0.20428696778858135,1.1042538799382775,0.019286967788581355,0.03857393557716271,0.057860903365744065
0.185,0.175,0.36,0.513888888888889,0.20494340906497044,1.1078022111620023,0.01994340906497044,0.03988681812994088,0.05983022719491132
0.185,0.18,0.365,0.5068493150684932,0.20560592236022468,1.1113833641093227,0.020605922360224682,0.041211844720449364,0.061817767080674046
0.185,0.185,0.37,0.5,0.2062746066806228,1.1149978739493125,0.02127460668062281,0.04254921336124562,0.06382382004186843
0.185,0.19,0.375,0.49333333333333335,0.2069495633957148,1.1186462886254853,0.0219495633957148,0.0438991267914296,0.0658486901871444
0.185,0.195,0.38,0.4868421052631579,0.20763089631336495,1.1223291692614321,0.022630896313364957,0.04526179262672991,0.06789268894009487
0.185,0.2,0.385,0.4805194805194805,0.20831871175778904,1.1260470905826434,0.023318711757789046,0.04663742351557809,0.06995613527336714
0.185,0.205,0.39,0.47435897435897434,0.2090131186507257,1.1298006413552741,0.024013118650725696,0.04802623730145139,0.07203935595217709
0.185,0.21,0.395,0.46835443037974683,0.2097142285958996,1.1335904248427007,0.024714228595899612,0.049428457191799224,0.07414268578769884
0.185,0.215,0.4,0.46249999999999997,0.2104221559669327,1.1374170592807173,0.025422155966932702,0.050844311933865405,0.07626646790079811
0.185,0.22,0.405,0.4567901234567901,0.21113701799887696,1.141281178372308,0.026137017998876966,0.05227403599775393,0.0784110539966309
0.185,0.225,0.41000000000000003,0.4512195121951219,0.21185893488354846,1.1451834318029646,0.026858934883548458,0.053717869767096915,0.08057680465064537
0.185,0.23,0.41500000000000004,0.4457831325301204,0.2125880298688524,1.1491244857775804,0.027588029868852393,0.055176059737704786,0.08276408960655718
0.185,0.235,0.42,0.44047619047619047,0.21332442936230234,1.1531050235800127,0.02832442936230234,0.05664885872460468,0.08497328808690702
0.185,0.24,0.425,0.43529411764705883,0.21406826303894821,1.1571257461564768,0.029068263038948217,0.05813652607789643,0.08720478911684465
0.185,0.245,0.43,0.43023255813953487,0.21481966395393837,1.1611873727239912,0.02981966395393837,0.05963932790787674,0.08945899186181511
0.185,0.25,0.435,0.42528735632183906,0.2155787686599594,1.165290641405186,0.0305787686599594,0.0611575373199188,0.0917363059798782
0.185,0.255,0.44,0.42045454545454547,0.21634571732980568,1.1694363098908416,0.03134571732980568,0.06269143465961136,0.09403715198941703
0.185,0.26,0.445,0.4157303370786517,0.21712065388435353,1.1736251561316406,0.032120653884353534,0.06424130776870707,0.0963619616530606
0.185,0.265,0.45,0.4111111111111111,0.21790372612622622,1.1778579790606822,0.03290372612622622,0.06580745225245244,0.09871117837867865
0.185,0.27,0.455,0.4065934065934066,0.21869508587945685,1.1821355993484155,0.033695085879456854,0.06739017175891371,0.10108525763837056
0.185,0.275,0.46,0.4021739130434782,0.21949488913547366,1.1864588601917496,0.03449488913547366,0.06898977827094732,0.10348466740642098
0.185,0.28,0.465,0.3978494623655914,0.22030329620575795,1.1908286281392322,0.03530329620575795,0.0706065924115159,0.10590988861727385
0.185,0.285,0.47,0.39361702127659576,0.2211204718815385,1.1952457939542622,0.036120471881538496,0.07224094376307699,0.10836141564461549
0.185,0.29,0.475,0.3894736842105263,0.22194658560092062,1.1997112735184898,0.03694658560092062,0.07389317120184125,0.11083975680276187
0.185,0.295,0.48,0.3854166666666667,0.22278181162386534,1.2042260087776506,0.03778181162386535,0.0755636232477307,0.11334543487159604
0.185,0.3,0.485,0.3814432989690722,0.2236263292154671,1.2087909687322547,0.0386263292154671,0.0772526584309342,0.11587898764640131
0.185,0.305,0.49,0.37755102040816324,0.22448032283800678,1.2134071504757125,0.03948032283800679,0.07896064567601357,0.11844096851402036
0.185,0.31,0.495,0.37373737373737376,0.22534398235228859,1.218075580282641,0.04034398235228859,0.08068796470457718,0.12103194705686576
0.185,0.315,0.5,0.37,0.22621750322880507,1.2227973147502977,0.041217503228805075,0.08243500645761015,0.12365250968641522
0.185,0.32,0.505,0.36633663366336633,0.22710108676931184,1.2275734419962803,0.042101086769311846,0.08420217353862369,0.12630326030793554
0.185,0.325,0.51,0.3627450980392157,0.22799494033943413,1.2324050829158602,0.04299494033943413,0.08598988067886826,0.1289848210183024
0.185,0.33,0.515,0.3592233009708738,0.2288992776129707,1.2372933925025442,0.04389927761297069,0.08779855522594138,0.13169783283891207
0.185,0.335,0.52,0.3557692307692307,0.22981431882860892,1.242239561235724,0.04481431882860892,0.08962863765721785,0.13444295648582677
0.185,0.34,0.525,0.35238095238095235,0.23074029105981586,1.247244816539545,0.04574029105981586,0.09148058211963173,0.1372208731794476
0.185,0.345,0.53,0.3490566037735849,0.23167742849872497,1.2523104243174323,0.04667742849872497,0.09335485699744994,0.1400322854961749
0.185,0.35,0.5349999999999999,0.3457943925233645,0.23262597275490016,1.257437690567028,0.04762597275490016,0.09525194550980032,0.14287791826470048
0.185,0.355,0.54,0.34259259259259256,0.23358617316992147,1.2626279630806567,0.048586173169921476,0.09717234633984295,0.14575851950976443
0.185,0.36,0.5449999999999999,0.3394495412844037,0.23455828714881144,1.2678826332368187,0.04955828714881144,0.09911657429762288,0.14867486144643433
0.185,0.365,0.55,0.3363636363636363,0.23554258050939447,1.2732031378886188,0.050542580509394475,0.10108516101878895,0.15162774152818342
0.185,0.37,0.5549999999999999,0.33333333333333337,0.23653932785076903,1.2785909613555082,0.051539327850769034,0.10307865570153807,0.1546179835523071
0.185,0.375,0.56,0.33035714285714285,0.23754881294216013,1.28404763752519,0.05254881294216013,0.10509762588432026,0.15764643882648038
0.185,0.38,0.565,0.3274336283185841,0.2385713291335234,1.2895747520730996,0.053571329133523415,0.10714265826704683,0.16071398740057025
0.185,0.385,0.5700000000000001,0.3245614035087719,0.23960717978937807,1.295173944807449,0.05460717978937807,0.10921435957875614,0.1638215393681342
0.185,0.39,0.575,0.32173913043478264,0.24065667874746322,1.3008469121484498,0.05565667874746322,0.11131335749492643,0.16697003624238965
0.185,0.395,0.5800000000000001,0.3189655172413793,0.24172015080394704,1.306595409751065,0.056720150803947045,0.11344030160789409,0.17016045241184113
0.185,0.4,0.585,0.3162393162393163,0.24279793222705404,1.3124212552813732,0.05779793222705404,0.11559586445410808,0.17339379668116212
0.185,0.405,0.5900000000000001,0.31355932203389825,0.24389037130113567,1.31832633135749,0.05889037130113567,0.11778074260227134,0.176671113903407
0.185,0.41,0.595,0.31092436974789917,0.24499782890337707,1.3243125886669032,0.05999782890337707,0.11999565780675414,0.1799934867101312
0.185,0.415,0.6,0.30833333333333335,0.2461206791155206,1.3303820492730845,0.061120679115520604,0.12224135823104121,0.1833620373465618
0.185,0.42,0.605,0.30578512396694213,0.24725930987319333,1.3365368101253694,0.062259309873193336,0.12451861974638667,0.18677792961958
0.185,0.425,0.61,0.30327868852459017,0.2484141236556502,1.3427790467872984,0.06341412365565019,0.12682824731130038,0.19024237096695057
0.185,0.43,0.615,0.3008130081300813,0.2495855382189931,1.3491110173999628,0.0645855382189931,0.1291710764379862,0.1937566146569793
0.185,0.435,0.62,0.29838709677419356,0.25077398737620293,1.3555350668983943,0.06577398737620294,0.13154797475240587,0.1973219621286088
0.185,0.44,0.625,0.296,0.25197992182762163,1.3620536315006575,0.06697992182762164,0.13395984365524327,0.2009397654828649
0.185,0.445,0.63,0.29365079365079366,0.2532038100458587,1.368669243491128,0.06820381004585868,0.13640762009171736,0.20461143013757604
0.185,0.45,0.635,0.29133858267716534,0.254446139219465,1.3753845363214325,0.06944613921946502,0.13889227843893004,0.20833841765839506
0.185,0.455,0.64,0.2890625,0.25570741626012905,1.3822022500547517,0.07070741626012905,0.1414148325202581,0.21212224878038716
0.185,0.46,0.645,0.2868217054263566,0.25698816887860676,1.3891252371816583,0.07198816887860676,0.14397633775721352,0.21596450663582029
0.185,0.465,0.65,0.2846153846153846,0.2582889467351004,1.3961564688383805,0.07328894673510039,0.14657789347020078,0.21986684020530117
0.185,0.47,0.655,0.282442748091603,0.2596103226703683,1.4032990414614503,0.07461032267036832,0.14922064534073665,0.22383096801110497
0.185,0.475,0.6599999999999999,0.28030303030303033,0.2609528940244741,1.410556183916076,0.07595289402447408,0.15190578804894816,0.22785868207342225
0.185,0.48,0.665,0.2781954887218045,0.26231728405078536,1.4179312651393803,0.07731728405078536,0.15463456810157072,0.23195185215235609
0.185,0.485,0.6699999999999999,0.27611940298507465,0.26370414343361603,1.4254278023438705,0.07870414343361604,0.15740828686723207,0.2361124303008481
0.185,0.49,0.675,0.274074074074074,0.26511415191878474,1.4330494698312688,0.08011415191878474,0.16022830383756947,0.2403424557563542
0.185,0.495,0.6799999999999999,0.2720588235294118,0.2665480200673448,1.440800108472134,0.0815480200673448,0.1630960401346896,0.24464406020203439
0.185,0.5,0.685,0.27007299270072993,0.268006491143849,1.4486837359126974,0.083006491143849,0.166012982287698,0.249019473431547
0.185,0.505,0.69,0.26811594202898553,0.2694903431517569,1.4567045575770643,0.08449034315175691,0.16898068630351382,0.2534710294552707
0.185,0.51,0.6950000000000001,0.2661870503597122,0.27100039102999496,1.4648669785405133,0.08600039102999496,0.17200078205998992,0.2580011730899849
0.185,0.515,0.7,0.2642857142857143,0.2725374890262656,1.4731756163581926,0.08753748902626562,0.17507497805253125,0.2626124670787969
0.185,0.52,0.7050000000000001,0.2624113475177305,0.2741025332644972,1.481635314943228,0.08910253326449719,0.17820506652899437,0.26730759979349156
0.185,0.525,0.71,0.2605633802816901,0.2756964645258584,1.4902511595992345,0.09069646452585839,0.18139292905171678,0.27208939357757517
0.185,0.53,0.7150000000000001,0.2587412587412587,0.27732027126507486,1.4990284933247289,0.09232027126507486,0.18464054253014972,0.2769608137952246
0.185,0.535,0.72,0.2569444444444445,0.2789749928864178,1.5079729345211774,0.09397499288641781,0.18794998577283561,0.2819249786592534
0.185,0.54,0.7250000000000001,0.2551724137931034,0.280661723306737,1.5170903962526325,0.095661723306737,0.191323446613474,0.286985169920211
0.185,0.545,0.73,0.2534246575342466,0.2823816148363497,1.526387107223512,0.09738161483634972,0.19476322967269943,0.29214484450904915
0.185,0.55,0.7350000000000001,0.2517006802721088,0.28413588241253196,1.5358696346623348,0.09913588241253196,0.19827176482506392,0.2974076472375959
0.185,0.555,0.74,0.25,0.28592580822488867,1.5455449093237226,0.10092580822488867,0.20185161644977734,0.302777424674666
0.185,0.56,0.7450000000000001,0.24832214765100669,0.28775274677709384,1.5554202528491559,0.10275274677709384,0.20550549355418768,0.3082582403312815
0.185,0.565,0.75,0.24666666666666667,0.2896181304355121,1.565503407759525,0.1046181304355121,0.2092362608710242,0.3138543913065363
0.185,0.57,0.7549999999999999,0.2450331125827815,0.29152347552219704,1.5758025703902543,0.10652347552219704,0.21304695104439408,0.3195704265665911
0.185,0.575,0.76,0.24342105263157895,0.2934703890178556,1.5863264271235438,0.1084703890178556,0.2169407780357112,0.3254111670535668
0.185,0.58,0.7649999999999999,0.24183006535947715,0.29546057594981445,1.5970841943233214,0.11046057594981445,0.2209211518996289,0.33138172784944336
0.185,0.585,0.77,0.24025974025974026,0.29749584755104763,1.6080856624380953,0.11249584755104763,0.22499169510209527,0.3374875426531429
0.185,0.59,0.7749999999999999,0.23870967741935487,0.2995781302892483,1.6193412448067475,0.11457813028924829,0.22915626057849658,0.3437343908677449
0.185,0.595,0.78,0.23717948717948717,0.301709475880129,1.6308620317844809,0.11670947588012898,0.23341895176025795,0.35012842764038693
0.185,0.6,0.7849999999999999,0.23566878980891723,0.3038920724170622,1.6426598509030388,0.11889207241706218,0.23778414483412436,0.35667621725118653
0.19,0.005,0.195,0.9743589743589743,0.1905102189535386,1.002685362913361,0.0005102189535385881,0.0010204379070771763,0.0015306568606157644
0.19,0.01,0.2,0.95,0.1910242792019734,1.005390943168281,0.0010242792019733993,0.0020485584039467986,0.003072837605920198
0.19,0.015,0.20500000000000002,0.9268292682926829,0.19154223110931057,1.0081170058384767,0.0015422311093105656,0.0030844622186211312,0.004626693327931697
0.19,0.02,0.21,0.9047619047619048,0.19206412599962708,1.0108638210506689,0.0020641259996270755,0.004128251999254151,0.006192377998881227
0.19,0.025,0.215,0.8837209302325582,0.19259001618130778,1.0136316641121461,0.002590016181307775,0.00518003236261555,0.007770048543923325
0.19,0.03,0.22,0.8636363636363636,0.19311995497204604,1.0164208156423475,0.003119954972046035,0.00623990994409207,0.009359864916138105
0.19,0.035,0.225,0.8444444444444444,0.19365399672464123,1.019231561708638,0.0036539967246412286,0.007307993449282457,0.010961990173923686
0.19,0.04,0.23,0.8260869565217391,0.19419219685361966,1.0220641939664192,0.004192196853619656,0.008384393707239313,0.012576590560858969
0.19,0.045,0.235,0.8085106382978724,0.19473461186271368,1.0249190098037562,0.004734611862713678,0.009469223725427356,0.014203835588141034
0.19,0.05,0.24,0.7916666666666667,0.19528129937323135,1.0277963124906913,0.005281299373231352,0.010562598746462704,0.015843898119694055
0.19,0.055,0.245,0.7755102040816326,0.19583231815335045,1.0306964113334234,0.0058323181533504465,0.011664636306700893,0.01749695446005134
0.19,0.06,0.25,0.76,0.19638772814837446,1.0336196218335498,0.006387728148374461,0.012775456296748922,0.019163184445123382
0.19,0.065,0.255,0.7450980392156863,0.19694759051198862,1.0365662658525716,0.006947590511988622,0.013895181023977243,0.020842771535965865
0.19,0.07,0.26,0.7307692307692307,0.1975119676385544,1.0395366717818653,0.007511967638554384,0.015023935277108769,0.022535902915663153
0.19,0.075,0.265,0.7169811320754716,0.19808092319648618,1.0425311747183483,0.008080923196486178,0.016161846392972357,0.024242769589458535
0.19,0.08,0.27,0.7037037037037037,0.19865452216275203,1.0455501166460632,0.008654522162752032,0.017309044325504064,0.025963566488256096
0.19,0.085,0.275,0.6909090909090908,0.19923283085854526,1.0485938466239224,0.00923283085854526,0.01846566171709052,0.02769849257563578
0.19,0.09,0.28,0.6785714285714285,0.19981591698617407,1.0516627209798635,0.009815916986174067,0.019631833972348134,0.0294477509585222
0.19,0.095,0.28500000000000003,0.6666666666666666,0.20040384966722047,1.0547571035116867,0.010403849667220466,0.020807699334440932,0.0312115490016614
0.19,0.1,0.29000000000000004,0.6551724137931034,0.2009966994820196,1.05787736569484,0.01099669948201959,0.02199339896403918,0.03299009844605877
0.19,0.105,0.295,0.6440677966101696,0.20159453851051645,1.061023886897455,0.01159453851051645,0.0231890770210329,0.03478361553154935
0.19,0.11,0.3,0.6333333333333334,0.20219744037455623,1.0641970546029276,0.012197440374556223,0.024394880749112446,0.03659232112366867
0.19,0.115,0.305,0.6229508196721312,0.2028054802816699,1.0673972646403678,0.01280548028166989,0.02561096056333978,0.03841644084500967
0.19,0.12,0.31,0.6129032258064516,0.2034187350704194,1.07062492142326,0.013418735070419407,0.026837470140838815,0.04025620521125822
0.19,0.125,0.315,0.6031746031746031,0.2040372832573677,1.073880438196672,0.014037283257367694,0.02807456651473539,0.04211184977210308
0.19,0.13,0.32,0.59375,0.2046612050857467,1.0771642372934036,0.014661205085746698,0.029322410171493396,0.043983615257240094
0.19,0.135,0.325,0.5846153846153846,0.2052905825758934,1.0804767503994388,0.015290582575893386,0.03058116515178677,0.04587174772768016
0.19,0.14,0.33,0.5757575757575757,0.20592549957753592,1.0838184188291364,0.015925499577535918,0.031850999155071835,0.04777649873260775
0.19,0.145,0.33499999999999996,0.5671641791044777,0.20656604182400862,1.0871896938105716,0.016566041824008615,0.03313208364801723,0.049698125472025845
0.19,0.15,0.33999999999999997,0.5588235294117647,0.20721229698848276,1.0905910367814882,0.017212296988482756,0.03442459397696551,0.05163689096544827
0.19,0.155,0.345,0.5507246376811594,0.20786435474230414,1.0940229196963376,0.017864354742304134,0.03572870948460827,0.0535930642269124
0.19,0.16,0.35,0.5428571428571429,0.20852230681553163,1.0974858253449034,0.01852230681553163,0.03704461363106326,0.05556692044659489
0.19,0.165,0.355,0.5352112676056339,0.20918624705977862,1.1009802476830453,0.019186247059778616,0.03837249411955723,0.05755874117933585
0.19,0.17,0.36,0.5277777777777778,0.2098562715134613,1.1045066921761122,0.01985627151346131,0.03971254302692262,0.05956881454038393
0.19,0.175,0.365,0.5205479452054794,0.21053247846956724,1.1080656761556171,0.02053247846956724,0.04106495693913448,0.06159743540870172
0.19,0.18,0.37,0.5135135135135135,0.21121496854605948,1.1116577291897867,0.021214968546059476,0.04242993709211895,0.06364490563817843
0.19,0.185,0.375,0.5066666666666667,0.21190384475904245,1.1152833934686444,0.021903844759042446,0.04380768951808489,0.06571153427712734
0.19,0.19,0.38,0.5,0.21259921259881887,1.1189432242043098,0.022599212598818863,0.045198425197637726,0.06779763779645659
0.19,0.195,0.385,0.4935064935064935,0.21330118010897692,1.1226377900472468,0.023301180108976915,0.04660236021795383,0.06990354032693075
0.19,0.2,0.39,0.48717948717948717,0.21400985796865213,1.1263676735192216,0.024009857968652126,0.04801971593730425,0.07202957390595638
0.19,0.205,0.395,0.4810126582278481,0.21472535957811978,1.1301334714637883,0.024725359578119777,0.04945071915623955,0.07417607873435933
0.19,0.21,0.4,0.475,0.2154478011478802,1.133935795515159,0.0254478011478802,0.0508956022957604,0.0763434034436406
0.19,0.215,0.405,0.4691358024691358,0.21617730179140815,1.1377752725863586,0.026177301791408147,0.052354603582816295,0.07853190537422444
0.19,0.22,0.41000000000000003,0.46341463414634143,0.21691398362175085,1.141652545377636,0.026913983621750848,0.053827967243501695,0.08074195086525254
0.19,0.225,0.41500000000000004,0.4578313253012048,0.21765797185216562,1.145568272906135,0.02765797185216562,0.05531594370433124,0.08297391555649686
0.19,0.23,0.42000000000000004,0.45238095238095233,0.21840939490100264,1.1495231310579086,0.028409394901002638,0.056818789802005276,0.08522818470300791
0.19,0.235,0.425,0.4470588235294118,0.21916838450104992,1.1535178131634205,0.029168384501049915,0.05833676900209983,0.08750515350314975
0.19,0.24,0.43,0.4418604651162791,0.21993507581356797,1.1575530305977262,0.02993507581356797,0.05987015162713594,0.0898052274407039
0.19,0.245,0.435,0.4367816091954023,0.2207096075472612,1.161629513406638,0.03070960754726121,0.06141921509452242,0.09212882264178363
0.19,0.25,0.44,0.4318181818181818,0.22149212208244018,1.1657480109602114,0.03149212208244018,0.06298424416488035,0.09447636624732053
0.19,0.255,0.445,0.42696629213483145,0.22228276560065352,1.1699092926350185,0.03228276560065352,0.06456553120130704,0.09684829680196055
0.19,0.26,0.45,0.4222222222222222,0.223081688220077,1.174114148526721,0.03308168822007701,0.06616337644015402,0.09924506466023103
0.19,0.265,0.455,0.4175824175824176,0.22388904413697308,1.1783633901945951,0.03388904413697308,0.06777808827394616,0.10166713241091924
0.19,0.27,0.46,0.41304347826086957,0.2247049917735463,1.1826578514397175,0.0347049917735463,0.0694099835470926,0.1041149753206389
0.19,0.275,0.465,0.4086021505376344,0.22552969393255018,1.186998389118685,0.03552969393255018,0.07105938786510035,0.10658908179765053
0.19,0.28,0.47000000000000003,0.40425531914893614,0.2263633179590122,1.191385883994801,0.03636331795901221,0.07272663591802442,0.10908995387703663
0.19,0.285,0.475,0.4,0.22720603590948085,1.1958212416288465,0.03720603590948085,0.0744120718189617,0.11161810772844255
0.19,0.29,0.48,0.39583333333333337,0.2280580247292131,1.2003053933116479,0.0380580247292131,0.0761160494584262,0.11417407418763931
0.19,0.295,0.485,0.3917525773195876,0.22891946643775662,1.2048392970408244,0.03891946643775662,0.07783893287551324,0.11675839931326987
0.19,0.3,0.49,0.3877551020408163,0.22979054832340784,1.2094239385442518,0.03979054832340784,0.07958109664681567,0.11937164497022351
0.19,0.305,0.495,0.38383838383838387,0.23067146314706055,1.2140603323529502,0.04067146314706055,0.0813429262941211,0.12201438944118165
0.19,0.31,0.5,0.38,0.23156240935599381,1.2187495229262832,0.04156240935599381,0.08312481871198762,0.12468722806798144
0.19,0.315,0.505,0.37623762376237624,0.23246359130818883,1.2234925858325727,0.04246359130818883,0.08492718261637766,0.1273907739245665
0.19,0.32,0.51,0.37254901960784315,0.2333752195078007,1.2282906289884248,0.04337521950780071,0.08675043901560142,0.13012565852340213
0.19,0.325,0.515,0.36893203883495146,0.23429751085245987,1.233144793960315,0.044297510852459865,0.08859502170491973,0.1328925325573796
0.19,0.33,0.52,0.36538461538461536,0.2352306888931236,1.2380562573322293,0.045230688893123594,0.09046137778624719,0.13569206667937078
0.19,0.335,0.525,0.3619047619047619,0.23617498410724957,1.243026232143419,0.04617498410724957,0.09234996821449915,0.13852495232174872
0.19,0.34,0.53,0.3584905660377358,0.23713063418612013,1.2480559694006321,0.047130634186120124,0.09426126837224025,0.14139190255836037
0.19,0.345,0.5349999999999999,0.3551401869158879,0.2380978843372078,1.2531467596695147,0.0480978843372078,0.0961957686744156,0.1442936530116234
0.19,0.35,0.54,0.35185185185185186,0.2390769876025366,1.2582999347501926,0.04907698760253659,0.09815397520507319,0.14723096280760978
0.19,0.355,0.5449999999999999,0.34862385321100925,0.24006820519406613,1.2635168694424532,0.05006820519406613,0.10013641038813226,0.1502046155821984
0.19,0.36,0.55,0.3454545454545454,0.24107180684720497,1.268798983406342,0.05107180684720497,0.10214361369440994,0.1532154205416149
0.19,0.365,0.5549999999999999,0.3423423423423424,0.2420880711936414,1.2741477431244284,0.052088071193641394,0.10417614238728279,0.15626421358092418
0.19,0.37,0.56,0.33928571428571425,0.24311728615477446,1.2795646639724971,0.05311728615477446,0.10623457230954891,0.15935185846432337
0.19,0.375,0.565,0.336283185840708,0.2441597493571287,1.2850513124059404,0.054159749357128695,0.10831949871425739,0.16247924807138608
0.19,0.38,0.5700000000000001,0.3333333333333333,0.2452157685712425,1.2906093082696974,0.055215768571242496,0.11043153714248499,0.1656473057137275
0.19,0.385,0.575,0.3304347826086957,0.24628566217564474,1.2962403272402354,0.056285662175644735,0.11257132435128947,0.1688569865269342
0.19,0.39,0.5800000000000001,0.3275862068965517,0.24736975964766006,1.3019461034087372,0.05736975964766006,0.11473951929532011,0.17210927894298017
0.19,0.395,0.585,0.3247863247863248,0.2484684020829303,1.3077284320154225,0.058468402082930304,0.11693680416586061,0.1754052062487909
0.19,0.4,0.5900000000000001,0.3220338983050847,0.24958194274569434,1.3135891723457598,0.05958194274569434,0.11916388549138868,0.17874582823708302
0.19,0.405,0.595,0.319327731092437,0.2507107476520398,1.3195302508002096,0.06071074765203982,0.12142149530407964,0.18213224295611946
0.19,0.41,0.6,0.3166666666666667,0.2518551961885317,1.3255536641501668,0.06185519618853169,0.12371039237706338,0.18556558856559507
0.19,0.415,0.605,0.3140495867768595,0.2530156817688257,1.3316614829938196,0.06301568176882572,0.12603136353765143,0.18904704530647715
0.19,0.42,0.61,0.3114754098360656,0.2541926125311065,1.3378558554268762,0.06419261253110647,0.12838522506221295,0.19257783759331942
0.19,0.425,0.615,0.3089430894308943,0.25538641207943913,1.3441390109444165,0.06538641207943913,0.13077282415887825,0.19615923623831738
0.19,0.43,0.62,0.3064516129032258,0.2565975202723991,1.3505132645915743,0.06659752027239912,0.13319504054479825,0.19979256081719737
0.19,0.435,0.625,0.304,0.2578263940626533,1.3569810213823856,0.06782639406265328,0.13565278812530657,0.20347918218795985
0.19,0.44,0.63,0.30158730158730157,0.2590735083914998,1.3635447810078936,0.06907350839149978,0.13814701678299957,0.20722052517449935
0.19,0.445,0.635,0.2992125984251969,0.26033935714274936,1.3702071428565756,0.07033935714274936,0.14067871428549872,0.21101807142824808
0.19,0.45,0.64,0.296875,0.2616244541607454,1.3769708113723442,0.07162445416074542,0.14324890832149084,0.21487336248223626
0.19,0.455,0.645,0.2945736434108527,0.26292933433777843,1.3838386017777813,0.07292933433777843,0.14585866867555686,0.21878800301333529
0.19,0.46,0.65,0.2923076923076923,0.2642545547766605,1.39081344619295,0.07425455477666049,0.14850910955332097,0.22276366432998146
0.19,0.465,0.655,0.2900763358778626,0.2656006960347955,1.3978984001831343,0.07560069603479552,0.15120139206959105,0.22680208810438657
0.19,0.47,0.6599999999999999,0.2878787878787879,0.2669683634567135,1.4050966497721762,0.07696836345671348,0.15393672691342697,0.23090509037014045
0.19,0.475,0.665,0.2857142857142857,0.26835818860274097,1.4124115189617945,0.07835818860274096,0.15671637720548193,0.2350745658082229
0.19,0.48,0.6699999999999999,0.28358208955223885,0.2697708307822738,1.4198464778014412,0.07977083078227382,0.15954166156454763,0.23931249234682145
0.19,0.485,0.675,0.28148148148148144,0.2712069787010022,1.4274051510579062,0.08120697870100219,0.16241395740200437,0.24362093610300656
0.19,0.49,0.6799999999999999,0.27941176470588236,0.2726673522324238,1.4350913275390724,0.08266735223242377,0.16533470446484755,0.24800205669727132
0.19,0.495,0.685,0.2773722627737226,0.27415270432510697,1.4429089701321418,0.08415270432510696,0.16830540865021393,0.2524581129753209
0.19,0.5,0.69,0.2753623188405797,0.2756638230584054,1.4508622266231863,0.08566382305840542,0.17132764611681084,0.25699146917521626
0.19,0.505,0.6950000000000001,0.27338129496402874,0.2772015338607531,1.4589554413723846,0.08720153386075308,0.17440306772150616,0.26160460158225923
0.19,0.51,0.7,0.27142857142857146,0.2787667019062541,1.467193167927653,0.08876670190625408,0.17753340381250815,0.2663001057187622
0.19,0.515,0.7050000000000001,0.2695035460992908,0.28036023470709637,1.4755801826689283,0.09036023470709637,0.18072046941419273,0.2710807041212891
0.19,0.52,0.71,0.26760563380281693,0.2819830849213617,1.4841214995861143,0.0919830849213617,0.1839661698427234,0.2759492547640851
0.19,0.525,0.7150000000000001,0.26573426573426573,0.2836362533981366,1.492822386305982,0.09363625339813658,0.18727250679627316,0.28090876019440975
0.19,0.53,0.72,0.2638888888888889,0.28532079248447506,1.501688381497237,0.09532079248447506,0.19064158496895012,0.2859623774534252
0.19,0.535,0.7250000000000001,0.26206896551724135,0.2870378096217917,1.5107253137989036,0.0970378096217917,0.1940756192435834,0.2911134288653751
0.19,0.54,0.73,0.2602739726027397,0.2887884712627188,1.519939322435362,0.09878847126271878,0.19757694252543756,0.29636541378815634
0.19,0.545,0.7350000000000001,0.25850340136054417,0.2905740071434305,1.5293368797022657,0.10057400714343051,0.20114801428686102,0.30172202143029153
0.19,0.55,0.74,0.25675675675675674,0.2923957149509864,1.5389248155315072,0.10239571495098637,0.20479142990197274,0.3071871448529591
0.19,0.555,0.7450000000000001,0.25503355704697983,0.29425496543050156,1.5487103443710608,0.10425496543050156,0.2085099308610031,0.31276489629150467
0.19,0.56,0.75,0.25333333333333335,0.29615320798300526,1.558701094647396,0.10615320798300526,0.21230641596601052,0.3184596239490158
0.19,0.565,0.7549999999999999,0.2516556291390729,0.2980919768118757,1.5689051411151353,0.10809197681187571,0.21618395362375142,0.32427593043562714
0.19,0.57,0.76,0.25,0.30007289768388334,1.5793310404414913,0.11007289768388334,0.22014579536776668,0.33021869305165
0.19,0.575,0.7649999999999999,0.24836601307189546,0.30209769538037556,1.5899878704230292,0.11209769538037556,0.22419539076075112,0.3362930861411267
0.19,0.58,0.77,0.24675324675324675,0.3041682019252224,1.6008852732906442,0.11416820192522242,0.22833640385044485,0.34250460577566727
0.19,0.585,0.7749999999999999,0.2451612903225807,0.30628636568914347,1.6120335036270708,0.11628636568914347,0.23257273137828693,0.3488590970674304
0.19,0.59,0.78,0.24358974358974358,0.30845426148531574,1.6234434815016618,0.11845426148531574,0.23690852297063147,0.3553627844559472
0.19,0.595,0.7849999999999999,0.24203821656050958,0.31067410178919486,1.6351268515220783,0.12067410178919485,0.2413482035783897,0.36202230536758456
0.19,0.6,0.79,0.24050632911392406,0.31294824923682407,1.6470960486148636,0.12294824923682407,0.24589649847364814,0.3688447477104722
0.195,0.005,0.2,0.975,0.19552465753236326,1.0026905514480167,0.0005246575323632485,0.001049315064726497,0.0015739725970897456
0.195,0.01,0.20500000000000002,0.9512195121951219,0.19605327807638273,1.005401426032732,0.0010532780763827243,0.0021065561527654486,0.003159834229148173
0.195,0.015,0.21000000000000002,0.9285714285714285,0.19658591380558088,1.008132891310671,0.0015859138055808741,0.0031718276111617483,0.004757741416742622
0.195,0.02,0.215,0.9069767441860466,0.1971226178926616,1.0108852199623672,0.0021226178926616046,0.004245235785323209,0.006367853677984814
0.195,0.025,0.22,0.8863636363636364,0.19766344453485807,1.013658689922349,0.0026634445348580615,0.005326889069716123,0.007990333604574185
0.195,0.03,0.225,0.8666666666666667,0.19820844898008894,1.0164535845132765,0.0032084489800889293,0.006416897960177859,0.009625346940266788
0.195,0.035,0.23,0.8478260869565217,0.19875768755394763,1.0192701925843468,0.0037576875539476196,0.007515375107895239,0.011273062661842859
0.195,0.04,0.23500000000000001,0.8297872340425532,0.19931121768756144,1.0221088086541612,0.0043112176875614305,0.008622435375122861,0.012933653062684292
0.195,0.045,0.24,0.8125000000000001,0.19986909794635221,1.0249697330582164,0.004869097946352208,0.009738195892704415,0.014607293839056623
0.195,0.05,0.245,0.7959183673469388,0.20043138805973315,1.0278532721011957,0.005431388059733144,0.010862776119466289,0.016294164179199433
0.195,0.055,0.25,0.78,0.2009981489517807,1.03075973821426,0.005998148951780691,0.011996297903561381,0.017994446855342072
0.195,0.06,0.255,0.7647058823529412,0.20156944277291744,1.0336894501175253,0.006569442772917433,0.013138885545834866,0.0197083283187523
0.195,0.065,0.26,0.75,0.20214533293264847,1.0366427329879409,0.007145332932648463,0.014290665865296925,0.021435998797945388
0.195,0.07,0.265,0.7358490566037735,0.20272588413339254,1.0396199186327821,0.0077258841333925354,0.015451768266785071,0.023177652400177606
0.195,0.075,0.27,0.7222222222222222,0.20331116240545166,1.0426213456689828,0.008311162405451655,0.01662232481090331,0.024933487216354966
0.195,0.08,0.275,0.7090909090909091,0.20390123514316594,1.0456473597085432,0.008901235143165931,0.017802470286331862,0.026703705429497793
0.195,0.085,0.28,0.6964285714285714,0.204496171142303,1.0486983135502719,0.009496171142303,0.018992342284606,0.028488513426909
0.195,0.09,0.28500000000000003,0.6842105263157894,0.20509604063873066,1.0517745673781058,0.010096040638730652,0.020192081277461305,0.030288121916191957
0.195,0.095,0.29000000000000004,0.6724137931034482,0.20570091534842783,1.0548764889662965,0.01070091534842782,0.02140183069685564,0.03210274604528346
0.195,0.1,0.29500000000000004,0.6610169491525423,0.20631086850888936,1.0580044538917404,0.011310868508889349,0.022621737017778698,0.03393260552666805
0.195,0.105,0.3,0.65,0.20692597492198261,1.0611588457537569,0.011925974921982607,0.023851949843965214,0.03577792476594782
0.195,0.11,0.305,0.639344262295082,0.20754631099831733,1.0643400564016272,0.012546310998317323,0.025092621996634645,0.03763893299495197
0.195,0.115,0.31,0.6290322580645161,0.20817195480319461,1.0675484861702287,0.013171954803194608,0.026343909606389215,0.03951586440958382
0.195,0.12,0.315,0.6190476190476191,0.20880298610420067,1.070784544124106,0.013802986104200665,0.02760597220840133,0.041408958312601996
0.195,0.125,0.32,0.609375,0.20943948642051857,1.0740486483103515,0.014439486420518566,0.02887897284103713,0.0433184592615557
0.195,0.13,0.325,0.6,0.21008153907403126,1.0773412260206732,0.015081539074031258,0.030163078148062517,0.045244617222093775
0.195,0.135,0.33,0.5909090909090909,0.21072922924229587,1.0806627140630558,0.01572922924229586,0.03145845848459172,0.047187687726887584
0.195,0.14,0.335,0.582089552238806,0.21138264401346962,1.0840135590434339,0.016382644013469616,0.03276528802693923,0.04914793204040885
0.195,0.145,0.33999999999999997,0.573529411764706,0.21204187244327843,1.0873942176578382,0.017041872443278427,0.034083744886556855,0.05112561732983528
0.195,0.15,0.345,0.5652173913043479,0.2127070056141147,1.09080515699546,0.0177070056141147,0.0354140112282294,0.053121016842344104
0.195,0.155,0.35,0.5571428571428572,0.21337813669636496,1.0942468548531536,0.018378136696364955,0.03675627339272991,0.055134410089094865
0.195,0.16,0.355,0.5492957746478874,0.21405536101206613,1.0977198000618775,0.01905536101206612,0.03811072202413224,0.057166083036198356
0.195,0.165,0.36,0.5416666666666667,0.21473877610099867,1.1012244928256343,0.019738776100998667,0.039477552201997335,0.059216328302996
0.195,0.17,0.365,0.5342465753424658,0.21542848178932883,1.104761445073481,0.020428481789328823,0.040856963578657646,0.06128544536798647
0.195,0.175,0.37,0.5270270270270271,0.21612458026091896,1.1083311808252254,0.021124580260918957,0.042249160521837914,0.06337374078275687
0.195,0.18,0.375,0.52,0.2168271761314311,1.1119342365714415,0.021827176131431092,0.043654352262862184,0.06548152839429328
0.195,0.185,0.38,0.5131578947368421,0.2175363765253564,1.1155711616684942,0.022536376525356394,0.04507275305071279,0.06760912957606918
0.195,0.19,0.385,0.5064935064935066,0.21825229115610922,1.119242518749278,0.023252291156109217,0.046504582312218434,0.06975687346832765
0.195,0.195,0.39,0.5,0.21897503240933458,1.1229488841504338,0.023975032409334573,0.04795006481866915,0.07192509722800372
0.195,0.2,0.395,0.4936708860759494,0.21970471542958392,1.1266908483568405,0.024704715429583912,0.049409430859167824,0.07411414628875174
0.195,0.205,0.4,0.4875,0.2204414582105242,1.1304690164642266,0.02544145821052418,0.05088291642104836,0.07632437463157254
0.195,0.21,0.405,0.48148148148148145,0.22118538168885382,1.1342840086607888,0.026185381688853815,0.05237076337770763,0.07855614506656144
0.195,0.215,0.41000000000000003,0.47560975609756095,0.2219366098421114,1.1381364607287763,0.02693660984211138,0.05387321968422276,0.08080982952633414
0.195,0.22,0.41500000000000004,0.4698795180722891,0.22269526979057064,1.142027024567029,0.02769526979057063,0.05539053958114126,0.0830858093717119
0.195,0.225,0.42000000000000004,0.46428571428571425,0.22346149190342846,1.1459563687355305,0.02846149190342845,0.0569229838068569,0.08538447571028535
0.195,0.23,0.42500000000000004,0.4588235294117647,0.22423540990950597,1.1499251790231075,0.02923540990950596,0.05847081981901192,0.08770622972851788
0.195,0.235,0.43,0.4534883720930233,0.22501716101269376,1.1539341590394552,0.03001716101269375,0.0600343220253875,0.09005148303808125
0.195,0.24,0.435,0.4482758620689655,0.22580688601238708,1.1579840308327543,0.03080688601238707,0.06161377202477414,0.09242065803716121
0.195,0.245,0.44,0.4431818181818182,0.2266047294291731,1.162075535534221,0.031604729429173084,0.06320945885834617,0.09481418828751925
0.195,0.25,0.445,0.43820224719101125,0.2274108396360467,1.1662094340310087,0.032410839636046684,0.06482167927209337,0.09723251890814005
0.195,0.255,0.45,0.43333333333333335,0.22822536899544943,1.1703865076689715,0.03322536899544942,0.06645073799089884,0.09967610698634827
0.195,0.26,0.455,0.42857142857142855,0.229048474002445,1.1746075589868974,0.034048474002444984,0.06809694800488997,0.10214542200733495
0.195,0.265,0.46,0.42391304347826086,0.2298803154343626,1.1788734124839106,0.034880315434362597,0.06976063086872519,0.10464094630308779
0.195,0.27,0.465,0.41935483870967744,0.23072105850726465,1.1831849154218699,0.03572105850726465,0.0714421170145293,0.10716317552179394
0.195,0.275,0.47000000000000003,0.4148936170212766,0.23157087303961188,1.1875429386646763,0.03657087303961187,0.07314174607922375,0.10971261911883562
0.195,0.28,0.47500000000000003,0.4105263157894737,0.23242993362353248,1.1919483775565767,0.037429933623532474,0.07485986724706495,0.11228980087059742
0.195,0.285,0.48,0.40625000000000006,0.2332984198041167,1.196402152841624,0.03829841980411669,0.07659683960823338,0.11489525941235007
0.195,0.29,0.485,0.4020618556701031,0.2341765162671987,1.20090521162666,0.0391765162671987,0.0783530325343974,0.1175295488015961
0.195,0.295,0.49,0.3979591836734694,0.2350644130361087,1.205458528390301,0.04006441303610869,0.08012882607221739,0.12019323910832608
0.195,0.3,0.495,0.393939393939394,0.23596230567791643,1.210063106040597,0.04096230567791642,0.08192461135583284,0.12288691703374927
0.195,0.305,0.5,0.39,0.23687039551972044,1.2147199770242074,0.04187039551972044,0.08374079103944088,0.12561118655916131
0.195,0.31,0.505,0.38613861386138615,0.237788889875577,1.2194302044901384,0.042788889875576996,0.08557777975115399,0.128366669626731
0.195,0.315,0.51,0.3823529411764706,0.23871800228470286,1.2241948835112966,0.04371800228470285,0.0874360045694057,0.13115400685410855
0.195,0.32,0.515,0.3786407766990291,0.23965795276163138,1.2290151423673403,0.04465795276163137,0.08931590552326274,0.1339738582848941
0.195,0.325,0.52,0.375,0.24060896805904997,1.2338921438925639,0.04560896805904996,0.09121793611809992,0.13682690417714988
0.195,0.33,0.525,0.37142857142857144,0.24157128194409772,1.2388270868928088,0.04657128194409771,0.09314256388819542,0.13971384583229313
0.195,0.335,0.53,0.36792452830188677,0.24254513548896106,1.2438212076356978,0.047545135488961054,0.09509027097792211,0.14263540646688316
0.195,0.34,0.535,0.3644859813084112,0.24353077737666473,1.2488757814187934,0.048530777376664724,0.09706155475332945,0.14559233212999417
0.195,0.345,0.54,0.3611111111111111,0.2445284642230221,1.2539921242206262,0.049528464223022095,0.09905692844604419,0.14858539266906629
0.195,0.35,0.5449999999999999,0.35779816513761475,0.2455384609157818,1.2591715944399067,0.05053846091578179,0.10107692183156358,0.15161538274734537
0.195,0.355,0.55,0.35454545454545455,0.24656104097208742,1.2644155947286533,0.05156104097208741,0.10312208194417483,0.15468312291626224
0.195,0.36,0.5549999999999999,0.3513513513513514,0.2475964869154479,1.2697255739253737,0.05259648691544788,0.10519297383089576,0.15778946074634365
0.195,0.365,0.56,0.3482142857142857,0.2486450906735158,1.2751030290949528,0.053645090673515805,0.10729018134703161,0.16093527202054742
0.195,0.37,0.565,0.3451327433628319,0.2497071539980661,1.28054950768239,0.05470715399806608,0.10941430799613217,0.16412146199419825
0.195,0.375,0.5700000000000001,0.3421052631578947,0.250782988908682,1.2860666097881128,0.055782988908681996,0.11156597781736399,0.167348966726046
0.195,0.38,0.575,0.33913043478260874,0.2518729181617748,1.2916559905732041,0.05687291816177481,0.11374583632354962,0.17061875448532443
0.195,0.385,0.5800000000000001,0.3362068965517241,0.2529772757466947,1.2973193628035626,0.0579772757466947,0.1159545514933894,0.1739318272400841
0.195,0.39,0.585,0.33333333333333337,0.25409640741083583,1.3030584995427479,0.05909640741083583,0.11819281482167165,0.17728922223250748
0.195,0.395,0.5900000000000001,0.33050847457627114,0.25523067121579657,1.3088752370040848,0.06023067121579656,0.12046134243159312,0.18069201364738968
0.195,0.4,0.595,0.3277310924369748,0.256380438126827,1.3147714775734716,0.061380438126826975,0.12276087625365395,0.18414131438048092
0.195,0.405,0.6000000000000001,0.32499999999999996,0.2575460926379899,1.3207491930153328,0.06254609263798988,0.12509218527597976,0.18763827791396964
0.195,0.41,0.605,0.3223140495867769,0.2587280334356655,1.3268104278752078,0.06372803343566552,0.12745606687133104,0.19118410030699656
0.195,0.415,0.61,0.319672131147541,0.25992667410326353,1.332957303093659,0.06492667410326353,0.12985334820652705,0.19478002230979058
0.195,0.42,0.615,0.3170731707317073,0.2611424438702574,1.3391920198474738,0.06614244387025742,0.13228488774051483,0.19842733161077225
0.195,0.425,0.62,0.31451612903225806,0.2623757884089344,1.345516863635561,0.06737578840893438,0.13475157681786876,0.20212736522680314
0.195,0.43,0.625,0.312,0.2636271706825639,1.3519342086285329,0.06862717068256391,0.13725434136512782,0.20588151204769173
0.195,0.435,0.63,0.30952380952380953,0.264897071849025,1.3584465223026922,0.069897071849025,0.13979414369805,0.20969121554707498
0.195,0.44,0.635,0.30708661417322836,0.2661859922243125,1.3650563703810896,0.07118599222431249,0.14237198444862498,0.21355797667293747
0.195,0.445,0.64,0.3046875,0.2674944523107554,1.371766422106438,0.07249445231075541,0.14498890462151082,0.21748335693226623
0.195,0.45,0.645,0.3023255813953488,0.26882299389524733,1.3785794558730633,0.07382299389524732,0.14764598779049465,0.22146898168574197
0.195,0.455,0.65,0.3,0.27017218122330033,1.385498365247694,0.07517218122330033,0.15034436244660065,0.22551654366990098
0.195,0.46,0.655,0.29770992366412213,0.2715426022553066,1.3925261654118286,0.07654260225530657,0.15308520451061314,0.2296278067659197
0.195,0.465,0.66,0.29545454545454547,0.27293487001203,1.3996660000616923,0.07793487001202998,0.15586974002405996,0.23380461003608993
0.195,0.47,0.665,0.2932330827067669,0.2743496240170621,1.4069211488054465,0.07934962401706208,0.15869924803412416,0.23804887205118624
0.195,0.475,0.6699999999999999,0.29104477611940305,0.27578753184476956,1.4142950351013823,0.08078753184476956,0.1615750636895391,0.24236259553430867
0.195,0.48,0.675,0.28888888888888886,0.2772492907831542,1.421791234785406,0.08224929078315418,0.16449858156630837,0.24674787234946255
0.195,0.485,0.6799999999999999,0.286764705882353,0.27873562962204235,1.4294134852412428,0.08373562962204234,0.16747125924408468,0.251206888866127
0.195,0.49,0.685,0.2846715328467153,0.28024731057814434,1.437165695272535,0.08524731057814433,0.17049462115628866,0.255741931734433
0.195,0.495,0.69,0.28260869565217395,0.281785131369784,1.445051955742482,0.086785131369784,0.173570262739568,0.260355394109352
0.195,0.5,0.6950000000000001,0.2805755395683453,0.2833499274555249,1.4530765510539738,0.08834992745552489,0.17669985491104978,0.26504978236657467
0.195,0.505,0.7,0.2785714285714286,0.28494257445252247,1.4612439715513972,0.08994257445252246,0.17988514890504492,0.2698277233575674
0.195,0.51,0.7050000000000001,0.276595744680851,0.28656399075225414,1.4695589269346365,0.09156399075225413,0.18312798150450826,0.2746919722567624
0.195,0.515,0.71,0.2746478873239437,0.28821514035333584,1.4780263607863375,0.09321514035333583,0.18643028070667167,0.2796454210600075
0.195,0.52,0.7150000000000001,0.2727272727272727,0.28989703593348026,1.4866514663255397,0.09489703593348026,0.1897940718669605,0.28469110780044077
0.195,0.525,0.72,0.27083333333333337,0.2916107421853147,1.4954397035144342,0.09661074218531468,0.19322148437062936,0.28983222655594404
0.195,0.53,0.7250000000000001,0.2689655172413793,0.2933573794438218,1.5043968176606244,0.09835737944382178,0.19671475888764356,0.29507213833146534
0.195,0.535,0.73,0.2671232876712329,0.29513812763664116,1.5135288596750829,0.10013812763664115,0.2002762552732823,0.30041438290992345
0.195,0.54,0.7350000000000001,0.26530612244897955,0.2969542305924626,1.522842208166475,0.10195423059246261,0.20390846118492523,0.30586269177738784
0.195,0.545,0.74,0.26351351351351354,0.29880700074731736,1.5323435935759864,0.10380700074731736,0.20761400149463471,0.31142100224195207
0.195,0.55,0.7450000000000001,0.261744966442953,0.30069782429385683,1.542040124583881,0.10569782429385682,0.21139564858771365,0.31709347288157047
0.195,0.555,0.75,0.26,0.3026281668247973,1.5519393170502427,0.10762816682479731,0.21525633364959462,0.32288450047439193
0.195,0.56,0.7550000000000001,0.2582781456953642,0.30459957952876926,1.5620491257885603,0.10959957952876925,0.2191991590575385,0.32879873858630776
0.195,0.565,0.76,0.2565789473684211,0.3066137060050036,1.572377979512839,0.11161370600500359,0.22322741201000718,0.33484111801501076
0.195,0.57,0.7649999999999999,0.25490196078431376,0.3086722897728311,1.5829348193478519,0.11367228977283111,0.22734457954566223,0.34101686931849334
0.195,0.575,0.77,0.2532467532467533,0.31077718256311493,1.5937291413493073,0.11577718256311492,0.23155436512622984,0.34733154768934477
0.195,0.58,0.7749999999999999,0.2516129032258065,0.31293035349180265,1.6047710435477058,0.11793035349180264,0.23586070698360528,0.3537910604754079
0.195,0.585,0.78,0.25,0.31513389923113955,1.616071278108408,0.12013389923113954,0.24026779846227908,0.3604016976934186
0.195,0.59,0.7849999999999999,0.24840764331210194,0.3173900553121928,1.6276413092932962,0.12239005531219277,0.24478011062438554,0.3671701659365783
0.195,0.595,0.79,0.2468354430379747,0.31970120871379104,1.6394933780194412,0.12470120871379103,0.24940241742758207,0.3741036261413731
0.195,0.6,0.7949999999999999,0.24528301886792456,0.3220699119184539,1.6516405739407893,0.1270699119184539,0.2541398238369078,0.3812097357553617
0.2,0.005,0.20500000000000002,0.975609756097561,0.2005391542237508,1.0026957711187539,0.0005391542237507818,0.0010783084475015636,0.0016174626712523454
0.2,0.01,0.21000000000000002,0.9523809523809523,0.2010823944484046,1.005411972242023,0.0010823944484045778,0.0021647888968091555,0.0032471833452137333
0.2,0.015,0.21500000000000002,0.9302325581395349,0.2016297746891822,1.008148873445911,0.001629774689182184,0.003259549378364368,0.004889324067546552
0.2,0.02,0.22,0.9090909090909092,0.2021813500005859,1.0109067500029294,0.002181350000585891,0.004362700001171782,0.006544050001757673
0.2,0.025,0.225,0.888888888888889,0.20273717650289969,1.0136858825144983,0.002737176502899674,0.005474353005799348,0.008211529508699023
0.2,0.03,0.23,0.8695652173913043,0.203297311409535,1.0164865570476749,0.0032973114095349865,0.006594622819069973,0.00989193422860496
0.2,0.035,0.23500000000000001,0.851063829787234,0.20386181305525486,1.0193090652762742,0.003861813055254848,0.007723626110509696,0.011585439165764544
0.2,0.04,0.24000000000000002,0.8333333333333333,0.20443074092531177,1.0221537046265587,0.00443074092531176,0.00886148185062352,0.01329222277593528
0.2,0.045,0.245,0.8163265306122449,0.20500415568553287,1.0250207784276644,0.005004155685532863,0.010008311371065726,0.015012467056598588
0.2,0.05,0.25,0.8,0.20558211921339087,1.0279105960669543,0.005582119213390857,0.011164238426781714,0.01674635764017257
0.2,0.055,0.255,0.7843137254901961,0.2061646946300999,1.0308234731504995,0.006164694630099887,0.012329389260199775,0.018494083890299662
0.2,0.06,0.26,0.7692307692307693,0.20675194633377625,1.0337597316688811,0.0067519463337762375,0.013503892667552475,0.020255839001328713
0.2,0.065,0.265,0.7547169811320755,0.2073439400337067,1.0367197001685335,0.007343940033706697,0.014687880067413395,0.022031820101120092
0.2,0.07,0.27,0.7407407407407407,0.20794074278577013,1.0397037139288505,0.007940742785770116,0.015881485571540233,0.02382222835731035
0.2,0.075,0.275,0.7272727272727273,0.20854242302905746,1.0427121151452872,0.008542423029057444,0.01708484605811489,0.025627269087172333
0.2,0.08,0.28,0.7142857142857143,0.20914905062374034,1.0457452531187017,0.009149050623740329,0.018298101247480658,0.027447151871220987
0.2,0.085,0.28500000000000003,0.7017543859649122,0.20976069689024002,1.0488034844512,0.009760696890240006,0.019521393780480012,0.029282090670720018
0.2,0.09,0.29000000000000004,0.689655172413793,0.21037743464974867,1.0518871732487434,0.010377434649748662,0.020754869299497325,0.031132303949245987
0.2,0.095,0.29500000000000004,0.6779661016949152,0.21099933826616113,1.0549966913308055,0.010999338266161118,0.021998676532322237,0.032998014798483355
0.2,0.1,0.30000000000000004,0.6666666666666666,0.2116264836894758,1.0581324184473788,0.011626483689475775,0.02325296737895155,0.034879451068427325
0.2,0.105,0.305,0.6557377049180328,0.21225894850072657,1.0612947425036328,0.012258948500726563,0.024517897001453126,0.03677684550217969
0.2,0.11,0.31,0.6451612903225807,0.21289681195851207,1.0644840597925602,0.012896811958512056,0.02579362391702411,0.03869043587553617
0.2,0.115,0.315,0.634920634920635,0.21354015504718782,1.067700775235939,0.013540155047187807,0.027080310094375615,0.04062046514156342
0.2,0.12,0.32,0.625,0.21418906052679842,1.0709453026339921,0.014189060526798414,0.028378121053596828,0.04256718158039524
0.2,0.125,0.325,0.6153846153846154,0.2148436129848187,1.0742180649240933,0.014843612984818677,0.029687225969637354,0.04453083895445603
0.2,0.13,0.33,0.6060606060606061,0.2155038988897906,1.077519494448953,0.01550389888979059,0.03100779777958118,0.04651169666937177
0.2,0.135,0.335,0.5970149253731343,0.21617000664693165,1.0808500332346582,0.016170006646931634,0.03234001329386327,0.0485100199407949
0.2,0.14,0.34,0.5882352941176471,0.21684202665581098,1.0842101332790548,0.01684202665581097,0.03368405331162194,0.05052607996743291
0.2,0.145,0.345,0.5797101449275364,0.21752005137017705,1.0876002568508851,0.017520051370177037,0.03504010274035407,0.05256015411053111
0.2,0.15,0.35,0.5714285714285715,0.21820417536004266,1.0910208768002132,0.01820417536004265,0.0364083507200853,0.054612526080127954
0.2,0.155,0.355,0.5633802816901409,0.21889449537612304,1.094472476880615,0.018894495376123033,0.037788990752246066,0.0566834861283691
0.2,0.16,0.36,0.5555555555555556,0.21959111041673873,1.0979555520836937,0.019591110416738722,0.039182220833477444,0.058773331250216165
0.2,0.165,0.365,0.5479452054794521,0.2202941217972968,1.1014706089864839,0.020294121797296782,0.040588243594593565,0.06088236539189035
0.2,0.17,0.37,0.5405405405405406,0.22100363322246863,1.105018166112343,0.02100363322246862,0.04200726644493724,0.06301089966740586
0.2,0.175,0.375,0.5333333333333333,0.221719750861193,1.108598754305965,0.021719750861192988,0.043439501722385976,0.06515925258357896
0.2,0.18,0.38,0.5263157894736842,0.22244258342463719,1.1122129171231858,0.022442583424637175,0.04488516684927435,0.06732775027391152
0.2,0.185,0.385,0.5194805194805195,0.22317224224725674,1.1158612112362836,0.023172242247256725,0.04634448449451345,0.06951672674177017
0.2,0.19,0.39,0.5128205128205129,0.22390884137110323,1.1195442068555161,0.023908841371103218,0.047817682742206435,0.07172652411330965
0.2,0.195,0.395,0.5063291139240507,0.22465249763353778,1.123262488167689,0.024652497633537773,0.049304995267075546,0.07395749290061332
0.2,0.2,0.4,0.5,0.2254033307585166,1.127016653792583,0.025403330758516585,0.05080666151703317,0.07620999227554975
0.2,0.205,0.405,0.49382716049382713,0.2261614634516237,1.1308073172581183,0.02616146345162368,0.05232292690324736,0.07848439035487104
0.2,0.21,0.41000000000000003,0.4878048780487805,0.22692702149903732,1.1346351074951866,0.026927021499037307,0.053854042998074614,0.08078106449711192
0.2,0.215,0.41500000000000004,0.4819277108433735,0.22770013387062815,1.1385006693531408,0.02770013387062814,0.05540026774125628,0.08310040161188442
0.2,0.22,0.42000000000000004,0.47619047619047616,0.22848093282739657,1.1424046641369827,0.028480932827396555,0.05696186565479311,0.08544279848218966
0.2,0.225,0.42500000000000004,0.47058823529411764,0.2292695540334697,1.1463477701673486,0.029269554033469702,0.058539108066939405,0.08780866210040911
0.2,0.23,0.43000000000000005,0.46511627906976744,0.23006613667289488,1.1503306833644744,0.030066136672894872,0.060132273345789744,0.09019841001868462
0.2,0.235,0.435,0.4597701149425288,0.23087082357147515,1.1543541178573757,0.030870823571475137,0.06174164714295027,0.09261247071442541
0.2,0.24,0.44,0.4545454545454546,0.2316837613239121,1.1584188066195604,0.031683761323912096,0.06336752264782419,0.09505128397173629
0.2,0.245,0.445,0.44943820224719105,0.23250510042653627,1.1625255021326812,0.03250510042653626,0.06501020085307252,0.09751530127960878
0.2,0.25,0.45,0.4444444444444445,0.23333499541592018,1.1666749770796008,0.033334995415920166,0.06666999083184033,0.1000049862477605
0.2,0.255,0.455,0.43956043956043955,0.2341736050136931,1.1708680250684655,0.0341736050136931,0.0683472100273862,0.1025208150410793
0.2,0.26,0.46,0.43478260869565216,0.23502109227789003,1.17510546138945,0.03502109227789002,0.07004218455578004,0.10506327683367006
0.2,0.265,0.465,0.43010752688172044,0.2358776247611959,1.1793881238059793,0.03587762476119588,0.07175524952239176,0.10763287428358764
0.2,0.27,0.47000000000000003,0.425531914893617,0.2367433746764609,1.1837168733823045,0.03674337467646088,0.07348674935292177,0.11023012402938265
0.2,0.275,0.47500000000000003,0.42105263157894735,0.23761851906989706,1.1880925953494852,0.03761851906989705,0.0752370381397941,0.11285555720969115
0.2,0.28,0.48000000000000004,0.41666666666666663,0.23850324000238332,1.1925162000119165,0.03850324000238331,0.07700648000476662,0.11550972000714993
0.2,0.285,0.485,0.4123711340206186,0.2393977247393424,1.196988623696712,0.03939772473934239,0.07879544947868478,0.11819317421802716
0.2,0.29,0.49,0.40816326530612246,0.24030216594967835,1.2015108297483916,0.04030216594967834,0.08060433189935667,0.12090649784903501
0.2,0.295,0.495,0.4040404040404041,0.24121676191430208,1.2060838095715103,0.04121676191430207,0.08243352382860414,0.12365028574290621
0.2,0.3,0.5,0.4,0.242141716744801,1.210708583724005,0.042141716744800994,0.08428343348960199,0.12642515023440298
0.2,0.305,0.505,0.39603960396039606,0.24307724061285485,1.2153862030642741,0.04307724061285484,0.08615448122570968,0.12923172183856452
0.2,0.31,0.51,0.39215686274509803,0.24402354999103648,1.2201177499551823,0.04402354999103647,0.08804709998207294,0.1320706499731094
0.2,0.315,0.515,0.3883495145631068,0.24498086790568352,1.2249043395284176,0.04498086790568351,0.08996173581136702,0.13494260371705052
0.2,0.32,0.52,0.38461538461538464,0.24594942420257393,1.2297471210128696,0.04594942420257392,0.09189884840514784,0.13784827260772176
0.2,0.325,0.525,0.38095238095238093,0.2469294558261942,1.2346472791309708,0.04692945582619418,0.09385891165238835,0.14078836747858253
0.2,0.33,0.53,0.37735849056603776,0.24792120711344268,1.2396060355672134,0.047921207113442665,0.09584241422688533,0.143763621340328
0.2,0.335,0.535,0.37383177570093457,0.2489249301026728,1.244624650513364,0.04892493010267279,0.09784986020534558,0.14677479030801838
0.2,0.34,0.54,0.37037037037037035,0.24994088485905241,1.249704424295262,0.049940884859052403,0.09988176971810481,0.1498226545771572
0.2,0.345,0.5449999999999999,0.36697247706422026,0.25096933981728087,1.2548466990864042,0.050969339817280856,0.10193867963456171,0.15290801945184257
0.2,0.35,0.55,0.36363636363636365,0.252010572142791,1.260052860713955,0.05201057214279098,0.10402114428558196,0.15603171642837294
0.2,0.355,0.5549999999999999,0.3603603603603604,0.2530648681126467,1.2653243405632335,0.05306486811264671,0.10612973622529343,0.15919460433794014
0.2,0.36,0.56,0.35714285714285715,0.254132523517441,1.270662617587205,0.05413252351744097,0.10826504703488193,0.1623975705523229
0.2,0.365,0.565,0.3539823008849558,0.25521384408559866,1.2760692204279933,0.05521384408559865,0.1104276881711973,0.16564153225679595
0.2,0.37,0.5700000000000001,0.3508771929824561,0.25630914593160714,1.2815457296580357,0.05630914593160713,0.11261829186321426,0.1689274377948214
0.2,0.375,0.575,0.3478260869565218,0.257418756029809,1.287093780149045,0.057418756029809004,0.11483751205961801,0.172256268089427
0.2,0.38,0.5800000000000001,0.3448275862068965,0.2585430127155337,1.2927150635776685,0.05854301271553369,0.11708602543106739,0.17562903814660108
0.2,0.385,0.585,0.34188034188034194,0.2596822662154833,1.2984113310774164,0.05968226621548328,0.11936453243096656,0.17904679864644985
0.2,0.39,0.5900000000000001,0.3389830508474576,0.26083687920945176,1.3041843960472588,0.060836879209451744,0.12167375841890349,0.18251063762835523
0.2,0.395,0.595,0.33613445378151263,0.26200722742562743,1.310036137128137,0.06200722742562742,0.12401445485125484,0.18602168227688226
0.2,0.4,0.6000000000000001,0.3333333333333333,0.2631937002719227,1.3159685013596134,0.06319370027192267,0.12638740054384534,0.189581100815768
0.2,0.405,0.605,0.3305785123966942,0.2643967015059836,1.321983507529918,0.06439670150598359,0.12879340301196718,0.19319010451795077
0.2,0.41,0.61,0.3278688524590164,0.26561664994676504,1.328083249733825,0.06561664994676503,0.13123329989353005,0.19684994984029508
0.2,0.415,0.615,0.3252032520325204,0.2668539802308091,1.3342699011540453,0.06685398023080907,0.13370796046161815,0.20056194069242722
0.2,0.42,0.62,0.32258064516129037,0.2681091436166483,1.3405457180832414,0.06810914361664827,0.13621828723329654,0.2043274308499448
0.2,0.425,0.625,0.32,0.269382608841062,1.34691304420531,0.06938260884106201,0.13876521768212402,0.20814782652318603
0.2,0.43,0.63,0.3174603174603175,0.27067486303126,1.3533743151562998,0.07067486303125997,0.14134972606251994,0.2120245890937799
0.2,0.435,0.635,0.31496062992125984,0.2719864126774416,1.359932063387208,0.0719864126774416,0.1439728253548832,0.2159592380323248
0.2,0.44,0.64,0.3125,0.27331778467060586,1.3665889233530293,0.07331778467060585,0.1466355693412117,0.21995335401181754
0.2,0.445,0.645,0.31007751937984496,0.27466952741094375,1.3733476370547186,0.07466952741094374,0.14933905482188747,0.2240085822328312
0.2,0.45,0.65,0.3076923076923077,0.27604221199267265,1.3802110599633632,0.07604221199267264,0.15208442398534527,0.2281266359780179
0.2,0.455,0.655,0.3053435114503817,0.2774364334717391,1.3871821673586953,0.07743643347173906,0.15487286694347813,0.2323093004152172
0.2,0.46,0.66,0.30303030303030304,0.2788528122234628,1.394264061117314,0.0788528122234628,0.1577056244469256,0.2365584366703884
0.2,0.465,0.665,0.3007518796992481,0.28029199539791116,1.4014599769895557,0.08029199539791115,0.1605839907958223,0.24087598619373346
0.2,0.47,0.6699999999999999,0.2985074626865672,0.28175465848158976,1.4087732924079488,0.08175465848158975,0.1635093169631795,0.24526397544476924
0.2,0.475,0.675,0.2962962962962963,0.2832415069749352,1.416207534874676,0.08324150697493521,0.16648301394987042,0.24972452092480563
0.2,0.48,0.6799999999999999,0.2941176470588236,0.2847532781960971,1.4237663909804854,0.08475327819609707,0.16950655639219414,0.2542598345882912
0.2,0.485,0.685,0.291970802919708,0.2862907432226268,1.431453716113134,0.08629074322262681,0.17258148644525362,0.2588722296678804
0.2,0.49,0.69,0.2898550724637682,0.28785470898395915,1.4392735449197958,0.08785470898395914,0.17570941796791828,0.2635641269518774
0.2,0.495,0.6950000000000001,0.28776978417266186,0.2894460205190045,1.4472301025950223,0.08944602051900447,0.17889204103800893,0.2683380615570134
0.2,0.5,0.7,0.28571428571428575,0.29106556341478473,1.4553278170739237,0.09106556341478472,0.18213112682956945,0.27319669024435417
0.2,0.505,0.7050000000000001,0.2836879432624113,0.292714266443874,1.46357133221937,0.09271426644387398,0.18542853288774797,0.27814279933162195
0.2,0.51,0.71,0.28169014084507044,0.2943931044204806,1.471965522102403,0.0943931044204806,0.1887862088409612,0.2831793132614418
0.2,0.515,0.7150000000000001,0.2797202797202797,0.29610310129735784,1.4805155064867892,0.09610310129735783,0.19220620259471566,0.2883093038920735
0.2,0.52,0.72,0.2777777777777778,0.29784533352841414,1.4892266676420707,0.09784533352841412,0.19569066705682825,0.2935360005852424
0.2,0.525,0.7250000000000001,0.27586206896551724,0.2996209337249516,1.4981046686247579,0.09962093372495157,0.19924186744990313,0.2988628011748547
0.2,0.53,0.73,0.27397260273972607,0.3014310946369556,1.507155473184778,0.1014310946369556,0.2028621892739112,0.3042932839108668
0.2,0.535,0.7350000000000001,0.27210884353741494,0.3032770734948703,1.5163853674743515,0.10327707349487031,0.20655414698974062,0.3098312204846109
0.2,0.54,0.74,0.2702702702702703,0.3051601967518949,1.5258009837594744,0.10516019675189486,0.21032039350378973,0.3154805902556846
0.2,0.545,0.7450000000000001,0.2684563758389262,0.30708186527214076,1.5354093263607038,0.10708186527214075,0.2141637305442815,0.32124559581642226
0.2,0.55,0.75,0.26666666666666666,0.309043560016112,1.5452178000805599,0.10904356001611198,0.21808712003222397,0.32713068004833595
0.2,0.555,0.7550000000000001,0.2649006622516556,0.3110468482820635,1.5552342414103175,0.11104684828206351,0.22209369656412703,0.33314054484619054
0.2,0.56,0.76,0.2631578947368421,0.3130933905700183,1.5654669528500913,0.11309339057001827,0.22618678114003654,0.3392801717100548
0.2,0.565,0.7649999999999999,0.2614379084967321,0.31518494814481623,1.575924740724081,0.11518494814481622,0.23036989628963245,0.34555484443444867
0.2,0.57,0.77,0.25974025974025977,0.3173233913857598,1.5866169569287991,0.11732339138575981,0.23464678277151962,0.35197017415727944
0.2,0.575,0.7749999999999999,0.2580645161290323,0.3195107090235383,1.5975535451176914,0.11951070902353828,0.23902141804707655,0.3585321270706148
0.2,0.58,0.78,0.25641025641025644,0.32174901838053427,1.6087450919026713,0.12174901838053426,0.24349803676106851,0.36524705514160277
0.2,0.585,0.7849999999999999,0.2547770700636943,0.32404057674880016,1.6202028837440008,0.12404057674880015,0.2480811534976003,0.37212173024640044
0.2,0.59,0.79,0.25316455696202533,0.3263877940615212,1.631938970307606,0.12638779406152117,0.25277558812304235,0.3791633821845635
0.2,0.595,0.7949999999999999,0.2515723270440252,0.3287932470393594,1.643966235196797,0.1287932470393594,0.2575864940787188,0.3863797411180782
0.2,0.6,0.8,0.25,0.331259695023578,1.65629847511789,0.13125969502357798,0.26251939004715596,0.39377908507073395
0.205,0.005,0.21,0.9761904761904762,0.2055537095651082,1.0027010222688206,0.0005537095651082236,0.0011074191302164471,0.0016611286953246707
0.205,0.01,0.215,0.9534883720930232,0.20611162941238348,1.0054225824994316,0.0011116294123834913,0.0022232588247669827,0.003334888237150474
0.205,0.015,0.21999999999999997,0.9318181818181819,0.2066738154316321,1.0081649533250348,0.001673815431632114,0.003347630863264228,0.005021446294896342
0.205,0.02,0.22499999999999998,0.9111111111111111,0.20724032459306396,1.0109284126490925,0.002240324593063975,0.00448064918612795,0.006720973779191924
0.205,0.025,0.22999999999999998,0.8913043478260869,0.20781121497498023,1.0137132437803915,0.0028112149749802418,0.0056224299499604835,0.008433644924940725
0.205,0.03,0.235,0.8723404255319149,0.20838654579235083,1.0165197355724431,0.0033865457923508424,0.006773091584701685,0.010159637377052527
0.205,0.035,0.24,0.8541666666666666,0.20896637742631374,1.0193481825673842,0.003966377426313755,0.00793275485262751,0.011899132278941266
0.205,0.04,0.245,0.836734693877551,0.20955077145463463,1.0221988851445591,0.0045507714546346445,0.009101542909269289,0.013652314363903933
0.205,0.045,0.25,0.82,0.21013979068316235,1.0250721496739628,0.005139790683162365,0.01027958136632473,0.015419372049487096
0.205,0.05,0.255,0.8039215686274509,0.2107334991783213,1.027968288674738,0.005733499178321305,0.01146699835664261,0.017200497534963916
0.205,0.055,0.26,0.7884615384615384,0.2113319623006802,1.0308876209789277,0.0063319623006801995,0.012663924601360399,0.0189958869020406
0.205,0.06,0.265,0.7735849056603773,0.21193524673964226,1.033830471900694,0.00693524673964227,0.01387049347928454,0.02080574021892681
0.205,0.065,0.27,0.7592592592592592,0.21254342054929976,1.0367971734112185,0.0075434205492997675,0.015086841098599535,0.022630261647899302
0.205,0.07,0.275,0.7454545454545454,0.21315655318550242,1.039788064319524,0.00815655318550243,0.01631310637100486,0.02446965955650729
0.205,0.075,0.27999999999999997,0.7321428571428572,0.21377471554418703,1.042803490459449,0.008774715544187045,0.01754943108837409,0.026324146632561135
0.205,0.08,0.285,0.7192982456140351,0.2143979800010215,1.0458438048830319,0.009397980001021516,0.018795960002043033,0.02819394000306455
0.205,0.085,0.29,0.7068965517241379,0.2150264204524187,1.0489093680605792,0.010026420452418722,0.020052840904837443,0.030079261357256165
0.205,0.09,0.295,0.6949152542372882,0.215660112357973,1.0520005480876733,0.010660112357973012,0.021320224715946023,0.031980337073919035
0.205,0.095,0.3,0.6833333333333333,0.21629913278438528,1.0551177208994404,0.011299132784385296,0.022598265568770592,0.03389739835315589
0.205,0.1,0.305,0.6721311475409836,0.21694356045093344,1.0582612704923582,0.01194356045093345,0.0238871209018669,0.03583068135280035
0.205,0.105,0.31,0.6612903225806451,0.2175934757765593,1.0614315891539479,0.01259347577655931,0.02518695155311862,0.03778042732967793
0.205,0.11,0.315,0.6507936507936507,0.21824896092863622,1.0646290777006646,0.013248960928636228,0.026497921857272455,0.03974688278590868
0.205,0.115,0.32,0.640625,0.21891009987349486,1.0678541457243653,0.013910099873494869,0.027820199746989738,0.04173029962048461
0.205,0.12,0.32499999999999996,0.6307692307692309,0.21957697842877888,1.0711072118477019,0.014576978428778892,0.029153956857557783,0.043730935286336675
0.205,0.125,0.32999999999999996,0.6212121212121212,0.2202496843177153,1.074388703988855,0.015249684317715312,0.030499368635430624,0.045749052953145936
0.205,0.13,0.33499999999999996,0.6119402985074627,0.22092830722538026,1.0776990596360014,0.015928307225380273,0.031856614450760545,0.04778492167614082
0.205,0.135,0.33999999999999997,0.6029411764705882,0.2216129388570507,1.0810387261319547,0.016612938857050702,0.033225877714101404,0.049838816571152106
0.205,0.14,0.345,0.5942028985507246,0.2223036729987351,1.0844081609694396,0.017303672998735115,0.03460734599747023,0.051911018996205344
0.205,0.145,0.35,0.5857142857142857,0.22300060557998147,1.0878078320974707,0.018000605579981482,0.036001211159962965,0.05400181673994445
0.205,0.15,0.355,0.5774647887323944,0.22370383473906685,1.0912382182393505,0.018703834739066866,0.03740766947813373,0.0561115042172006
0.205,0.155,0.36,0.5694444444444444,0.2244134608906755,1.0946998092228073,0.0194134608906755,0.038826921781351,0.0582403826720265
0.205,0.16,0.365,0.5616438356164384,0.22512958679618333,1.0981931063228456,0.020129586796183346,0.04025917359236669,0.06038876038855004
0.205,0.165,0.37,0.5540540540540541,0.22585231763666724,1.101718622617889,0.020852317636667256,0.04170463527333451,0.06255695291000177
0.205,0.17,0.375,0.5466666666666666,0.22658176108876993,1.1052768833598534,0.02158176108876994,0.04316352217753988,0.06474528326630982
0.205,0.175,0.38,0.5394736842105263,0.22731802740355167,1.1088684263587887,0.022318027403551682,0.044636054807103365,0.06695408221065505
0.205,0.18,0.385,0.5324675324675324,0.22806122948847485,1.1124938023828042,0.02306122948847486,0.04612245897694972,0.06918368846542458
0.205,0.185,0.39,0.5256410256410255,0.22881148299266962,1.1161535755739982,0.023811482992669636,0.04762296598533927,0.07143444897800891
0.205,0.19,0.395,0.5189873417721519,0.22956890639563965,1.1198483238811692,0.02456890639563966,0.04913781279127932,0.07370671918691898
0.205,0.195,0.4,0.5125,0.2303336210995769,1.1235786395101313,0.025333621099576903,0.050667242199153806,0.07600086329873071
0.205,0.2,0.405,0.5061728395061728,0.2311057515254622,1.1273451293924985,0.026105751525462212,0.052211503050924424,0.07831725457638664
0.205,0.205,0.41,0.5,0.23188542521313915,1.1311484156738496,0.026885425213139164,0.05377085042627833,0.08065627563941749
0.205,0.21,0.415,0.4939759036144578,0.23267277292556188,1.134989136222253,0.02767277292556189,0.05534554585112378,0.08301831877668567
0.205,0.215,0.42,0.4880952380952381,0.23346792875742473,1.1388679451581694,0.028467928757424737,0.056935857514849475,0.08540378627227421
0.205,0.22,0.425,0.4823529411764706,0.23427103024839935,1.142785513406826,0.02927103024839936,0.05854206049679872,0.08781309074519808
0.205,0.225,0.43,0.4767441860465116,0.23508221850121358,1.1467425292742126,0.030082218501213592,0.060164437002427185,0.09024665550364078
0.205,0.23,0.435,0.47126436781609193,0.2359016383048248,1.150739699047926,0.030901638304824813,0.06180327660964963,0.09270491491447444
0.205,0.235,0.43999999999999995,0.46590909090909094,0.236729438262952,1.1547777476241563,0.03172943826295202,0.06345887652590404,0.09518831478885606
0.205,0.24,0.44499999999999995,0.4606741573033708,0.23756577092825026,1.1588574191621965,0.032565770928250276,0.06513154185650055,0.09769731278475083
0.205,0.245,0.44999999999999996,0.45555555555555555,0.2384107929424264,1.1629794777679336,0.03341079294242641,0.06682158588485282,0.10023237882727923
0.205,0.25,0.45499999999999996,0.45054945054945056,0.23926466518261613,1.1671447082078836,0.034264665182616144,0.06852933036523229,0.10279399554784843
0.205,0.255,0.45999999999999996,0.44565217391304346,0.2401275529143595,1.1713539166554123,0.03512755291435951,0.07025510582871902,0.10538265874307853
0.205,0.26,0.46499999999999997,0.44086021505376344,0.240999625951537,1.1756079314709122,0.03599962595153702,0.07199925190307405,0.10799887785461107
0.205,0.265,0.47,0.43617021276595747,0.24188105882364874,1.1799076040177987,0.036881058823648755,0.07376211764729751,0.11064317647094626
0.205,0.27,0.475,0.43157894736842106,0.24277203095084587,1.1842538095163213,0.037772030950845886,0.07554406190169177,0.11331609285253766
0.205,0.275,0.48,0.4270833333333333,0.2436727268271498,1.1886474479373161,0.03867272682714981,0.07734545365429962,0.11601818048144943
0.205,0.28,0.485,0.422680412371134,0.24458333621232287,1.1930894449381604,0.03958333621232288,0.07916667242464576,0.11875000863696863
0.205,0.285,0.49,0.4183673469387755,0.24550405433288602,1.1975807528433464,0.040504054332886036,0.08100810866577207,0.12151216299865811
0.205,0.29,0.495,0.41414141414141414,0.2464350820928135,1.202122351672261,0.04143508209281352,0.08287016418562704,0.12430524627844056
0.205,0.295,0.5,0.41,0.24737662629446633,1.206715250216909,0.04237662629446634,0.08475325258893268,0.12712987888339902
0.205,0.3,0.505,0.4059405940594059,0.248328899870372,1.2113604871725463,0.043328899870372,0.086657799740744,0.129986699611116
0.205,0.305,0.51,0.40196078431372545,0.24929212212649277,1.216059132324355,0.04429212212649278,0.08858424425298556,0.13287636637947833
0.205,0.31,0.515,0.39805825242718446,0.2502665189976767,1.220812287793545,0.045266518997676725,0.09053303799535345,0.13579955699303017
0.205,0.315,0.52,0.3942307692307692,0.25125232331602854,1.2256210893464807,0.04625232331602855,0.0925046466320571,0.13875696994808565
0.205,0.32,0.525,0.3904761904761904,0.2522497750929956,1.2304867077707105,0.04724977509299563,0.09449955018599127,0.1417493252789869
0.205,0.325,0.53,0.38679245283018865,0.2532591218160194,1.235410350322046,0.04825912181601941,0.09651824363203881,0.14477736544805822
0.205,0.33,0.535,0.3831775700934579,0.2542806187606641,1.240393262247142,0.04928061876066411,0.09856123752132823,0.14784185628199234
0.205,0.335,0.54,0.3796296296296296,0.25531452931920584,1.24543672838637,0.05031452931920585,0.1006290586384117,0.15094358795761756
0.205,0.34,0.545,0.37614678899082565,0.2563611253467326,1.2505420748621103,0.05136112534673262,0.10272225069346524,0.15408337604019787
0.205,0.345,0.5499999999999999,0.37272727272727274,0.257420687525892,1.2557106708580097,0.05242068752589199,0.10484137505178398,0.15726206257767597
0.205,0.35,0.5549999999999999,0.36936936936936937,0.2584935057515051,1.2609439304951469,0.053493505751505105,0.10698701150301021,0.16048051725451531
0.205,0.355,0.5599999999999999,0.3660714285714286,0.2595798795363624,1.266243314811524,0.054579879536362425,0.10915975907272485,0.16373963860908727
0.205,0.36,0.565,0.36283185840707965,0.260680118439619,1.2716103338518001,0.055680118439619036,0.11136023687923807,0.1670403553188571
0.205,0.365,0.57,0.35964912280701755,0.261794542519318,1.277046548874722,0.05679454251931801,0.11358908503863602,0.17038362755795403
0.205,0.37,0.575,0.3565217391304348,0.2629234828106962,1.282553574686323,0.05792348281069623,0.11584696562139246,0.1737704484320887
0.205,0.375,0.58,0.35344827586206895,0.2640672818320562,1.2881330821075911,0.0590672818320562,0.1181345636641124,0.1772018454961686
0.205,0.38,0.585,0.3504273504273504,0.2652262941201383,1.2937868005860407,0.06022629412013833,0.12045258824027666,0.180678882360415
0.205,0.385,0.59,0.3474576271186441,0.26640088679708396,1.2995165209613853,0.06140088679708397,0.12280177359416794,0.1842026603912519
0.205,0.39,0.595,0.3445378151260504,0.2675914401712596,1.3053240983963883,0.06259144017125959,0.12518288034251918,0.18777432051377876
0.205,0.395,0.6,0.3416666666666667,0.268798348374401,1.3112114554848828,0.06379834837440099,0.12759669674880197,0.19139504512320296
0.205,0.4,0.605,0.33884297520661155,0.27002202003775055,1.3171805855500027,0.06502202003775057,0.13004404007550113,0.1950660601132517
0.205,0.405,0.61,0.3360655737704918,0.2712628790100938,1.3232335561467992,0.06626287901009384,0.13252575802018768,0.19878863703028152
0.205,0.41,0.615,0.3333333333333333,0.27252136512085434,1.3293725127846554,0.06752136512085435,0.1350427302417087,0.20256409536256306
0.205,0.415,0.62,0.33064516129032256,0.27379793499169325,1.3355996828863086,0.06879793499169326,0.13759586998338652,0.20639380497507978
0.205,0.42,0.625,0.32799999999999996,0.2750930629003683,1.3419173800017965,0.07009306290036829,0.14018612580073658,0.21027918870110487
0.205,0.425,0.63,0.32539682539682535,0.2764072417009512,1.348328008297323,0.07140724170095122,0.14281448340190245,0.21422172510285367
0.205,0.43,0.635,0.3228346456692913,0.277740983804888,1.3548340673409172,0.072740983804888,0.145481967609776,0.218222951414664
0.205,0.435,0.64,0.3203125,0.27909482222780213,1.361438157208791,0.07409482222780214,0.14818964445560429,0.22228446668340643
0.205,0.44,0.645,0.31782945736434104,0.2804693117074156,1.3681429839386128,0.07546931170741564,0.15093862341483127,0.2264079351222469
0.205,0.445,0.65,0.3153846153846154,0.2818650298984806,1.3749513653584422,0.07686502989848062,0.15373005979696125,0.23059508969544187
0.205,0.45,0.655,0.3129770992366412,0.28328257865119066,1.3818662373228814,0.07828257865119068,0.15656515730238135,0.23484773595357203
0.205,0.455,0.66,0.31060606060606055,0.28472258538019424,1.3888906603911915,0.07972258538019425,0.1594451707603885,0.23916775614058275
0.205,0.46,0.665,0.3082706766917293,0.28618570453204106,1.3960278269855662,0.08118570453204108,0.16237140906408215,0.24355711359612323
0.205,0.465,0.67,0.3059701492537313,0.2876726191597092,1.4032810690717523,0.08267261915970922,0.16534523831941844,0.24801785747912766
0.205,0.47,0.6749999999999999,0.3037037037037037,0.2891840426137522,1.4106538664085473,0.0841840426137522,0.1683680852275044,0.2525521278412566
0.205,0.475,0.6799999999999999,0.3014705882352941,0.2907207203606187,1.4181498554176521,0.0857207203606187,0.1714414407212374,0.2571621610818561
0.205,0.48,0.6849999999999999,0.29927007299270075,0.29228343193983364,1.4257728387308959,0.08728343193983365,0.1745668638796673,0.2618502958195009
0.205,0.485,0.69,0.2971014492753623,0.29387299307300174,1.4335267954780573,0.08887299307300175,0.1777459861460035,0.26661897921900524
0.205,0.49,0.695,0.2949640287769784,0.2954902579390365,1.441415892385544,0.0904902579390365,0.180980515878073,0.2714707738171095
0.205,0.495,0.7,0.29285714285714287,0.2971361216316375,1.4494444957640855,0.09213612163163751,0.18427224326327502,0.2764083648949125
0.205,0.5,0.705,0.2907801418439716,0.2988115228168827,1.4576171844725987,0.09381152281688274,0.18762304563376547,0.2814345684506482
0.205,0.505,0.71,0.2887323943661972,0.30051744661087765,1.4659387639555008,0.09551744661087766,0.19103489322175532,0.28655233983263295
0.205,0.51,0.715,0.2867132867132867,0.30225492769977536,1.474414281462319,0.09725492769977537,0.19450985539955074,0.2917647830993261
0.205,0.515,0.72,0.2847222222222222,0.30402505372717215,1.4830490425715714,0.09902505372717216,0.19805010745434432,0.29707516118151645
0.205,0.52,0.725,0.2827586206896552,0.3058289689769549,1.4918486291558777,0.1008289689769549,0.2016579379539098,0.30248690693086466
0.205,0.525,0.73,0.2808219178082192,0.3076678783831889,1.5008189189423848,0.10266787838318889,0.20533575676637777,0.30800363514956663
0.205,0.53,0.735,0.2789115646258503,0.30954305190266307,1.509966106842259,0.10454305190266308,0.20908610380532616,0.3136291557079892
0.205,0.535,0.74,0.27702702702702703,0.3114558292903289,1.5192967282455068,0.1064558292903289,0.2129116585806578,0.3193674878709867
0.205,0.54,0.745,0.2751677852348993,0.3134076253231969,1.5288176845033996,0.1084076253231969,0.2168152506463938,0.32522287596959065
0.205,0.545,0.75,0.2733333333333333,0.31539993552440404,1.5385362708507515,0.11039993552440405,0.2207998710488081,0.33119980657321213
0.205,0.55,0.755,0.271523178807947,0.31743434244628155,1.548460207055032,0.11243434244628156,0.22486868489256312,0.33730302733884465
0.205,0.555,0.76,0.26973684210526316,0.3195125225795157,1.5585976711195888,0.11451252257951569,0.22902504515903138,0.34353756773854704
0.205,0.56,0.765,0.2679738562091503,0.3216362539651204,1.5689573364152216,0.11663625396512042,0.23327250793024085,0.34990876189536124
0.205,0.565,0.7699999999999999,0.26623376623376627,0.32380742459717204,1.579548412669132,0.11880742459717206,0.2376148491943441,0.35642227379151614
0.205,0.57,0.7749999999999999,0.2645161290322581,0.32602804171742306,1.5903806913045029,0.12102804171742307,0.24205608343484614,0.3630841251522692
0.205,0.575,0.7799999999999999,0.26282051282051283,0.3283002421183856,1.601464595699442,0.12330024211838561,0.24660048423677122,0.3699007263551568
0.205,0.58,0.7849999999999999,0.2611464968152866,0.33062630358971923,1.6128112370230208,0.12562630358971924,0.2512526071794385,0.3768789107691577
0.205,0.585,0.7899999999999999,0.25949367088607594,0.3330086576643575,1.6244324764115001,0.1280086576643575,0.256017315328715,0.3840259729930725
0.205,0.59,0.7949999999999999,0.2578616352201258,0.3354499038464642,1.6363409943729963,0.13044990384646424,0.2608998076929285,0.3913497115393927
0.205,0.595,0.7999999999999999,0.25625000000000003,0.3379528255339057,1.6485503684580767,0.13295282553390572,0.26590565106781144,0.39885847660171714
0.205,0.6,0.8049999999999999,0.2546583850931677,0.3405204078845646,1.6610751604125105,0.13552040788456463,0.27104081576912925,0.40656122365369385
0.21,0.005,0.215,0.9767441860465116,0.2105683241019024,1.0027063052471543,0.0005683241019024121,0.0011366482038048242,0.0017049723057072363
0.21,0.01,0.22,0.9545454545454545,0.21114098407919357,1.0054332575199694,0.00114098407919358,0.00228196815838716,0.0034229522375807397
0.21,0.015,0.22499999999999998,0.9333333333333333,0.21171803772987985,1.0081811320470468,0.0017180377298798566,0.003436075459759713,0.00515411318963957
0.21,0.02,0.22999999999999998,0.9130434782608696,0.21229954397454298,1.0109502094025857,0.002299543974542989,0.004599087949085978,0.006898631923628967
0.21,0.025,0.235,0.8936170212765958,0.21288556288525606,1.0137407756440766,0.002885562885256071,0.005771125770512142,0.008656688655768213
0.21,0.03,0.24,0.875,0.2134761557154321,1.0165531224544386,0.003476155715432111,0.006952311430864222,0.010428467146296333
0.21,0.035,0.245,0.8571428571428571,0.21407138493064315,1.019387547288777,0.004071384930643157,0.008142769861286314,0.012214154791929471
0.21,0.04,0.25,0.84,0.21467131424044517,1.0222443535259294,0.0046713142404451735,0.009342628480890347,0.01401394272133552
0.21,0.045,0.255,0.8235294117647058,0.21527600863125196,1.0251238506250093,0.005276008631251966,0.010552017262503932,0.015828025893755898
0.21,0.05,0.26,0.8076923076923076,0.21588553440029679,1.0280263542871275,0.0058855344002967935,0.011771068800593587,0.01765660320089038
0.21,0.055,0.265,0.7924528301886792,0.21649995919072662,1.0309521866225078,0.0064999591907266285,0.012999918381453257,0.019499877572179886
0.21,0.06,0.27,0.7777777777777777,0.21711935202787414,1.0339016763232103,0.007119352027874143,0.014238704055748286,0.02135805608362243
0.21,0.065,0.275,0.7636363636363636,0.21774378335675537,1.0368751588416922,0.007743783356755379,0.015487566713510759,0.023231350070266138
0.21,0.07,0.28,0.7499999999999999,0.21837332508084328,1.0398729765754442,0.008373325080843291,0.016746650161686583,0.025119975242529874
0.21,0.075,0.285,0.736842105263158,0.21900805060216844,1.042895479057945,0.009008050602168444,0.018016101204336887,0.02702415180650533
0.21,0.08,0.29,0.7241379310344828,0.2196480348628036,1.0459430231562077,0.009648034862803606,0.019296069725607212,0.02894410458841082
0.21,0.085,0.295,0.711864406779661,0.2202933543877874,1.0490159732751783,0.010293354387787418,0.020586708775574836,0.030880063163362254
0.21,0.09,0.3,0.7,0.22094408732955095,1.0521147015692902,0.010944087329550961,0.021888174659101922,0.03283226198865288
0.21,0.095,0.305,0.6885245901639344,0.2216003135139054,1.0552395881614545,0.01160031351390542,0.02320062702781084,0.03480094054171626
0.21,0.1,0.31,0.6774193548387096,0.22226211448766398,1.0583910213698284,0.012262114487663983,0.024524228975327966,0.03678634346299195
0.21,0.105,0.315,0.6666666666666666,0.22292957356796117,1.0615693979426724,0.012929573567961178,0.025859147135922356,0.038788720703883534
0.21,0.11,0.32,0.65625,0.22360277589334832,1.0647751233016587,0.013602775893348323,0.027205551786696647,0.04080832768004497
0.21,0.115,0.325,0.6461538461538461,0.22428180847673795,1.0680086117939902,0.014281808476737962,0.028563616953475923,0.042845425430213885
0.21,0.12,0.32999999999999996,0.6363636363636365,0.2249667602602825,1.0712702869537263,0.014966760260282513,0.029933520520565027,0.04490028078084754
0.21,0.125,0.33499999999999996,0.6268656716417911,0.22565772217226743,1.074560581772702,0.015657722172267435,0.03131544434453487,0.046973166516802306
0.21,0.13,0.33999999999999997,0.6176470588235294,0.22635478718611324,1.0778799389814917,0.016354787186113245,0.03270957437222649,0.049064361558339736
0.21,0.135,0.345,0.6086956521739131,0.22705805038157767,1.0812288113408461,0.017058050381577677,0.034116100763155355,0.05117415114473303
0.21,0.14,0.35,0.6,0.22776760900825732,1.0846076619440825,0.01776760900825733,0.03553521801651466,0.05330282702477199
0.21,0.145,0.355,0.5915492957746479,0.22848356255149538,1.0880169645309303,0.018483562551495386,0.03696712510299077,0.05545068765448616
0.21,0.15,0.36,0.5833333333333334,0.2292060128008031,1.091457203813348,0.019206012800803113,0.038412025601606226,0.05761803840240934
0.21,0.155,0.365,0.5753424657534246,0.22993506392091212,1.0949288758138673,0.019935063920912127,0.039870127841824254,0.05980519176273638
0.21,0.16,0.37,0.5675675675675675,0.23067082252558047,1.09843248821705,0.020670822525580473,0.04134164505116095,0.06201246757674142
0.21,0.165,0.375,0.5599999999999999,0.2314133977542795,1.1019685607346643,0.0214133977542795,0.042826795508559,0.0642401932628385
0.21,0.17,0.38,0.5526315789473684,0.2321629013519001,1.1055376254852387,0.022162901351900105,0.04432580270380021,0.06648870405570032
0.21,0.175,0.385,0.5454545454545454,0.23291944775162,1.1091402273886666,0.022919447751619998,0.045838895503239996,0.06875834325486
0.21,0.18,0.39,0.5384615384615384,0.23368315416108476,1.1127769245765942,0.02368315416108477,0.04736630832216954,0.0710494624832543
0.21,0.185,0.395,0.5316455696202531,0.23445414065206216,1.1164482888193437,0.024454140652062167,0.048908281304124335,0.0733624219561865
0.21,0.19,0.4,0.5249999999999999,0.23523253025374036,1.1201549059701923,0.025232530253740365,0.05046506050748073,0.0756975907612211
0.21,0.195,0.405,0.5185185185185185,0.23601844904984814,1.1238973764278484,0.026018449049848152,0.052036898099696305,0.07805534714954446
0.21,0.2,0.41000000000000003,0.5121951219512194,0.23681202627978637,1.1276763156180303,0.026812026279786377,0.053624052559572755,0.08043607883935913
0.21,0.205,0.415,0.5060240963855421,0.23761339444397245,1.131492354495107,0.027613394443972455,0.05522678888794491,0.08284018333191737
0.21,0.21,0.42,0.5,0.2384226894136091,1.1353461400648053,0.02842268941360912,0.05684537882721824,0.08526806824082736
0.21,0.215,0.425,0.49411764705882355,0.23924005054510322,1.139238335929063,0.02924005054510323,0.05848010109020646,0.08772015163530969
0.21,0.22,0.43,0.4883720930232558,0.24006562079937155,1.1431696228541504,0.030065620799371556,0.06013124159874311,0.09019686239811467
0.21,0.225,0.435,0.48275862068965514,0.24089954686628967,1.1471406993632842,0.03089954686628968,0.06179909373257936,0.09269864059886904
0.21,0.23,0.44,0.47727272727272724,0.2417419792945471,1.1511522823549862,0.03174197929454711,0.06348395858909422,0.09522593788364134
0.21,0.235,0.44499999999999995,0.4719101123595506,0.24259307262719942,1.1552051077485688,0.03259307262719943,0.06518614525439886,0.0977792178815983
0.21,0.24,0.44999999999999996,0.4666666666666667,0.24345298554321415,1.1592999311581627,0.03345298554321416,0.06690597108642832,0.10035895662964248
0.21,0.245,0.45499999999999996,0.46153846153846156,0.24432188100533592,1.1634375285968377,0.034321881005335925,0.06864376201067185,0.10296564301600777
0.21,0.25,0.45999999999999996,0.4565217391304348,0.24519992641461053,1.1676186972124312,0.03519992641461053,0.07039985282922107,0.1055997792438316
0.21,0.255,0.46499999999999997,0.45161290322580644,0.24608729377193117,1.1718442560568152,0.03608729377193118,0.07217458754386236,0.10826188131579353
0.21,0.26,0.47,0.4468085106382979,0.2469841598469953,1.1761150468904538,0.036984159846995296,0.07396831969399059,0.11095247954098589
0.21,0.265,0.475,0.4421052631578947,0.24789070635508137,1.180431935024197,0.03789070635508138,0.07578141271016275,0.11367211906524413
0.21,0.27,0.48,0.4375,0.2488071201420876,1.1847958102004172,0.03880712014208762,0.07761424028417524,0.11642136042626286
0.21,0.275,0.485,0.4329896907216495,0.2497335933782977,1.1892075875157033,0.03973359337829771,0.07946718675659542,0.11920078013489313
0.21,0.28,0.49,0.42857142857142855,0.25067032376137455,1.1936682083874979,0.040670323761374555,0.08134064752274911,0.12201097128412366
0.21,0.285,0.495,0.42424242424242425,0.2516175147291144,1.1981786415672115,0.04161751472911443,0.08323502945822886,0.12485254418734329
0.21,0.29,0.5,0.42,0.25257537568253075,1.2027398842025274,0.04257537568253075,0.0851507513650615,0.12772612704759226
0.21,0.295,0.505,0.4158415841584158,0.25354412221987566,1.207352962951789,0.043544122219875664,0.08708824443975133,0.130632366659627
0.21,0.3,0.51,0.4117647058823529,0.2545239763822503,1.212018935153573,0.044523976382250335,0.08904795276450067,0.133571929146751
0.21,0.305,0.515,0.4077669902912621,0.25551516691150056,1.2167388900547647,0.045515166911500565,0.09103033382300113,0.1365455007345017
0.21,0.31,0.52,0.4038461538461538,0.2565179295211426,1.221513950100679,0.046517929521142615,0.09303585904228523,0.13955378856342784
0.21,0.315,0.525,0.39999999999999997,0.25753250718111953,1.2263452722910455,0.04753250718111954,0.09506501436223908,0.1425975215433586
0.21,0.32,0.53,0.3962264150943396,0.2585591504172441,1.2312340496059242,0.048559150417244096,0.09711830083448819,0.1456774512517323
0.21,0.325,0.535,0.3925233644859813,0.2595981176262486,1.2361815125059459,0.04959811762624863,0.09919623525249727,0.1487943528787459
0.21,0.33,0.54,0.38888888888888884,0.26064967540742934,1.2411889305115684,0.050649675407429345,0.10129935081485869,0.15194902622228804
0.21,0.335,0.545,0.38532110091743116,0.2617140989119472,1.2462576138664152,0.0517140989119472,0.1034281978238944,0.1551422967358416
0.21,0.34,0.55,0.3818181818181818,0.2627916722109265,1.251388915290126,0.05279167221092648,0.10558334442185296,0.15837501663277945
0.21,0.345,0.5549999999999999,0.3783783783783784,0.2638826886835811,1.2565842318265767,0.05388268868358112,0.10776537736716224,0.16164806605074336
0.21,0.35,0.5599999999999999,0.375,0.2649874514266921,1.261845006793772,0.05498745142669212,0.10997490285338424,0.16496235428007636
0.21,0.355,0.565,0.37168141592920356,0.2661062736868648,1.2671727318422132,0.0561062736868648,0.1122125473737296,0.1683188210605944
0.21,0.36,0.57,0.368421052631579,0.26723947931710423,1.272568949129068,0.05723947931710424,0.11447895863420848,0.17171843795131272
0.21,0.365,0.575,0.3652173913043478,0.26838740325937627,1.2780352536160775,0.058387403259376275,0.11677480651875255,0.17516220977812882
0.21,0.37,0.58,0.3620689655172414,0.2695503920549476,1.2835732954997503,0.05955039205494758,0.11910078410989516,0.17865117616484275
0.21,0.375,0.585,0.358974358974359,0.2707288043844547,1.2891847827831175,0.06072880438445469,0.12145760876890938,0.18218641315336406
0.21,0.38,0.59,0.3559322033898305,0.2719230116398058,1.2948714839990754,0.06192301163980582,0.12384602327961164,0.18576903491941746
0.21,0.385,0.595,0.35294117647058826,0.27313339853019947,1.300635231096188,0.06313339853019947,0.12626679706039895,0.18940019559059842
0.21,0.39,0.6,0.35,0.2743603637247377,1.306477922498751,0.06436036372473772,0.12872072744947544,0.19308109117421315
0.21,0.395,0.605,0.34710743801652894,0.27560432053432304,1.3124015263539193,0.06560432053432305,0.1312086410686461,0.19681296160296916
0.21,0.4,0.61,0.3442622950819672,0.2768656976357633,1.3184080839798253,0.0668656976357633,0.1337313952715266,0.20059709290728991
0.21,0.405,0.615,0.3414634146341463,0.27814493984126654,1.3244997135298406,0.06814493984126654,0.1362898796825331,0.20443481952379963
0.21,0.41,0.62,0.3387096774193548,0.27944250891679134,1.3306786138894826,0.06944250891679135,0.1388850178335827,0.20832752675037405
0.21,0.415,0.625,0.33599999999999997,0.28075888445303276,1.3369470688239655,0.07075888445303277,0.14151776890606554,0.21227665335909832
0.21,0.42,0.63,0.3333333333333333,0.2820945647931681,1.3433074513960386,0.07209456479316809,0.14418912958633617,0.21628369437950426
0.21,0.425,0.635,0.3307086614173228,0.28345006802187345,1.349762228675588,0.07345006802187345,0.1469001360437469,0.22035020406562036
0.21,0.43,0.64,0.328125,0.28482593302054315,1.3563139667644912,0.07482593302054316,0.14965186604108632,0.22447779906162948
0.21,0.435,0.645,0.3255813953488372,0.2862227205941168,1.362965336162461,0.0762227205941168,0.1524454411882336,0.22866816178235042
0.21,0.44,0.65,0.32307692307692304,0.28764101467544334,1.3697191175021113,0.07764101467544335,0.1552820293508867,0.23292304402633005
0.21,0.445,0.655,0.32061068702290074,0.28908142361368927,1.3765782076842348,0.07908142361368928,0.15816284722737856,0.23724427084106783
0.21,0.45,0.66,0.3181818181818182,0.2905445815539526,1.3835456264473933,0.08054458155395258,0.16108916310790516,0.24163374466185775
0.21,0.455,0.665,0.3157894736842105,0.2920311499159617,1.3906245234093415,0.08203114991596169,0.16406229983192339,0.24609344974788508
0.21,0.46,0.67,0.3134328358208955,0.29354181898055165,1.3978181856216745,0.08354181898055166,0.16708363796110332,0.25062545694165494
0.21,0.465,0.675,0.31111111111111106,0.29507730959351286,1.4051300456833946,0.08507730959351287,0.17015461918702574,0.2552319287805386
0.21,0.47,0.6799999999999999,0.3088235294117647,0.2966383749974225,1.4125636904639167,0.08663837499742252,0.17327674999484505,0.25991512499226754
0.21,0.475,0.6849999999999999,0.30656934306569344,0.2982258028032081,1.4201228704914672,0.0882258028032081,0.1764516056064162,0.2646774084096243
0.21,0.48,0.69,0.30434782608695654,0.2998404171144765,1.427811510068936,0.08984041711447652,0.17968083422895303,0.2695212513434295
0.21,0.485,0.695,0.302158273381295,0.30148308081908315,1.4356337181861103,0.09148308081908316,0.1829661616381663,0.27444924245724944
0.21,0.49,0.7,0.3,0.30315469806405104,1.443593800305005,0.09315469806405105,0.1863093961281021,0.2794640941921531
0.21,0.495,0.705,0.2978723404255319,0.30485621693179077,1.4516962711037655,0.09485621693179078,0.18971243386358155,0.2845686507953723
0.21,0.5,0.71,0.29577464788732394,0.30658863233766853,1.459945868274612,0.09658863233766854,0.19317726467533708,0.2897658970130056
0.21,0.505,0.715,0.2937062937062937,0.30835298917134113,1.4683475674825768,0.09835298917134114,0.19670597834268227,0.2950589675140234
0.21,0.51,0.72,0.2916666666666667,0.31015038570698295,1.4769065986046808,0.10015038570698295,0.2003007714139659,0.30045115712094883
0.21,0.515,0.725,0.2896551724137931,0.3119819773106137,1.485628463383875,0.10198197731061373,0.20396395462122746,0.30594593193184116
0.21,0.52,0.73,0.2876712328767123,0.3138489804762614,1.494518954648864,0.10384898047626143,0.20769796095252285,0.31154694142878425
0.21,0.525,0.735,0.2857142857142857,0.31575267722673606,1.5035841772701717,0.10575267722673606,0.21150535445347213,0.31725803168020816
0.21,0.53,0.74,0.28378378378378377,0.31769441991942826,1.5128305710448966,0.10769441991942827,0.21538883983885654,0.3230832597582848
0.21,0.535,0.745,0.28187919463087246,0.31967563650289577,1.522264935728075,0.10967563650289577,0.21935127300579155,0.3290269095086873
0.21,0.54,0.75,0.27999999999999997,0.321697836276164,1.531894458457924,0.111697836276164,0.223395672552328,0.335093508828492
0.21,0.545,0.755,0.2781456953642384,0.3237626162098145,1.5417267438562596,0.11376261620981451,0.22752523241962902,0.3412878486294435
0.21,0.55,0.76,0.2763157894736842,0.3258716678962229,1.551769847124871,0.11587166789622291,0.23174333579244583,0.3476150036886687
0.21,0.555,0.765,0.2745098039215686,0.3280267852059606,1.5620323105045744,0.11802678520596063,0.23605357041192127,0.35408035561788187
0.21,0.56,0.77,0.2727272727272727,0.3302298727386461,1.5725232035173626,0.12022987273864613,0.24045974547729226,0.36068961821593837
0.21,0.565,0.7749999999999999,0.2709677419354839,0.3324829551697328,1.5832521674749183,0.12248295516973282,0.24496591033946563,0.3674488655091984
0.21,0.57,0.7799999999999999,0.2692307692307693,0.334788187610239,1.5942294648106619,0.124788187610239,0.249576375220478,0.37436456283071695
0.21,0.575,0.7849999999999999,0.267515923566879,0.3371478671147182,1.6054660338796107,0.12714786711471823,0.25429573422943647,0.38144360134415467
0.21,0.58,0.7899999999999999,0.2658227848101266,0.3395644454944259,1.6169735499734565,0.1295644454944259,0.2591288909888518,0.38869333648327764
0.21,0.585,0.7949999999999999,0.2641509433962264,0.3420405436183529,1.6287644934207282,0.1320405436183529,0.2640810872367058,0.3961216308550587
0.21,0.59,0.7999999999999999,0.2625,0.34457896741547134,1.6408522257879588,0.13457896741547135,0.2691579348309427,0.403736902246414
0.21,0.595,0.8049999999999999,0.2608695652173913,0.34718272582825105,1.6532510753726242,0.13718272582825106,0.2743654516565021,0.41154817748475314
0.21,0.6,0.8099999999999999,0.25925925925925924,0.3498550510116636,1.6659764333888742,0.1398550510116636,0.2797101020233272,0.41956515303499076
0.215,0.005,0.22,0.9772727272727273,0.2155829983878288,1.002711620408506,0.0005829983878287981,0.0011659967756575962,0.0017489951634863943
0.215,0.01,0.225,0.9555555555555555,0.2161704595765891,1.0054439980306469,0.0011704595765890946,0.002340919153178189,0.003511378729767284
0.215,0.015,0.22999999999999998,0.9347826086956522,0.21676244330684824,1.0081974107295266,0.0017624433068482437,0.0035248866136964874,0.005287329920544731
0.215,0.02,0.235,0.9148936170212766,0.21735901048500184,1.0109721417907063,0.002359010485001839,0.004718020970003678,0.007077031455005517
0.215,0.025,0.24,0.8958333333333334,0.2179602232134582,1.0137684800625963,0.0029602232134582074,0.005920446426916415,0.008880669640374622
0.215,0.03,0.245,0.8775510204081632,0.21856614482180203,1.0165867201014047,0.0035661448218020364,0.007132289643604073,0.01069843446540611
0.215,0.035,0.25,0.86,0.21917683989897563,1.0194271623208169,0.004176839898975632,0.008353679797951263,0.012530519696926895
0.215,0.04,0.255,0.8431372549019608,0.21979237432651844,1.0222901131465973,0.004792374326518439,0.009584748653036879,0.014377122979555318
0.215,0.045,0.26,0.8269230769230769,0.22041281531290546,1.0251758851763044,0.005412815312905467,0.010825630625810934,0.0162384459387164
0.215,0.05,0.265,0.8113207547169811,0.22103823142903045,1.0280847973443277,0.006038231429030455,0.01207646285806091,0.018114694287091365
0.215,0.055,0.27,0.7962962962962963,0.22166869264487843,1.0310171750924577,0.006668692644878432,0.013337385289756865,0.020006077934635297
0.215,0.06,0.275,0.7818181818181817,0.22230427036743527,1.0339733505462105,0.007304270367435278,0.014608540734870556,0.021912811102305835
0.215,0.065,0.28,0.7678571428571428,0.22294503747988692,1.0369536626971485,0.007945037479886924,0.015890074959773848,0.02383511243966077
0.215,0.07,0.28500000000000003,0.7543859649122806,0.22359106838215848,1.0399584575914347,0.008591068382158479,0.017182136764316958,0.025773205146475436
0.215,0.075,0.29,0.7413793103448276,0.22424243903285068,1.042988088524887,0.009242439032850686,0.01848487806570137,0.027727317098552057
0.215,0.08,0.295,0.728813559322034,0.22489922699263065,1.0460429162447937,0.009899226992630655,0.01979845398526131,0.029697680977891966
0.215,0.085,0.3,0.7166666666666667,0.22556151146913817,1.0491233091587822,0.010561511469138168,0.021123022938276337,0.031684534407414505
0.215,0.09,0.305,0.7049180327868853,0.22622937336347115,1.0522296435510285,0.011229373363471157,0.022458746726942314,0.03368812009041347
0.215,0.095,0.31,0.6935483870967741,0.2269028953183191,1.0553623038061353,0.01190289531831909,0.02380579063663818,0.03570868595495727
0.215,0.1,0.315,0.6825396825396826,0.22758216176781054,1.0585216826409793,0.012582161767810546,0.02516432353562109,0.03774648530343164
0.215,0.105,0.32,0.671875,0.2282672589891559,1.0617081813449112,0.0132672589891559,0.0265345179783118,0.0398017769674677
0.215,0.11,0.325,0.6615384615384615,0.2289582751561543,1.0649222100286246,0.013958275156154304,0.027916550312308608,0.04187482546846291
0.215,0.115,0.33,0.6515151515151515,0.2296553003946552,1.0681641878821173,0.014655300394655207,0.029310600789310415,0.04396590118396562
0.215,0.12,0.33499999999999996,0.6417910447761195,0.2303584268400528,1.0714345434421062,0.015358426840052813,0.030716853680105627,0.04607528052015844
0.215,0.125,0.33999999999999997,0.6323529411764707,0.23106774869690982,1.074733714869348,0.016067748696909828,0.032135497393819656,0.048203246090729485
0.215,0.13,0.345,0.6231884057971014,0.231783362300802,1.0780621502362884,0.01678336230080199,0.03356672460160398,0.05035008690240597
0.215,0.135,0.35,0.6142857142857143,0.23250536618248407,1.0814203078255074,0.017505366182484078,0.035010732364968156,0.052516098547452233
0.215,0.14,0.355,0.6056338028169014,0.23323386113448386,1.08480865643946,0.01823386113448386,0.03646772226896772,0.054701583403451576
0.215,0.145,0.36,0.5972222222222222,0.23396895028023457,1.0882276757220213,0.01896895028023457,0.03793790056046914,0.05690685084070371
0.215,0.15,0.365,0.589041095890411,0.2347107391458617,1.0916778564923801,0.019710739145861716,0.03942147829172343,0.05913221743758515
0.215,0.155,0.37,0.581081081081081,0.23545933573474898,1.0951597010918557,0.02045933573474898,0.04091867146949796,0.06137800720424694
0.215,0.16,0.375,0.5733333333333334,0.23621485060501324,1.0986737237442477,0.02121485060501324,0.04242970121002648,0.06364455181503972
0.215,0.165,0.38,0.5657894736842105,0.2369773969500244,1.1022204509303462,0.021977396950024403,0.043954793900048805,0.06593219085007321
0.215,0.17,0.385,0.5584415584415584,0.23774709068211708,1.1058004217772888,0.022747090682117083,0.045494181364234165,0.06824127204635125
0.215,0.175,0.39,0.5512820512820512,0.23852405051964498,1.109414188463465,0.023524050519644985,0.04704810103928997,0.07057215155893495
0.215,0.18,0.395,0.5443037974683544,0.23930839807754123,1.1130623166397267,0.024308398077541232,0.048616796155082465,0.0729251942326237
0.215,0.185,0.4,0.5375,0.24010025796155432,1.1167453858676946,0.025100257961554323,0.050200515923108646,0.07530077388466297
0.215,0.19,0.405,0.5308641975308641,0.240899757866341,1.1204639900760047,0.025899757866340994,0.05179951573268199,0.07769927359902298
0.215,0.195,0.41000000000000003,0.5243902439024389,0.24170702867760663,1.1242187380353796,0.02670702867760663,0.05341405735521326,0.0801210860328199
0.215,0.2,0.41500000000000004,0.5180722891566265,0.24252220457849505,1.1280102538534653,0.027522204578495052,0.055044409156990104,0.08256661373548516
0.215,0.205,0.42,0.5119047619047619,0.24334542316044283,1.1318391774904317,0.028345423160442834,0.05669084632088567,0.0850362694813285
0.215,0.21,0.425,0.5058823529411764,0.244176825538724,1.1357061652963907,0.029176825538724,0.058353651077448,0.087530476616172
0.215,0.215,0.43,0.5,0.24501655647292497,1.139611890571744,0.030016556472924977,0.060033112945849954,0.09004966941877493
0.215,0.22,0.435,0.4942528735632184,0.24586476449260664,1.1435570441516587,0.03086476449260664,0.06172952898521328,0.09259429347781992
0.215,0.225,0.44,0.48863636363636365,0.24672160202842053,1.1475423350159095,0.03172160202842053,0.06344320405684106,0.0951648060852616
0.215,0.23,0.445,0.4831460674157303,0.24758722554897072,1.1515684909254453,0.03258722554897073,0.06517445109794145,0.09776167664691218
0.215,0.235,0.44999999999999996,0.4777777777777778,0.2484617957037205,1.1556362590870721,0.033461795703720515,0.06692359140744103,0.10038538711116154
0.215,0.24,0.45499999999999996,0.47252747252747257,0.2493454774722732,1.1597464068477823,0.034345477472273206,0.06869095494454641,0.10303643241681962
0.215,0.245,0.45999999999999996,0.4673913043478261,0.2502384403203667,1.1638997224203103,0.03523844032036669,0.07047688064073337,0.10571532096110006
0.215,0.25,0.46499999999999997,0.4623655913978495,0.25114085836295197,1.168097015641637,0.03614085836295197,0.07228171672590394,0.10842257508885592
0.215,0.255,0.47,0.4574468085106383,0.2520529105347413,1.1723391187662386,0.03705291053474133,0.07410582106948266,0.11115873160422399
0.215,0.26,0.475,0.45263157894736844,0.25297478076864455,1.1766268872960213,0.03797478076864455,0.0759495615372891,0.11392434230593365
0.215,0.265,0.48,0.4479166666666667,0.2539066581825332,1.1809612008489918,0.03890665818253322,0.07781331636506644,0.11671997454759966
0.215,0.27,0.485,0.44329896907216493,0.2548487372748053,1.1853429640688617,0.039848737274805285,0.07969747454961057,0.11954621182441585
0.215,0.275,0.49,0.4387755102040816,0.2558012181292534,1.1897731075779228,0.040801218129253386,0.08160243625850677,0.12240365438776016
0.215,0.28,0.495,0.43434343434343436,0.25676430662977134,1.1942525889756808,0.04176430662977135,0.0835286132595427,0.12529291988931404
0.215,0.285,0.5,0.43,0.2577382146854754,1.198782393885932,0.04273821468547542,0.08547642937095085,0.12821464405642627
0.215,0.29,0.505,0.42574257425742573,0.25872316046685095,1.2033635370551208,0.04372316046685096,0.08744632093370192,0.13116948140055287
0.215,0.295,0.51,0.4215686274509804,0.25971936865357925,1.20799706350502,0.044719368653579256,0.08943873730715851,0.13415810596073777
0.215,0.3,0.515,0.4174757281553398,0.2607270706947481,1.2126840497430145,0.0457270706947481,0.0914541413894962,0.1371812120842443
0.215,0.305,0.52,0.41346153846153844,0.2617465050821949,1.2174256050334646,0.046746505082194884,0.09349301016438977,0.14023951524658465
0.215,0.31,0.525,0.4095238095238095,0.2627779176377877,1.2222228727338962,0.04777791763778769,0.09555583527557537,0.14333375291336306
0.215,0.315,0.53,0.40566037735849053,0.263821561815508,1.227077031700037,0.04882156181550798,0.09764312363101596,0.14646468544652394
0.215,0.32,0.535,0.40186915887850466,0.26487769901925984,1.2319892977639992,0.04987769901925984,0.09975539803851968,0.14963309705777952
0.215,0.325,0.54,0.39814814814814814,0.2659465989374007,1.2369609252902358,0.050946598937400694,0.10189319787480139,0.15283979681220208
0.215,0.33,0.545,0.39449541284403666,0.26702853989506237,1.2419932088142436,0.05202853989506237,0.10405707979012474,0.1560856196851871
0.215,0.335,0.55,0.3909090909090909,0.2681238092254129,1.2470874847693623,0.053123809225412905,0.10624761845082581,0.1593714276762387
0.215,0.34,0.555,0.38738738738738737,0.26923270366109353,1.2522451333074118,0.054232703661093534,0.10846540732218707,0.1626981109832806
0.215,0.345,0.5599999999999999,0.38392857142857145,0.2703555297471676,1.2574675802193842,0.05535552974716759,0.11071105949433518,0.16606658924150278
0.215,0.35,0.565,0.38053097345132747,0.2714926042770147,1.2627562989628591,0.05649260427701472,0.11298520855402944,0.16947781283104416
0.215,0.355,0.57,0.37719298245614036,0.272644254752723,1.268112812803363,0.05764425475272303,0.11528850950544606,0.17293276425816909
0.215,0.36,0.575,0.3739130434782609,0.27381081987165223,1.2735386970774523,0.05881081987165224,0.11762163974330447,0.1764324596149567
0.215,0.365,0.58,0.3706896551724138,0.27499265004097795,1.279035581585944,0.05999265004097795,0.1199853000819559,0.17997795012293386
0.215,0.37,0.585,0.36752136752136755,0.27619010792217413,1.2846051531263913,0.061190107922174136,0.12238021584434827,0.1835703237665224
0.215,0.375,0.59,0.364406779661017,0.27740356900755425,1.290249158174671,0.062403569007554255,0.12480713801510851,0.18721070702266276
0.215,0.38,0.595,0.36134453781512604,0.27863342223116727,1.2959694057263593,0.06363342223116727,0.12726684446233455,0.19090026669350182
0.215,0.385,0.6,0.35833333333333334,0.27988007061654097,1.301767770309493,0.06488007061654097,0.12976014123308194,0.1946402118496229
0.215,0.39,0.605,0.35537190082644626,0.28114393196397913,1.3076461951812983,0.06614393196397914,0.13228786392795827,0.1984317958919374
0.215,0.395,0.61,0.3524590163934426,0.2824254395803526,1.3136066957225703,0.0674254395803526,0.1348508791607052,0.2022763187410578
0.215,0.4,0.615,0.34959349593495936,0.2837250430545858,1.3196513630445852,0.0687250430545858,0.1374500861091716,0.20617512916375738
0.215,0.405,0.62,0.34677419354838707,0.2850432090823243,1.325782367824764,0.07004320908232428,0.14008641816464856,0.21012962724697284
0.215,0.41,0.625,0.344,0.2863804223435832,1.332001964388759,0.07138042234358319,0.14276084468716638,0.21414126703074957
0.215,0.415,0.63,0.3412698412698413,0.2877371864375273,1.3383124950582665,0.07273718643752733,0.14547437287505466,0.218211559312582
0.215,0.42,0.635,0.33858267716535434,0.289114024878915,1.3447163947856513,0.07411402487891502,0.14822804975783005,0.22234207463674507
0.215,0.425,0.64,0.3359375,0.2905114821611676,1.3512161960984541,0.07551148216116763,0.15102296432233525,0.22653444648350288
0.215,0.43,0.645,0.3333333333333333,0.2919301248914986,1.3578145343790633,0.07693012489149861,0.15386024978299723,0.23079037467449584
0.215,0.435,0.65,0.33076923076923076,0.2933705430040605,1.3645141535072582,0.07837054300406052,0.15674108600812103,0.23511162901218155
0.215,0.44,0.655,0.3282442748091603,0.29483335105765474,1.3713179118960686,0.07983335105765474,0.15966670211530948,0.23950005317296422
0.215,0.445,0.66,0.32575757575757575,0.29631918962520065,1.3782287889544216,0.08131918962520066,0.1626383792504013,0.24395756887560197
0.215,0.45,0.665,0.3233082706766917,0.29782872678288375,1.3852498920134129,0.08282872678288375,0.1656574535657675,0.24848618034865125
0.215,0.455,0.67,0.3208955223880597,0.29936265970771947,1.3923844637568348,0.08436265970771947,0.16872531941543895,0.2530879791231584
0.215,0.46,0.675,0.3185185185185185,0.3009217163931751,1.3996358902008146,0.08592171639317511,0.17184343278635023,0.2577651491795253
0.215,0.465,0.68,0.3161764705882353,0.30250665749351147,1.4070077092721465,0.08750665749351147,0.17501331498702294,0.2625199724805344
0.215,0.47,0.6849999999999999,0.31386861313868614,0.30411827830865046,1.4145036200402348,0.08911827830865046,0.17823655661730092,0.26735483492595136
0.215,0.475,0.69,0.3115942028985507,0.3057574109226625,1.4221274926635465,0.09075741092266251,0.18151482184532503,0.2722722327679875
0.215,0.48,0.695,0.30935251798561153,0.3074249265104163,1.4298833791182155,0.09242492651041631,0.18484985302083262,0.2772747795312489
0.215,0.485,0.7,0.30714285714285716,0.30912173782857244,1.4377755247840578,0.09412173782857244,0.1882434756571449,0.2823652134857173
0.215,0.49,0.705,0.3049645390070922,0.3108488019089536,1.4458083809718771,0.09584880190895359,0.19169760381790718,0.28754640572686074
0.215,0.495,0.71,0.3028169014084507,0.3126071229744237,1.4539866184856918,0.09760712297442373,0.19521424594884745,0.29282136892327115
0.215,0.5,0.715,0.30069930069930073,0.31439775559979266,1.462315142324617,0.09939775559979266,0.19879551119958533,0.29819326679937797
0.215,0.505,0.72,0.2986111111111111,0.31622180814297485,1.4707991076417435,0.10122180814297485,0.2024436162859497,0.3036654244289245
0.215,0.51,0.725,0.296551724137931,0.31808044647472766,1.4794439370917567,0.10308044647472767,0.20616089294945533,0.30924133942418297
0.215,0.515,0.73,0.2945205479452055,0.31997489803882906,1.488255339715484,0.10497489803882906,0.20994979607765812,0.31492469411648716
0.215,0.52,0.735,0.2925170068027211,0.3219064562786096,1.4972393315284167,0.10690645627860959,0.21381291255721918,0.32071936883582874
0.215,0.525,0.74,0.2905405405405405,0.32387648547040904,1.5064022580019025,0.10887648547040904,0.21775297094081808,0.3266294564112271
0.215,0.53,0.745,0.2885906040268456,0.32588642600988493,1.5157508186506277,0.11088642600988494,0.22177285201976987,0.3326592780296548
0.215,0.535,0.75,0.2866666666666667,0.32793780020329133,1.5252920939687968,0.11293780020329133,0.22587560040658267,0.33881340060987397
0.215,0.54,0.755,0.2847682119205298,0.3300322186230049,1.5350335749907205,0.11503221862300492,0.23006443724600983,0.3450966558690147
0.215,0.545,0.76,0.28289473684210525,0.3321713870948887,1.54498319579018,0.1171713870948887,0.2343427741897774,0.35151416128466606
0.215,0.55,0.765,0.28104575163398693,0.3343571143947619,1.5551493692779623,0.1193571143947619,0.2387142287895238,0.3580713431842857
0.215,0.555,0.77,0.2792207792207792,0.3365913207425404,1.5655410267094902,0.12159132074254039,0.24318264148508079,0.36477396222762115
0.215,0.56,0.775,0.27741935483870966,0.33887604719584696,1.5761676613760325,0.12387604719584697,0.24775209439169393,0.37162814158754087
0.215,0.565,0.7799999999999999,0.27564102564102566,0.34121346606043956,1.5870393770253004,0.12621346606043957,0.25242693212087913,0.37864039818131867
0.215,0.57,0.7849999999999999,0.2738853503184714,0.34360589245314277,1.5981669416425246,0.12860589245314277,0.25721178490628555,0.3858176773594283
0.215,0.575,0.7899999999999999,0.2721518987341772,0.34605579717466006,1.6095618473240003,0.13105579717466007,0.26211159434932013,0.39316739152398017
0.215,0.58,0.7949999999999999,0.27044025157232704,0.348565821075415,1.6212363770949536,0.133565821075415,0.26713164215083,0.400697463226245
0.215,0.585,0.7999999999999999,0.26875000000000004,0.35113879112829016,1.633203679666466,0.13613879112829017,0.27227758225658033,0.40841637338487047
0.215,0.59,0.8049999999999999,0.2670807453416149,0.3537777384589096,1.6454778532972538,0.1387777384589096,0.2775554769178192,0.41633321537672874
0.215,0.595,0.8099999999999999,0.2654320987654321,0.35648591862833245,1.6580740401317788,0.14148591862833246,0.2829718372566649,0.42445775588499735
0.215,0.6,0.815,0.2638036809815951,0.35926683451641406,1.6710085326344841,0.14426683451641406,0.2885336690328281,0.43280050354924215
0.22,0.005,0.225,0.9777777777777777,0.22059773298498586,1.0027169681135721,0.0005977329849858604,0.0011954659699717207,0.001793198954957581
0.22,0.01,0.23,0.9565217391304347,0.22120005704956425,1.0054548047707466,0.001200057049564246,0.002400114099128492,0.003600171148692738
0.22,0.015,0.235,0.9361702127659575,0.22180703391199197,1.0082137905090545,0.0018070339119919676,0.0036140678239839352,0.005421101735975903
0.22,0.02,0.24,0.9166666666666667,0.22241872650071937,1.0109942113669061,0.002418726500719365,0.00483745300143873,0.007256179502158094
0.22,0.025,0.245,0.8979591836734694,0.2230351989858862,1.0137963590267554,0.003035198985886195,0.00607039797177239,0.009105596957658585
0.22,0.03,0.25,0.88,0.22365651681184373,1.0166205309629261,0.0036565168118437297,0.007313033623687459,0.010969550435531189
0.22,0.035,0.255,0.8627450980392157,0.22428274673074533,1.019467030594297,0.004282746730745329,0.008565493461490659,0.012848240192235988
0.22,0.04,0.26,0.8461538461538461,0.22491395683724758,1.0223361674420344,0.004913956837247574,0.009827913674495148,0.014741870511742722
0.22,0.045,0.265,0.830188679245283,0.22555021660436536,1.0252282572925697,0.00555021660436536,0.01110043320873072,0.01665064981309608
0.22,0.05,0.27,0.8148148148148148,0.22619159692052837,1.028143622366038,0.006191596920528369,0.012383193841056739,0.018574790761585108
0.22,0.055,0.275,0.7999999999999999,0.22683817012788687,1.031082591490395,0.006838170127886872,0.013676340255773745,0.020514510383660617
0.22,0.06,0.28,0.7857142857142857,0.22749001006191782,1.0340455002814446,0.007490010061917823,0.014980020123835647,0.02247003018575347
0.22,0.065,0.28500000000000003,0.7719298245614035,0.2281471920923851,1.037032691329023,0.008147192092385097,0.016294384184770194,0.02444157627715529
0.22,0.07,0.29000000000000004,0.7586206896551724,0.22880979316570849,1.040044514389584,0.008809793165708485,0.01761958633141697,0.026429379497125455
0.22,0.075,0.295,0.7457627118644068,0.2294778918488013,1.0430813265854604,0.009477891848801295,0.01895578369760259,0.028433675546403886
0.22,0.08,0.3,0.7333333333333334,0.23015156837443818,1.0461434926110826,0.010151568374438175,0.02030313674887635,0.030454705123314524
0.22,0.085,0.305,0.7213114754098361,0.230830904688215,1.0492313849464319,0.010830904688214987,0.021661809376429975,0.03249271406464496
0.22,0.09,0.31,0.7096774193548387,0.23151598449717292,1.0523453840780588,0.01151598449717292,0.02303196899434584,0.03454795349151876
0.22,0.095,0.315,0.6984126984126984,0.23220689332015276,1.055485878727967,0.012206893320152762,0.024413786640305524,0.036620679960458286
0.22,0.1,0.32,0.6875,0.23290371853995906,1.058653266090723,0.012903718539959058,0.025807437079918116,0.038711155619877174
0.22,0.105,0.325,0.6769230769230768,0.23360654945740722,1.0618479520791237,0.013606549457407219,0.027213098914814438,0.040819648372221656
0.22,0.11,0.33,0.6666666666666666,0.2343154773473416,1.0650703515788253,0.014315477347341593,0.028630954694683186,0.04294643204202478
0.22,0.115,0.335,0.6567164179104478,0.23503059551670535,1.068320888712297,0.015030595516705353,0.030061191033410706,0.04509178655011606
0.22,0.12,0.33999999999999997,0.6470588235294118,0.23575199936475877,1.0715999971125398,0.015751999364758767,0.031503998729517535,0.0472559980942763
0.22,0.125,0.345,0.6376811594202899,0.2364797864455369,1.074908120206986,0.01647978644553691,0.03295957289107382,0.04943935933661073
0.22,0.13,0.35,0.6285714285714287,0.23721405653265137,1.0782457115120516,0.017214056532651373,0.034428113065302746,0.05164216959795412
0.22,0.135,0.355,0.619718309859155,0.2379549116865397,1.0816132349388168,0.017954911686539704,0.03590982337307941,0.05386473505961911
0.22,0.14,0.36,0.6111111111111112,0.23870245632427645,1.0850111651103476,0.018702456324276445,0.03740491264855289,0.056107368972829336
0.22,0.145,0.365,0.6027397260273972,0.2394567972920616,1.088439987691189,0.019456797292061595,0.03891359458412319,0.058370391876184785
0.22,0.15,0.37,0.5945945945945946,0.24021804394051238,1.0919001997296018,0.02021804394051238,0.04043608788102476,0.060654131821537144
0.22,0.155,0.375,0.5866666666666667,0.2409863082028888,1.0953923100131309,0.020986308202888798,0.041972616405777596,0.0629589246086664
0.22,0.16,0.38,0.5789473684210527,0.2417617046763917,1.098916839438144,0.021761704676391685,0.04352340935278337,0.06528511402917506
0.22,0.165,0.385,0.5714285714285714,0.242544350706678,1.102474321393991,0.022544350706678012,0.045088701413356025,0.06763305212003404
0.22,0.17,0.39,0.5641025641025641,0.24333436647574958,1.106065302162498,0.023334366475749574,0.04666873295149915,0.07000309942724872
0.22,0.175,0.395,0.5569620253164557,0.2441318750933752,1.1096903413335235,0.024131875093375194,0.04826375018675039,0.07239562528012558
0.22,0.18,0.4,0.5499999999999999,0.24493700269222185,1.113350012237372,0.02493700269222185,0.0498740053844437,0.07481100807666555
0.22,0.185,0.405,0.5432098765432098,0.24574987852687336,1.117044902394879,0.025749878526873354,0.05149975705374671,0.07724963558062006
0.22,0.19,0.41000000000000003,0.5365853658536585,0.24657063507693133,1.1207756139860514,0.02657063507693133,0.05314127015386266,0.079711905230794
0.22,0.195,0.41500000000000004,0.5301204819277108,0.2473994081544012,1.1245427643381873,0.0273994081544012,0.0547988163088024,0.0821982244632036
0.22,0.2,0.42000000000000004,0.5238095238095237,0.2482363370155789,1.1283469864344495,0.0282363370155789,0.0564726740311578,0.0847090110467367
0.22,0.205,0.425,0.5176470588235295,0.24908156447766683,1.1321889294439402,0.029081564477666827,0.058163128955333654,0.08724469343300048
0.22,0.21,0.43,0.5116279069767442,0.2499352370403607,1.1360692592743669,0.02993523704036069,0.05987047408072138,0.08980571112108207
0.22,0.215,0.435,0.5057471264367817,0.25079750501266584,1.1399886591484811,0.030797505012665843,0.06159501002533169,0.09239251503799753
0.22,0.22,0.44,0.5,0.25166852264521167,1.1439478302055075,0.031668522645211666,0.06333704529042333,0.095005567935635
0.22,0.225,0.445,0.4943820224719101,0.2525484482683573,1.1479474921288968,0.032548448268357316,0.06509689653671463,0.09764534480507195
0.22,0.23,0.45,0.4888888888888889,0.2534374444363916,1.15198838380178,0.0334374444363916,0.0668748888727832,0.1003123333091748
0.22,0.235,0.45499999999999996,0.4835164835164836,0.2543356780781576,1.1560712639916255,0.0343356780781576,0.0686713561563152,0.1030070342344728
0.22,0.24,0.45999999999999996,0.4782608695652174,0.25524332065444366,1.160196912065653,0.03524332065444366,0.07048664130888732,0.10572996196333098
0.22,0.245,0.46499999999999997,0.4731182795698925,0.2561605483225139,1.1643661287386995,0.03616054832251389,0.07232109664502778,0.10848164496754167
0.22,0.25,0.47,0.46808510638297873,0.257087542108168,1.168579736855309,0.037087542108167976,0.07417508421633595,0.11126262632450393
0.22,0.255,0.475,0.4631578947368421,0.2580244880857484,1.1728385822079472,0.038024488085748404,0.07604897617149681,0.11407346425724521
0.22,0.26,0.48,0.45833333333333337,0.25897157756654143,1.17714353439337,0.03897157756654143,0.07794315513308286,0.1169147326996243
0.22,0.265,0.485,0.4536082474226804,0.2599290072960453,1.1814954877092967,0.03992900729604529,0.07985801459209058,0.11978702188813586
0.22,0.27,0.49,0.4489795918367347,0.26089697966061287,1.185895362093695,0.04089697966061287,0.08179395932122574,0.12269093898183861
0.22,0.275,0.495,0.4444444444444445,0.2618757029040071,1.1903441041091232,0.04187570290400708,0.08375140580801416,0.12562710871202123
0.22,0.28,0.5,0.44,0.2628653913544494,1.19484268797477,0.04286539135444942,0.08573078270889883,0.12859617406334825
0.22,0.285,0.505,0.43564356435643564,0.26386626566277516,1.199392116648978,0.043866265662775156,0.08773253132555031,0.13159879698832547
0.22,0.29,0.51,0.43137254901960786,0.2648785530523572,1.20399342296526,0.04487855305235719,0.08975710610471438,0.13463565915707157
0.22,0.295,0.515,0.42718446601941745,0.26590248758150226,1.2086476708250102,0.045902487581502255,0.09180497516300451,0.13770746274450676
0.22,0.3,0.52,0.4230769230769231,0.26693831041907745,1.213355956450352,0.04693831041907745,0.0938766208381549,0.14081493125723235
0.22,0.305,0.525,0.41904761904761906,0.26798627013417464,1.218119409700794,0.04798627013417464,0.09597254026834928,0.14395881040252392
0.22,0.31,0.53,0.4150943396226415,0.26904662300068327,1.2229391954576512,0.04904662300068327,0.09809324600136654,0.1471398690020498
0.22,0.315,0.535,0.411214953271028,0.2701196333177013,1.2278165150804603,0.05011963331770128,0.10023926663540256,0.15035889995310384
0.22,0.32,0.54,0.4074074074074074,0.2712055737467869,1.2327526079399405,0.05120557374678689,0.10241114749357377,0.15361672124036066
0.22,0.325,0.545,0.40366972477064217,0.27230472566712527,1.2377487530323876,0.05230472566712527,0.10460945133425054,0.1569141770013758
0.22,0.33,0.55,0.39999999999999997,0.2734173795497663,1.2428062706807559,0.0534173795497663,0.1068347590995326,0.1602521386492989
0.22,0.335,0.555,0.39639639639639634,0.2745438353521792,1.2479265243280873,0.05454383535217919,0.10908767070435837,0.16363150605653756
0.22,0.34,0.56,0.39285714285714285,0.2756844029344644,1.2531109224293835,0.05568440293446439,0.11136880586892878,0.16705320880339317
0.22,0.345,0.565,0.3893805309734514,0.27683940249866756,1.258360920448489,0.05683940249866756,0.11367880499733513,0.1705182074960027
0.22,0.35,0.57,0.3859649122807018,0.2780091650527553,1.2636780229670697,0.0580091650527553,0.1160183301055106,0.1740274951582659
0.22,0.355,0.575,0.3826086956521739,0.27919403290093725,1.2690637859133511,0.05919403290093725,0.1183880658018745,0.17758209870281175
0.22,0.36,0.58,0.37931034482758624,0.280394360162153,1.2745198189188773,0.06039436016215302,0.12078872032430604,0.18118308048645906
0.22,0.365,0.585,0.3760683760683761,0.2816105133186939,1.2800477878122452,0.06161051331869391,0.12322102663738782,0.18483153995608173
0.22,0.37,0.59,0.3728813559322034,0.2828428717970899,1.2856494172594994,0.06284287179708989,0.12568574359417978,0.18852861539126967
0.22,0.375,0.595,0.3697478991596639,0.2840918285835734,1.2913264935616973,0.0640918285835734,0.1281836571671468,0.1922754857507202
0.22,0.38,0.6,0.3666666666666667,0.28535779087662205,1.2970808676210093,0.06535779087662205,0.1307155817532441,0.19607337262986616
0.22,0.385,0.605,0.36363636363636365,0.2866411807793052,1.302914458087751,0.06664118077930523,0.13328236155861045,0.19992354233791568
0.22,0.39,0.61,0.36065573770491804,0.2879424360343886,1.3088292547017666,0.06794243603438863,0.13588487206877725,0.20382730810316588
0.22,0.395,0.615,0.35772357723577236,0.28926201080541425,1.314827321842792,0.06926201080541425,0.1385240216108285,0.20778603241624274
0.22,0.4,0.62,0.3548387096774194,0.29060037650726067,1.3209108023057303,0.07060037650726067,0.14120075301452134,0.211801129521782
0.22,0.405,0.625,0.352,0.29195802269000304,1.3270819213181957,0.07195802269000304,0.14391604538000607,0.2158740680700091
0.22,0.41,0.63,0.3492063492063492,0.29333545798024374,1.3333429908192898,0.07333545798024374,0.14667091596048748,0.22000637394073122
0.22,0.415,0.635,0.3464566929133858,0.29473321108446837,1.3396964140203107,0.07473321108446837,0.14946642216893674,0.2241996332534051
0.22,0.42,0.64,0.34375,0.2961518318594145,1.346144690270066,0.07615183185941451,0.15230366371882903,0.22845549557824354
0.22,0.425,0.645,0.34108527131782945,0.2975918924549109,1.352690420249595,0.07759189245491091,0.15518378490982182,0.23277567736473273
0.22,0.43,0.65,0.3384615384615384,0.29905398853517706,1.3593363115235322,0.07905398853517706,0.15810797707035412,0.23716196560553118
0.22,0.435,0.655,0.33587786259541985,0.30053874058515617,1.3660851844779827,0.08053874058515617,0.16107748117031234,0.2416162217554685
0.22,0.44,0.66,0.3333333333333333,0.30204679530911127,1.3729399786777785,0.08204679530911127,0.16409359061822254,0.2461403859273338
0.22,0.445,0.665,0.3308270676691729,0.3035788271294422,1.3799037596792827,0.08357882712944217,0.16715765425888435,0.2507364813883265
0.22,0.45,0.67,0.3283582089552239,0.3051355397944965,1.3869797263386203,0.08513553979449648,0.17027107958899296,0.2554066193834894
0.22,0.455,0.675,0.3259259259259259,0.30671766810505996,1.3941712186593636,0.08671766810505996,0.17343533621011992,0.26015300431517985
0.22,0.46,0.68,0.32352941176470584,0.3083259797702341,1.401481726228337,0.08832597977023413,0.17665195954046825,0.26497793931070235
0.22,0.465,0.685,0.32116788321167883,0.3099612774045569,1.4089148972934407,0.08996127740455692,0.17992255480911384,0.26988383221367074
0.22,0.47,0.69,0.31884057971014496,0.31162440067951236,1.416474548543238,0.09162440067951236,0.18324880135902472,0.27487320203853705
0.22,0.475,0.695,0.3165467625899281,0.3133162286440343,1.4241646756547013,0.0933162286440343,0.1866324572880686,0.27994868593210287
0.22,0.48,0.7,0.31428571428571433,0.31503768223024586,1.4319894646829356,0.09503768223024586,0.19007536446049172,0.28511304669073756
0.22,0.485,0.705,0.3120567375886525,0.31678972696253926,1.4399533043751784,0.09678972696253926,0.19357945392507853,0.29036918088761776
0.22,0.49,0.71,0.3098591549295775,0.3185733758902043,1.4480607995009287,0.09857337589020429,0.19714675178040858,0.29572012767061284
0.22,0.495,0.715,0.3076923076923077,0.32038969276620377,1.4563167853009262,0.10038969276620377,0.20077938553240754,0.3011690782986113
0.22,0.5,0.72,0.3055555555555556,0.32223979549741777,1.4647263431700808,0.10223979549741777,0.20447959099483554,0.3067193864922533
0.22,0.505,0.725,0.30344827586206896,0.324124859894778,1.4732948177035365,0.10412485989477802,0.20824971978955603,0.312374579684334
0.22,0.51,0.73,0.3013698630136986,0.3260461237552642,1.4820278352512009,0.1060461237552642,0.2120922475105284,0.3181383712657926
0.22,0.515,0.735,0.29931972789115646,0.32800489131179444,1.4909313241445201,0.10800489131179444,0.2160097826235889,0.3240146739353833
0.22,0.52,0.74,0.2972972972972973,0.3300025380917109,1.500011536780504,0.11000253809171087,0.22000507618342174,0.3300076142751326
0.22,0.525,0.745,0.2953020134228188,0.33204051622993125,1.5092750737724148,0.11204051622993125,0.2240810324598625,0.3361215486897937
0.22,0.53,0.75,0.29333333333333333,0.334120360289042,1.5187289104047363,0.11412036028904202,0.22824072057808403,0.342361080867126
0.22,0.535,0.755,0.2913907284768212,0.3362436936457822,1.5283804256626465,0.11624369364578221,0.23248738729156443,0.3487310809373466
0.22,0.54,0.76,0.2894736842105263,0.33841223551169863,1.5382374341440848,0.11841223551169863,0.23682447102339726,0.35523670653509587
0.22,0.545,0.765,0.2875816993464052,0.3406278086654497,1.5483082212065897,0.12062780866544973,0.24125561733089945,0.36188342599634915
0.22,0.55,0.77,0.2857142857142857,0.3428923479855511,1.5586015817525052,0.12289234798555113,0.24578469597110225,0.36867704395665335
0.22,0.555,0.775,0.2838709677419355,0.34520790988561556,1.5691268631164343,0.12520790988561556,0.2504158197712311,0.37562372965684665
0.22,0.56,0.78,0.28205128205128205,0.34757668276971254,1.5798940125896024,0.12757668276971254,0.2551533655394251,0.3827300483091376
0.22,0.565,0.7849999999999999,0.28025477707006374,0.35000099864383794,1.5909136301992632,0.13000099864383793,0.26000199728767587,0.3900029959315138
0.22,0.57,0.7899999999999999,0.2784810126582279,0.3524833460412071,1.6021970274600323,0.13248334604120712,0.26496669208241425,0.39745003812362134
0.22,0.575,0.7949999999999999,0.2767295597484277,0.3550263844448861,1.6137562929313005,0.1350263844448861,0.2700527688897722,0.40507915333465827
0.22,0.58,0.7999999999999999,0.275,0.35763296042203485,1.625604365554704,0.13763296042203485,0.2752659208440697,0.4128988812661045
0.22,0.585,0.8049999999999999,0.2732919254658385,0.3603061257208481,1.6377551169129458,0.14030612572084808,0.28061225144169616,0.4209183771625442
0.22,0.59,0.8099999999999999,0.271604938271605,0.36304915762554,1.6502234437524546,0.14304915762554002,0.28609831525108004,0.42914747287662003
0.22,0.595,0.815,0.26993865030674846,0.365865581918153,1.6630253723552408,0.145865581918153,0.291731163836306,0.43759674575445895
0.22,0.6,0.82,0.2682926829268293,0.3687591988607958,1.6761781766399808,0.14875919886079578,0.29751839772159155,0.4462775965823873
0.225,0.005,0.23,0.9782608695652174,0.225612528464054,1.0027223487291288,0.0006125284640539908,0.0012250569281079815,0.0018375853921619723
0.225,0.01,0.23500000000000001,0.9574468085106382,0.22622977766072339,1.0054656784921039,0.0012297776607233801,0.0024595553214467603,0.0036893329821701404
0.225,0.015,0.24,0.9375000000000001,0.22685181132187116,1.0082302725416497,0.0018518113218711496,0.003703622643742299,0.005555433965613449
0.225,0.02,0.245,0.9183673469387755,0.22747869443506552,1.0110164197114022,0.002478694435065515,0.00495738887013103,0.007436083305196545
0.225,0.025,0.25,0.9,0.22811049327642952,1.0138244145619089,0.00311049327642951,0.00622098655285902,0.00933147982928853
0.225,0.03,0.255,0.8823529411764706,0.2287472754445683,1.0166545575314145,0.003747275444568293,0.007494550889136586,0.01124182633370488
0.225,0.035,0.26,0.8653846153846154,0.22938910989561678,1.0195071550916301,0.004389109895616777,0.008778219791233555,0.013167329686850332
0.225,0.04,0.265,0.8490566037735849,0.23003606697945223,1.0223825199086765,0.0050360669794522195,0.010072133958904439,0.015108200938356658
0.225,0.045,0.27,0.8333333333333333,0.2306882184771185,1.0252809710094155,0.005688218477118506,0.011376436954237013,0.01706465543135552
0.225,0.05,0.275,0.8181818181818181,0.23134563763951077,1.028202833953381,0.006345637639510765,0.01269127527902153,0.019036912918532295
0.225,0.055,0.28,0.8035714285714285,0.23200839922737237,1.0311484410105438,0.007008399227372369,0.014016798454744739,0.02102519768211711
0.225,0.06,0.28500000000000003,0.7894736842105262,0.23267657955265686,1.0341181313451415,0.007676579552656854,0.015353159105313707,0.02302973865797056
0.225,0.065,0.29000000000000004,0.7758620689655171,0.23335025652131236,1.0371122512058326,0.008350256521312355,0.01670051304262471,0.025050769563937064
0.225,0.07,0.29500000000000004,0.7627118644067796,0.23402950967754643,1.0401311541224285,0.009029509677546427,0.018059019355092853,0.02708852903263928
0.225,0.075,0.3,0.75,0.23471442024963463,1.0431752011094872,0.00971442024963462,0.01942884049926924,0.02914326074890386
0.225,0.08,0.305,0.7377049180327869,0.23540507119733556,1.0462447608770469,0.010405071197335553,0.020810142394671105,0.031215213592006658
0.225,0.085,0.31,0.7258064516129032,0.23610154726098376,1.0493402100488167,0.011101547260983752,0.022203094521967504,0.033304641782951255
0.225,0.09,0.315,0.7142857142857143,0.23680393501232788,1.052461933388124,0.011803935012327876,0.023607870024655753,0.03541180503698363
0.225,0.095,0.32,0.703125,0.23751232290719426,1.0556103240319745,0.012512322907194257,0.025024645814388513,0.03753696872158277
0.225,0.1,0.325,0.6923076923076923,0.2382268013400497,1.0587857837335541,0.013226801340049693,0.026453602680099386,0.03968040402014908
0.225,0.105,0.33,0.6818181818181818,0.23894746270055123,1.061988723113561,0.013947462700551222,0.027894925401102444,0.041842388101653666
0.225,0.11,0.335,0.6716417910447761,0.2396744014321659,1.0652195619207372,0.01467440143216589,0.02934880286433178,0.04402320429649767
0.225,0.115,0.34,0.6617647058823529,0.24040771409295636,1.0684787293020281,0.015407714092956354,0.030815428185912708,0.04622314227886906
0.225,0.12,0.345,0.6521739130434784,0.24114749941862468,1.0717666640827763,0.016147499418624672,0.032294998837249345,0.04844249825587402
0.225,0.125,0.35,0.6428571428571429,0.24189385838792,1.0750838150574222,0.016893858387919986,0.03378771677583997,0.050681575163759957
0.225,0.13,0.355,0.6338028169014085,0.24264689429051423,1.0784306412911744,0.01764689429051422,0.03529378858102844,0.05294068287154266
0.225,0.135,0.36,0.625,0.2434067127974593,1.0818076124331524,0.018406712797459285,0.03681342559491857,0.055220138392377854
0.225,0.14,0.365,0.6164383561643836,0.24417342203434578,1.0852152090415368,0.019173422034345772,0.038346844068691543,0.057520266103037315
0.225,0.145,0.37,0.6081081081081081,0.24494713265728563,1.0886539229212695,0.01994713265728562,0.03989426531457124,0.05984139797185686
0.225,0.15,0.375,0.6,0.24572795793185465,1.0921242574749095,0.02072795793185464,0.04145591586370928,0.06218387379556392
0.225,0.155,0.38,0.5921052631578947,0.24651601381512978,1.0956267280672434,0.02151601381512977,0.04303202763025954,0.06454804144538931
0.225,0.16,0.385,0.5844155844155844,0.24731141904097198,1.0991618624043198,0.022311419040971975,0.04462283808194395,0.06693425712291592
0.225,0.165,0.39,0.5769230769230769,0.24811429520870754,1.102730200927589,0.02311429520870753,0.04622859041741506,0.06934288562612259
0.225,0.17,0.395,0.569620253164557,0.24892476687537268,1.1063322972238785,0.023924766875372677,0.047849533750745354,0.07177430062611803
0.225,0.175,0.4,0.5625,0.2497429616516943,1.1099687184519746,0.02474296165169429,0.04948592330338858,0.07422888495508287
0.225,0.18,0.405,0.5555555555555556,0.25056901030199097,1.1136400457866265,0.025569010301990963,0.051138020603981926,0.07670703090597289
0.225,0.185,0.41000000000000003,0.548780487804878,0.2514030468481874,1.1173468748808328,0.026403046848187367,0.052806093696374734,0.0792091405445621
0.225,0.19,0.41500000000000004,0.5421686746987951,0.2522452086781459,1.1210898163473153,0.02724520867814592,0.05449041735629184,0.08173562603443776
0.225,0.195,0.42000000000000004,0.5357142857142857,0.25309563665853607,1.1248694962601602,0.028095636658536066,0.05619127331707213,0.0842869099756082
0.225,0.2,0.42500000000000004,0.5294117647058824,0.2539544752524674,1.1286865566776327,0.028954475252467388,0.057908950504934775,0.08686342575740216
0.225,0.205,0.43,0.5232558139534884,0.25482187264213263,1.132541656187256,0.029821872642132624,0.05964374528426525,0.08946561792639787
0.225,0.21,0.435,0.5172413793103449,0.25569798085671924,1.1364354704743078,0.030697980856719237,0.061395961713438474,0.09209394257015771
0.225,0.215,0.44,0.5113636363636364,0.256582955905861,1.1403686929149377,0.03158295590586099,0.06316591181172199,0.09474886771758298
0.225,0.22,0.445,0.5056179775280899,0.2574769579189242,1.1443420351952187,0.032476957918924215,0.06495391583784843,0.09743087375677265
0.225,0.225,0.45,0.5,0.2583801512904337,1.148356227957483,0.033380151290433674,0.06676030258086735,0.10014045387130102
0.225,0.23,0.455,0.4945054945054945,0.25929270483197076,1.1524120214754257,0.03429270483197075,0.0685854096639415,0.10287811449591225
0.225,0.235,0.45999999999999996,0.48913043478260876,0.26021479193088737,1.1565101863594993,0.03521479193088736,0.07042958386177472,0.10564437579266209
0.225,0.24,0.46499999999999997,0.48387096774193555,0.26114659071621316,1.1606515142942806,0.03614659071621315,0.0722931814324263,0.10843977214863945
0.225,0.245,0.47,0.4787234042553192,0.26208828423214403,1.164836818809529,0.037088284232144025,0.07417656846428805,0.11126485269643208
0.225,0.25,0.475,0.4736842105263158,0.26304006061953844,1.1690669360868375,0.038040060619538435,0.07608012123907687,0.1141201818586153
0.225,0.255,0.48,0.46875000000000006,0.2640021133058651,1.173342725803845,0.03900211330586509,0.07800422661173018,0.11700633991759526
0.225,0.26,0.485,0.4639175257731959,0.2649746412040829,1.177665072018146,0.03997464120408287,0.07994928240816573,0.1199239236122486
0.225,0.265,0.49,0.45918367346938777,0.2659578489209595,1.1820348840931534,0.04095784892095952,0.08191569784191904,0.12287354676287857
0.225,0.27,0.495,0.4545454545454546,0.2669519469753747,1.186453097668332,0.041951946975374715,0.08390389395074943,0.12585584092612415
0.225,0.275,0.5,0.45,0.2679571520271873,1.190920675676388,0.04295715202718728,0.08591430405437456,0.12887145608156184
0.225,0.28,0.505,0.44554455445544555,0.26897368711728775,1.1954386094101677,0.043973687117287746,0.08794737423457549,0.13192106135186324
0.225,0.285,0.51,0.4411764705882353,0.2700017819194981,1.2000079196422138,0.04500178191949808,0.09000356383899616,0.13500534575849424
0.225,0.29,0.515,0.4368932038834951,0.2710416730050309,1.2046296578001374,0.0460416730050309,0.0920833460100618,0.1381250190150927
0.225,0.295,0.52,0.4326923076923077,0.2720936041202663,1.2093049072011834,0.04709360412026628,0.09418720824053256,0.14128081236079884
0.225,0.3,0.525,0.42857142857142855,0.2731578264786617,1.2140347843496075,0.04815782647866171,0.09631565295732342,0.14447347943598512
0.225,0.305,0.53,0.42452830188679247,0.27423459906766867,1.2188204403007497,0.049234599067668666,0.09846919813533733,0.147703797203006
0.225,0.31,0.535,0.4205607476635514,0.2753241889715926,1.2236630620959672,0.050324188971592604,0.10064837794318521,0.1509725669147778
0.225,0.315,0.54,0.41666666666666663,0.2764268717114018,1.2285638742728968,0.051426871711401784,0.10285374342280357,0.15428061513420535
0.225,0.32,0.545,0.4128440366972477,0.27754293160256904,1.2335241404558623,0.05254293160256904,0.10508586320513807,0.1576287948077071
0.225,0.325,0.55,0.40909090909090906,0.2786726621321053,1.238545165031579,0.05367266213210528,0.10734532426421056,0.16101798639631584
0.225,0.33,0.555,0.4054054054054054,0.27981636635604,1.2436282949157333,0.05481636635604001,0.10963273271208002,0.16444909906812002
0.225,0.335,0.56,0.40178571428571425,0.2809743573186947,1.2487749214164208,0.055974357318694684,0.11194871463738937,0.16792307195608405
0.225,0.34,0.5650000000000001,0.3982300884955752,0.2821469584952023,1.2539864822008993,0.05714695849520232,0.11429391699040464,0.17144087548560696
0.225,0.345,0.57,0.3947368421052632,0.28333450425884155,1.259264463372629,0.05833450425884154,0.11666900851768308,0.17500351277652462
0.225,0.35,0.575,0.391304347826087,0.2845373403748772,1.2646104016661208,0.05953734037487721,0.11907468074975441,0.17861202112463162
0.225,0.355,0.58,0.3879310344827587,0.28575582452273707,1.2700258867677203,0.06075582452273706,0.12151164904547412,0.18226747356821119
0.225,0.36,0.585,0.38461538461538464,0.28699032684850356,1.2755125637711269,0.06199032684850356,0.12398065369700711,0.18597098054551067
0.225,0.365,0.59,0.38135593220338987,0.2882412305498614,1.2810721357771617,0.06324123054986139,0.12648246109972278,0.18972369164958416
0.225,0.37,0.595,0.3781512605042017,0.28950893249582466,1.2867063666481096,0.06450893249582465,0.1290178649916493,0.19352679748747395
0.225,0.375,0.6,0.375,0.29079384388375884,1.292417083927817,0.06579384388375883,0.13158768776751767,0.1973815316512765
0.225,0.38,0.605,0.37190082644628103,0.29209639093643347,1.2982061819397044,0.06709639093643346,0.13419278187286693,0.2012891728093004
0.225,0.385,0.61,0.36885245901639346,0.2934170156420749,1.3040756250758885,0.06841701564207489,0.13683403128414978,0.20525104692622467
0.225,0.39,0.615,0.36585365853658536,0.294756176540653,1.310027451291791,0.069756176540653,0.139512353081306,0.209268529621959
0.225,0.395,0.62,0.3629032258064516,0.2961143495599201,1.3160637758218672,0.0711143495599201,0.1422286991198402,0.2133430486797603
0.225,0.4,0.625,0.36,0.2974920289050419,1.3221867951335196,0.07249202890504189,0.14498405781008378,0.21747608671512567
0.225,0.405,0.63,0.35714285714285715,0.2988897280060071,1.3283987911378092,0.0738897280060071,0.1477794560120142,0.2216691840180213
0.225,0.41,0.635,0.3543307086614173,0.3003079805273935,1.3347021356773043,0.07530798052739349,0.15061596105478697,0.22592394158218046
0.225,0.415,0.64,0.3515625,0.301747341445498,1.3410992953133243,0.07674734144549797,0.15349468289099594,0.2302420243364939
0.225,0.42,0.645,0.3488372093023256,0.30320838819831075,1.3475928364369367,0.07820838819831075,0.1564167763966215,0.23462516459493224
0.225,0.425,0.65,0.34615384615384615,0.30469172191435123,1.35418543073045,0.07969172191435123,0.15938344382870245,0.23907516574305368
0.225,0.43,0.655,0.3435114503816794,0.30619796872696337,1.360879861008726,0.08119796872696336,0.16239593745392672,0.24359390618089008
0.225,0.435,0.66,0.3409090909090909,0.3077277811813307,1.367679027472581,0.0827277811813307,0.1654555623626614,0.2481833435439921
0.225,0.44,0.665,0.3383458646616541,0.30928183974220025,1.374585954409779,0.08428183974220024,0.16856367948440049,0.2528455192266007
0.225,0.445,0.67,0.33582089552238803,0.31086085441112243,1.3816037973827664,0.08586085441112243,0.17172170882224486,0.25758256323336726
0.225,0.45,0.675,0.3333333333333333,0.31246556646292956,1.3887358509463537,0.08746556646292955,0.1749311329258591,0.2623966993887886
0.225,0.455,0.68,0.33088235294117646,0.31409675031219964,1.3959855569431094,0.08909675031219963,0.17819350062439926,0.26729025093659886
0.225,0.46,0.685,0.3284671532846715,0.31575521552160646,1.403356513429362,0.09075521552160645,0.1815104310432129,0.27226564656481933
0.225,0.465,0.6900000000000001,0.32608695652173914,0.31744180896534835,1.410852484290437,0.09244180896534834,0.1848836179306967,0.277325426896045
0.225,0.47,0.695,0.32374100719424465,0.3191574171623085,1.41847740961026,0.0941574171623085,0.188314834324617,0.28247225148692545
0.225,0.475,0.7,0.32142857142857145,0.3209029687952496,1.426235416867776,0.0959029687952496,0.1918059375904992,0.28770890638574875
0.225,0.48,0.705,0.3191489361702128,0.32267943743420135,1.4341308330408948,0.09767943743420135,0.1953588748684027,0.293038312302604
0.225,0.485,0.71,0.31690140845070425,0.32448784448431833,1.4421681977080814,0.09948784448431833,0.19897568896863665,0.29846353345295495
0.225,0.49,0.715,0.3146853146853147,0.32632926238087556,1.4503522772483357,0.10132926238087556,0.2026585247617511,0.30398778714262664
0.225,0.495,0.72,0.3125,0.3282048180568007,1.4586880802524476,0.10320481805680068,0.20640963611360136,0.309614454170402
0.225,0.5,0.725,0.3103448275862069,0.33011569671124874,1.4671808742722166,0.10511569671124874,0.21023139342249747,0.3153470901337462
0.225,0.505,0.73,0.3082191780821918,0.3320631459112814,1.4758362040501394,0.10706314591128138,0.21412629182256276,0.3211894377338441
0.225,0.51,0.735,0.30612244897959184,0.33404848006278365,1.4846599113901495,0.10904848006278364,0.21809696012556729,0.3271454401883509
0.225,0.515,0.74,0.30405405405405406,0.33607308529142543,1.4936581568507796,0.11107308529142543,0.22214617058285085,0.33321925587427625
0.225,0.52,0.745,0.30201342281879195,0.33813842477985867,1.5028374434660385,0.11313842477985867,0.22627684955971733,0.33941527433957597
0.225,0.525,0.75,0.3,0.3402460446135529,1.5122046427269018,0.1152460446135529,0.2304920892271058,0.34573813384065866
0.225,0.53,0.755,0.2980132450331126,0.3423975801948581,1.5217670230882583,0.1173975801948581,0.2347951603897162,0.3521927405845743
0.225,0.535,0.76,0.29605263157894735,0.34459476329323036,1.531532281303246,0.11959476329323035,0.2391895265864607,0.358784289879691
0.225,0.54,0.765,0.29411764705882354,0.3468394298092602,1.5415085769300452,0.12183942980926019,0.24367885961852037,0.36551828942778053
0.225,0.545,0.77,0.2922077922077922,0.34913352834147926,1.5517045704065744,0.12413352834147925,0.2482670566829585,0.37240058502443774
0.225,0.55,0.775,0.2903225806451613,0.3514791296581944,1.5621294651475306,0.12647912965819438,0.25295825931638877,0.3794373889745831
0.225,0.555,0.78,0.28846153846153844,0.35387843719218515,1.5727930541874895,0.12887843719218514,0.2577568743843703,0.3866353115765554
0.225,0.56,0.785,0.28662420382165604,0.356333798694487,1.5837057719754977,0.131333798694487,0.262667597388974,0.39400139608346096
0.225,0.565,0.7899999999999999,0.2848101265822785,0.35884771920521963,1.5948787520231984,0.13384771920521962,0.26769543841043925,0.40154315761565884
0.225,0.57,0.7949999999999999,0.28301886792452835,0.361422875525243,1.6063238912233022,0.136422875525243,0.272845751050486,0.40926862657572893
0.225,0.575,0.7999999999999999,0.28125000000000006,0.36406213240319696,1.6180539217919865,0.13906213240319695,0.2781242648063939,0.41718639720959083
0.225,0.58,0.8049999999999999,0.27950310559006214,0.36676856068931374,1.6300824919525054,0.14176856068931373,0.28353712137862747,0.42530568206794117
0.225,0.585,0.8099999999999999,0.2777777777777778,0.36954545775166237,1.642424256674055,0.14454545775166236,0.2890909155033247,0.43363637325498705
0.225,0.59,0.815,0.27607361963190186,0.37239637050393304,1.6550949800174801,0.14739637050393303,0.29479274100786607,0.44218911151179907
0.225,0.595,0.82,0.27439024390243905,0.37532512145869656,1.6681116509275402,0.15032512145869656,0.3006502429173931,0.45097536437608965
0.225,0.6,0.825,0.27272727272727276,0.37833583829909345,1.6814926146626374,0.15333583829909345,0.3066716765981869,0.4600075148972803
0.23,0.005,0.23500000000000001,0.9787234042553191,0.2306273854044799,1.0027277626281734,0.0006273854044799021,0.0012547708089598042,0.0018821562134397063
0.23,0.01,0.24000000000000002,0.9583333333333333,0.2312596225906608,1.0054766199593947,0.001259622590660786,0.002519245181321572,0.0037788677719823582
0.23,0.015,0.245,0.9387755102040817,0.23189677734074088,1.0082468580032211,0.0018967773407408683,0.0037935546814817367,0.005690332022222605
0.23,0.02,0.25,0.92,0.2325389167393136,1.0110387684317983,0.0025389167393135847,0.0050778334786271695,0.007616750217940754
0.23,0.025,0.255,0.9019607843137255,0.2331861092076183,1.0138526487287751,0.003186109207618276,0.006372218415236552,0.009558327622854829
0.23,0.03,0.26,0.8846153846153846,0.23383842453891912,1.0166888023431266,0.0038384245389191107,0.0076768490778382215,0.011515273616757332
0.23,0.035,0.265,0.8679245283018868,0.23449593393505974,1.0195475388480857,0.004495933935059732,0.008991867870119463,0.013487801805179195
0.23,0.04,0.27,0.8518518518518519,0.23515871004423994,1.022429174105391,0.005158710044239928,0.010317420088479856,0.015476130132719784
0.23,0.045,0.275,0.8363636363636363,0.23582682700006286,1.0253340304350558,0.005826827000062845,0.01165365400012569,0.017480481000188536
0.23,0.05,0.28,0.8214285714285714,0.23650036046190515,1.028262436790892,0.006500360461905136,0.013000720923810272,0.019501081385715408
0.23,0.055,0.28500000000000003,0.8070175438596491,0.23717938765666402,1.0312147289420175,0.00717938765666401,0.01435877531332802,0.02153816296999203
0.23,0.06,0.29000000000000004,0.793103448275862,0.23786398742193837,1.0341912496606016,0.007863987421938362,0.015727974843876724,0.023591962265815086
0.23,0.065,0.29500000000000004,0.7796610169491525,0.23855424025070238,1.0371923489160972,0.008554240250702366,0.017108480501404733,0.0256627207521071
0.23,0.07,0.30000000000000004,0.7666666666666666,0.23925022833753506,1.0402183840762393,0.009250228337535055,0.01850045667507011,0.027750685012605164
0.23,0.075,0.305,0.7540983606557378,0.2399520356264705,1.0432697201150891,0.009952035626470485,0.01990407125294097,0.029856106879411454
0.23,0.08,0.31,0.7419354838709677,0.2406597478605379,1.0463467298284257,0.010659747860537888,0.021319495721075776,0.031979243581613664
0.23,0.085,0.315,0.7301587301587302,0.24137345263306276,1.0494497940567946,0.011373452633062747,0.022746905266125494,0.03412035789918824
0.23,0.09,0.32,0.71875,0.24209323944080674,1.052579301916551,0.01209323944080673,0.02418647888161346,0.03627971832242019
0.23,0.095,0.325,0.7076923076923077,0.24281919973902266,1.0557356510392288,0.012819199739022652,0.025638399478045304,0.038457599217067956
0.23,0.1,0.33,0.696969696969697,0.24355142699851218,1.058919247819618,0.013551426998512167,0.027102853997024334,0.0406542809955365
0.23,0.105,0.335,0.6865671641791045,0.24429001676476902,1.0621305076729088,0.014290016764769015,0.02858003352953803,0.042870050294307044
0.23,0.11,0.34,0.676470588235294,0.24503506671930686,1.0653698553013342,0.01503506671930685,0.0300701334386137,0.04510520015792055
0.23,0.115,0.34500000000000003,0.6666666666666666,0.24578667674326138,1.0686377249707015,0.01578667674326137,0.03157335348652274,0.047360030229784106
0.23,0.12,0.35,0.6571428571428573,0.24654494898337576,1.0719345607972859,0.016544948983375746,0.03308989796675149,0.04963484695012724
0.23,0.125,0.355,0.647887323943662,0.24730998792047176,1.0752608170455293,0.017309987920471753,0.03461997584094351,0.05192996376141526
0.23,0.13,0.36,0.638888888888889,0.24808190044052536,1.0786169584370668,0.01808190044052535,0.0361638008810507,0.05424570132157605
0.23,0.135,0.365,0.6301369863013699,0.24886079590846055,1.0820034604715676,0.018860795908460543,0.037721591816921085,0.05658238772538163
0.23,0.14,0.37,0.6216216216216216,0.2496467862447923,1.0854208097599665,0.019646786244792297,0.039293572489584594,0.05894035873437689
0.23,0.145,0.375,0.6133333333333334,0.2504399860052493,1.088869504370649,0.020439986005249294,0.04087997201049859,0.06131995801574788
0.23,0.15,0.38,0.6052631578947368,0.25124051246351664,1.0923500541892028,0.02124051246351663,0.04248102492703326,0.06372153739054989
0.23,0.155,0.385,0.5974025974025974,0.2520484856972468,1.0958629812923775,0.022048485697246795,0.04409697139449359,0.06614545709174038
0.23,0.16,0.39,0.5897435897435898,0.25286402867749624,1.09940882033694,0.022864028677496234,0.04572805735499247,0.0685920860324887
0.23,0.165,0.395,0.5822784810126582,0.25368726736174996,1.1029881189641302,0.023687267361749947,0.047374534723499895,0.07106180208524984
0.23,0.17,0.4,0.575,0.2545183307907113,1.1066014382204838,0.02451833079071128,0.04903666158142256,0.07355499237213384
0.23,0.175,0.405,0.5679012345679012,0.2553573511890401,1.1102493529958266,0.025357351189040117,0.050714702378080234,0.07607205356712035
0.23,0.18,0.41000000000000003,0.5609756097560975,0.2562044640702339,1.1139324524792777,0.026204464070233885,0.05240892814046777,0.07861339221070165
0.23,0.185,0.41500000000000004,0.5542168674698795,0.2570598083458585,1.1176513406341675,0.0270598083458585,0.054119616691717,0.0811794250375755
0.23,0.19,0.42000000000000004,0.5476190476190476,0.2579235264393481,1.121406636692818,0.027923526439348118,0.055847052878696235,0.08377057931804435
0.23,0.195,0.42500000000000004,0.5411764705882353,0.2587957644046044,1.125198975672193,0.02879576440460438,0.05759152880920876,0.08638729321381314
0.23,0.2,0.43000000000000005,0.5348837209302325,0.2596766720496402,1.129029008911479,0.029676672049640168,0.059353344099280336,0.0890300161489205
0.23,0.205,0.435,0.5287356321839081,0.2605664030655288,1.1328974046327338,0.030566403065528797,0.06113280613105759,0.09169920919658639
0.23,0.21,0.44,0.5227272727272727,0.2614651151609336,1.1368048485257982,0.031465115160933615,0.06293023032186723,0.09439534548280085
0.23,0.215,0.445,0.5168539325842697,0.26237297020251205,1.140752044358748,0.032372970202512036,0.06474594040502407,0.09711891060753611
0.23,0.22,0.45,0.5111111111111111,0.2632901343615015,1.1447397146152238,0.033290134361501494,0.06658026872300299,0.09987040308450448
0.23,0.225,0.455,0.5054945054945055,0.2642167782668229,1.1487686011600995,0.03421677826682287,0.06843355653364575,0.10265033480046862
0.23,0.23,0.46,0.5,0.26515307716504655,1.152839465934985,0.03515307716504654,0.07030615433009307,0.10545923149513961
0.23,0.235,0.46499999999999997,0.49462365591397855,0.2660992110875987,1.1569530916852118,0.0360992110875987,0.0721984221751974,0.1082976332627961
0.23,0.24,0.47,0.4893617021276596,0.2670553650256029,1.1611102827200126,0.03705536502560289,0.07411073005120578,0.11116609507680866
0.23,0.245,0.475,0.48421052631578954,0.2680217291127802,1.16531186570774,0.038021729112780206,0.07604345822556041,0.11406518733834062
0.23,0.25,0.48,0.4791666666666667,0.26899849881685955,1.169558690508085,0.038998498816859545,0.07799699763371909,0.11699549645057863
0.23,0.255,0.485,0.4742268041237114,0.26998587513997596,1.1738516310433738,0.03998587513997595,0.0799717502799519,0.11995762541992785
0.23,0.26,0.49,0.46938775510204084,0.2709840648285725,1.1781915862111847,0.0409840648285725,0.081968129657145,0.12295219448571751
0.23,0.265,0.495,0.4646464646464647,0.27199328059334915,1.1825794808406485,0.04199328059334914,0.08398656118669828,0.12597984178004742
0.23,0.27,0.5,0.46,0.2730137413398447,1.1870162666949768,0.043013741339844674,0.08602748267968935,0.12904122401953402
0.23,0.275,0.505,0.45544554455445546,0.2740456724102752,1.1915029235229357,0.04404567241027521,0.08809134482055042,0.13213701723082563
0.23,0.28,0.51,0.45098039215686275,0.27508930583729485,1.1960404601621515,0.04508930583729484,0.09017861167458968,0.13526791751188452
0.23,0.285,0.515,0.44660194174757284,0.2761448806103943,1.2006299156973665,0.04614488061039432,0.09228976122078864,0.13843464183118295
0.23,0.29,0.52,0.4423076923076923,0.2772126429557006,1.205272360676959,0.04721264295570057,0.09442528591140115,0.14163792886710172
0.23,0.295,0.525,0.4380952380952381,0.27829284662999687,1.2099688983912906,0.04829284662999686,0.09658569325999372,0.14487853988999058
0.23,0.3,0.53,0.4339622641509434,0.27938575322983983,1.214720666216695,0.04938575322983982,0.09877150645967964,0.14815725968951945
0.23,0.305,0.535,0.42990654205607476,0.28049163251671794,1.2195288370292083,0.05049163251671793,0.10098326503343585,0.15147489755015378
0.23,0.31,0.54,0.42592592592592593,0.28161076275926045,1.2243946206924368,0.05161076275926044,0.10322152551852087,0.1548322882777813
0.23,0.315,0.545,0.4220183486238532,0.2827434310935848,1.2293192656242817,0.052743431093584786,0.10548686218716957,0.15823029328075436
0.23,0.32,0.55,0.41818181818181815,0.2838899339029509,1.2343040604476125,0.05388993390295091,0.10777986780590182,0.16166980170885273
0.23,0.325,0.555,0.4144144144144144,0.2850505772179801,1.2393503357303481,0.055050577217980096,0.11010115443596019,0.1651517316539403
0.23,0.33,0.56,0.4107142857142857,0.2862256771387922,1.2444594658208357,0.0562256771387922,0.1124513542775844,0.1686770314163766
0.23,0.335,0.5650000000000001,0.4070796460176991,0.2874155602805236,1.2496328707848852,0.05741556028052361,0.11483112056104722,0.17224668084157083
0.23,0.34,0.5700000000000001,0.40350877192982454,0.28862056424379756,1.2548720184512936,0.05862056424379755,0.1172411284875951,0.17586169273139265
0.23,0.345,0.575,0.4,0.28984103811185,1.260178426573261,0.059841038111850015,0.11968207622370003,0.17952311433555004
0.23,0.35,0.58,0.3965517241379311,0.2910773429761486,1.2655536651136896,0.06107734297614861,0.12215468595229723,0.18323202892844584
0.23,0.355,0.585,0.3931623931623932,0.29232985249249077,1.2709993586630033,0.06232985249249076,0.12465970498498152,0.18698955747747228
0.23,0.36,0.59,0.3898305084745763,0.2935989534697344,1.2765171889988451,0.0635989534697344,0.1271979069394688,0.1907968604092032
0.23,0.365,0.595,0.3865546218487395,0.29488504649349234,1.2821088977977928,0.06488504649349233,0.12977009298698466,0.194655139480477
0.23,0.37,0.6,0.38333333333333336,0.2961885465873185,1.2877762895100804,0.06618854658731851,0.13237709317463703,0.19856563976195554
0.23,0.375,0.605,0.38016528925619836,0.297509883914133,1.293521234409274,0.06750988391413301,0.13501976782826602,0.20252965174239904
0.23,0.38,0.61,0.3770491803278689,0.29884950452086845,1.2993456718298628,0.06884950452086844,0.13769900904173688,0.2065485135626053
0.23,0.385,0.615,0.3739837398373984,0.300207871129583,1.3052516136068826,0.07020787112958302,0.14041574225916603,0.21062361338874905
0.23,0.39,0.62,0.3709677419354839,0.3015854639785762,1.31124114773294,0.07158546397857621,0.14317092795715242,0.21475639193572862
0.23,0.395,0.625,0.368,0.3029827817173596,1.3173164422493895,0.07298278171735958,0.14596556343471917,0.21894834515207875
0.23,0.4,0.63,0.3650793650793651,0.3044003423596874,1.323479749389945,0.07440034235968737,0.14880068471937474,0.22320102707906211
0.23,0.405,0.635,0.36220472440944884,0.3058386842992419,1.3297334099967038,0.07583868429924187,0.15167736859848374,0.2275160528977256
0.23,0.41,0.64,0.359375,0.30729836739299965,1.3360798582304332,0.07729836739299964,0.15459673478599928,0.23189510217899892
0.23,0.415,0.645,0.35658914728682173,0.30877997411778235,1.3425216265990536,0.07877997411778234,0.15755994823556468,0.23633992235334703
0.23,0.42,0.65,0.35384615384615387,0.310284110806026,1.3490613513305478,0.08028411080602602,0.16056822161205203,0.24085233241807805
0.23,0.425,0.655,0.3511450381679389,0.31181140896739656,1.3557017781191154,0.08181140896739655,0.1636228179347931,0.24543422690218966
0.23,0.43,0.66,0.3484848484848485,0.31336252670353315,1.362445768276231,0.08336252670353314,0.16672505340706628,0.2500875801105994
0.23,0.435,0.665,0.3458646616541353,0.31493815022393723,1.3692963053214662,0.08493815022393722,0.16987630044787444,0.25481445067181163
0.23,0.44,0.67,0.34328358208955223,0.3165389954718443,1.3762565020514967,0.08653899547184427,0.17307799094368853,0.25961698641553277
0.23,0.445,0.675,0.34074074074074073,0.31816580986983256,1.3833296081297066,0.08816580986983255,0.1763316197396651,0.2644974296094976
0.23,0.45,0.68,0.338235294117647,0.3198193741959503,1.390519018243262,0.08981937419595029,0.17963874839190058,0.26945812258785085
0.23,0.455,0.685,0.3357664233576642,0.32150050460229773,1.3978282808795552,0.09150050460229772,0.18300100920459544,0.27450151380689314
0.23,0.46,0.6900000000000001,0.3333333333333333,0.3232100547892993,1.4052611077795623,0.09321005478929931,0.18642010957859861,0.2796301643678979
0.23,0.465,0.6950000000000001,0.33093525179856115,0.3249489183503599,1.4128213841319994,0.09494891835035987,0.18989783670071975,0.2848467550510796
0.23,0.47,0.7,0.3285714285714286,0.3267180313032547,1.4205131795793682,0.09671803130325471,0.19343606260650942,0.2901540939097641
0.23,0.475,0.705,0.3262411347517731,0.3285183748264632,1.4283407601150573,0.09851837482646317,0.19703674965292634,0.2955551244793895
0.23,0.48,0.71,0.323943661971831,0.33035097822077775,1.436308600959903,0.10035097822077774,0.20070195644155547,0.3010529346623332
0.23,0.485,0.715,0.3216783216783217,0.3322169221189136,1.4444214005170157,0.10221692211891362,0.20443384423782723,0.3066507663567408
0.23,0.49,0.72,0.3194444444444445,0.334117341968583,1.4526840955155782,0.104117341968583,0.208234683937166,0.31235202590574895
0.23,0.495,0.725,0.31724137931034485,0.3360534318176077,1.4611018774678595,0.10605343181760771,0.21210686363521541,0.3181602954528231
0.23,0.5,0.73,0.31506849315068497,0.3380264484332077,1.469680210579164,0.10802644843320772,0.21605289686641543,0.3240793452996231
0.23,0.505,0.735,0.3129251700680272,0.34003771579167663,1.4784248512681593,0.11003771579167662,0.22007543158335324,0.33011314737502984
0.23,0.51,0.74,0.3108108108108108,0.342088629979341,1.4873418694753955,0.11208862997934096,0.22417725995868193,0.33626588993802287
0.23,0.515,0.745,0.3087248322147651,0.3441806645510852,1.49643767196124,0.11418066455108519,0.22836132910217039,0.34254199365325555
0.23,0.52,0.75,0.3066666666666667,0.3463153763989475,1.5057190278215107,0.11631537639894748,0.23263075279789497,0.3489461291968424
0.23,0.525,0.755,0.304635761589404,0.3484944121904836,1.5151930964803635,0.1184944121904836,0.2369888243809672,0.35548323657145076
0.23,0.53,0.76,0.3026315789473684,0.35071951544494995,1.524867458456304,0.12071951544494994,0.24143903088989987,0.3621585463348498
0.23,0.535,0.765,0.3006535947712418,0.35299253432507005,1.5347501492394349,0.12299253432507004,0.24598506865014008,0.3689776029752101
0.23,0.54,0.77,0.2987012987012987,0.3553154302334969,1.5448496966673777,0.12531543023349687,0.25063086046699373,0.37594629070049057
0.23,0.545,0.775,0.2967741935483871,0.35769028731635577,1.555175162245025,0.12769028731635576,0.2553805746327115,0.38307086194906725
0.23,0.55,0.78,0.2948717948717949,0.36011932299185967,1.565736186921129,0.13011932299185966,0.2602386459837193,0.39035796897557895
0.23,0.555,0.785,0.2929936305732484,0.36260489964037157,1.5765430419146589,0.13260489964037156,0.2652097992807431,0.39781469892111465
0.23,0.56,0.79,0.2911392405063291,0.3651495376140407,1.5876066852784376,0.13514953761404067,0.27029907522808133,0.40544861284212197
0.23,0.565,0.7949999999999999,0.289308176100629,0.3677559297499605,1.5989388249998282,0.1377559297499605,0.275511859499921,0.4132677892498815
0.23,0.57,0.7999999999999999,0.28750000000000003,0.37042695760157496,1.610551989572065,0.14042695760157495,0.2808539152031499,0.4212808728047248
0.23,0.575,0.8049999999999999,0.28571428571428575,0.37316570963988727,1.6224596071299446,0.14316570963988726,0.2863314192797745,0.42949712891966174
0.23,0.58,0.8099999999999999,0.28395061728395066,0.37597550172029015,1.6346760944360441,0.14597550172029014,0.2919510034405803,0.4379265051608704
0.23,0.585,0.815,0.28220858895705525,0.3788599001642613,1.6472169572359185,0.1488599001642613,0.2977198003285226,0.44657970049278384
0.23,0.59,0.82,0.2804878048780488,0.3818227478699696,1.6600989037824765,0.1518227478699696,0.3036454957399392,0.4554682436099088
0.23,0.595,0.825,0.2787878787878788,0.384868193944806,1.6733399736730694,0.15486819394480597,0.30973638788961194,0.4646045818344179
0.23,0.6,0.83,0.27710843373493976,0.38800072744959846,1.6869596845634716,0.15800072744959845,0.3160014548991969,0.4740021823487953
0.235,0.005,0.24,0.9791666666666666,0.23564230439466505,1.0027332101900641,0.0006423043946650608,0.0012846087893301217,0.0019269131839951825
0.235,0.01,0.245,0.9591836734693877,0.23628959303835229,1.0054876299504354,0.001289593038352299,0.002579186076704598,0.0038687791150568973
0.235,0.015,0.25,0.94,0.23694193380115736,1.0082635480900313,0.0019419338011573695,0.003883867602314739,0.005825801403472108
0.235,0.02,0.255,0.9215686274509803,0.23759939590347656,1.01106125916373,0.0025993959034765757,0.005198791806953151,0.007798187710429727
0.235,0.025,0.26,0.9038461538461537,0.23826204995170397,1.0138810636242723,0.0032620499517039825,0.006524099903407965,0.009786149855111947
0.235,0.03,0.265,0.8867924528301886,0.23892996797511268,1.0167232679792029,0.0039299679751126915,0.007859935950225383,0.011789903925338074
0.235,0.035,0.27,0.8703703703703702,0.23960322346396823,1.0195881849530564,0.004603223463968242,0.009206446927936485,0.013809670391904727
0.235,0.04,0.27499999999999997,0.8545454545454546,0.2402818914089221,1.0224761336549877,0.005281891408922101,0.010563782817844203,0.015845674226766304
0.235,0.045,0.27999999999999997,0.8392857142857143,0.2409660483417394,1.0253874397520826,0.005966048341739416,0.011932096683478832,0.01789814502521825
0.235,0.05,0.285,0.8245614035087719,0.24165577237741287,1.0283224356485654,0.006655772377412883,0.013311544754825766,0.01996731713223865
0.235,0.055,0.29,0.810344827586207,0.24235114325772356,1.0312814606711642,0.007351143257723569,0.014702286515447138,0.022053429773170707
0.235,0.06,0.295,0.7966101694915254,0.24305224239630352,1.034264861260866,0.008052242396303533,0.016104484792607066,0.0241567271889106
0.235,0.065,0.3,0.7833333333333333,0.24375915292526962,1.03727299117136,0.008759152925269631,0.017518305850539262,0.026277458775808893
0.235,0.07,0.305,0.7704918032786885,0.2444719597434859,1.0403062116744082,0.009471959743485914,0.018943919486971827,0.02841587923045774
0.235,0.075,0.31,0.7580645161290323,0.2451907495665332,1.0433648917724818,0.010190749566533208,0.020381499133066416,0.030572248699599625
0.235,0.08,0.315,0.7460317460317459,0.24591561097844994,1.046449408418936,0.010915610978449952,0.021831221956899904,0.03274683293534986
0.235,0.085,0.32,0.7343749999999999,0.2466466344853271,1.0495601467460727,0.011646634485327101,0.023293268970654202,0.0349399034559813
0.235,0.09,0.32499999999999996,0.7230769230769232,0.24738391257083214,1.0526975003014134,0.012383912570832156,0.024767825141664312,0.03715173771249647
0.235,0.095,0.32999999999999996,0.7121212121212122,0.24812753975375013,1.0558618712925538,0.01312753975375014,0.02625507950750028,0.03938261926125042
0.235,0.1,0.33499999999999996,0.7014925373134329,0.24887761264762764,1.0590536708409688,0.013877612647627657,0.027755225295255315,0.04163283794288297
0.235,0.105,0.33999999999999997,0.6911764705882353,0.2496342300226142,1.0622733192451668,0.014634230022614214,0.029268460045228428,0.04390269006784264
0.235,0.11,0.345,0.6811594202898551,0.25039749286959834,1.06552124625361,0.01539749286959835,0.0307949857391967,0.04619247860879505
0.235,0.115,0.35,0.6714285714285715,0.2511675044667412,1.0687978913478349,0.0161675044667412,0.0323350089334824,0.0485025134002236
0.235,0.12,0.355,0.6619718309859155,0.2519443704485169,1.0721037040362422,0.016944370448516932,0.033888740897033864,0.0508331113455508
0.235,0.125,0.36,0.6527777777777778,0.2527281988773724,1.0754391441590316,0.017728198877372425,0.03545639775474485,0.053184596632117276
0.235,0.13,0.365,0.6438356164383562,0.25351910031812896,1.078804682204804,0.018519100318128978,0.037038200636257956,0.055557300954386934
0.235,0.135,0.37,0.6351351351351351,0.2543171879152506,1.0822007996393643,0.01931718791525061,0.03863437583050122,0.05795156374575183
0.235,0.14,0.375,0.6266666666666666,0.2551225774731143,1.0856279892472949,0.0201225774731143,0.0402451549462286,0.0603677324193429
0.235,0.145,0.38,0.6184210526315789,0.2559353875394217,1.0890867554869008,0.0209353875394217,0.0418707750788434,0.0628061626182651
0.235,0.15,0.385,0.6103896103896104,0.2567557394919032,1.0925776148591626,0.021755739491903237,0.04351147898380647,0.06526721847570971
0.235,0.155,0.39,0.6025641025641025,0.2575837576284695,1.0961010962913598,0.022583757628469536,0.04516751525693907,0.06775127288540861
0.235,0.16,0.395,0.5949367088607594,0.2584195692609784,1.0996577415360784,0.023419569260978434,0.04683913852195687,0.0702587077829353
0.235,0.165,0.4,0.5874999999999999,0.2592633048127907,1.1032481055863435,0.02426330481279071,0.04852660962558142,0.07278991443837213
0.235,0.17,0.405,0.5802469135802468,0.2601150979203021,1.1068727571076684,0.025115097920302087,0.050230195840604175,0.07534529376090626
0.235,0.175,0.41,0.573170731707317,0.2609750855386467,1.1105322788878582,0.02597508553864669,0.05195017107729338,0.07792525661594008
0.235,0.18,0.415,0.5662650602409639,0.2618434080517795,1.1142272683054448,0.026843408051779538,0.053686816103559076,0.08053022415533861
0.235,0.185,0.42,0.5595238095238095,0.26272020938715757,1.1179583378176918,0.02772020938715758,0.05544041877431516,0.08316062816147274
0.235,0.19,0.425,0.5529411764705883,0.26360563713525365,1.1217261154691645,0.02860563713525366,0.05721127427050732,0.08581691140576098
0.235,0.195,0.43,0.5465116279069767,0.26449984267414683,1.1255312454219015,0.029499842674146848,0.058999685348293696,0.08849952802244054
0.235,0.2,0.435,0.5402298850574713,0.26540298129945494,1.129374388508319,0.030402981299454956,0.06080596259890991,0.09120894389836487
0.235,0.205,0.43999999999999995,0.5340909090909092,0.2663152123598814,1.133256222808006,0.03131521235988144,0.06263042471976288,0.09394563707964432
0.235,0.21,0.44499999999999995,0.5280898876404495,0.2672366993986768,1.1371774442496885,0.032236699398676794,0.06447339879735359,0.09671009819603038
0.235,0.215,0.44999999999999996,0.5222222222222223,0.2681676103013213,1.1411387672396651,0.033167610301321315,0.06633522060264263,0.09950283090396395
0.235,0.22,0.45499999999999996,0.5164835164835165,0.2691081174497648,1.1451409253181482,0.03410811744976483,0.06821623489952966,0.10232435234929449
0.235,0.225,0.45999999999999996,0.5108695652173914,0.2700583978835762,1.1491846718450052,0.03505839788357623,0.07011679576715246,0.1051751936507287
0.235,0.23,0.46499999999999997,0.5053763440860215,0.27101863346837496,1.1532707807164893,0.03601863346837497,0.07203726693674994,0.10805590040512492
0.235,0.235,0.47,0.5,0.2719890110719482,1.157400047114673,0.036989011071948186,0.07397802214389637,0.11096703321584456
0.235,0.24,0.475,0.49473684210526314,0.272969722748475,1.161573288291383,0.03796972274847499,0.07593944549694998,0.11390916824542496
0.235,0.245,0.48,0.4895833333333333,0.2739609659313126,1.1657913443885644,0.0389609659313126,0.0779219318626252,0.11688289779393779
0.235,0.25,0.485,0.4845360824742268,0.2749629436348272,1.1700550792971371,0.03996294363482722,0.07992588726965444,0.11988883090448166
0.235,0.255,0.49,0.47959183673469385,0.27597586466578305,1.1743653815565238,0.04097586466578307,0.08195172933156614,0.1229275939973492
0.235,0.26,0.495,0.47474747474747475,0.27699994384484095,1.1787231652971957,0.04199994384484096,0.08399988768968192,0.12599983153452288
0.235,0.265,0.5,0.47,0.2780354022387519,1.1831293712287316,0.04303540223875191,0.08607080447750382,0.12910620671625572
0.235,0.27,0.505,0.4653465346534653,0.27908246740387277,1.1875849676760544,0.04408246740387278,0.08816493480774557,0.13224740221161835
0.235,0.275,0.51,0.46078431372549017,0.280141373641675,1.1920909516667022,0.04514137364167503,0.09028274728335006,0.1354241209250251
0.235,0.28,0.515,0.45631067961165045,0.28121236226696333,1.1966483500721845,0.04621236226696335,0.0924247245339267,0.13863708680089004
0.235,0.285,0.52,0.45192307692307687,0.282295681889572,1.2012582208066893,0.047295681889572005,0.09459136377914401,0.14188704566871602
0.235,0.29,0.5249999999999999,0.4476190476190477,0.2833915887103625,1.205921654086649,0.04839158871036253,0.09678317742072506,0.1451747661310876
0.235,0.295,0.53,0.4433962264150943,0.28450034683240255,1.2106397737549046,0.049500346832402564,0.09900069366480513,0.1485010404972077
0.235,0.3,0.5349999999999999,0.4392523364485982,0.28562222858827546,1.2154137386735127,0.050622228588275475,0.10124445717655095,0.15186668576482643
0.235,0.305,0.54,0.4351851851851851,0.28675751488453405,1.2202447441895066,0.05175751488453406,0.10351502976906812,0.15527254465360218
0.235,0.31,0.5449999999999999,0.43119266055045874,0.28790649556439085,1.225134023678259,0.052906495564390865,0.10581299112878173,0.1587194866931726
0.235,0.315,0.55,0.4272727272727272,0.2890694697898202,1.2300828501694476,0.05406946978982019,0.10813893957964038,0.16220840936946057
0.235,0.32,0.5549999999999999,0.42342342342342343,0.29024674644433235,1.2350925380609887,0.05524674644433236,0.11049349288866472,0.16574023933299709
0.235,0.325,0.56,0.4196428571428571,0.2914386445577847,1.2401644449267433,0.05643864455778469,0.11287728911556938,0.16931593367335407
0.235,0.33,0.565,0.41592920353982304,0.2926454937546902,1.2452999734242136,0.05764549375469019,0.11529098750938038,0.17293648126407057
0.235,0.335,0.5700000000000001,0.4122807017543859,0.2938676347276117,1.250500573308986,0.058867634727611695,0.11773526945522339,0.17660290418283509
0.235,0.34,0.575,0.40869565217391307,0.2951054197373434,1.2557677435631633,0.0601054197373434,0.1202108394746868,0.1803162592120302
0.235,0.345,0.58,0.4051724137931035,0.2963592131417304,1.2611030346456613,0.06135921314173043,0.12271842628346086,0.1840776394251913
0.235,0.35,0.585,0.4017094017094017,0.29762939195511695,1.2665080508728381,0.06262939195511696,0.12525878391023393,0.1878881758653509
0.235,0.355,0.59,0.3983050847457627,0.29891634644058784,1.2719844529386717,0.06391634644058786,0.1278326928811757,0.19174903932176357
0.235,0.36,0.595,0.3949579831932773,0.300220480737342,1.277533960584434,0.06522048073734199,0.13044096147468398,0.19566144221202597
0.235,0.365,0.6,0.39166666666666666,0.30154221352573585,1.2831583554286632,0.06654221352573586,0.13308442705147172,0.19962664057720758
0.235,0.37,0.605,0.3884297520661157,0.302881978732755,1.2888594839691703,0.06788197873275503,0.13576395746551007,0.2036459361982651
0.235,0.375,0.61,0.38524590163934425,0.30424022628090663,1.2946392607698156,0.06924022628090665,0.1384804525618133,0.20772067884271994
0.235,0.38,0.615,0.38211382113821135,0.3056174228837907,1.3004996718459179,0.07061742288379069,0.14123484576758139,0.21185226865137208
0.235,0.385,0.62,0.3790322580645161,0.30701405289189865,1.3064427782633985,0.07201405289189866,0.14402810578379732,0.21604215867569598
0.235,0.39,0.625,0.376,0.3084306191925047,1.3124707199681052,0.07343061919250471,0.14686123838500942,0.22029185757751413
0.235,0.395,0.63,0.37301587301587297,0.3098676441678695,1.3185857198632744,0.07486764416786951,0.14973528833573901,0.22460293250360852
0.235,0.4,0.635,0.37007874015748027,0.3113256707163674,1.324790088154755,0.07632567071636742,0.15265134143273484,0.22897701214910227
0.235,0.405,0.64,0.36718749999999994,0.31280526334157865,1.331086226985441,0.07780526334157867,0.15561052668315734,0.233415790024736
0.235,0.41,0.645,0.3643410852713178,0.3143070093148682,1.337476635382418,0.07930700931486823,0.15861401862973645,0.23792102794460468
0.235,0.415,0.6499999999999999,0.3615384615384616,0.31583151991750613,1.3439639145425795,0.08083151991750614,0.1616630398350123,0.24249455975251843
0.235,0.42,0.655,0.35877862595419846,0.31737943176897465,1.3505507734849986,0.08237943176897466,0.16475886353794933,0.247138295306924
0.235,0.425,0.6599999999999999,0.3560606060606061,0.3189514082487668,1.3572400351011353,0.08395140824876679,0.16790281649753358,0.25185422474630037
0.235,0.43,0.665,0.3533834586466165,0.3205481410197202,1.3640346426371073,0.08554814101972019,0.17109628203944038,0.2566444230591606
0.235,0.435,0.6699999999999999,0.35074626865671643,0.322170351661743,1.370937666645715,0.08717035166174303,0.17434070332348606,0.2615110549852291
0.235,0.44,0.675,0.3481481481481481,0.32381879342571873,1.377952312449867,0.08881879342571875,0.1776375868514375,0.26645638027715624
0.235,0.445,0.6799999999999999,0.34558823529411764,0.3254942531183965,1.3850819281633895,0.09049425311839654,0.18098850623679308,0.2714827593551896
0.235,0.45,0.685,0.3430656934306569,0.32719755313023724,1.3923300133201586,0.09219755313023725,0.1843951062604745,0.27659265939071176
0.235,0.455,0.69,0.34057971014492755,0.32892955361948095,1.3997002281680042,0.09392955361948097,0.18785910723896193,0.2817886608584429
0.235,0.46,0.6950000000000001,0.33812949640287765,0.33069115486716905,1.407196403690081,0.09569115486716906,0.19138230973433812,0.2870734646015072
0.235,0.465,0.7,0.33571428571428574,0.33248329981950564,1.4148225524234284,0.09748329981950565,0.1949665996390113,0.29244989945851696
0.235,0.47,0.705,0.3333333333333333,0.33430697683581323,1.4225828801523968,0.09930697683581324,0.1986139536716265,0.29792093050743973
0.235,0.475,0.71,0.33098591549295775,0.33616322266245413,1.4304817985636347,0.10116322266245414,0.2023264453249083,0.30348966798736243
0.235,0.48,0.715,0.32867132867132864,0.3380531256554943,1.43852393895955,0.1030531256554943,0.2061062513109886,0.3091593769664829
0.235,0.485,0.72,0.3263888888888889,0.3399778292776222,1.446714167138818,0.10497782927762223,0.20995565855524445,0.3149334878328667
0.235,0.49,0.725,0.32413793103448274,0.34193853589795176,1.4550575995657522,0.10693853589795177,0.21387707179590354,0.3208156076938553
0.235,0.495,0.73,0.3219178082191781,0.34393651092690325,1.463559620965546,0.10893651092690326,0.21787302185380653,0.3268095327807098
0.235,0.5,0.735,0.31972789115646255,0.3459730873224376,1.4722259034997345,0.1109730873224376,0.2219461746448752,0.3329192619673128
0.235,0.505,0.74,0.31756756756756754,0.3480496705086049,1.4810624276961912,0.11304967050860493,0.22609934101720985,0.3391490115258148
0.235,0.51,0.745,0.31543624161073824,0.3501677437527607,1.4900755053308967,0.11516774375276073,0.23033548750552146,0.3455032312582822
0.235,0.515,0.75,0.3133333333333333,0.35232887405402646,1.4992718044852191,0.11732887405402648,0.23465774810805295,0.35198662216207943
0.235,0.52,0.755,0.31125827814569534,0.35453471860277286,1.5086583770330761,0.11953471860277287,0.23906943720554574,0.3586041558083186
0.235,0.525,0.76,0.30921052631578944,0.3567870318792551,1.5182426888478942,0.1217870318792551,0.2435740637585102,0.3653610956377653
0.235,0.53,0.765,0.3071895424836601,0.3590876734692541,1.5280326530606558,0.12408767346925409,0.24817534693850818,0.37226302040776227
0.235,0.535,0.77,0.3051948051948052,0.36143861668591737,1.5380366667485845,0.12643861668591738,0.25287723337183476,0.37931585005775215
0.235,0.54,0.775,0.3032258064516129,0.36384195810027953,1.5482636514905512,0.12884195810027954,0.2576839162005591,0.3865258743008386
0.235,0.545,0.78,0.30128205128205127,0.36629992809853995,1.5587230982916596,0.13129992809853996,0.26259985619707993,0.3938997842956199
0.235,0.55,0.785,0.29936305732484075,0.36881490260255945,1.5694251174576999,0.13381490260255946,0.2676298052051189,0.4014447078076784
0.235,0.555,0.79,0.2974683544303797,0.3713894161117871,1.580380494092711,0.13638941611178712,0.27277883222357424,0.40916824833536136
0.235,0.56,0.795,0.29559748427672955,0.3740261762506367,1.5916007500027096,0.13902617625063673,0.27805235250127347,0.4170785287519102
0.235,0.565,0.7999999999999999,0.29375,0.37672808003609803,1.6030982129195661,0.14172808003609805,0.2834561600721961,0.42518424010829414
0.235,0.57,0.8049999999999999,0.2919254658385093,0.3794982321171758,1.6148860941156418,0.14449823211717583,0.28899646423435166,0.4334946963515275
0.235,0.575,0.8099999999999999,0.29012345679012347,0.3823399652819769,1.6269785756679869,0.1473399652819769,0.2946799305639538,0.4420198958459307
0.235,0.58,0.815,0.2883435582822086,0.38525686358165134,1.639390908858091,0.15025686358165136,0.3005137271633027,0.45077059074495407
0.235,0.585,0.82,0.2865853658536585,0.3882527884851257,1.65213952546862,0.1532527884851257,0.3065055769702514,0.45975836545537707
0.235,0.59,0.825,0.28484848484848485,0.39133190855744815,1.6652421640742476,0.15633190855744816,0.3126638171148963,0.4689957256723445
0.235,0.595,0.83,0.28313253012048195,0.39449873325118645,1.678718013834836,0.15949873325118646,0.31899746650237293,0.4784961997535594
0.235,0.6,0.835,0.281437125748503,0.39775815151931504,1.692587878805596,0.16275815151931505,0.3255163030386301,0.48827445455794516
0.24,0.005,0.245,0.9795918367346939,0.24065728603216052,1.0027386918006689,0.0006572860321605312,0.0013145720643210623,0.0019718580964815935
0.24,0.01,0.25,0.96,0.24131969022155664,1.005498709256486,0.0013196902215566464,0.002639380443113293,0.003959070664669939
0.24,0.015,0.255,0.9411764705882353,0.241987282564602,1.008280344019175,0.001987282564602011,0.003974565129204022,0.005961847693806033
0.24,0.02,0.26,0.923076923076923,0.24266013445716672,1.011083893571528,0.0026601344571667296,0.005320268914333459,0.007980403371500189
0.24,0.025,0.265,0.9056603773584905,0.24333831873177125,1.0139096613823804,0.0033383187317712615,0.006676637463542523,0.010014956195313784
0.24,0.03,0.27,0.8888888888888888,0.24402190969602044,1.016757957066752,0.004021909696020454,0.008043819392040907,0.012065729088061361
0.24,0.035,0.275,0.8727272727272726,0.24471098317232842,1.0196290965513686,0.004710983172328431,0.009421966344656862,0.014132949516985294
0.24,0.04,0.27999999999999997,0.8571428571428572,0.24540561653898663,1.0225234022457776,0.005405616538986635,0.01081123307797327,0.016216849616959905
0.24,0.045,0.285,0.8421052631578948,0.24610588877262896,1.0254412032192874,0.006105888772628965,0.01221177754525793,0.018317666317886894
0.24,0.05,0.29,0.8275862068965517,0.24681188049215352,1.028382835383973,0.0068118804921535325,0.013623760984307065,0.020435641476460598
0.24,0.055,0.295,0.8135593220338984,0.24752367400415765,1.0313486416839903,0.007523674004157654,0.015047348008315309,0.022571022012472963
0.24,0.06,0.3,0.8,0.24824135334995445,1.0343389722914769,0.008241353349954461,0.016482706699908922,0.024724060049863383
0.24,0.065,0.305,0.7868852459016393,0.24896500435423163,1.0373541848092984,0.008965004354231643,0.017930008708463285,0.026895013062694928
0.24,0.07,0.31,0.7741935483870968,0.24969471467542736,1.0403946444809473,0.009694714675427374,0.019389429350854748,0.02908414402628212
0.24,0.075,0.315,0.7619047619047619,0.25043057385789125,1.0434607244078802,0.010430573857891257,0.020861147715782513,0.03129172157367377
0.24,0.08,0.32,0.75,0.2511726733859122,1.0465528057746343,0.011172673385912213,0.022345346771824426,0.03351802015773664
0.24,0.085,0.325,0.7384615384615384,0.2519211067396885,1.0496712780820354,0.011921106739688492,0.023842213479376984,0.035763320219065475
0.24,0.09,0.32999999999999996,0.7272727272727273,0.2526759694533304,1.0528165393888766,0.012675969453330382,0.025351938906660765,0.03802790835999115
0.24,0.095,0.33499999999999996,0.7164179104477613,0.25343735917497767,1.055988996562407,0.013437359174977681,0.026874718349955362,0.04031207752493304
0.24,0.1,0.33999999999999997,0.7058823529411765,0.2542053757291325,1.059189065538052,0.014205375729132497,0.028410751458264993,0.04261612718739749
0.24,0.105,0.345,0.6956521739130435,0.25498012118130053,1.0624171715887523,0.014980121181300543,0.029960242362601086,0.04494036354390163
0.24,0.11,0.35,0.6857142857142857,0.2557616999050477,1.0656737496043656,0.01576169990504772,0.03152339981009544,0.047285099715143164
0.24,0.115,0.355,0.676056338028169,0.2565502186515789,1.0689592443815787,0.016550218651578907,0.033100437303157815,0.04965065595473672
0.24,0.12,0.36,0.6666666666666666,0.2573457866219554,1.0722741109248142,0.017345786621955406,0.03469157324391081,0.05203735986586622
0.24,0.125,0.365,0.6575342465753424,0.2581485155420713,1.0756188147586305,0.01814851554207131,0.03629703108414262,0.054445546626213925
0.24,0.13,0.37,0.6486486486486487,0.25895851974051665,1.0789938322521528,0.018958519740516655,0.03791703948103331,0.056875559221549965
0.24,0.135,0.375,0.64,0.25977591622946106,1.0823996509560878,0.019775916229461066,0.03955183245892213,0.0593277486883832
0.24,0.14,0.38,0.631578947368421,0.26060082478870117,1.0858367699529217,0.020600824788701178,0.041201649577402355,0.06180247436610353
0.24,0.145,0.385,0.6233766233766234,0.2614333680530202,1.0893057002209174,0.021433368053020208,0.042866736106040415,0.06430010415906062
0.24,0.15,0.39,0.6153846153846153,0.2622736716030186,1.0928069650125776,0.02227367160301863,0.04454734320603726,0.06682101480905589
0.24,0.155,0.395,0.6075949367088607,0.2631218640595827,1.0963411002482613,0.02312186405958272,0.04624372811916544,0.06936559217874816
0.24,0.16,0.4,0.6,0.2639780771821667,1.0999086549256947,0.023978077182166713,0.047956154364333425,0.07193423154650014
0.24,0.165,0.405,0.5925925925925926,0.2648424459710762,1.103510191546151,0.02484244597107621,0.04968489194215242,0.07452733791322863
0.24,0.17,0.41000000000000003,0.5853658536585366,0.2657151087739491,1.1071462865581214,0.025715108773949114,0.05143021754789823,0.07714532632184734
0.24,0.175,0.415,0.5783132530120482,0.2665962073966439,1.1108175308193498,0.026596207396643923,0.053192414793287845,0.07978862218993177
0.24,0.18,0.42,0.5714285714285714,0.2674858872187539,1.1145245300781412,0.02748588721875389,0.05497177443750778,0.08245766165626167
0.24,0.185,0.425,0.5647058823529412,0.2683842973139854,1.1182679054749392,0.028384297313985396,0.05676859462797079,0.08515289194195619
0.24,0.19,0.43,0.5581395348837209,0.2692915905756421,1.1220482940651755,0.029291590575642124,0.05858318115128425,0.08787477172692637
0.24,0.195,0.435,0.5517241379310345,0.27020792384748593,1.1258663493645247,0.03020792384748594,0.06041584769497188,0.09062377154245782
0.24,0.2,0.44,0.5454545454545454,0.27113345806024447,1.1297227419176854,0.03113345806024448,0.06226691612048896,0.09340037418073344
0.24,0.205,0.44499999999999995,0.5393258426966292,0.27206835837406884,1.1336181598919535,0.03206835837406885,0.0641367167481377,0.09620507512220655
0.24,0.21,0.44999999999999996,0.5333333333333333,0.27301279432725045,1.1375533096968768,0.03301279432725046,0.06602558865450092,0.09903838298175138
0.24,0.215,0.45499999999999996,0.5274725274725275,0.2739669399915333,1.141528916631389,0.03396693999153333,0.06793387998306666,0.10190081997459999
0.24,0.22,0.45999999999999996,0.5217391304347826,0.2749309741343753,1.145545725559897,0.03493097413437529,0.06986194826875058,0.10479292240312588
0.24,0.225,0.46499999999999997,0.5161290322580645,0.27590508038853556,1.1496045016188983,0.03590508038853557,0.07181016077707114,0.10771524116560671
0.24,0.23,0.47,0.5106382978723404,0.2768894474293905,1.1537060309557936,0.03688944742939049,0.07377889485878097,0.11066834228817146
0.24,0.235,0.475,0.5052631578947369,0.27788426916040276,1.1578511215016782,0.03788426916040277,0.07576853832080555,0.11365280748120832
0.24,0.24,0.48,0.5,0.2788897449072021,1.1620406037800088,0.038889744907202095,0.07777948981440419,0.11666923472160629
0.24,0.245,0.485,0.4948453608247423,0.27990607962075986,1.1662753317531662,0.03990607962075987,0.07981215924151974,0.11971823886227961
0.24,0.25,0.49,0.4897959183673469,0.28093348409017593,1.1705561837090663,0.04093348409017594,0.08186696818035188,0.12280045227052783
0.24,0.255,0.495,0.48484848484848486,0.28197217516563,1.174884063190125,0.04197217516563001,0.08394435033126002,0.12591652549689003
0.24,0.26,0.5,0.48,0.28302237599208635,1.1792598999670265,0.04302237599208636,0.08604475198417272,0.12906712797625908
0.24,0.265,0.505,0.4752475247524752,0.284084316254382,1.183684651059925,0.04408431625438203,0.08816863250876406,0.13225294876314608
0.24,0.27,0.51,0.47058823529411764,0.285158232434372,1.1881593018098833,0.045158232434372,0.090316464868744,0.135474697303116
0.24,0.275,0.515,0.4660194174757281,0.28624436808085074,1.1926848670035448,0.04624436808085075,0.0924887361617015,0.13873310424255225
0.24,0.28,0.52,0.4615384615384615,0.28734297409302345,1.1972623920542644,0.04734297409302346,0.09468594818604692,0.14202892227907038
0.24,0.285,0.5249999999999999,0.4571428571428572,0.28845430901835034,1.2018929542431265,0.04845430901835035,0.0969086180367007,0.14536292705505105
0.24,0.29,0.53,0.45283018867924524,0.2895786393656531,1.2065776640235546,0.0495786393656531,0.0991572787313062,0.1487359180969593
0.24,0.295,0.5349999999999999,0.44859813084112155,0.2907162399344302,1.211317666393459,0.050716239934430196,0.10143247986886039,0.1521487198032906
0.24,0.3,0.54,0.4444444444444444,0.29186739416140495,1.2161141423391872,0.051867394161404956,0.10373478832280991,0.15560218248421487
0.24,0.305,0.5449999999999999,0.44036697247706424,0.293032394485399,1.220968310355829,0.05303239448539898,0.10606478897079796,0.15909718345619694
0.24,0.31,0.55,0.4363636363636363,0.2942115427317128,1.2258814280488033,0.0542115427317128,0.1084230854634256,0.1626346281951384
0.24,0.315,0.5549999999999999,0.43243243243243246,0.2954051505172788,1.230854793821995,0.05540515051727879,0.11081030103455758,0.16621545155183637
0.24,0.32,0.56,0.4285714285714285,0.296613539677955,1.235889748658146,0.056613539677955016,0.11322707935591003,0.16984061903386505
0.24,0.325,0.565,0.42477876106194695,0.29783704271942935,1.2409876779976223,0.057837042719429355,0.11567408543885871,0.17351112815828806
0.24,0.33,0.5700000000000001,0.4210526315789473,0.2990760032933236,1.2461500137221817,0.05907600329332363,0.11815200658664726,0.1772280098799709
0.24,0.335,0.575,0.4173913043478261,0.30033077670021047,1.251378236250877,0.060330776700210476,0.12066155340042095,0.18099233010063143
0.24,0.34,0.5800000000000001,0.4137931034482758,0.30160173042139493,1.2566738767558123,0.06160173042139494,0.12320346084278988,0.18480519126418482
0.24,0.345,0.585,0.41025641025641024,0.30288924468146505,1.2620385195061044,0.06288924468146506,0.12577848936293012,0.18866773404439519
0.24,0.35,0.59,0.4067796610169492,0.3041937130437775,1.267473804349073,0.06419371304377752,0.12838742608755505,0.19258113913133257
0.24,0.355,0.595,0.40336134453781514,0.30551554304122797,1.2729814293384498,0.06551554304122797,0.13103108608245595,0.19654662912368392
0.24,0.36,0.6,0.4,0.30685515684485365,1.2785631535202235,0.06685515684485366,0.13371031368970732,0.20056547053456097
0.24,0.365,0.605,0.39669421487603307,0.30821299197303254,1.2842207998876356,0.06821299197303254,0.1364259839460651,0.20463897591909763
0.24,0.37,0.61,0.39344262295081966,0.30958950204428426,1.2899562585178512,0.06958950204428427,0.13917900408856854,0.2087685061328528
0.24,0.375,0.615,0.3902439024390244,0.31098515757693956,1.295771489903915,0.07098515757693957,0.14197031515387915,0.21295547273081872
0.24,0.38,0.62,0.3870967741935484,0.3124004468392376,1.3016685284968235,0.07240044683923763,0.14480089367847526,0.2172013405177129
0.24,0.385,0.625,0.384,0.31383587675372937,1.3076494864738724,0.07383587675372938,0.14767175350745876,0.22150763026118814
0.24,0.39,0.63,0.38095238095238093,0.31529197386021834,1.3137165577509098,0.07529197386021835,0.1505839477204367,0.22587592158065506
0.24,0.395,0.635,0.3779527559055118,0.31676928534186377,1.3198720222577658,0.07676928534186378,0.15353857068372756,0.23030785602559134
0.24,0.4,0.64,0.375,0.3182683801195004,1.3261182504979185,0.07826838011950044,0.15653676023900087,0.2348051403585013
0.24,0.405,0.645,0.37209302325581395,0.3197898500197144,1.3324577084154767,0.07978985001971439,0.15957970003942878,0.23936955005914318
0.24,0.41,0.6499999999999999,0.36923076923076925,0.3213343110227431,1.338892962594763,0.08133431102274313,0.16266862204548627,0.2440029330682294
0.24,0.415,0.655,0.36641221374045796,0.3229024045968639,1.3454266858202664,0.08290240459686393,0.16580480919372786,0.2487072137905918
0.24,0.42,0.6599999999999999,0.36363636363636365,0.32449479912659396,1.3520616630274749,0.08449479912659397,0.16898959825318793,0.2534843973797819
0.24,0.425,0.665,0.3609022556390977,0.32611219144276316,1.35880079767818,0.08611219144276316,0.17222438288552633,0.2583365743282895
0.24,0.43,0.6699999999999999,0.35820895522388063,0.3277553084633411,1.3656471185972547,0.08775530846334112,0.17551061692668224,0.26326592539002336
0.24,0.435,0.675,0.3555555555555555,0.3294249089548241,1.3726037873117671,0.08942490895482413,0.17884981790964827,0.2682747268644724
0.24,0.44,0.6799999999999999,0.35294117647058826,0.3311217854250137,1.379674105937557,0.0911217854250137,0.1822435708500274,0.2733653562750411
0.24,0.445,0.685,0.3503649635036496,0.3328467661591826,1.386861525663261,0.09284676615918264,0.18569353231836527,0.2785402984775479
0.24,0.45,0.69,0.34782608695652173,0.3346007174129205,1.3941696558871688,0.09460071741292053,0.18920143482584106,0.2838021522387616
0.24,0.455,0.6950000000000001,0.3453237410071942,0.3363845457764215,1.401602274068423,0.09638454577642153,0.19276909155284305,0.2891536373292646
0.24,0.46,0.7,0.34285714285714286,0.33819920072662724,1.4091633363609468,0.09819920072662724,0.1963984014532545,0.29459760217988173
0.24,0.465,0.7050000000000001,0.34042553191489355,0.34004567738551583,1.416856989106316,0.10004567738551584,0.20009135477103168,0.3001370321565475
0.24,0.47,0.71,0.3380281690140845,0.3419250195049388,1.4246875812705784,0.10192501950493882,0.20385003900987764,0.30577505851481646
0.24,0.475,0.715,0.3356643356643357,0.3438383227008226,1.4326596779200942,0.1038383227008226,0.2076766454016452,0.3115149681024678
0.24,0.48,0.72,0.3333333333333333,0.345786737962282,1.4407780748428416,0.105786737962282,0.211573475924564,0.317360213886846
0.24,0.485,0.725,0.3310344827586207,0.3477714754643181,1.4490478144346588,0.10777147546431809,0.21554295092863618,0.32331442639295427
0.24,0.49,0.73,0.3287671232876712,0.34979380871633425,1.457474202984726,0.10979380871633426,0.21958761743266852,0.3293814261490028
0.24,0.495,0.735,0.32653061224489793,0.3518550790827917,1.466062829511632,0.11185507908279169,0.22371015816558337,0.33556523724837506
0.24,0.5,0.74,0.32432432432432434,0.35395670071701,1.474819586320875,0.11395670071701003,0.22791340143402006,0.3418701021510301
0.24,0.505,0.745,0.3221476510067114,0.3561001659545133,1.483750691477139,0.11610016595451333,0.23220033190902667,0.34830049786354
0.24,0.51,0.75,0.32,0.35828705121854787,1.4928627134106163,0.11828705121854788,0.23657410243709576,0.35486115365564364
0.24,0.515,0.755,0.31788079470198677,0.3605190234975969,1.5021625979066537,0.12051902349759691,0.24103804699519382,0.36155707049279073
0.24,0.52,0.76,0.3157894736842105,0.36279784746307076,1.511657697762795,0.12279784746307076,0.24559569492614153,0.3683935423892123
0.24,0.525,0.765,0.3137254901960784,0.36512539330507165,1.5213558054377987,0.12512539330507166,0.2502507866101433,0.375376179915215
0.24,0.53,0.77,0.3116883116883117,0.36750364537547286,1.5312651890644704,0.12750364537547287,0.25500729075094575,0.3825109361264186
0.24,0.535,0.775,0.30967741935483867,0.3699347117408276,1.5413946322534484,0.1299347117408276,0.2598694234816552,0.3898041352224828
0.24,0.54,0.78,0.30769230769230765,0.37242083476321797,1.551753478180075,0.13242083476321798,0.26484166952643595,0.39726250428965393
0.24,0.545,0.785,0.3057324840764331,0.37496440284552546,1.5623516785230227,0.13496440284552547,0.26992880569105093,0.4048932085365764
0.24,0.55,0.79,0.30379746835443033,0.3775679634993373,1.5731998479139055,0.1375679634993373,0.2751359269986746,0.4127038904980119
0.24,0.555,0.795,0.3018867924528302,0.3802342379194903,1.584309324664543,0.1402342379194903,0.2804684758389806,0.4207027137584709
0.24,0.56,0.8,0.3,0.3829661372799904,1.5956922386666268,0.1429661372799904,0.2859322745599808,0.42889841183997124
0.24,0.565,0.8049999999999999,0.2981366459627329,0.3857667810028118,1.607361587511716,0.14576678100281182,0.29153356200562364,0.43730034300843545
0.24,0.57,0.8099999999999999,0.2962962962962963,0.38863951729525537,1.6193313220635641,0.14863951729525537,0.29727903459051075,0.4459185518857661
0.24,0.575,0.815,0.294478527607362,0.39158794630485627,1.6316164429369011,0.15158794630485628,0.30317589260971256,0.45476383891456884
0.24,0.58,0.82,0.2926829268292683,0.39461594630546837,1.6442331096061182,0.15461594630546838,0.30923189261093675,0.46384783891640513
0.24,0.585,0.825,0.2909090909090909,0.397727703406907,1.657198764195446,0.157727703406907,0.315455406813814,0.473183110220721
0.24,0.59,0.83,0.2891566265060241,0.40092774537697873,1.670532272404078,0.16092774537697874,0.3218554907539575,0.4827832361309362
0.24,0.595,0.835,0.2874251497005988,0.4042209802834966,1.6842540845145693,0.16422098028349663,0.32844196056699326,0.4926629408504899
0.24,0.6,0.84,0.2857142857142857,0.4076127408109652,1.6983864200456884,0.16761274081096522,0.33522548162193044,0.5028382224328957
0.245,0.005,0.25,0.98,0.24567233092386664,1.0027442078525168,0.0006723309238666486,0.0013446618477332972,0.002016992771599946
0.245,0.01,0.255,0.9607843137254901,0.24634991537722895,1.005509858682567,0.0013499153772289496,0.0026998307544578992,0.004049746131686849
0.245,0.015,0.26,0.9423076923076923,0.24703282552212158,1.0082972470290676,0.002032825522121584,0.004065651044243168,0.006098476566364752
0.245,0.02,0.265,0.9245283018867924,0.2477211349704801,1.0111066733488983,0.002721134970480099,0.005442269940960198,0.008163404911440297
0.245,0.025,0.27,0.9074074074074073,0.24841491882288247,1.0139384441750305,0.0034149188228824734,0.006829837645764947,0.01024475646864742
0.245,0.03,0.275,0.8909090909090909,0.24911425370858886,1.0167928722799546,0.004114253708588866,0.008228507417177733,0.0123427611257666
0.245,0.035,0.28,0.8749999999999999,0.24981921782693417,1.0196702768446293,0.0048192178269341746,0.009638435653868349,0.014457653480802524
0.245,0.04,0.285,0.8596491228070176,0.2505298909901278,1.0225709836331747,0.005529890990127795,0.01105978198025559,0.016589672970383385
0.245,0.045,0.29,0.8448275862068966,0.2512463546675192,1.025495325173548,0.006246354667519216,0.012492709335038432,0.018739064002557648
0.245,0.05,0.295,0.8305084745762712,0.2519686920313876,1.0284436409444393,0.006968692031387613,0.013937384062775227,0.02090607609416284
0.245,0.055,0.3,0.8166666666666667,0.2526969880043233,1.0314162775686664,0.00769698800432328,0.01539397600864656,0.02309096401296984
0.245,0.06,0.305,0.8032786885245902,0.2534313293082625,1.0344135890133164,0.008431329308262514,0.016862658616525028,0.025293987924787542
0.245,0.065,0.31,0.7903225806451613,0.25417180451525134,1.0374359367969443,0.009171804515251347,0.018343609030502694,0.02751541354575404
0.245,0.07,0.315,0.7777777777777778,0.25491850410000505,1.0404836902041024,0.009918504100005054,0.01983700820001011,0.029755512300015163
0.245,0.075,0.32,0.765625,0.2556715204943485,1.0435572265075448,0.010671520494348496,0.021343040988696993,0.03201456148304549
0.245,0.08,0.325,0.7538461538461538,0.2564309481436098,1.0466569311984073,0.011430948143609787,0.022861896287219574,0.03429284443082936
0.245,0.085,0.33,0.7424242424242424,0.25719688356506054,1.049783198224737,0.012196883565060546,0.02439376713012109,0.03659065069518164
0.245,0.09,0.33499999999999996,0.7313432835820897,0.2579694254084852,1.0529364302387152,0.012969425408485225,0.02593885081697045,0.038908276225455674
0.245,0.095,0.33999999999999997,0.7205882352941178,0.25874867451897865,1.0561170388529741,0.013748674518978654,0.027497349037957308,0.04124602355693596
0.245,0.1,0.345,0.7101449275362319,0.25953473400206806,1.0593254449064002,0.014534734002068062,0.029069468004136123,0.043604202006204185
0.245,0.105,0.35,0.7000000000000001,0.2603277092912648,1.0625620787398564,0.015327709291264813,0.030655418582529625,0.04598312787379444
0.245,0.11,0.355,0.6901408450704225,0.261127708218155,1.0658273804822653,0.016127708218155012,0.032255416436310025,0.04838312465446504
0.245,0.115,0.36,0.6805555555555556,0.26193484108514475,1.0691218003475296,0.01693484108514476,0.03386968217028952,0.050804523255434275
0.245,0.12,0.365,0.6712328767123288,0.26274922074098184,1.0724457989427831,0.01774922074098184,0.03549844148196368,0.053247662222945524
0.245,0.125,0.37,0.6621621621621622,0.2635709626591818,1.0757998475884971,0.01857096265918179,0.03714192531836358,0.05571288797754537
0.245,0.13,0.375,0.6533333333333333,0.26440018501949336,1.0791844286509933,0.019400185019493366,0.03880037003898673,0.0582005550584801
0.245,0.135,0.38,0.6447368421052632,0.26523700879254686,1.0826000358879464,0.020237008792546862,0.040474017585093724,0.06071102637764059
0.245,0.14,0.385,0.6363636363636364,0.2660815578278345,1.0860471748074878,0.021081557827834496,0.04216311565566899,0.06324467348350349
0.245,0.145,0.39,0.6282051282051282,0.2669339589451837,1.0895263630415661,0.021933958945183685,0.04386791789036737,0.06580187683555105
0.245,0.15,0.395,0.620253164556962,0.2677943420298884,1.0930381307342383,0.022794342029888393,0.045588684059776785,0.06838302608966518
0.245,0.155,0.4,0.6124999999999999,0.26866284013167807,1.0965830209456249,0.023662840131678076,0.04732568026335615,0.07098852039503423
0.245,0.16,0.405,0.6049382716049382,0.26953958956771096,1.1001615900722896,0.024539589567710962,0.049079179135421924,0.07361876870313289
0.245,0.165,0.41000000000000003,0.5975609756097561,0.27042473002978984,1.1037744082848564,0.025424730029789844,0.05084946005957969,0.07627419008936953
0.245,0.17,0.41500000000000004,0.5903614457831324,0.27131840469600876,1.1074220599837092,0.026318404696008768,0.052636809392017536,0.0789552140880263
0.245,0.175,0.42,0.5833333333333334,0.2722207603470562,1.111105144273699,0.027220760347056228,0.054441520694112455,0.08166228104116868
0.245,0.18,0.425,0.5764705882352941,0.27313194748740544,1.1148242754587978,0.02813194748740544,0.05626389497481088,0.08439584246221632
0.245,0.185,0.43,0.5697674418604651,0.2740521204716444,1.1185800835577322,0.029052120471644405,0.05810424094328881,0.08715636141493321
0.245,0.19,0.435,0.5632183908045977,0.27498143763620797,1.1223732148416652,0.029981437636207975,0.05996287527241595,0.08994431290862392
0.245,0.195,0.44,0.5568181818181818,0.27592006143679193,1.1262043323950692,0.030920061436791935,0.06184012287358387,0.0927601843103758
0.245,0.2,0.445,0.550561797752809,0.2768681585917484,1.130074116701014,0.03186815859174841,0.06373631718349682,0.09560447577524522
0.245,0.205,0.44999999999999996,0.5444444444444445,0.27782590023177434,1.13398326625214,0.03282590023177434,0.06565180046354868,0.09847770069532302
0.245,0.21,0.45499999999999996,0.5384615384615385,0.27879346205623257,1.1379324981887045,0.03379346205623257,0.06758692411246514,0.10138038616869771
0.245,0.215,0.45999999999999996,0.532608695652174,0.27977102449645797,1.1419225489651346,0.03477102449645797,0.06954204899291594,0.10431307348937391
0.245,0.22,0.46499999999999997,0.5268817204301075,0.28075877288643014,1.1459541750466538,0.035758772886430146,0.07151754577286029,0.10727631865929044
0.245,0.225,0.47,0.5212765957446809,0.28175689764121337,1.1500281536376056,0.03675689764121337,0.07351379528242674,0.11027069292364011
0.245,0.23,0.475,0.5157894736842106,0.2827655944435954,1.1541452834432466,0.037765594443595396,0.07553118888719079,0.11329678333078619
0.245,0.235,0.48,0.5104166666666666,0.28378506443937956,1.1583063854668554,0.03878506443937957,0.07757012887875914,0.1163551933181387
0.245,0.24,0.485,0.5051546391752577,0.28481551444181985,1.1625123038441627,0.039815514441819855,0.07963102888363971,0.11944654332545956
0.245,0.245,0.49,0.5,0.285857157145715,1.1667639067172042,0.04085715714571503,0.08171431429143006,0.12257147143714509
0.245,0.25,0.495,0.494949494949495,0.28691021135172023,1.1710620871498785,0.04191021135172024,0.08382042270344048,0.12573063405516072
0.245,0.255,0.5,0.49,0.28797490220146416,1.1754077640876088,0.04297490220146416,0.08594980440292832,0.12892470660439248
0.245,0.26,0.505,0.48514851485148514,0.28905146142410654,1.1798018833637,0.04405146142410654,0.08810292284821308,0.13215438427231962
0.245,0.265,0.51,0.48039215686274506,0.29014012759501084,1.1842454187551463,0.04514012759501085,0.0902802551900217,0.13542038278503254
0.245,0.27,0.515,0.4757281553398058,0.2912411464072555,1.1887393730908389,0.04624114640725552,0.09248229281451104,0.13872343922176655
0.245,0.275,0.52,0.47115384615384615,0.29235477095675877,1.1932847794153418,0.047354770956758774,0.09470954191351755,0.14206431287027632
0.245,0.28,0.525,0.4666666666666666,0.293481262041845,1.1978827022116123,0.048481262041845,0.09696252408369,0.145443786125535
0.245,0.285,0.53,0.4622641509433962,0.29462088847814283,1.2025342386862974,0.04962088847814283,0.09924177695628567,0.1488626654344285
0.245,0.29,0.5349999999999999,0.4579439252336449,0.29577392742976927,1.2072405201215073,0.05077392742976927,0.10154785485953854,0.15232178228930782
0.245,0.295,0.54,0.45370370370370366,0.2969406647578212,1.2120027132972295,0.05194066475782122,0.10388132951564244,0.15582199427346366
0.245,0.3,0.5449999999999999,0.44954128440366975,0.2981213953872779,1.2168220219888894,0.05312139538727789,0.10624279077455578,0.15936418616183368
0.245,0.305,0.55,0.44545454545454544,0.29931642369349465,1.221699688544876,0.05431642369349465,0.1086328473869893,0.16294927108048396
0.245,0.31,0.5549999999999999,0.4414414414414415,0.3005260639095605,1.2266369955492264,0.0555260639095605,0.111052127819121,0.1665781917286815
0.245,0.315,0.56,0.43749999999999994,0.30175064055589207,1.2316352675750697,0.05675064055589207,0.11350128111178415,0.17025192166767622
0.245,0.32,0.565,0.4336283185840708,0.30299048889353764,1.2366958730348474,0.05799048889353764,0.11598097778707528,0.17397146668061292
0.245,0.325,0.5700000000000001,0.4298245614035087,0.304245955402787,1.2418202261338245,0.05924595540278699,0.11849191080557397,0.17773786620836096
0.245,0.33,0.575,0.42608695652173917,0.30551739828880453,1.247009788933896,0.060517398288804536,0.12103479657760907,0.1815521948664136
0.245,0.335,0.5800000000000001,0.42241379310344823,0.3068051880161451,1.2522660735352862,0.061805188016145096,0.12361037603229019,0.1854155640484353
0.245,0.34,0.585,0.4188034188034188,0.3081097078741597,1.2575906443843252,0.0631097078741597,0.1262194157483194,0.1893291236224791
0.245,0.345,0.59,0.4152542372881356,0.3094313545754682,1.2629851207161968,0.06443135457546822,0.12886270915093645,0.19329406372640467
0.245,0.35,0.595,0.411764705882353,0.3107705388898516,1.2684511791422515,0.06577053888985163,0.13154107777970325,0.19731161666955488
0.245,0.355,0.6,0.4083333333333333,0.3121276863161214,1.2739905563923324,0.06712768631612143,0.13425537263224285,0.20138305894836428
0.245,0.36,0.605,0.4049586776859504,0.31350323779473666,1.279605052223415,0.06850323779473666,0.13700647558947332,0.20550971338420998
0.245,0.365,0.61,0.4016393442622951,0.31489765046418283,1.2852965325068688,0.06989765046418284,0.13979530092836567,0.2096929513925485
0.245,0.37,0.615,0.3983739837398374,0.3163113984643888,1.2910669325077095,0.07131139846438883,0.14262279692877766,0.2139341953931665
0.245,0.375,0.62,0.3951612903225806,0.3177449737907493,1.2969182603704053,0.07274497379074929,0.14548994758149858,0.21823492137224787
0.245,0.38,0.625,0.392,0.319198887202641,1.3028526008271062,0.074198887202641,0.148397774405282,0.22259666160792302
0.245,0.385,0.63,0.3888888888888889,0.3206736691906761,1.3088721191456167,0.07567366919067608,0.15134733838135217,0.22702100757202825
0.245,0.39,0.635,0.3858267716535433,0.3221698710073264,1.3149790653360263,0.07716987100732642,0.15433974201465284,0.23150961302197925
0.245,0.395,0.64,0.3828125,0.3236880657659872,1.3211757786366825,0.07868806576598719,0.15737613153197438,0.23606419729796158
0.245,0.4,0.645,0.3798449612403101,0.32522884961402987,1.3274646923021627,0.08022884961402987,0.16045769922805975,0.24068654884208962
0.245,0.405,0.65,0.3769230769230769,0.3267928429859275,1.3338483387180713,0.08179284298592748,0.16358568597185497,0.24537852895778245
0.245,0.41,0.655,0.3740458015267175,0.3283806919431296,1.3403293548699167,0.08338069194312958,0.16676138388625916,0.25014207582938874
0.245,0.415,0.6599999999999999,0.37121212121212127,0.32999306960802566,1.3469104881960232,0.08499306960802566,0.16998613921605132,0.254979208824077
0.245,0.42,0.665,0.3684210526315789,0.33163067770007304,1.353594602857441,0.08663067770007304,0.1732613554001461,0.25989203310021913
0.245,0.425,0.6699999999999999,0.36567164179104483,0.33329424818298925,1.3603846864611806,0.08829424818298925,0.1765884963659785,0.26488274454896776
0.245,0.43,0.675,0.36296296296296293,0.3349845450328295,1.367283857276855,0.08998454503282949,0.17996909006565898,0.26995363509848846
0.245,0.435,0.6799999999999999,0.3602941176470589,0.33670236613780313,1.3742953719910331,0.09170236613780314,0.18340473227560627,0.2751070984134094
0.245,0.44,0.685,0.3576642335766423,0.33844854534184077,1.3814226340483298,0.09344854534184077,0.18689709068368154,0.2803456360255223
0.245,0.445,0.69,0.35507246376811596,0.3402239546452286,1.388669202633586,0.09522395464522859,0.19044790929045718,0.2856718639356858
0.245,0.45,0.6950000000000001,0.35251798561151076,0.34202950657709064,1.396038802355472,0.09702950657709064,0.19405901315418128,0.2910885197312719
0.245,0.455,0.7,0.35000000000000003,0.3438661567561583,1.4035353336986052,0.09886615675615829,0.19773231351231657,0.29659847026847486
0.245,0.46,0.7050000000000001,0.34751773049645385,0.34573490665813844,1.4111628843189323,0.10073490665813845,0.2014698133162769,0.30220471997441534
0.245,0.465,0.71,0.34507042253521125,0.34763680661010943,1.4189257412657528,0.10263680661010943,0.20527361322021886,0.3079104198303283
0.245,0.47,0.715,0.34265734265734266,0.3495729590347849,1.426828404223612,0.10457295903478492,0.20914591806956984,0.31371887710435475
0.245,0.475,0.72,0.3402777777777778,0.3515445219702211,1.4348755998784537,0.10654452197022113,0.21308904394044226,0.3196335659106634
0.245,0.48,0.725,0.33793103448275863,0.35355271289366397,1.443072297525159,0.10855271289366397,0.21710542578732794,0.3256581386809919
0.245,0.485,0.73,0.3356164383561644,0.3555988128818014,1.451423726048169,0.1105988128818014,0.2211976257636028,0.3317964386454042
0.245,0.49,0.735,0.3333333333333333,0.35768417114376316,1.4599353924235232,0.11268417114376317,0.22536834228752634,0.3380525134312895
0.245,0.495,0.74,0.3310810810810811,0.3598102099679057,1.4686131019098192,0.1148102099679057,0.2296204199358114,0.3444306299037171
0.245,0.5,0.745,0.32885906040268453,0.3619784301288034,1.4774629801175647,0.11697843012880338,0.23395686025760676,0.35093529038641014
0.245,0.505,0.75,0.32666666666666666,0.3641904168070985,1.4864914971718306,0.11919041680709852,0.23838083361419704,0.35757125042129556
0.245,0.51,0.755,0.32450331125827814,0.36644784608205305,1.4957054942124615,0.12144784608205306,0.24289569216410611,0.36434353824615917
0.245,0.515,0.76,0.3223684210526316,0.36875249206499805,1.5051122125101961,0.12375249206499805,0.2475049841299961,0.37125747619499416
0.245,0.52,0.765,0.3202614379084967,0.3711062347515889,1.5147193255166893,0.12610623475158889,0.25221246950317777,0.37831870425476666
0.245,0.525,0.77,0.3181818181818182,0.37351106868210626,1.5245349742126786,0.12851106868210627,0.25702213736421253,0.3855332060463188
0.245,0.53,0.775,0.3161290322580645,0.37596911251230947,1.5345678061726917,0.13096911251230947,0.26193822502461894,0.3929073375369284
0.245,0.535,0.78,0.3141025641025641,0.3784826196129256,1.5448270188282678,0.13348261961292562,0.26696523922585125,0.40044785883877687
0.245,0.54,0.785,0.31210191082802546,0.38105398983421135,1.555322407486577,0.13605398983421135,0.2721079796684227,0.40816196950263406
0.245,0.545,0.79,0.310126582278481,0.3836857825937302,1.5660644187499193,0.1386857825937302,0.2773715651874604,0.41605734778119063
0.245,0.55,0.795,0.3081761006289308,0.3863807314712405,1.577064210086696,0.14138073147124053,0.28276146294248106,0.4241421944137216
0.245,0.555,0.8,0.30624999999999997,0.38914176052528326,1.5883337164297275,0.14414176052528327,0.28828352105056654,0.4324252815758498
0.245,0.56,0.805,0.3043478260869565,0.39197200258276466,1.5998857248276108,0.14697200258276466,0.2939440051655293,0.440916007748294
0.245,0.565,0.8099999999999999,0.30246913580246915,0.39487481979692973,1.6117339583548154,0.14987481979692974,0.2997496395938595,0.4496244593907892
0.245,0.57,0.815,0.3006134969325154,0.3978538268223373,1.6238931707034174,0.15285382682233728,0.30570765364467456,0.45856148046701184
0.245,0.575,0.82,0.29878048780487804,0.40091291701995346,1.6363792531426673,0.15591291701995347,0.31182583403990694,0.4677387510598604
0.245,0.58,0.825,0.296969696969697,0.40405629218407224,1.649209355853356,0.15905629218407225,0.3181125843681445,0.47716887655221674
0.245,0.585,0.83,0.29518072289156627,0.4072884963789992,1.6624020260367316,0.16228849637899923,0.32457699275799845,0.4868654891369977
0.245,0.59,0.835,0.2934131736526946,0.4106144545919218,1.6759773656813135,0.1656144545919218,0.3312289091838436,0.49684336377576543
0.245,0.595,0.84,0.2916666666666667,0.414039517055098,1.689957212469788,0.169039517055098,0.338079034110196,0.507118551165294
0.245,0.6,0.845,0.28994082840236685,0.41756951027327727,1.704365348054193,0.17256951027327727,0.34513902054655454,0.5177085308198318
0.25,0.005,0.255,0.9803921568627451,0.2506874396862385,1.002749758744954,0.0006874396862385224,0.0013748793724770447,0.002062319058715567
0.25,0.01,0.26,0.9615384615384615,0.25138026976194605,1.0055210790477842,0.0013802697619460513,0.0027605395238921027,0.004140809285838154
0.25,0.015,0.265,0.9433962264150942,0.2520785645949889,1.0083142583799556,0.0020785645949888965,0.004157129189977793,0.006235693784966689
0.25,0.02,0.27,0.9259259259259258,0.25278240005490715,1.0111296002196286,0.0027824000549071526,0.005564800109814305,0.008347200164721458
0.25,0.025,0.275,0.9090909090909091,0.2534918535532551,1.0139674142130204,0.0034918535532550976,0.006983707106510195,0.010475560659765293
0.25,0.03,0.28,0.8928571428571428,0.25420700408530306,1.0168280163412122,0.004207004085303057,0.008414008170606113,0.01262101225590917
0.25,0.035,0.28500000000000003,0.8771929824561403,0.2549279322731547,1.0197117290926188,0.004927932273154689,0.009855864546309379,0.014783796819464068
0.25,0.04,0.29,0.8620689655172414,0.25565472041033976,1.022618881641359,0.005654720410339764,0.011309440820679528,0.016964161231019292
0.25,0.045,0.295,0.8474576271186441,0.25638745250794137,1.0255498100317655,0.006387452507941371,0.012774905015882743,0.019162357523824114
0.25,0.05,0.3,0.8333333333333334,0.25712621434232386,1.0285048573692954,0.0071262143423238555,0.014252428684647711,0.021378643026971567
0.25,0.055,0.305,0.819672131147541,0.257871093504525,1.0314843740181,0.007871093504524973,0.015742187009049946,0.02361328051357492
0.25,0.06,0.31,0.8064516129032259,0.25862217945138755,1.0344887178055502,0.008622179451387546,0.017244358902775092,0.025866538354162638
0.25,0.065,0.315,0.7936507936507936,0.2593795635584989,1.0375182542339956,0.009379563558498893,0.018759127116997787,0.02813869067549668
0.25,0.07,0.32,0.78125,0.26014333917502086,1.0405733567000834,0.01014333917502086,0.02028667835004172,0.03043001752506258
0.25,0.075,0.325,0.7692307692307692,0.26091360168048683,1.0436544067219473,0.010913601680486829,0.021827203360973657,0.032740805041460486
0.25,0.08,0.33,0.7575757575757576,0.26169044854365675,1.046761794174627,0.01169044854365675,0.0233808970873135,0.03507134563097025
0.25,0.085,0.335,0.7462686567164178,0.2624739793835139,1.0498959175340556,0.012473979383513911,0.024947958767027822,0.037421938150541734
0.25,0.09,0.33999999999999997,0.7352941176470589,0.2632642960325048,1.0530571841300191,0.013264296032504785,0.02652859206500957,0.039792888097514356
0.25,0.095,0.345,0.7246376811594204,0.2640615026021149,1.0562460104084597,0.014061502602114917,0.028123005204229834,0.04218450780634475
0.25,0.1,0.35,0.7142857142857143,0.26486570555089006,1.0594628222035603,0.014865705550890063,0.029731411101780125,0.04459711665267019
0.25,0.105,0.355,0.7042253521126761,0.26567701375501207,1.0627080550200483,0.01567701375501207,0.03135402751002414,0.04703104126503621
0.25,0.11,0.36,0.6944444444444444,0.26649553858154296,1.0659821543261718,0.016495538581542957,0.03299107716308591,0.04948661574462887
0.25,0.115,0.365,0.684931506849315,0.2673213939644624,1.0692855758578497,0.017321393964462417,0.034642787928924834,0.05196418189338725
0.25,0.12,0.37,0.6756756756756757,0.26815469648362655,1.0726187859345062,0.018154696483626553,0.03630939296725311,0.05446408945087966
0.25,0.125,0.375,0.6666666666666666,0.2689955654467835,1.075982261787134,0.01899556544678349,0.03799113089356698,0.05698669634035047
0.25,0.13,0.38,0.6578947368421053,0.26984412297478844,1.0793764918991537,0.019844122974788436,0.03968824594957687,0.05953236892436531
0.25,0.135,0.385,0.6493506493506493,0.27070049409017194,1.0828019763606878,0.02070049409017194,0.04140098818034388,0.06210148227051582
0.25,0.14,0.39,0.641025641025641,0.2715648068092177,1.0862592272368707,0.021564806809217685,0.04312961361843537,0.06469442042765305
0.25,0.145,0.395,0.6329113924050632,0.2724371922377212,1.089748768950885,0.022437192237721226,0.04487438447544245,0.06731157671316368
0.25,0.15,0.4,0.625,0.27331778467060586,1.0932711386824234,0.023317784670605857,0.04663556934121171,0.06995335401181757
0.25,0.155,0.405,0.6172839506172839,0.2742067216955846,1.0968268867823383,0.024206721695584577,0.04841344339116915,0.07262016508675373
0.25,0.16,0.41000000000000003,0.6097560975609756,0.27510414430106833,1.1004165772042733,0.025104144301068332,0.050208288602136664,0.075312432903205
0.25,0.165,0.41500000000000004,0.6024096385542168,0.2760101969885288,1.1040407879541152,0.0260101969885288,0.0520203939770576,0.0780305909655864
0.25,0.17,0.42000000000000004,0.5952380952380952,0.2769250278895411,1.1077001115581644,0.026925027889541098,0.053850055779082195,0.0807750836686233
0.25,0.175,0.425,0.5882352941176471,0.2778487888877411,1.1113951555509645,0.027848788887741116,0.05569757777548223,0.08354636666322335
0.25,0.18,0.43,0.5813953488372093,0.2787816357459475,1.11512654298379,0.028781635745947498,0.057563271491894996,0.0863449072378425
0.25,0.185,0.435,0.5747126436781609,0.27972372823871616,1.1188949129548647,0.029723728238716163,0.059447456477432326,0.08917118471614849
0.25,0.19,0.44,0.5681818181818182,0.28067523029060304,1.1227009211624122,0.03067523029060304,0.06135046058120608,0.09202569087180912
0.25,0.195,0.445,0.5617977528089888,0.2816363101204409,1.1265452404817635,0.03163631012044088,0.06327262024088176,0.09490893036132264
0.25,0.2,0.45,0.5555555555555556,0.28260714039193924,1.130428561567757,0.03260714039193924,0.06521428078387848,0.09782142117581771
0.25,0.205,0.45499999999999996,0.5494505494505495,0.2835878983709512,1.1343515934838049,0.03358789837095122,0.06717579674190244,0.10076369511285366
0.25,0.21,0.45999999999999996,0.5434782608695653,0.28457876608975907,1.1383150643590363,0.03457876608975907,0.06915753217951814,0.10373629826927722
0.25,0.215,0.46499999999999997,0.5376344086021506,0.28557993051876207,1.1423197220750483,0.03557993051876207,0.07115986103752414,0.10673979155628621
0.25,0.22,0.47,0.5319148936170213,0.2865915837459708,1.1463663349838833,0.036591583745970824,0.07318316749194165,0.10977475123791247
0.25,0.225,0.475,0.5263157894736842,0.28761392316473733,1.1504556926589493,0.03761392316473733,0.07522784632947466,0.11284176949421199
0.25,0.23,0.48,0.5208333333333334,0.28864715167018173,1.154588606680727,0.038647151670181734,0.07729430334036347,0.1159414550105452
0.25,0.235,0.485,0.5154639175257733,0.2896914778648022,1.1587659114592088,0.039691477864802205,0.07938295572960441,0.11907443359440661
0.25,0.24,0.49,0.5102040816326531,0.2907471162737919,1.1629884650951676,0.040747116273791906,0.08149423254758381,0.12224134882137572
0.25,0.245,0.495,0.5050505050505051,0.2918142875706172,1.167257150282469,0.041814287570617226,0.08362857514123445,0.12544286271185168
0.25,0.25,0.5,0.5,0.2928932188134524,1.1715728752538097,0.04289321881345243,0.08578643762690485,0.12867965644035728
0.25,0.255,0.505,0.49504950495049505,0.293984143693105,1.17593657477242,0.04398414369310499,0.08796828738620999,0.13195243107931498
0.25,0.26,0.51,0.49019607843137253,0.29508730279311013,1.1803492111724405,0.04508730279311013,0.09017460558622026,0.1352619083793304
0.25,0.265,0.515,0.4854368932038835,0.29620294386271984,1.1848117754508793,0.046202943862719836,0.09240588772543967,0.1386088315881595
0.25,0.27,0.52,0.4807692307692307,0.29733132210356406,1.1893252884142562,0.047331322103564055,0.09466264420712811,0.14199396631069217
0.25,0.275,0.525,0.47619047619047616,0.29847270047081564,1.1938908018832626,0.048472700470815644,0.09694540094163129,0.14541810141244693
0.25,0.28,0.53,0.4716981132075471,0.2996273499897507,1.1985093999590029,0.04962734998975071,0.09925469997950143,0.14888204996925214
0.25,0.285,0.5349999999999999,0.4672897196261683,0.3007955500886623,1.2031822003546493,0.05079555008866232,0.10159110017732464,0.15238665026598697
0.25,0.29,0.54,0.4629629629629629,0.30197758894915416,1.2079103557966167,0.05197758894915416,0.10395517789830833,0.1559327668474625
0.25,0.295,0.5449999999999999,0.4587155963302753,0.303173763874917,1.212695055499668,0.05317376387491701,0.10634752774983403,0.15952129162475104
0.25,0.3,0.55,0.45454545454545453,0.3043843816801759,1.2175375267207036,0.0543843816801759,0.1087687633603518,0.1631531450405277
0.25,0.305,0.5549999999999999,0.4504504504504505,0.30560975909908283,1.2224390363963313,0.055609759099082834,0.11121951819816567,0.1668292772972485
0.25,0.31,0.56,0.4464285714285714,0.3068502232174307,1.2274008928697229,0.05685022321743072,0.11370044643486144,0.17055066965229215
0.25,0.315,0.565,0.4424778761061947,0.30810611192816806,1.2324244477126722,0.05810611192816806,0.11621222385633612,0.17431833578450417
0.25,0.32,0.5700000000000001,0.43859649122807015,0.30937777441231407,1.2375110976492563,0.059377774412314066,0.11875554882462813,0.1781333232369422
0.25,0.325,0.575,0.4347826086956522,0.3106655716469957,1.2426622865879828,0.06066557164699571,0.12133114329399142,0.18199671494098713
0.25,0.33,0.5800000000000001,0.43103448275862066,0.31196987694247236,1.2478795077698894,0.06196987694247236,0.12393975388494471,0.18590963082741707
0.25,0.335,0.585,0.4273504273504274,0.31329107651015964,1.2531643060406386,0.06329107651015964,0.12658215302031928,0.18987322953047892
0.25,0.34,0.5900000000000001,0.42372881355932196,0.3146295700638351,1.2585182802553403,0.06462957006383507,0.12925914012767015,0.19388871019150522
0.25,0.345,0.595,0.42016806722689076,0.3159857714563855,1.263943085825542,0.06598577145638551,0.13197154291277102,0.19795731436915653
0.25,0.35,0.6,0.4166666666666667,0.3173601093546575,1.26944043741863,0.06736010935465753,0.13472021870931505,0.20208032806397258
0.25,0.355,0.605,0.4132231404958678,0.31875302795519056,1.2750121118207622,0.06875302795519056,0.13750605591038112,0.20625908386557168
0.25,0.36,0.61,0.4098360655737705,0.3201649877438524,1.2806599509754095,0.07016498774385238,0.14032997548770476,0.21049496323155714
0.25,0.365,0.615,0.4065040650406504,0.3215964663026606,1.2863858652106424,0.07159646630266059,0.14319293260532118,0.21478939890798177
0.25,0.37,0.62,0.40322580645161293,0.32304795916736584,1.2921918366694634,0.07304795916736584,0.14609591833473168,0.21914387750209752
0.25,0.375,0.625,0.4,0.32451998073969335,1.2980799229587734,0.07451998073969335,0.1490399614793867,0.22355994221908004
0.25,0.38,0.63,0.3968253968253968,0.32601306525849316,1.3040522610339726,0.07601306525849316,0.15202613051698632,0.2280391957754795
0.25,0.385,0.635,0.39370078740157477,0.3275277678344446,1.3101110713377784,0.0775277678344446,0.1550555356688892,0.23258330350333378
0.25,0.39,0.64,0.390625,0.32906466555339076,1.316258662213563,0.07906466555339076,0.1581293311067815,0.23719399666017227
0.25,0.395,0.645,0.38759689922480617,0.3306243586538633,1.3224974346154532,0.0806243586538633,0.1612487173077266,0.2418730759615899
0.25,0.4,0.65,0.3846153846153846,0.3322074717848926,1.3288298871395705,0.08220747178489263,0.16441494356978525,0.24662241535467788
0.25,0.405,0.655,0.38167938931297707,0.33381465535079025,1.335258621403161,0.08381465535079025,0.1676293107015805,0.25144396605237074
0.25,0.41,0.6599999999999999,0.37878787878787884,0.3354465869502544,1.3417863478010177,0.08544658695025442,0.17089317390050884,0.25633976085076327
0.25,0.415,0.665,0.37593984962406013,0.3371039729178873,1.3484158916715492,0.0871039729178873,0.1742079458357746,0.2613119187536619
0.25,0.42,0.6699999999999999,0.373134328358209,0.3387875499770364,1.3551501999081457,0.08878754997703642,0.17757509995407283,0.26636264993110925
0.25,0.425,0.675,0.37037037037037035,0.340498087013794,1.361992348055176,0.09049808701379403,0.18099617402758805,0.2714942610413821
0.25,0.43,0.6799999999999999,0.36764705882352944,0.34223638698302117,1.3689455479320847,0.09223638698302117,0.18447277396604234,0.2767091609490635
0.25,0.435,0.685,0.36496350364963503,0.3440032889584258,1.3760131558337032,0.0940032889584258,0.1880065779168516,0.2820098668752774
0.25,0.44,0.69,0.3623188405797102,0.34579967034002035,1.3831986813600814,0.09579967034002035,0.1915993406800407,0.28739901102006105
0.25,0.445,0.6950000000000001,0.3597122302158273,0.3476264492337604,1.3905057969350416,0.0976264492337604,0.1952528984675208,0.2928793477012812
0.25,0.45,0.7,0.35714285714285715,0.34948458701981544,1.3979383480792618,0.09948458701981544,0.19896917403963088,0.2984537610594463
0.25,0.455,0.7050000000000001,0.35460992907801414,0.3513750911277992,1.4055003645111968,0.10137509112779919,0.20275018225559838,0.30412527338339757
0.25,0.46,0.71,0.35211267605633806,0.35329901803940456,1.4131960721576182,0.10329901803940456,0.2065980360788091,0.30989705411821367
0.25,0.465,0.7150000000000001,0.34965034965034963,0.355257476541299,1.421029906165196,0.10525747654129902,0.21051495308259804,0.31577242962389707
0.25,0.47,0.72,0.3472222222222222,0.35725163125386794,1.4290065250154718,0.10725163125386794,0.21450326250773588,0.3217548937616038
0.25,0.475,0.725,0.3448275862068966,0.3592827064645199,1.4371308258580795,0.10928270646451987,0.21856541292903975,0.3278481193935596
0.25,0.48,0.73,0.3424657534246575,0.3613519902978267,1.4454079611913069,0.11135199029782672,0.22270398059565344,0.33405597089348016
0.25,0.485,0.735,0.3401360544217687,0.3634608392588565,1.453843357035426,0.11346083925885653,0.22692167851771305,0.3403825177765696
0.25,0.49,0.74,0.33783783783783783,0.36561068319073886,1.4624427327629554,0.11561068319073886,0.23122136638147772,0.3468320495722166
0.25,0.495,0.745,0.33557046979865773,0.36780303069289244,1.4712121227715698,0.11780303069289244,0.23560606138578488,0.3534090920786773
0.25,0.5,0.75,0.3333333333333333,0.3700394750525634,1.4801579002102536,0.1200394750525634,0.2400789501051268,0.3601184251576902
0.25,0.505,0.755,0.33112582781456956,0.37232170074951154,1.4892868029980462,0.12232170074951154,0.24464340149902308,0.3669651022485346
0.25,0.51,0.76,0.32894736842105265,0.3746514906020242,1.4986059624080967,0.12465149060202418,0.24930298120404837,0.37395447180607255
0.25,0.515,0.765,0.32679738562091504,0.37703073363213924,1.508122934528557,0.12703073363213924,0.2540614672642785,0.3810922008964177
0.25,0.52,0.77,0.3246753246753247,0.3794614337392791,1.5178457349571164,0.1294614337392791,0.2589228674785582,0.3883843012178373
0.25,0.525,0.775,0.3225806451612903,0.38194571928474175,1.527782877138967,0.13194571928474175,0.2638914385694835,0.39583715785422524
0.25,0.53,0.78,0.3205128205128205,0.38448585370505617,1.5379434148202247,0.13448585370505617,0.26897170741011234,0.4034575611151685
0.25,0.535,0.785,0.3184713375796178,0.3870842472905289,1.5483369891621157,0.13708424729052893,0.27416849458105785,0.4112527418715868
0.25,0.54,0.79,0.3164556962025316,0.3897434702869791,1.5589738811479164,0.1397434702869791,0.2794869405739582,0.41923041086093726
0.25,0.545,0.795,0.31446540880503143,0.3924662675043713,1.5698650700174852,0.1424662675043713,0.2849325350087426,0.4273988025131139
0.25,0.55,0.8,0.3125,0.39525557464668204,1.5810222985867282,0.14525557464668204,0.2905111492933641,0.4357667239400461
0.25,0.555,0.805,0.3105590062111801,0.3981145366139731,1.5924581464558925,0.1481145366139731,0.2962290732279462,0.44434360984191934
0.25,0.56,0.81,0.30864197530864196,0.40104652807165087,1.6041861122866035,0.15104652807165087,0.30209305614330173,0.4531395842149526
0.25,0.565,0.815,0.3067484662576687,0.40405517663497625,1.616220706539905,0.15405517663497625,0.3081103532699525,0.46216552990492876
0.25,0.57,0.82,0.3048780487804878,0.4071443890812496,1.6285775563249985,0.1571443890812496,0.3142887781624992,0.47143316724374884
0.25,0.575,0.825,0.30303030303030304,0.41031838108047425,1.641273524321897,0.16031838108047425,0.3206367621609485,0.48095514324142274
0.25,0.58,0.83,0.30120481927710846,0.4135817110312765,1.654326844125106,0.1635817110312765,0.327163422062553,0.4907451330938295
0.25,0.585,0.835,0.29940119760479045,0.41693931870700385,1.6677572748280154,0.16693931870700385,0.3338786374140077,0.5008179561210115
0.25,0.59,0.84,0.2976190476190476,0.4203965695631924,1.6815862782527695,0.17039656956319238,0.34079313912638476,0.5111897086895771
0.25,0.595,0.845,0.2958579881656805,0.423959305739796,1.695837222959184,0.173959305739796,0.347918611479592,0.521877917219388
0.25,0.6,0.85,0.29411764705882354,0.4276339050199812,1.7105356200799249,0.17763390501998122,0.35526781003996244,0.5329017150599437
0.255,0.005,0.26,0.9807692307692307,0.25570261294549745,1.0027553448843036,0.0007026129454974495,0.001405225890994899,0.0021078388364923484
0.255,0.01,0.265,0.9622641509433962,0.25641075465234364,1.0055323711856614,0.0014107546523436376,0.0028215093046872752,0.004232263957030913
0.255,0.015,0.27,0.9444444444444444,0.2571245017353816,1.0083313793544375,0.00212450173538159,0.00424900347076318,0.0063735052061447695
0.255,0.02,0.275,0.9272727272727272,0.2578439323642693,1.011152675938311,0.002843932364269275,0.00568786472853855,0.008531797092807825
0.255,0.025,0.28,0.9107142857142857,0.2585691263054739,1.0139965737469565,0.003569126305473902,0.007138252610947804,0.010707378916421706
0.255,0.03,0.28500000000000003,0.894736842105263,0.2593001649656925,1.0168633920223236,0.004300164965692521,0.008600329931385042,0.012900494897077563
0.255,0.035,0.29000000000000004,0.8793103448275861,0.26003713143675444,1.0197534566147233,0.005037131436754438,0.010074262873508877,0.015111394310263315
0.255,0.04,0.295,0.864406779661017,0.2607801105420692,1.0226671001649772,0.005780110542069172,0.011560221084138345,0.017340331626207517
0.255,0.045,0.3,0.8500000000000001,0.2615291888846829,1.025604662292874,0.006529188884682902,0.013058377769365803,0.019587566654048705
0.255,0.05,0.305,0.8360655737704918,0.26228445489701024,1.0285664897921971,0.00728445489701024,0.01456890979402048,0.02185336469103072
0.255,0.055,0.31,0.8225806451612904,0.2630459988923144,1.0315529368326055,0.008045998892314388,0.016091997784628775,0.024137996676943163
0.255,0.06,0.315,0.8095238095238095,0.26381391311800617,1.0345643651686516,0.008813913118006167,0.017627826236012334,0.0264417393540185
0.255,0.065,0.32,0.796875,0.2645882918108441,1.0376011443562514,0.009588291810844085,0.01917658362168817,0.028764875432532255
0.255,0.07,0.325,0.7846153846153846,0.26536923125411316,1.0406636519769144,0.010369231254113154,0.020738462508226307,0.03110769376233946
0.255,0.075,0.33,0.7727272727272727,0.2661568298368723,1.0437522738700873,0.011156829836872273,0.022313659673744546,0.03347048951061682
0.255,0.08,0.335,0.7611940298507462,0.26695118811535634,1.0468674043739463,0.011951188115356337,0.023902376230712674,0.03585356434606901
0.255,0.085,0.34,0.75,0.2677524088766332,1.0500094465750323,0.012752408876633203,0.025504817753266407,0.03825722662989961
0.255,0.09,0.345,0.7391304347826088,0.2685605972046099,1.0531788125670976,0.013560597204609892,0.027121194409219784,0.040681791613829676
0.255,0.095,0.35,0.7285714285714286,0.2693758605484984,1.0563759237196015,0.014375860548498376,0.028751721096996752,0.04312758164549513
0.255,0.1,0.355,0.7183098591549296,0.2701983087938469,1.0596012109562623,0.01519830879384687,0.03039661758769374,0.04559492638154061
0.255,0.105,0.36,0.7083333333333334,0.2710280543362582,1.0628551150441499,0.016028054336258202,0.032056108672516404,0.048084163008774605
0.255,0.11,0.365,0.6986301369863014,0.2718652121579129,1.0661380868937762,0.016865212157912923,0.03373042431582585,0.05059563647373877
0.255,0.115,0.37,0.6891891891891893,0.27270989990703076,1.0694505878707088,0.017709899907030757,0.035419799814061514,0.05312969972109227
0.255,0.12,0.375,0.68,0.27356223798040447,1.072793090119233,0.01856223798040446,0.03712447596080892,0.055686713941213384
0.255,0.125,0.38,0.6710526315789473,0.27442234960915113,1.0761660768986319,0.019422349609151124,0.03884469921830225,0.05826704882745337
0.255,0.13,0.385,0.6623376623376623,0.2752903609478322,1.0795700429326753,0.02029036094783221,0.04058072189566442,0.06087108284349663
0.255,0.135,0.39,0.6538461538461539,0.27616640116710245,1.0830054947729508,0.021166401167102444,0.04233280233420489,0.06349920350130733
0.255,0.14,0.395,0.6455696202531646,0.277050602550058,1.086472951176698,0.022050602550057974,0.04410120510011595,0.06615180765017392
0.255,0.145,0.4,0.6375,0.2779431005924612,1.0899729434998477,0.022943100592461185,0.04588620118492237,0.06882930177738356
0.255,0.15,0.405,0.6296296296296297,0.27884403410703273,1.0935060161060106,0.02384403410703273,0.04768806821406546,0.07153210232109819
0.255,0.155,0.41000000000000003,0.6219512195121951,0.2797535453320089,1.0970727267921918,0.02475354533200891,0.04950709066401782,0.07426063599602672
0.255,0.16,0.41500000000000004,0.6144578313253012,0.2806717800441778,1.1006736472320697,0.025671780044177805,0.05134356008835561,0.07701534013253342
0.255,0.165,0.42000000000000004,0.6071428571428571,0.2815988876766168,1.1043093634377128,0.026598887676616778,0.053197775353233556,0.07979666302985033
0.255,0.17,0.42500000000000004,0.6,0.2825350214413691,1.107980476240663,0.0275350214413691,0.0550700428827382,0.0826050643241073
0.255,0.175,0.43,0.5930232558139535,0.2834803384573096,1.1116876017933708,0.028480338457309573,0.056960676914619146,0.08544101537192872
0.255,0.18,0.435,0.5862068965517242,0.2844349998834679,1.1154313720920308,0.02943499988346787,0.05886999976693574,0.08830499965040361
0.255,0.185,0.44,0.5795454545454546,0.2853991710580883,1.1192124355219149,0.030399171058088315,0.06079834211617663,0.09119751317426494
0.255,0.19,0.445,0.5730337078651685,0.2863730216437309,1.1230314574263958,0.0313730216437309,0.0627460432874618,0.09411906493119271
0.255,0.195,0.45,0.5666666666666667,0.28735672577872395,1.1268891207008782,0.03235672577872395,0.0647134515574479,0.09707017733617185
0.255,0.2,0.455,0.5604395604395604,0.2883504622353156,1.1307861264130021,0.03335046223531557,0.06670092447063114,0.10005138670594671
0.255,0.205,0.45999999999999996,0.5543478260869565,0.2893544145848731,1.1347231944504828,0.034354414584873094,0.06870882916974619,0.10306324375461928
0.255,0.21,0.46499999999999997,0.5483870967741936,0.29036877137052086,1.138701064198121,0.03536877137052086,0.07073754274104171,0.10610631411156257
0.255,0.215,0.47,0.5425531914893618,0.29139372628761606,1.1427204952455532,0.03639372628761606,0.07278745257523211,0.10918117886284817
0.255,0.22,0.475,0.5368421052631579,0.2924294783724978,1.1467822681274422,0.03742947837249777,0.07485895674499554,0.11228843511749331
0.255,0.225,0.48,0.53125,0.29347623219996966,1.15088718509792,0.03847623219996965,0.0769524643999393,0.11542869659990895
0.255,0.23,0.485,0.5257731958762887,0.29453419809000503,1.1550360709411962,0.039534198090005024,0.07906839618001005,0.11860259427001507
0.255,0.235,0.49,0.5204081632653061,0.2956035923241995,1.1592297738203903,0.04060359232419952,0.08120718464839904,0.12181077697259857
0.255,0.24,0.495,0.5151515151515151,0.2966846373725278,1.1634691661667758,0.04168463737252781,0.08336927474505562,0.12505391211758343
0.255,0.245,0.5,0.51,0.29777756213100137,1.16775514561177,0.04277756213100137,0.08555512426200274,0.1283326863930041
0.255,0.25,0.505,0.504950495049505,0.29888260217086315,1.1720886359641691,0.04388260217086315,0.0877652043417263,0.13164780651258945
0.255,0.255,0.51,0.5,0.30000000000000004,1.1764705882352944,0.04500000000000004,0.09000000000000008,0.13500000000000012
0.255,0.26,0.515,0.49514563106796117,0.30113000533730105,1.180901981714906,0.04613000533730105,0.0922600106746021,0.13839001601190315
0.255,0.265,0.52,0.49038461538461536,0.3022728754007403,1.1853838251009425,0.04727287540074032,0.09454575080148064,0.14181862620222097
0.255,0.27,0.525,0.4857142857142857,0.30342887521001904,1.1899171576863492,0.04842887521001904,0.09685775042003808,0.14528662563005712
0.255,0.275,0.53,0.4811320754716981,0.30459827790466176,1.1945030506065166,0.04959827790466176,0.09919655580932352,0.14879483371398528
0.255,0.28,0.535,0.4766355140186916,0.3057813650785264,1.1991426081510839,0.050781365078526375,0.10156273015705275,0.15234409523557912
0.255,0.285,0.54,0.4722222222222222,0.30697842713175727,1.2038369691441462,0.051978427131757265,0.10395685426351453,0.1559352813952718
0.255,0.29,0.5449999999999999,0.4678899082568808,0.30818976364128847,1.2085873083972096,0.05318976364128847,0.10637952728257694,0.1595692909238654
0.255,0.295,0.55,0.4636363636363636,0.30941568375108675,1.2133948382395559,0.05441568375108674,0.10883136750217348,0.16324705125326022
0.255,0.3,0.5549999999999999,0.45945945945945954,0.31065650658341337,1.2182608101310328,0.05565650658341337,0.11131301316682674,0.1669695197502401
0.255,0.305,0.56,0.45535714285714285,0.31191256167248327,1.2231865163626794,0.056912561672483264,0.11382512334496653,0.1707376850174498
0.255,0.31,0.565,0.4513274336283186,0.3131841894220053,1.2281732918510013,0.05818418942200532,0.11636837884401063,0.17455256826601595
0.255,0.315,0.5700000000000001,0.4473684210526315,0.3144717415882068,1.2332225160321835,0.05947174158820678,0.11894348317641357,0.17841522476462035
0.255,0.32,0.575,0.44347826086956527,0.31577558179006726,1.238335614863009,0.06077558179006726,0.12155116358013451,0.18232674537020177
0.255,0.325,0.5800000000000001,0.43965517241379304,0.3170960860486328,1.243514062935815,0.062096086048632815,0.12419217209726563,0.18628825814589844
0.255,0.33,0.585,0.43589743589743596,0.31843364335742563,1.2487593857153947,0.06343364335742563,0.12686728671485126,0.19030093007227689
0.255,0.335,0.5900000000000001,0.43220338983050843,0.3197886562861362,1.2540731619064163,0.06478865628613617,0.12957731257227234,0.1943659688584085
0.255,0.34,0.595,0.4285714285714286,0.321161541619964,1.2594570259606432,0.06616154161996401,0.13232308323992803,0.19848462485989204
0.255,0.345,0.6,0.42500000000000004,0.3225527310371721,1.2649126707340081,0.06755273103717208,0.13510546207434415,0.20265819311151623
0.255,0.35,0.605,0.42148760330578516,0.32396267182764116,1.2704418503044752,0.06896267182764115,0.1379253436552823,0.20688801548292346
0.255,0.355,0.61,0.4180327868852459,0.3253918276554475,1.2760463829625392,0.07039182765544749,0.14078365531089498,0.21117548296634248
0.255,0.36,0.615,0.41463414634146345,0.32684067936875627,1.2817281543872794,0.07184067936875627,0.14368135873751253,0.2155220381062688
0.255,0.365,0.62,0.4112903225806452,0.3283097258606099,1.2874891210219996,0.07330972586060991,0.14661945172121982,0.21992917758182973
0.255,0.37,0.625,0.40800000000000003,0.3297994849845165,1.2933313136647706,0.0747994849845165,0.149598969969033,0.2243984549535495
0.255,0.375,0.63,0.40476190476190477,0.33131049452909356,1.299256841290563,0.07631049452909355,0.1526209890581871,0.22893148358728066
0.255,0.38,0.635,0.4015748031496063,0.33284331325642136,1.305267895123221,0.07784331325642135,0.1556866265128427,0.23352993976926406
0.255,0.385,0.64,0.3984375,0.3343985220091885,1.31136675297721,0.07939852200918851,0.15879704401837702,0.23819556602756553
0.255,0.39,0.645,0.3953488372093023,0.3359767248921969,1.3175557838909682,0.08097672489219687,0.16195344978439374,0.24293017467659062
0.255,0.395,0.65,0.3923076923076923,0.33757855053432984,1.3238374530758032,0.08257855053432983,0.16515710106865966,0.2477356516029895
0.255,0.4,0.655,0.3893129770992366,0.33920465343767836,1.3302143272065818,0.08420465343767836,0.1684093068753567,0.25261396031303507
0.255,0.405,0.66,0.38636363636363635,0.3408557154211851,1.3366890800830789,0.08585571542118509,0.17171143084237017,0.25756714626355526
0.255,0.41,0.665,0.38345864661654133,0.3425324471669021,1.3432644986937339,0.08753244716690212,0.17506489433380423,0.26259734150070635
0.255,0.415,0.6699999999999999,0.3805970149253732,0.3442355898777849,1.3499434897168034,0.0892355898777849,0.1784711797555698,0.2677067696333547
0.255,0.42,0.675,0.37777777777777777,0.34596591705686475,1.3567290864975088,0.09096591705686474,0.18193183411372948,0.2728977511705942
0.255,0.425,0.6799999999999999,0.37500000000000006,0.3477242364186761,1.3636244565438278,0.09272423641867611,0.18544847283735222,0.2781727092560283
0.255,0.43,0.685,0.3722627737226277,0.3495113919449756,1.3706329095881395,0.0945113919449756,0.1890227838899512,0.2835341758349268
0.255,0.435,0.69,0.3695652173913044,0.351328266098088,1.3777579062670118,0.09632826609808798,0.19265653219617596,0.28898479829426393
0.255,0.44,0.6950000000000001,0.3669064748201439,0.3531757822066903,1.385003067477217,0.09817578220669032,0.19635156441338064,0.29452734662007096
0.255,0.445,0.7,0.3642857142857143,0.35505490704049003,1.3923721844725099,0.10005490704049003,0.20010981408098005,0.3001647211214701
0.255,0.45,0.7050000000000001,0.36170212765957444,0.35696665359213586,1.3998692297730817,0.10196665359213586,0.20393330718427172,0.3058999607764076
0.255,0.455,0.71,0.3591549295774648,0.35891208408680986,1.4074983689678817,0.10391208408680985,0.2078241681736197,0.31173625226042956
0.255,0.46,0.7150000000000001,0.3566433566433566,0.3608923132423627,1.4152639734994616,0.1058923132423627,0.2117846264847254,0.3176769397270881
0.255,0.465,0.72,0.3541666666666667,0.36290851180558326,1.423170634531699,0.10790851180558325,0.2158170236111665,0.32372553541674975
0.255,0.47,0.725,0.3517241379310345,0.3649619103933168,1.4312231780130071,0.10996191039331682,0.21992382078663364,0.32988573117995046
0.255,0.475,0.73,0.3493150684931507,0.3670538036707033,1.4394266810615814,0.11205380367070328,0.22410760734140656,0.33616141101210983
0.255,0.48,0.735,0.3469387755102041,0.36918555490288696,1.447786489815243,0.11418555490288695,0.2283711098057739,0.34255666470866086
0.255,0.485,0.74,0.3445945945945946,0.37135860092122797,1.4563082389067763,0.11635860092122796,0.23271720184245592,0.3490758027636839
0.255,0.49,0.745,0.3422818791946309,0.37357445755042784,1.4649978727467758,0.11857445755042784,0.23714891510085567,0.3557233726512835
0.255,0.495,0.75,0.34,0.37583472554919406,1.4738616688203687,0.12083472554919406,0.2416694510983881,0.36250417664758217
0.255,0.5,0.755,0.33774834437086093,0.3781410971242454,1.4829062632323349,0.12314109712424537,0.24628219424849074,0.3694232913727361
0.255,0.505,0.76,0.3355263157894737,0.3804953630857947,1.4921386787678224,0.12549536308579468,0.25099072617158935,0.376486089257384
0.255,0.51,0.765,0.3333333333333333,0.3828994207223282,1.501566355773836,0.12789942072232818,0.25579884144465637,0.38369826216698455
0.255,0.515,0.77,0.33116883116883117,0.3853552824838026,1.5111971862109905,0.13035528248380257,0.26071056496760514,0.3910658474514077
0.255,0.52,0.775,0.32903225806451614,0.3878650855756073,1.5210395512768913,0.13286508557560728,0.26573017115121456,0.39859525672682183
0.255,0.525,0.78,0.3269230769230769,0.390431102581162,1.5311023630633802,0.13543110258116198,0.27086220516232395,0.40629330774348593
0.255,0.53,0.785,0.3248407643312102,0.3930557532493131,1.54139511078162,0.13805575324931307,0.27611150649862615,0.4141672597479392
0.255,0.535,0.79,0.3227848101265823,0.39574161760430837,1.5519279121737584,0.14074161760430837,0.28148323520861673,0.4222248528129251
0.255,0.54,0.795,0.32075471698113206,0.39849145056178914,1.5627115708305457,0.14349145056178914,0.28698290112357827,0.4304743516853674
0.255,0.545,0.8,0.31875,0.4013081982647928,1.5737576402540894,0.1463081982647928,0.2926163965295856,0.4389245947943784
0.255,0.55,0.805,0.3167701863354037,0.40419501639030386,1.5850784956482504,0.14919501639030386,0.2983900327806077,0.4475850491709116
0.255,0.555,0.81,0.3148148148148148,0.4071552907207818,1.5966874145913013,0.15215529072078182,0.30431058144156364,0.45646587216234547
0.255,0.56,0.8150000000000001,0.31288343558282206,0.4101926603280387,1.6085986679530928,0.1551926603280387,0.3103853206560774,0.46557798098411607
0.255,0.565,0.82,0.31097560975609756,0.413311043781007,1.6208276226706158,0.15831104378100702,0.31662208756201404,0.47493313134302106
0.255,0.57,0.825,0.30909090909090914,0.41651466886708655,1.6333908583023002,0.16151466886708654,0.3230293377341731,0.4845440066012596
0.255,0.575,0.83,0.30722891566265065,0.4198081064124283,1.6463062996565814,0.16480810641242827,0.32961621282485654,0.4944243192372848
0.255,0.58,0.835,0.30538922155688625,0.4231963089042644,1.6595933682520172,0.1681963089042644,0.3363926178085288,0.5045889267127932
0.255,0.585,0.84,0.3035714285714286,0.4266846547641613,1.6732731559378873,0.17168465476416128,0.34336930952832256,0.5150539642924838
0.255,0.59,0.845,0.3017751479289941,0.4302789993026127,1.6873686247161281,0.1752789993026127,0.3505579986052254,0.5258369979078381
0.255,0.595,0.85,0.3,0.4339857336129409,1.7019048376978074,0.1789857336129409,0.3579714672258818,0.5369572008388227
0.255,0.6,0.855,0.29824561403508776,0.43781185294964176,1.7169092272534971,0.18281185294964175,0.3656237058992835,0.5484355588489253
0.26,0.005,0.265,0.9811320754716981,0.2607178513378485,1.0027609666840327,0.0007178513378485185,0.001435702675697037,0.0021535540135455555
0.26,0.01,0.27,0.9629629629629629,0.2614413713455662,1.0055437359444854,0.0014413713455662114,0.0028827426911324228,0.004324114036698634
0.26,0.015,0.275,0.9454545454545454,0.26217063892708026,1.008348611258001,0.0021706389270802484,0.004341277854160497,0.006511916781240745
0.26,0.02,0.28,0.9285714285714285,0.262905734595683,1.0111759022910884,0.002905734595682996,0.005811469191365992,0.008717203787048988
0.26,0.025,0.28500000000000003,0.9122807017543859,0.2636467405177392,1.0140259250682275,0.0036467405177391665,0.007293481035478333,0.0109402215532175
0.26,0.03,0.29000000000000004,0.8965517241379309,0.26439374055788256,1.016899002145702,0.004393740557882553,0.008787481115765106,0.013181221673647658
0.26,0.035,0.29500000000000004,0.8813559322033897,0.26514682032576753,1.0197954627914136,0.0051468203257675205,0.010293640651535041,0.015440460977302561
0.26,0.04,0.3,0.8666666666666667,0.26590606722443677,1.0227156431709106,0.005906067224436762,0.011812134448873524,0.017718201673310285
0.26,0.045,0.305,0.8524590163934427,0.26667157050037427,1.025659886539901,0.006671570500374258,0.013343141000748515,0.020014711501122773
0.26,0.05,0.31,0.8387096774193549,0.26744342129531606,1.0286285434435234,0.007443421295316055,0.01488684259063211,0.022330263885948165
0.26,0.055,0.315,0.8253968253968255,0.2682217126998887,1.031621971922649,0.008221712699888695,0.01644342539977739,0.024665138099666084
0.26,0.06,0.32,0.8125,0.2690065398091601,1.034640537727539,0.009006539809160108,0.018013079618320216,0.027019619427480324
0.26,0.065,0.325,0.8,0.26979799978017804,1.0376846145391463,0.009797999780178035,0.01959599956035607,0.029393999340534105
0.26,0.07,0.33,0.7878787878787878,0.27059619189158957,1.0407545841984214,0.010596191891589557,0.021192383783179114,0.03178857567476867
0.26,0.075,0.335,0.7761194029850746,0.27140121760542535,1.0438508369439436,0.01140121760542534,0.02280243521085068,0.03420365281627602
0.26,0.08,0.34,0.7647058823529411,0.27221318063115085,1.0469737716582725,0.012213180631150844,0.024426361262301688,0.03663954189345253
0.26,0.085,0.34500000000000003,0.7536231884057971,0.273032186992078,1.050123796123377,0.013032186992077976,0.026064373984155953,0.03909656097623393
0.26,0.09,0.35,0.7428571428571429,0.2738583450942502,1.0533013272855778,0.013858345094250213,0.027716690188500426,0.04157503528275064
0.26,0.095,0.355,0.7323943661971831,0.27469176579790533,1.0565067915304052,0.01469176579790532,0.02938353159581064,0.04407529739371596
0.26,0.1,0.36,0.7222222222222223,0.2755325624916374,1.059740624967836,0.01553256249163737,0.03106512498327474,0.04659768747491211
0.26,0.105,0.365,0.7123287671232877,0.2763808511693796,1.063003273728383,0.016380851169379596,0.03276170233875919,0.04914255350813879
0.26,0.11,0.37,0.7027027027027027,0.2772367505103389,1.0662951942705343,0.017236750510338905,0.03447350102067781,0.051710251531016715
0.26,0.115,0.375,0.6933333333333334,0.27810038196201725,1.0696168537000663,0.018100381962017242,0.036200763924034485,0.05430114588605173
0.26,0.12,0.38,0.6842105263157895,0.27897186982646627,1.0729687301017934,0.01897186982646626,0.03794373965293252,0.05691560947939878
0.26,0.125,0.385,0.6753246753246753,0.2798513413499275,1.0763513128843365,0.019851341349927498,0.039702682699854996,0.059554024049782495
0.26,0.13,0.39,0.6666666666666666,0.280738926816017,1.0797651031385267,0.020738926816016967,0.041477853632033934,0.0622167804480509
0.26,0.135,0.395,0.6582278481012658,0.2816347596426274,1.0832106140101054,0.0216347596426274,0.0432695192852548,0.0649042789278822
0.26,0.14,0.4,0.65,0.2825389764827243,1.0866883710874011,0.022538976482724293,0.04507795296544859,0.06761692944817288
0.26,0.145,0.405,0.6419753086419753,0.283451717329228,1.0901989128047231,0.023451717329228017,0.046903434658456034,0.07035515198768405
0.26,0.15,0.41000000000000003,0.6341463414634146,0.2843731256241818,1.0937427908622377,0.024373125624181813,0.048746251248363626,0.07311937687254544
0.26,0.155,0.41500000000000004,0.6265060240963856,0.2853033483724171,1.0973205706631426,0.0253033483724171,0.0506066967448342,0.0759100451172513
0.26,0.16,0.42000000000000004,0.619047619047619,0.2862425362599421,1.1009328317690081,0.026242536259942106,0.05248507251988421,0.07872760877982632
0.26,0.165,0.42500000000000004,0.6117647058823529,0.2871908437772911,1.1045801683741965,0.027190843777291085,0.05438168755458217,0.08157253133187325
0.26,0.17,0.43000000000000005,0.6046511627906976,0.2881484293480858,1.1082631898003301,0.028148429348085813,0.056296858696171626,0.08444528804425744
0.26,0.175,0.435,0.5977011494252874,0.2891154554630777,1.1119825210118373,0.0291154554630777,0.0582309109261554,0.0873463663892331
0.26,0.18,0.44,0.5909090909090909,0.29009208881995174,1.1157388031536606,0.030092088819951734,0.06018417763990347,0.0902762664598552
0.26,0.185,0.445,0.5842696629213483,0.29107850046919526,1.1195326941122894,0.031078500469195247,0.062157000938390494,0.09323550140758574
0.26,0.19,0.45,0.5777777777777778,0.2920748659663488,1.1233648691013416,0.03207486596634879,0.06414973193269757,0.09622459789904636
0.26,0.195,0.455,0.5714285714285714,0.2930813655309784,1.127236021272994,0.0330813655309784,0.0661627310619568,0.0992440965929352
0.26,0.2,0.46,0.5652173913043478,0.2940981842127297,1.1311468623566527,0.0340981842127297,0.0681963684254594,0.1022945526381891
0.26,0.205,0.46499999999999997,0.5591397849462366,0.29512551206484694,1.1350981233263344,0.03512551206484693,0.07025102412969386,0.10537653619454079
0.26,0.21,0.47,0.5531914893617021,0.296163544325562,1.1390905550983155,0.036163544325562014,0.07232708865112403,0.10849063297668604
0.26,0.215,0.475,0.5473684210526316,0.29721248160779123,1.1431249292607355,0.037212481607791226,0.07442496321558245,0.11163744482337368
0.26,0.22,0.48,0.5416666666666667,0.298272530097597,1.1472020388369115,0.03827253009759701,0.07654506019519403,0.11481759029279104
0.26,0.225,0.485,0.5360824742268041,0.29934390176190917,1.151322699084266,0.03934390176190916,0.07868780352381832,0.11803170528572748
0.26,0.23,0.49,0.5306122448979592,0.30042681456603015,1.1554877483308852,0.040426814566030145,0.08085362913206029,0.12128044369809043
0.26,0.235,0.495,0.5252525252525253,0.3015214927014822,1.1596980488518547,0.0415214927014822,0.0830429854029644,0.1245644781044466
0.26,0.24,0.5,0.52,0.3026281668247973,1.163954487787682,0.04262816682479731,0.08525633364959462,0.12788450047439193
0.26,0.245,0.505,0.5148514851485149,0.30374707430788406,1.1682579781072464,0.04374707430788405,0.0874941486157681,0.13124122292365215
0.26,0.25,0.51,0.5098039215686274,0.3048784595006573,1.1726094596179126,0.044878459500657275,0.08975691900131455,0.13463537850197183
0.26,0.255,0.515,0.5048543689320388,0.30602257400665867,1.1770099000256102,0.046022574006658656,0.09204514801331731,0.13806772201997597
0.26,0.26,0.52,0.5,0.3071796769724491,1.181460296047881,0.04717967697244907,0.09435935394489814,0.1415390309173472
0.26,0.265,0.525,0.49523809523809526,0.30835003539161066,1.1859616745831179,0.048350035391610646,0.09670007078322129,0.14505010617483194
0.26,0.27,0.53,0.49056603773584906,0.3095339244242543,1.1905150939394396,0.049533924424254305,0.09906784884850861,0.14860177327276292
0.26,0.275,0.535,0.48598130841121495,0.310731627732995,1.1951216451269038,0.050731627732995,0.10146325546599,0.152194883198985
0.26,0.28,0.54,0.48148148148148145,0.3119434378364274,1.1997824532170285,0.05194343783642741,0.10388687567285482,0.15583031350928223
0.26,0.285,0.5449999999999999,0.4770642201834863,0.31316965648120987,1.204498678773884,0.05316965648120986,0.10633931296241972,0.15950896944362958
0.26,0.29,0.55,0.4727272727272727,0.3144105950339503,1.2092715193613472,0.05441059503395029,0.10882119006790059,0.16323178510185088
0.26,0.295,0.5549999999999999,0.4684684684684685,0.31566657489417504,1.2141022111314423,0.055666574894175036,0.11133314978835007,0.1669997246825251
0.26,0.3,0.56,0.46428571428571425,0.31693792792976283,1.2189920304990878,0.05693792792976282,0.11387585585952564,0.17081378378928846
0.26,0.305,0.565,0.4601769911504425,0.3182249969363299,1.223942295908961,0.058224996936329876,0.11644999387265975,0.17467499080898963
0.26,0.31,0.5700000000000001,0.45614035087719296,0.3195281361221721,1.228954369700662,0.059528136122172115,0.11905627224434423,0.17858440836651635
0.26,0.315,0.575,0.4521739130434783,0.32084771162049475,1.2340296600788259,0.06084771162049474,0.12169542324098948,0.1825431348614842
0.26,0.32,0.5800000000000001,0.44827586206896547,0.3221841020308014,1.23916962319539,0.06218410203080138,0.12436820406160276,0.18655230609240414
0.26,0.325,0.585,0.4444444444444445,0.3235376989914628,1.24437576535178,0.06353769899146278,0.12707539798292555,0.19061309697438833
0.26,0.33,0.5900000000000001,0.44067796610169485,0.32490890778565584,1.2496496453294454,0.06490890778565583,0.12981781557131167,0.1947267233569675
0.26,0.335,0.595,0.43697478991596644,0.326298147983042,1.2549928768578538,0.06629814798304201,0.13259629596608402,0.19889444394912603
0.26,0.34,0.6000000000000001,0.4333333333333333,0.3277058541197555,1.2604071312298288,0.06770585411975549,0.13541170823951099,0.20311756235926648
0.26,0.345,0.605,0.4297520661157025,0.32913247641949095,1.265894140074965,0.06913247641949094,0.13826495283898188,0.20739742925847282
0.26,0.35,0.61,0.42622950819672134,0.3305784815587186,1.2714556983027638,0.0705784815587186,0.1411569631174372,0.2117354446761558
0.26,0.355,0.615,0.42276422764227645,0.3320443534793238,1.2770936672281685,0.07204435347932381,0.14408870695864762,0.21613306043797142
0.26,0.36,0.62,0.41935483870967744,0.33353059425225495,1.2828099778932882,0.07353059425225494,0.1470611885045099,0.22059178275676483
0.26,0.365,0.625,0.41600000000000004,0.33503772499608875,1.2886066346003413,0.07503772499608874,0.15007544999217748,0.22511317498826622
0.26,0.37,0.63,0.41269841269841273,0.3365662868547763,1.2944857186722165,0.07656628685477629,0.15313257370955258,0.22969886056432887
0.26,0.375,0.635,0.4094488188976378,0.33811684203922465,1.3004493924585563,0.07811684203922464,0.1562336840784493,0.23435052611767393
0.26,0.38,0.64,0.40625,0.33968997493780506,1.3064999036069425,0.07968997493780505,0.1593799498756101,0.23906992481341516
0.26,0.385,0.645,0.40310077519379844,0.34128629330135984,1.3126395896206147,0.08128629330135984,0.16257258660271967,0.2438588799040795
0.26,0.39,0.65,0.4,0.3429064295088162,1.318870882726216,0.08290642950881622,0.16581285901763243,0.24871928852644865
0.26,0.395,0.655,0.3969465648854962,0.3445510419201072,1.3251963150773354,0.0845510419201072,0.1691020838402144,0.2536531257603216
0.26,0.4,0.66,0.3939393939393939,0.3462208163237661,1.3316185243221772,0.0862208163237661,0.1724416326475322,0.2586624489712983
0.26,0.405,0.665,0.39097744360902253,0.3479164674872942,1.3381402595665162,0.0879164674872942,0.1758329349745884,0.2637494024618826
0.26,0.41,0.6699999999999999,0.3880597014925374,0.34963874081922963,1.3447643877662678,0.08963874081922962,0.17927748163845925,0.26891622245768887
0.26,0.415,0.675,0.3851851851851852,0.35138841415276545,1.3514939005875595,0.09138841415276544,0.18277682830553088,0.2741652424582963
0.26,0.42,0.6799999999999999,0.3823529411764706,0.3531662996617956,1.3583319217761367,0.09316629966179557,0.18633259932359114,0.2794988989853867
0.26,0.425,0.685,0.3795620437956204,0.35497324592143153,1.365281715082429,0.09497324592143153,0.18994649184286305,0.2849197377642946
0.26,0.43,0.69,0.3768115942028986,0.35681014012632717,1.372346692793566,0.09681014012632716,0.19362028025265432,0.2904304203789815
0.26,0.435,0.6950000000000001,0.37410071942446044,0.35867791048162434,1.3795304249293243,0.09867791048162433,0.19735582096324866,0.296033731444873
0.26,0.44,0.7,0.37142857142857144,0.36057752878297844,1.3868366491653017,0.10057752878297843,0.20115505756595686,0.3017325863489353
0.26,0.445,0.7050000000000001,0.36879432624113473,0.36251001320399967,1.3942692815538449,0.10251001320399966,0.20502002640799932,0.307530039611999
0.26,0.45,0.71,0.36619718309859156,0.3644764313115576,1.4018324281213754,0.1044764313115576,0.2089528626231152,0.3134292939346728
0.26,0.455,0.7150000000000001,0.3636363636363636,0.3664779033318063,1.4095303974300242,0.10647790333180629,0.21295580666361258,0.31943370999541887
0.26,0.46,0.72,0.36111111111111116,0.36851560569251274,1.417367714201972,0.10851560569251273,0.21703121138502546,0.3255468170775382
0.26,0.465,0.7250000000000001,0.3586206896551724,0.3705907748703927,1.425349134116895,0.1105907748703927,0.2211815497407854,0.3317723246111781
0.26,0.47,0.73,0.35616438356164387,0.3727047115757084,1.4334796599065707,0.11270471157570838,0.22540942315141677,0.33811413472712515
0.26,0.475,0.735,0.35374149659863946,0.37485878531046024,1.4417645588863854,0.11485878531046023,0.22971757062092046,0.3445763559313807
0.26,0.48,0.74,0.35135135135135137,0.3770544393411721,1.4502093820814312,0.1170544393411721,0.2341088786823442,0.3511633180235163
0.26,0.485,0.745,0.348993288590604,0.3792931961326488,1.458819985125572,0.11929319613264877,0.23858639226529754,0.3578795883979463
0.26,0.49,0.75,0.3466666666666667,0.3815766632952813,1.4676025511356972,0.12157666329528127,0.24315332659056255,0.3647299898858438
0.26,0.495,0.755,0.3443708609271523,0.38390654010564573,1.476563615790945,0.12390654010564572,0.24781308021129145,0.37171962031693717
0.26,0.5,0.76,0.34210526315789475,0.38628462466845437,1.4857100948786706,0.12628462466845436,0.2525692493369087,0.3788538740053631
0.26,0.505,0.765,0.33986928104575165,0.38871282179758526,1.495049314606097,0.12871282179758525,0.2574256435951705,0.38613846539275576
0.26,0.51,0.77,0.33766233766233766,0.39119315170519575,1.5045890450199837,0.13119315170519574,0.2623863034103915,0.39357945511558723
0.26,0.515,0.775,0.33548387096774196,0.39372775960111883,1.5143375369273802,0.13372775960111882,0.26745551920223765,0.40118327880335647
0.26,0.52,0.78,0.3333333333333333,0.39631892632023147,1.524303562770121,0.13631892632023146,0.2726378526404629,0.4089567789606944
0.26,0.525,0.785,0.33121019108280253,0.39896908011373056,1.5344964619758867,0.13896908011373055,0.2779381602274611,0.41690724034119164
0.26,0.53,0.79,0.3291139240506329,0.40168080976181775,1.5449261913916066,0.14168080976181774,0.2833616195236355,0.4250424292854532
0.26,0.535,0.795,0.3270440251572327,0.4044568791908787,1.5556033815033796,0.14445687919087868,0.28891375838175737,0.43337063757263605
0.26,0.54,0.8,0.325,0.40730024380871777,1.566539399264299,0.14730024380871776,0.2946004876174355,0.44190073142615327
0.26,0.545,0.805,0.32298136645962733,0.4102140688078437,1.5777464184917065,0.15021406880784371,0.30042813761568743,0.45064220642353114
0.26,0.55,0.81,0.32098765432098764,0.4132017497305611,1.5892374989636966,0.1532017497305611,0.3064034994611222,0.45960524919168333
0.26,0.555,0.8150000000000001,0.31901840490797545,0.41626693564239614,1.6010266755476774,0.15626693564239613,0.31253387128479226,0.4688008069271884
0.26,0.56,0.8200000000000001,0.3170731707317073,0.4194135553243439,1.6131290589397842,0.15941355532434387,0.31882711064868774,0.4782406659730316
0.26,0.565,0.825,0.3151515151515152,0.42264584697230023,1.6255609498934624,0.16264584697230022,0.32529169394460045,0.48793754091690067
0.26,0.57,0.83,0.3132530120481928,0.4259683919873688,1.6383399691821876,0.1659683919873688,0.3319367839747376,0.49790517596210637
0.26,0.575,0.835,0.31137724550898205,0.42938615355804244,1.651485205992471,0.16938615355804243,0.33877230711608486,0.5081584606741273
0.26,0.58,0.84,0.30952380952380953,0.4329045208804625,1.6650173880017787,0.1729045208804625,0.345809041760925,0.5187135626413875
0.26,0.585,0.845,0.3076923076923077,0.43652936004376264,1.6789590770913947,0.17652936004376263,0.35305872008752526,0.5295880801312879
0.26,0.59,0.85,0.3058823529411765,0.4402670728341015,1.693334895515775,0.18026707283410148,0.36053414566820297,0.5408012185023044
0.26,0.595,0.855,0.304093567251462,0.44412466499689884,1.7081717884496108,0.18412466499689883,0.36824932999379767,0.5523739949906965
0.26,0.6,0.86,0.3023255813953489,0.44810982586016324,1.723499330231397,0.18810982586016323,0.37621965172032645,0.5643294775804897
0.265,0.005,0.27,0.9814814814814815,0.265733155509704,1.0027666245649207,0.0007331555097039866,0.0014663110194079731,0.0021994665291119597
0.265,0.01,0.275,0.9636363636363636,0.26647212115973073,1.0055551741876632,0.0014721211597307216,0.002944242319461443,0.004416363479192165
0.265,0.015,0.28,0.9464285714285714,0.26721697818618795,1.0083659554195772,0.0022169781861879345,0.004433956372375869,0.0066509345585638036
0.265,0.02,0.28500000000000003,0.9298245614035087,0.26796780949055354,1.0111992810964283,0.00296780949055353,0.00593561898110706,0.00890342847166059
0.265,0.025,0.29000000000000004,0.9137931034482758,0.2687246996851521,1.014055470510008,0.0037246996851520997,0.007449399370304199,0.011174099055456299
0.265,0.03,0.29500000000000004,0.8983050847457626,0.2694877351401922,1.016934849585631,0.004487735140192184,0.008975470280384368,0.013463205420576552
0.265,0.035,0.30000000000000004,0.8833333333333332,0.2702570040324296,1.019837751065772,0.005257004032429569,0.010514008064859137,0.015771012097288706
0.265,0.04,0.305,0.8688524590163935,0.27103259639552346,1.0227645147000886,0.0060325963955234485,0.012065192791046897,0.018097789186570346
0.265,0.045,0.31,0.8548387096774194,0.2718146041721582,1.0257154874421064,0.0068146041721581785,0.013629208344316357,0.020443812516474535
0.265,0.05,0.315,0.8412698412698413,0.27260312126800423,1.0286910236528461,0.00760312126800422,0.01520624253600844,0.02280936380401266
0.265,0.055,0.32,0.828125,0.27339824360759835,1.0316914853116919,0.008398243607598332,0.016796487215196665,0.025194730822794997
0.265,0.06,0.325,0.8153846153846154,0.27420006919222273,1.0347172422348028,0.009200069192222715,0.01840013838444543,0.027600207576668145
0.265,0.065,0.33,0.803030303030303,0.2750086981598743,1.0377686723014123,0.010008698159874263,0.020017396319748526,0.03002609447962279
0.265,0.07,0.335,0.7910447761194029,0.27582423284740964,1.0408461616883382,0.010824232847409632,0.021648465694819263,0.032472698542228895
0.265,0.075,0.34,0.7794117647058824,0.27664677785496716,1.0439501051130835,0.01164677785496715,0.0232935557099343,0.03494033356490145
0.265,0.08,0.34500000000000003,0.7681159420289855,0.2774764401127614,1.047080906085892,0.012476440112761389,0.024952880225522778,0.03742932033828417
0.265,0.085,0.35000000000000003,0.7571428571428571,0.27831332895036187,1.0502389771711769,0.013313328950361858,0.026626657900723716,0.039939986851085574
0.265,0.09,0.355,0.7464788732394367,0.27915755616856097,1.0534247402587207,0.014157556168560959,0.028315112337121917,0.042472668505682876
0.265,0.095,0.36,0.7361111111111112,0.2800092361139558,1.056638626845116,0.01500923611395577,0.03001847222791154,0.04502770834186731
0.265,0.1,0.365,0.726027397260274,0.28086848575636014,1.0598810783258872,0.01586848575636013,0.03173697151272026,0.04760545726908039
0.265,0.105,0.37,0.7162162162162162,0.28173542476918423,1.0631525462988083,0.016735424769184215,0.03347084953836843,0.050206274307552645
0.265,0.11,0.375,0.7066666666666667,0.282610175612914,1.0664534928789207,0.017610175612914003,0.035220351225828006,0.05283052683874201
0.265,0.115,0.38,0.6973684210526316,0.283492863621838,1.0697843910258038,0.018492863621837996,0.03698572724367599,0.05547859086551399
0.265,0.12,0.385,0.6883116883116883,0.2843836170941745,1.0731457248836773,0.019383617094174466,0.03876723418834893,0.0581508512825234
0.265,0.125,0.39,0.6794871794871795,0.2852825673857591,1.07653799013494,0.020282567385759065,0.04056513477151813,0.060847702157277195
0.265,0.13,0.395,0.6708860759493671,0.28618984900746447,1.0799616943677903,0.021189849007464456,0.04237969801492891,0.06356954702239337
0.265,0.135,0.4,0.6625,0.28710559972653227,1.0834173574586123,0.022105599726532255,0.04421119945306451,0.06631679917959676
0.265,0.14,0.405,0.654320987654321,0.28802996067200715,1.0869055119698383,0.023029960672007133,0.046059921344014265,0.0690898820160214
0.265,0.145,0.41000000000000003,0.6463414634146342,0.28896307644447405,1.090426703564053,0.02396307644447404,0.04792615288894808,0.07188922933342212
0.265,0.15,0.41500000000000004,0.6385542168674698,0.28990509523031227,1.0939814914351407,0.024905095230312257,0.049810190460624515,0.07471528569093677
0.265,0.155,0.42000000000000004,0.6309523809523809,0.2908561689206922,1.097570448757329,0.025856168920692202,0.051712337841384404,0.0775685067620766
0.265,0.16,0.42500000000000004,0.6235294117647059,0.2918164532355514,1.101194163153024,0.026816453235551374,0.05363290647110275,0.08044935970665412
0.265,0.165,0.43000000000000005,0.6162790697674418,0.2927861078528047,1.104853237180395,0.027786107852804665,0.05557221570560933,0.083358323558414
0.265,0.17,0.43500000000000005,0.6091954022988505,0.2937652965430557,1.1085482888417197,0.028765296543055707,0.057530593086111415,0.08629588962916712
0.265,0.175,0.44,0.6022727272727273,0.2947541873100935,1.1122799521135605,0.029754187310093494,0.05950837462018699,0.08926256193028048
0.265,0.18,0.445,0.5955056179775281,0.29575295253747647,1.116048877499911,0.030752952537476452,0.061505905074952905,0.09225885761242936
0.265,0.185,0.45,0.5888888888888889,0.2967617691415224,1.1198557326095184,0.0317617691415224,0.0635235382830448,0.0952853074245672
0.265,0.19,0.455,0.5824175824175825,0.2977808187310462,1.123701202758665,0.03278081873104621,0.06556163746209243,0.09834245619313864
0.265,0.195,0.46,0.5760869565217391,0.29881028777420404,1.12758599160077,0.03381028777420403,0.06762057554840806,0.10143086332261209
0.265,0.2,0.465,0.5698924731182796,0.2998503677728305,1.131510821784266,0.03485036777283046,0.06970073554566092,0.10455110331849138
0.265,0.205,0.47,0.5638297872340426,0.3009012554446743,1.1354764356402802,0.03590125544467426,0.07180251088934853,0.10770376633402279
0.265,0.21,0.475,0.5578947368421053,0.30196315291397013,1.139483595901774,0.03696315291397012,0.07392630582794024,0.11088945874191036
0.265,0.215,0.48,0.5520833333333334,0.3030362679108065,1.1435330864558735,0.0380362679108065,0.076072535821613,0.1141088037324195
0.265,0.22,0.485,0.5463917525773196,0.30412081397978563,1.1476257131312664,0.03912081397978562,0.07824162795957124,0.11736244193935685
0.265,0.225,0.49,0.5408163265306123,0.3052170106984987,1.1517623045226366,0.0402170106984987,0.0804340213969974,0.1206510320954961
0.265,0.23,0.495,0.5353535353535354,0.30632508390638014,1.1559437128542647,0.04132508390638012,0.08265016781276024,0.12397525171914037
0.265,0.235,0.5,0.53,0.3074452659445377,1.1601708148850478,0.04244526594453768,0.08489053188907536,0.12733579783361304
0.265,0.24,0.505,0.5247524752475248,0.3085777959071988,1.164444512857354,0.04357779590719879,0.08715559181439758,0.13073338772159637
0.265,0.245,0.51,0.5196078431372549,0.3097229199054581,1.1687657354922947,0.04472291990545807,0.08944583981091614,0.1341687597163742
0.265,0.25,0.515,0.5145631067961165,0.31088089134405583,1.1731354390341728,0.04588089134405582,0.09176178268811164,0.13764267403216746
0.265,0.255,0.52,0.5096153846153846,0.31205197121197126,1.1775546083470614,0.047051971211971244,0.09410394242394249,0.14115591363591373
0.265,0.26,0.525,0.5047619047619047,0.31323642838766874,1.1820242580666744,0.04823642838766873,0.09647285677533746,0.14470928516300618
0.265,0.265,0.53,0.5,0.31443453995989556,1.1865454338109267,0.04943453995989555,0.0988690799197911,0.14830361987968665
0.265,0.27,0.535,0.4953271028037383,0.3156465915649954,1.1911192134528128,0.0506465915649954,0.1012931831299908,0.1519397746949862
0.265,0.275,0.54,0.49074074074074076,0.3168728777417711,1.1957467084595135,0.05187287774177107,0.10374575548354215,0.15561863322531322
0.265,0.28,0.545,0.4862385321100917,0.3181137023050079,1.2004290653019165,0.05311370230500789,0.10622740461001579,0.15934110691502368
0.265,0.285,0.55,0.4818181818181818,0.3193693787388532,1.2051674669390686,0.05436937873885317,0.10873875747770634,0.1631081362165595
0.265,0.29,0.5549999999999999,0.47747747747747754,0.32064023061133395,1.2099631343823922,0.05564023061133394,0.11128046122266788,0.16692069183400182
0.265,0.295,0.56,0.4732142857142857,0.3219265920113986,1.2148173283449004,0.0569265920113986,0.1138531840227972,0.1707797760341958
0.265,0.3,0.565,0.46902654867256643,0.3232288080099711,1.219731350981023,0.0582288080099711,0.1164576160199422,0.1746864240299133
0.265,0.305,0.5700000000000001,0.46491228070175433,0.3245472351466243,1.2247065477231105,0.0595472351466243,0.1190944702932486,0.1786417054398729
0.265,0.31,0.575,0.46086956521739136,0.3258822419436085,1.229744309221164,0.06088224194360847,0.12176448388721695,0.18264672583082542
0.265,0.315,0.5800000000000001,0.4568965517241379,0.3272342094491063,1.234846073392854,0.06223420944910629,0.12446841889821258,0.18670262834731888
0.265,0.32,0.585,0.45299145299145305,0.3286035318117396,1.2400133275914702,0.06360353181173961,0.12720706362347922,0.19081059543521883
0.265,0.325,0.5900000000000001,0.4491525423728813,0.32999061688852105,1.2452476109000794,0.06499061688852104,0.12998123377704207,0.1949718506655631
0.265,0.33,0.595,0.44537815126050423,0.33139588688862176,1.2505505165608368,0.06639588688862175,0.1327917737772435,0.19918766066586524
0.265,0.335,0.6000000000000001,0.4416666666666666,0.33281977905552973,1.2559236945491687,0.06781977905552972,0.13563955811105943,0.20345933716658915
0.265,0.34,0.605,0.4380165289256199,0.3342627463903899,1.261368854303358,0.06926274639038987,0.13852549278077975,0.20778823917116962
0.265,0.345,0.61,0.43442622950819676,0.3357252584195596,1.2668877676209795,0.07072525841955957,0.14145051683911913,0.2121757752586787
0.265,0.35,0.615,0.43089430894308944,0.33720780200967726,1.2724822717346311,0.07220780200967725,0.1444156040193545,0.21662340602903174
0.265,0.355,0.62,0.4274193548387097,0.3387108822338325,1.2781542725805,0.07371088223383249,0.14742176446766497,0.22113264670149746
0.265,0.36,0.625,0.42400000000000004,0.3402350232927501,1.2839057482745286,0.07523502329275011,0.15047004658550023,0.22570506987825034
0.265,0.365,0.63,0.42063492063492064,0.3417807694952544,1.2897387528122806,0.07678076949525436,0.15356153899050873,0.2303423084857631
0.265,0.37,0.635,0.4173228346456693,0.34334868630267046,1.2956554200100772,0.07834868630267044,0.1566973726053409,0.23504605890801133
0.265,0.375,0.64,0.4140625,0.34493936144226,1.3016579677066415,0.07993936144225999,0.15987872288451999,0.23981808432677998
0.265,0.38,0.645,0.4108527131782946,0.3465534060952631,1.3077487022462757,0.08155340609526307,0.16310681219052614,0.2446602182857892
0.265,0.385,0.65,0.4076923076923077,0.3481914561656585,1.3139300232666358,0.08319145616565848,0.16638291233131697,0.24957436849697545
0.265,0.39,0.655,0.40458015267175573,0.3498541736363471,1.320204428816404,0.08485417363634706,0.16970834727269413,0.2545625209090412
0.265,0.395,0.66,0.4015151515151515,0.3515422480201228,1.326574520830652,0.08654224802012278,0.17308449604024556,0.25962674406036834
0.265,0.4,0.665,0.39849624060150374,0.3532563979135378,1.3330430109944822,0.08825639791353779,0.17651279582707557,0.26476919374061336
0.265,0.405,0.67,0.39552238805970147,0.3549973726625877,1.3396127270286327,0.08999737266258767,0.17999474532517534,0.269992117987763
0.265,0.41,0.675,0.3925925925925926,0.3567659541500655,1.3462866194342094,0.0917659541500655,0.183531908300131,0.2752978624501965
0.265,0.415,0.6799999999999999,0.38970588235294124,0.35856295871546695,1.3530677687376111,0.09356295871546694,0.18712591743093387,0.2806888761464008
0.265,0.42,0.685,0.3868613138686131,0.3603892392194825,1.359959393281066,0.0953892392194825,0.190778478438965,0.2861677176584475
0.265,0.425,0.69,0.3840579710144928,0.3622456872664179,1.3669648576091242,0.09724568726641791,0.19449137453283583,0.29173706179925374
0.265,0.43,0.6950000000000001,0.38129496402877694,0.3641332355993464,1.3740876815069676,0.09913323559934639,0.19826647119869278,0.2973997067980392
0.265,0.435,0.7,0.3785714285714286,0.3660528606844501,1.3813315497526417,0.10105286068445007,0.20210572136890015,0.3031585820533502
0.265,0.44,0.7050000000000001,0.375886524822695,0.36800558550287565,1.3887003226523609,0.10300558550287564,0.20601117100575128,0.3090167565086269
0.265,0.445,0.71,0.37323943661971837,0.3699924825705432,1.3961980474360118,0.10499248257054317,0.20998496514108633,0.3149774477116295
0.265,0.45,0.7150000000000001,0.3706293706293706,0.3720146772087498,1.4038289705990559,0.1070146772087498,0.2140293544174996,0.3210440316262494
0.265,0.455,0.72,0.3680555555555556,0.3740733510911334,1.4115975512872956,0.10907335109113336,0.21814670218226673,0.3272200532734001
0.265,0.46,0.7250000000000001,0.3655172413793103,0.376169746095678,1.419508475832747,0.11116974609567798,0.22233949219135596,0.33350923828703394
0.265,0.465,0.73,0.363013698630137,0.378305168493985,1.4275666735622075,0.11330516849398498,0.22661033698796995,0.3399155054819549
0.265,0.47,0.735,0.36054421768707484,0.38048099351410714,1.4357773340154985,0.11548099351410712,0.23096198702821424,0.34644298054232137
0.265,0.475,0.74,0.3581081081081081,0.3826986703179004,1.4441459257279259,0.11769867031790038,0.23539734063580076,0.35309601095370113
0.265,0.48,0.745,0.3557046979865772,0.384959727439215,1.4526782167517547,0.11995972743921501,0.23991945487843003,0.35987918231764504
0.265,0.485,0.75,0.35333333333333333,0.38726577873543533,1.4613802971148502,0.12226577873543532,0.24453155747087063,0.36679733620630595
0.265,0.49,0.755,0.3509933774834437,0.3896185299120285,1.470258603441617,0.12461852991202849,0.24923705982405697,0.37385558973608546
0.265,0.495,0.76,0.3486842105263158,0.39201978568805873,1.4793199459926745,0.12701978568805872,0.25403957137611743,0.38105935706417615
0.265,0.5,0.765,0.3464052287581699,0.39447145768026803,1.4885715384161058,0.12947145768026802,0.25894291536053604,0.38841437304080406
0.265,0.505,0.77,0.34415584415584416,0.3969755730945733,1.4980210305455597,0.1319755730945733,0.2639511461891466,0.3959267192837199
0.265,0.51,0.775,0.3419354838709677,0.39953428432699156,1.5076765446301568,0.13453428432699155,0.2690685686539831,0.40360285298097465
0.265,0.515,0.78,0.33974358974358976,0.402149879591452,1.5175467154394413,0.13714987959145197,0.27429975918290395,0.4114496387743559
0.265,0.52,0.785,0.3375796178343949,0.404824794710147,1.5276407347552716,0.13982479471014697,0.27964958942029394,0.4194743841304409
0.265,0.525,0.79,0.33544303797468356,0.4075616262235793,1.5379684008436953,0.14256162622357926,0.2851232524471585,0.4276848786707378
0.265,0.53,0.795,0.3333333333333333,0.4103631460029633,1.548540173596088,0.1453631460029633,0.2907262920059266,0.4360894380088899
0.265,0.535,0.8,0.33125,0.4132323175780227,1.5593672361434818,0.1482323175780227,0.2964646351560454,0.44469695273406806
0.265,0.54,0.805,0.32919254658385094,0.41617231442953306,1.5704615638850303,0.15117231442953305,0.3023446288590661,0.45351694328859915
0.265,0.545,0.81,0.3271604938271605,0.41918654053957094,1.5818360020361166,0.15418654053957093,0.30837308107914185,0.4625596216187128
0.265,0.55,0.8150000000000001,0.32515337423312884,0.42227865354501437,1.593504353000054,0.15727865354501436,0.3145573070900287,0.4718359606350431
0.265,0.555,0.8200000000000001,0.3231707317073171,0.42545259090355714,1.6054814751077626,0.16045259090355712,0.32090518180711425,0.48135777271067137
0.265,0.56,0.8250000000000001,0.3212121212121212,0.42871259955907826,1.6177833945625595,0.16371259955907824,0.3274251991181565,0.4911377986772347
0.265,0.565,0.83,0.31927710843373497,0.4320632696881487,1.6304274327854666,0.16706326968814866,0.3341265393762973,0.501189809064446
0.265,0.57,0.835,0.31736526946107785,0.43550957322628503,1.643432351797302,0.17050957322628502,0.34101914645257003,0.511528719678855
0.265,0.575,0.84,0.3154761904761905,0.4390569080171304,1.6568185208193598,0.17405690801713036,0.3481138160342607,0.5221707240513911
0.265,0.58,0.845,0.31360946745562135,0.4427111486077475,1.6706081079537642,0.1777111486077475,0.355422297215495,0.5331334458232425
0.265,0.585,0.85,0.31176470588235294,0.44647870493875563,1.6848253016556816,0.18147870493875562,0.36295740987751124,0.5444361148162669
0.265,0.59,0.855,0.3099415204678363,0.4503665904625852,1.6994965677833402,0.1853665904625852,0.3707331809251704,0.5560997713877556
0.265,0.595,0.86,0.308139534883721,0.4543825015847013,1.7146509493762312,0.18938250158470127,0.37876500316940254,0.5681475047541038
0.265,0.6,0.865,0.3063583815028902,0.45853491078563924,1.730320418059016,0.19353491078563922,0.38706982157127845,0.5806047323569177
0.27,0.005,0.275,0.9818181818181818,0.27074852611791367,1.0027723189552358,0.0007485261179136504,0.0014970522358273008,0.0022455783537409513
0.27,0.01,0.28,0.9642857142857143,0.27150300543440253,1.0055666867940833,0.0015030054344025157,0.0030060108688050313,0.004509016303207547
0.27,0.015,0.28500000000000003,0.9473684210526315,0.2722635215618707,1.0083834131921137,0.002263521561870707,0.004527043123741414,0.0067905646856121216
0.27,0.02,0.29000000000000004,0.9310344827586207,0.2730301598355963,1.011222814205912,0.003030159835596291,0.006060319671192582,0.009090479506788873
0.27,0.025,0.29500000000000004,0.9152542372881355,0.2738030073610387,1.0140852124482913,0.0038030073610386683,0.007606014722077337,0.011409022083116005
0.27,0.03,0.30000000000000004,0.8999999999999999,0.2745821530627801,1.016970937269556,0.004582153062780092,0.009164306125560184,0.013746459188340276
0.27,0.035,0.30500000000000005,0.8852459016393441,0.27536768773516784,1.019880324945066,0.005367687735167825,0.01073537547033565,0.016103063205503476
0.27,0.04,0.31,0.870967741935484,0.27615970409473,1.0228137188693702,0.00615970409472999,0.01231940818945998,0.01847911228418997
0.27,0.045,0.315,0.8571428571428572,0.27695829683443884,1.025771469757181,0.006958296834438826,0.013916593668877653,0.02087489050331648
0.27,0.05,0.32,0.84375,0.277763562679902,1.0287539358514888,0.00776356267990197,0.01552712535980394,0.02329068803970591
0.27,0.055,0.325,0.8307692307692308,0.2785756004475619,1.0317614831391182,0.008575600447561893,0.017151200895123786,0.02572680134268568
0.27,0.06,0.33,0.8181818181818182,0.279394511104994,1.0347944855740518,0.009394511104994008,0.018789022209988016,0.028183533314982023
0.27,0.065,0.335,0.8059701492537313,0.2802203978333908,1.0378533253088549,0.010220397833390793,0.020440795666781586,0.03066119350017238
0.27,0.07,0.34,0.7941176470588235,0.2810533660923331,1.040938392934567,0.011053366092333095,0.02210673218466619,0.033160098276999284
0.27,0.075,0.34500000000000003,0.782608695652174,0.2818935236869432,1.0440500877294192,0.011893523686943186,0.023787047373886372,0.03568057106082956
0.27,0.08,0.35000000000000003,0.7714285714285714,0.28274098083753285,1.0471888179167883,0.012740980837532834,0.025481961675065667,0.0382229425125985
0.27,0.085,0.35500000000000004,0.7605633802816901,0.2835958502518533,1.05035500093279,0.013595850251853281,0.027191700503706562,0.04078755075555984
0.27,0.09,0.36,0.7500000000000001,0.2844582472000673,1.0535490637039528,0.014458247200067276,0.02891649440013455,0.04337474160020183
0.27,0.095,0.365,0.7397260273972603,0.28532828959256684,1.0567714429354327,0.015328289592566824,0.030656579185133648,0.04598486877770047
0.27,0.1,0.37,0.7297297297297298,0.2862060980607676,1.0600225854102503,0.01620609806076756,0.03241219612153512,0.04861829418230268
0.27,0.105,0.375,0.7200000000000001,0.2870917960410171,1.063302948300063,0.01709179604101707,0.03418359208203414,0.05127538812305121
0.27,0.11,0.38,0.7105263157894737,0.2879855098617644,1.0666129994880162,0.017985509861764393,0.035971019723528785,0.05395652958529318
0.27,0.115,0.385,0.7012987012987013,0.2888873688341411,1.0699532179042264,0.018887368834141105,0.03777473766828221,0.056662106502423315
0.27,0.12,0.39,0.6923076923076923,0.2897975053461195,1.0733240938745165,0.01979750534611946,0.03959501069223892,0.05939251603835838
0.27,0.125,0.395,0.6835443037974683,0.29071605496041575,1.0767261294830213,0.02071605496041573,0.04143210992083146,0.06214816488124719
0.27,0.13,0.4,0.675,0.2916431565163209,1.0801598389493365,0.02164315651632087,0.04328631303264174,0.06492946954896262
0.27,0.135,0.405,0.6666666666666666,0.29257895223564934,1.0836257490209233,0.02257895223564932,0.04515790447129864,0.06773685670694796
0.27,0.14,0.41000000000000003,0.6585365853658537,0.2935235878330077,1.0871243993815098,0.023523587833007675,0.04704717566601535,0.07057076349902303
0.27,0.145,0.41500000000000004,0.6506024096385542,0.29447721263059645,1.090656343076283,0.024477212630596434,0.04895442526119287,0.0734316378917893
0.27,0.15,0.42000000000000004,0.6428571428571428,0.295439979677771,1.0942221469547073,0.025439979677771007,0.050879959355542015,0.07631993903331302
0.27,0.155,0.42500000000000004,0.6352941176470588,0.2964120458756023,1.0978223921318604,0.026412045875602308,0.052824091751204616,0.07923613762680692
0.27,0.16,0.43000000000000005,0.627906976744186,0.29739357210668826,1.1014576744692157,0.027393572106688246,0.05478714421337649,0.08218071632006474
0.27,0.165,0.43500000000000005,0.6206896551724138,0.29838472337048705,1.105128605075878,0.02838472337048703,0.05676944674097406,0.08515417011146109
0.27,0.17,0.44000000000000006,0.6136363636363636,0.2993856689244554,1.108835810831316,0.029385668924455377,0.058771337848910754,0.08815700677336613
0.27,0.175,0.445,0.6067415730337079,0.3003965824312953,1.1125799349307233,0.030396582431295283,0.060793164862590565,0.09118974729388585
0.27,0.18,0.45,0.6,0.30141764211262867,1.1163616374541803,0.03141764211262865,0.0628352842252573,0.09425292633788596
0.27,0.185,0.455,0.5934065934065934,0.3024490309094422,1.120181595960897,0.03244903090944218,0.06489806181888436,0.09734709272832653
0.27,0.19,0.46,0.5869565217391305,0.30349093664966176,1.1240405061098584,0.03349093664966174,0.06698187329932348,0.10047280994898522
0.27,0.195,0.465,0.5806451612903226,0.3045435522232449,1.1279390823083144,0.0345435522232449,0.0690871044464898,0.1036306566697347
0.27,0.2,0.47000000000000003,0.574468085106383,0.30560707576519663,1.131878058389617,0.035607075765196616,0.07121415153039323,0.10682122729558985
0.27,0.205,0.475,0.568421052631579,0.30668171084694773,1.1358581883220285,0.03668171084694771,0.07336342169389543,0.11004513254084314
0.27,0.21,0.48,0.5625000000000001,0.3077676666765563,1.1398802469502085,0.03776766667655629,0.07553533335311258,0.11330300002966887
0.27,0.215,0.485,0.5567010309278351,0.3088651583082299,1.1439450307712218,0.0388651583082299,0.0777303166164598,0.11659547492468969
0.27,0.22,0.49,0.5510204081632654,0.30997440686169275,1.14805335874701,0.039974406861692735,0.07994881372338547,0.1199232205850782
0.27,0.225,0.495,0.5454545454545455,0.3110956397519612,1.1522060731554118,0.04109563975196118,0.08219127950392235,0.12328691925588353
0.27,0.23,0.5,0.54,0.3122290909301282,1.1564040404819562,0.042229090930128166,0.08445818186025633,0.1266872727903845
0.27,0.235,0.505,0.5346534653465347,0.31337500113579686,1.1606481523548031,0.04337500113579684,0.08675000227159368,0.13012500340739053
0.27,0.24,0.51,0.5294117647058824,0.3145336181618483,1.164939326525364,0.04453361816184831,0.08906723632369662,0.13360085448554493
0.27,0.245,0.515,0.5242718446601942,0.3157051971322776,1.1692785078973245,0.04570519713227761,0.09141039426455522,0.13711559139683283
0.27,0.25,0.52,0.5192307692307693,0.31689000079387963,1.1736666696069615,0.046890000793879616,0.09378000158775923,0.14067000238163885
0.27,0.255,0.525,0.5142857142857143,0.31808829982262854,1.1781048141578834,0.04808829982262852,0.09617659964525704,0.14426489946788557
0.27,0.26,0.53,0.5094339622641509,0.3193003731456465,1.1825939746135055,0.0493003731456465,0.098600746291293,0.1479011194369395
0.27,0.265,0.535,0.5046728971962617,0.32052650827973095,1.1871352158508552,0.05052650827973093,0.10105301655946186,0.1515795248391928
0.27,0.27,0.54,0.5,0.3217670016874732,1.1917296358795302,0.05176700168747317,0.10353400337494634,0.1553010050624195
0.27,0.275,0.545,0.4954128440366972,0.3230221591520833,1.1963783672299382,0.053022159152083304,0.10604431830416661,0.1590664774562499
0.27,0.28,0.55,0.4909090909090909,0.32429229617211597,1.2010825784152444,0.05429229617211595,0.1085845923442319,0.16287688851634785
0.27,0.285,0.5549999999999999,0.48648648648648657,0.325577738377384,1.2058434754717926,0.055577738377384,0.111155476754768,0.166733215132152
0.27,0.29,0.56,0.48214285714285715,0.32687882196744467,1.2106623035831283,0.05687882196744465,0.1137576439348893,0.17063646590233394
0.27,0.295,0.565,0.47787610619469034,0.3281958941741506,1.2155403487931504,0.05819589417415061,0.11639178834830122,0.17458768252245183
0.27,0.3,0.5700000000000001,0.47368421052631576,0.32952931374987393,1.2204789398143479,0.05952931374987391,0.11905862749974783,0.17858794124962174
0.27,0.305,0.575,0.4695652173913044,0.3308794514831396,1.2254794499375539,0.06087945148313956,0.12175890296627911,0.18263835444941867
0.27,0.31,0.5800000000000001,0.46551724137931033,0.3322466907435436,1.2305432990501615,0.06224669074354361,0.12449338148708722,0.18674007223063083
0.27,0.315,0.585,0.4615384615384616,0.33363142805798296,1.235671955770307,0.06363142805798294,0.12726285611596588,0.19089428417394882
0.27,0.32,0.5900000000000001,0.45762711864406774,0.3350340737203905,1.24086693970515,0.0650340737203905,0.130068147440781,0.19510222116117149
0.27,0.325,0.595,0.45378151260504207,0.33645505243734997,1.2461298238420369,0.06645505243734995,0.1329101048746999,0.19936515731204985
0.27,0.33,0.6000000000000001,0.44999999999999996,0.33789480401216687,1.2514622370820994,0.06789480401216685,0.1357896080243337,0.20368441203650056
0.27,0.335,0.605,0.44628099173553726,0.33935378407018935,1.256865866926627,0.06935378407018933,0.13870756814037866,0.20806135221056798
0.27,0.34,0.6100000000000001,0.44262295081967207,0.34083246482841256,1.262342462327454,0.07083246482841254,0.1416649296568251,0.21249739448523763
0.27,0.345,0.615,0.4390243902439025,0.34233133591266807,1.2678938367135852,0.07233133591266805,0.1446626718253361,0.21699400773800415
0.27,0.35,0.62,0.435483870967742,0.3438509052259887,1.2735218712073655,0.0738509052259887,0.1477018104519774,0.22155271567796608
0.27,0.355,0.625,0.43200000000000005,0.3453916998720603,1.2792285180446676,0.07539169987206029,0.15078339974412058,0.22617509961618087
0.27,0.36,0.63,0.4285714285714286,0.3469542671380317,1.285015804214932,0.07695426713803166,0.15390853427606332,0.230862801414095
0.27,0.365,0.635,0.4251968503937008,0.3485391755413392,1.2908858353382933,0.07853917554133916,0.1570783510826783,0.23561752662401747
0.27,0.37,0.64,0.421875,0.3501470159456438,1.2968407997986806,0.08014701594564377,0.16029403189128755,0.24044104783693132
0.27,0.375,0.645,0.4186046511627907,0.3517784027514549,1.3028829731535365,0.08177840275145487,0.16355680550290974,0.2453352082543646
0.27,0.38,0.65,0.4153846153846154,0.35343397516755204,1.3090147228427853,0.08343397516755202,0.16686795033510404,0.25030192550265606
0.27,0.385,0.655,0.4122137404580153,0.35511439856991056,1.315238513221891,0.08511439856991054,0.1702287971398211,0.25534319570973163
0.27,0.39,0.66,0.4090909090909091,0.35682036595549405,1.3215569109462741,0.08682036595549403,0.17364073191098806,0.2604610978664821
0.27,0.395,0.665,0.40601503759398494,0.35855259949901896,1.3279725907371072,0.08855259949901895,0.1771051989980379,0.26565779849705684
0.27,0.4,0.67,0.40298507462686567,0.36031185222161555,1.334488341561539,0.09031185222161553,0.18062370444323106,0.2709355566648466
0.27,0.405,0.675,0.4,0.36209890978123105,1.3411070732638186,0.09209890978123103,0.18419781956246206,0.2762967293436931
0.27,0.41,0.6799999999999999,0.39705882352941185,0.3639145923956515,1.3478318236875981,0.09391459239565147,0.18782918479130295,0.2817437771869544
0.27,0.415,0.685,0.39416058394160586,0.3657597569101746,1.3546657663339798,0.09575975691017458,0.19151951382034915,0.28727927073052373
0.27,0.42,0.69,0.39130434782608703,0.3676352990232644,1.3616122186046828,0.0976352990232644,0.1952705980465288,0.2929058970697932
0.27,0.425,0.6950000000000001,0.3884892086330935,0.36954215568498494,1.3686746506851293,0.09954215568498492,0.19908431136996985,0.29862646705495477
0.27,0.43,0.7,0.3857142857142858,0.37148130768465415,1.3758566951283486,0.10148130768465413,0.20296261536930826,0.3044439230539624
0.27,0.435,0.7050000000000001,0.3829787234042553,0.373453782446032,1.3831621572075259,0.10345378244603198,0.20690756489206397,0.31036134733809595
0.27,0.44,0.71,0.3802816901408451,0.37546065705045895,1.3905950261128108,0.10546065705045893,0.21092131410091786,0.3163819711513768
0.27,0.445,0.7150000000000001,0.3776223776223776,0.3775030615107665,1.398159487076913,0.1075030615107665,0.215006123021533,0.3225091845322995
0.27,0.45,0.72,0.37500000000000006,0.37958218232149543,1.405859934524057,0.10958218232149541,0.21916436464299083,0.32874654696448624
0.27,0.455,0.7250000000000001,0.37241379310344824,0.3816992663140669,1.4137009863483958,0.1116992663140669,0.2233985326281338,0.3350977989422007
0.27,0.46,0.73,0.36986301369863017,0.3838556248490942,1.4216874994410895,0.11385562484909417,0.22771124969818834,0.3415668745472825
0.27,0.465,0.7350000000000001,0.36734693877551017,0.38605263838207504,1.429824586600278,0.11605263838207502,0.23210527676415005,0.34815791514622507
0.27,0.47,0.74,0.3648648648648649,0.3882917614433631,1.4381176349754188,0.11829176144336306,0.23658352288672613,0.3548752843300892
0.27,0.475,0.745,0.36241610738255037,0.3905745280786639,1.4465723262172736,0.12057452807866387,0.24114905615732773,0.3617235842359916
0.27,0.48,0.75,0.36000000000000004,0.3929025578024766,1.4551946585276911,0.12290255780247661,0.24580511560495322,0.3687076734074298
0.27,0.485,0.755,0.3576158940397351,0.39527756212403287,1.4639909708297512,0.12527756212403285,0.2505551242480657,0.37583268637209855
0.27,0.49,0.76,0.35526315789473684,0.3977013517135617,1.4729679693094877,0.12770135171356167,0.25540270342712335,0.383104055140685
0.27,0.495,0.765,0.35294117647058826,0.40017584428632313,1.4821327566160114,0.13017584428632312,0.26035168857264623,0.39052753285896935
0.27,0.5,0.77,0.35064935064935066,0.40270307329307076,1.4914928640484102,0.13270307329307074,0.2654061465861415,0.3981092198792122
0.27,0.505,0.775,0.34838709677419355,0.40528519751872916,1.5010562871064042,0.13528519751872914,0.2705703950374583,0.4058555925561874
0.27,0.51,0.78,0.34615384615384615,0.4079245117064634,1.5108315248387532,0.13792451170646336,0.2758490234129267,0.4137735351193901
0.27,0.515,0.785,0.3439490445859873,0.4106234583424614,1.5208276234905977,0.14062345834246137,0.28124691668492274,0.4218703750273841
0.27,0.52,0.79,0.34177215189873417,0.4133846407581735,1.531054225030272,0.14338464075817348,0.28676928151634695,0.43015392227452043
0.27,0.525,0.795,0.33962264150943394,0.4162108377321755,1.5415216212302796,0.14621083773217547,0.29242167546435094,0.4386325131965264
0.27,0.53,0.8,0.3375,0.41910501980408543,1.5522408140892052,0.14910501980408541,0.29821003960817083,0.44731505941225624
0.27,0.535,0.805,0.33540372670807456,0.4220703675491453,1.5632235835153527,0.15207036754914527,0.30414073509829054,0.4562111026474358
0.27,0.54,0.81,0.3333333333333333,0.425110292105517,1.5744825633537665,0.15511029210551697,0.31022058421103393,0.4653308763165509
0.27,0.545,0.8150000000000001,0.3312883435582822,0.4282284582987167,1.5860313270322839,0.15822845829871668,0.31645691659743336,0.47468537489615004
0.27,0.55,0.8200000000000001,0.32926829268292684,0.4314288107710681,1.597884484337289,0.16142881077106808,0.32285762154213615,0.48428643231320423
0.27,0.555,0.8250000000000001,0.32727272727272727,0.4347156036012997,1.6100577911159246,0.16471560360129966,0.32943120720259933,0.494146810803899
0.27,0.56,0.8300000000000001,0.3253012048192771,0.4380934339939362,1.6225682740516154,0.16809343399393617,0.33618686798787234,0.5042803019818085
0.27,0.565,0.835,0.3233532934131737,0.4415672807344263,1.6354343730904677,0.1715672807344263,0.3431345614688526,0.5147018422032789
0.27,0.57,0.84,0.32142857142857145,0.4451425482498408,1.64867610462904,0.17514254824984077,0.35028509649968154,0.5254276447495223
0.27,0.575,0.845,0.31952662721893493,0.44882511729410246,1.6623152492374165,0.17882511729410244,0.3576502345882049,0.5364753518823073
0.27,0.58,0.85,0.31764705882352945,0.4526214035011239,1.676375568522681,0.18262140350112388,0.36524280700224776,0.5478642105033716
0.27,0.585,0.855,0.31578947368421056,0.4565384253322947,1.6908830567862767,0.1865384253322947,0.3730768506645894,0.5596152759968841
0.27,0.59,0.86,0.313953488372093,0.46058388330440114,1.705866234460745,0.19058388330440112,0.38116776660880225,0.5717516499132034
0.27,0.595,0.865,0.31213872832369943,0.46476625284449125,1.7213564920166342,0.19476625284449123,0.38953250568898246,0.5842987585334737
0.27,0.6,0.87,0.3103448275862069,0.4690948937125363,1.7373884952316159,0.1990948937125363,0.3981897874250726,0.5972846811376089
0.275,0.005,0.28,0.9821428571428571,0.27576396383000235,1.0027780502909176,0.0007639638300023233,0.0015279276600046465,0.00229189149000697
0.275,0.01,0.28500000000000003,0.9649122807017544,0.27653402553108675,1.0055782746584971,0.0015340255310867246,0.003068051062173449,0.004602076593260174
0.275,0.015,0.29000000000000004,0.9482758620689655,0.2773102711371198,1.0084009859531629,0.0023102711371197904,0.004620542274239581,0.006930813411359371
0.275,0.02,0.29500000000000004,0.9322033898305084,0.2780927884638905,1.0112465035050564,0.0030927884638904946,0.006185576927780989,0.009278365391671484
0.275,0.025,0.30000000000000004,0.9166666666666666,0.27888166715831353,1.0141151533029582,0.0038816671583135065,0.007763334316627013,0.01164500147494052
0.275,0.03,0.30500000000000005,0.901639344262295,0.2796769987493406,1.0170072681794202,0.004676998749340577,0.009353997498681155,0.014030996248021732
0.275,0.035,0.31000000000000005,0.8870967741935483,0.2804788767006523,1.019923188002372,0.00547887670065228,0.01095775340130456,0.01643663010195684
0.275,0.04,0.315,0.8730158730158731,0.2812873964652062,1.0228632598734768,0.006287396465206152,0.012574792930412304,0.018862189395618456
0.275,0.045,0.32,0.859375,0.2821026555417193,1.0258278383335246,0.007102655541719294,0.014205311083438588,0.02130796662515788
0.275,0.05,0.325,0.8461538461538461,0.2829247535331689,1.0288172855751596,0.007924753533168905,0.01584950706633781,0.023774260599506714
0.275,0.055,0.33,0.8333333333333334,0.2837537922073995,1.031831971663271,0.008753792207399469,0.017507584414798938,0.026261376622198407
0.275,0.06,0.335,0.8208955223880597,0.2845898755599241,1.0348722747633603,0.009589875559924077,0.019179751119848154,0.02876962667977223
0.275,0.065,0.34,0.8088235294117647,0.2854331098790225,1.0379385813782636,0.010433109879022462,0.020866219758044924,0.031299329637067386
0.275,0.07,0.34500000000000003,0.7971014492753623,0.28628360381323137,1.0410312865935685,0.011283603813231347,0.022567207626462693,0.03385081143969404
0.275,0.075,0.35000000000000003,0.7857142857142857,0.2871414684413378,1.0441507943321373,0.012141468441337788,0.024282936882675576,0.036424405324013365
0.275,0.08,0.35500000000000004,0.7746478873239436,0.2880068173449851,1.0472975176181276,0.0130068173449851,0.0260136346899702,0.0390204520349553
0.275,0.085,0.36000000000000004,0.7638888888888888,0.2888797666840124,1.050471878850954,0.013879766684012362,0.027759533368024725,0.04163930005203709
0.275,0.09,0.365,0.7534246575342467,0.2897604352746481,1.0536743100896295,0.014760435274648098,0.029520870549296196,0.044281305823944295
0.275,0.095,0.37,0.7432432432432433,0.29064894467069435,1.0569052533479795,0.01564894467069433,0.03129788934138866,0.046946834012082994
0.275,0.1,0.375,0.7333333333333334,0.2915454192478344,1.060165160901216,0.01654541924783437,0.03309083849566874,0.04963625774350311
0.275,0.105,0.38,0.7236842105263158,0.29244998629121377,1.0634544956044136,0.017449986291213748,0.034899972582427496,0.052349958873641245
0.275,0.11,0.385,0.7142857142857143,0.2933627760864468,1.0667737312234429,0.018362776086446764,0.03672555217289353,0.05508832825934029
0.275,0.115,0.39,0.7051282051282052,0.29428392201421016,1.070123352778946,0.019283922014210142,0.038567844028420284,0.057851766042630426
0.275,0.12,0.395,0.6962025316455697,0.2952135606485977,1.0735038569039916,0.020213560648597695,0.04042712129719539,0.060640681945793085
0.275,0.125,0.4,0.6875,0.2961518318594145,1.0769157522160526,0.021151831859414494,0.04230366371882899,0.06345549557824348
0.275,0.13,0.405,0.6790123456790124,0.297098878918604,1.0803595597040143,0.02209887891860396,0.04419775783720792,0.06629663675581188
0.275,0.135,0.41000000000000003,0.6707317073170732,0.29805484861100917,1.0838358131309425,0.02305484861100915,0.0461096972220183,0.06916454583302745
0.275,0.14,0.41500000000000004,0.6626506024096386,0.2990198913496823,1.0873450594533902,0.0240198913496823,0.0480397826993646,0.0720596740490469
0.275,0.145,0.42000000000000004,0.6547619047619048,0.29999416129597023,1.0908878592580735,0.024994161295970208,0.049988322591940415,0.07498248388791062
0.275,0.15,0.42500000000000004,0.6470588235294118,0.30097781648461375,1.0944647872167772,0.025977816484613725,0.05195563296922745,0.07793344945384117
0.275,0.155,0.43000000000000005,0.6395348837209303,0.3019710189541175,1.098076432560427,0.026971018954117465,0.05394203790823493,0.0809130568623524
0.275,0.16,0.43500000000000005,0.632183908045977,0.3029739348826562,1.1017233995732953,0.027973934882656204,0.05594786976531241,0.08392180464796861
0.275,0.165,0.44000000000000006,0.625,0.30398673472980686,1.1054063081083885,0.02898673472980684,0.05797346945961368,0.08696020418942052
0.275,0.17,0.44500000000000006,0.6179775280898876,0.30500959338440503,1.1091257941251091,0.03000959338440501,0.06001918676881002,0.09002878015321503
0.275,0.175,0.45,0.6111111111111112,0.3060426903188518,1.11288251025037,0.031042690318851762,0.062085380637703524,0.09312807095655529
0.275,0.18,0.455,0.6043956043956045,0.3070862097502083,1.1166771263643938,0.03208620975020826,0.06417241950041652,0.09625862925062478
0.275,0.185,0.46,0.5978260869565217,0.30814034080844244,1.120510330212518,0.033140340808442414,0.06628068161688483,0.09942102242532724
0.275,0.19,0.465,0.5913978494623656,0.30920527771221484,1.1243828280444175,0.03420527771221482,0.06841055542442964,0.10261583313664446
0.275,0.195,0.47000000000000003,0.5851063829787234,0.3102812199526097,1.128295345282217,0.03528121995260969,0.07056243990521938,0.10584365985782906
0.275,0.2,0.47500000000000003,0.5789473684210527,0.31136837248525284,1.1322486272191012,0.03636837248525282,0.07273674497050564,0.10910511745575846
0.275,0.205,0.48,0.5729166666666667,0.3124669459312758,1.1362434397500936,0.03746694593127575,0.0749338918625515,0.11240083779382726
0.275,0.21,0.485,0.5670103092783506,0.313577156787626,1.1402805701368217,0.038577156787625966,0.07715431357525193,0.1157314703628779
0.275,0.215,0.49,0.5612244897959184,0.3146992276472479,1.144360827808174,0.03969922764724787,0.07939845529449574,0.11909768294174361
0.275,0.22,0.495,0.5555555555555556,0.3158333874296989,1.148485045198905,0.040833387429698886,0.08166677485939777,0.12250016228909666
0.275,0.225,0.5,0.55,0.3169798716228023,1.1526540786283719,0.041979871622802256,0.08395974324560451,0.12593961486840677
0.275,0.23,0.505,0.5445544554455446,0.3181389225359771,1.1568688092217347,0.043138922535977064,0.08627784507195413,0.1294167676079312
0.275,0.235,0.51,0.5392156862745099,0.3193107895659334,1.1611301438761212,0.04431078956593337,0.08862157913186675,0.13293236869780012
0.275,0.24,0.515,0.5339805825242718,0.320495729475465,1.1654390162744181,0.045495729475464985,0.09099145895092997,0.13648718842639496
0.275,0.245,0.52,0.5288461538461539,0.32169400668612547,1.169796387949547,0.046694006686125444,0.09338801337225089,0.14008202005837633
0.275,0.25,0.525,0.5238095238095238,0.3229058935856288,1.1742032494022865,0.0479058935856288,0.0958117871712576,0.1437176807568864
0.275,0.255,0.53,0.5188679245283019,0.3241316708508757,1.1786606212759114,0.049131670850875664,0.09826334170175133,0.147395012552627
0.275,0.26,0.535,0.5140186915887851,0.3253716277875712,1.183169555591168,0.050371627787571205,0.10074325557514241,0.15111488336271361
0.275,0.265,0.54,0.5092592592592593,0.3266260626874725,1.1877311370453545,0.051626062687472496,0.10325212537494499,0.1548781880624175
0.275,0.27,0.545,0.5045871559633027,0.327895283204379,1.19234648437956,0.05289528320437897,0.10579056640875795,0.15868584961313692
0.275,0.275,0.55,0.5,0.3291796067500631,1.1970167518184112,0.05417960675006306,0.10835921350012612,0.16253882025018918
0.275,0.28,0.555,0.4954954954954955,0.3304793609114285,1.2017431305870125,0.055479360911428466,0.11095872182285693,0.1664380827342854
0.275,0.285,0.56,0.49107142857142855,0.3317948838902828,1.206526850510119,0.056794883890282755,0.11358976778056551,0.17038465167084826
0.275,0.29,0.565,0.48672566371681425,0.3331265249672175,1.2113691816989727,0.058126524967217486,0.11625304993443497,0.17437957490165246
0.275,0.295,0.5700000000000001,0.4824561403508772,0.33447464499120505,1.2162714363316547,0.05947464499120503,0.11894928998241006,0.17842393497361508
0.275,0.3,0.575,0.47826086956521746,0.3358396168966502,1.2212349705332735,0.060839616896650184,0.12167923379330037,0.18251885068995055
0.275,0.305,0.5800000000000001,0.47413793103448276,0.3372218262497735,1.2262611863628126,0.06222182624977346,0.12444365249954692,0.18666547874932038
0.275,0.31,0.585,0.47008547008547014,0.3386216718263526,1.2313515339140093,0.06362167182635259,0.12724334365270518,0.19086501547905776
0.275,0.315,0.5900000000000001,0.4661016949152542,0.3400395662230191,1.2365075135382513,0.0650395662230191,0.1300791324460382,0.1951186986690573
0.275,0.32,0.595,0.4621848739495799,0.3414759365044846,1.2417306781981257,0.06647593650448458,0.13295187300896916,0.19942780951345374
0.275,0.325,0.6000000000000001,0.4583333333333333,0.34293122488927363,1.2470226359609948,0.06793122488927361,0.13586244977854722,0.20379367466782083
0.275,0.33,0.605,0.4545454545454546,0.34440588947675843,1.2523850526427578,0.06940588947675841,0.13881177895351682,0.20821766843027523
0.275,0.335,0.6100000000000001,0.4508196721311475,0.34590040501853103,1.25781965461284,0.07090040501853101,0.14180081003706202,0.21270121505559303
0.275,0.34,0.615,0.4471544715447155,0.34741526373741194,1.263328231772407,0.07241526373741192,0.14483052747482383,0.21724579121223575
0.275,0.345,0.62,0.44354838709677424,0.34895097619768956,1.268912640718871,0.07395097619768953,0.14790195239537907,0.2218529285930686
0.275,0.35,0.625,0.44000000000000006,0.3505080722305003,1.27457480811091,0.07550807223050027,0.15101614446100053,0.2265242166915008
0.275,0.355,0.63,0.43650793650793657,0.35208710191862047,1.280316734249529,0.07708710191862045,0.1541742038372409,0.23126130575586135
0.275,0.36,0.635,0.4330708661417323,0.3536886366453271,1.2861404968920986,0.0786886366453271,0.1573772732906542,0.2360659099359813
0.275,0.365,0.64,0.4296875,0.3553132702124231,1.292048255317902,0.08031327021242307,0.16062654042484614,0.2409398106372692
0.275,0.37,0.645,0.42635658914728686,0.3569616200330017,1.2980422546654606,0.08196162003300167,0.16392324006600334,0.245884860099005
0.275,0.375,0.65,0.4230769230769231,0.3586343284050578,1.3041248305638464,0.0836343284050578,0.1672686568101156,0.2509029852151734
0.275,0.38,0.655,0.41984732824427484,0.36033206387265027,1.3102984140823646,0.08533206387265024,0.1706641277453005,0.25599619161795073
0.275,0.385,0.66,0.4166666666666667,0.3620555226819745,1.3165655370253617,0.08705552268197447,0.17411104536394895,0.2611665680459234
0.275,0.39,0.665,0.4135338345864662,0.3638054303404471,1.3229288376016257,0.08880543034044708,0.17761086068089416,0.26641629102134123
0.275,0.395,0.67,0.41044776119402987,0.3655825432877191,1.3293910665007966,0.09058254328771909,0.18116508657543817,0.27174762986315726
0.275,0.4,0.675,0.40740740740740744,0.3673876506884597,1.3359550934125806,0.09238765068845967,0.18477530137691933,0.277162952065379
0.275,0.405,0.68,0.40441176470588236,0.3692215763577755,1.3426239140282745,0.0942215763577755,0.188443152715551,0.2826647290733265
0.275,0.41,0.685,0.40145985401459855,0.37108518083128883,1.3494006575683228,0.09608518083128881,0.19217036166257762,0.2882555424938664
0.275,0.415,0.69,0.3985507246376812,0.3729793635931933,1.356288594884339,0.09797936359319326,0.19595872718638652,0.2939380907795798
0.275,0.42,0.6950000000000001,0.39568345323741005,0.37490506547706703,1.3632911471893345,0.09990506547706701,0.19981013095413402,0.29971519643120104
0.275,0.425,0.7,0.3928571428571429,0.3768632712558678,1.3704118954758828,0.1018632712558678,0.2037265425117356,0.3055898137676034
0.275,0.43,0.7050000000000001,0.3900709219858156,0.3788550124394011,1.3776545906887312,0.1038550124394011,0.2077100248788022,0.3115650373182033
0.275,0.435,0.71,0.38732394366197187,0.3808813702996502,1.3850231647260005,0.10588137029965017,0.21176274059930034,0.3176441108989505
0.275,0.44,0.7150000000000001,0.3846153846153846,0.38294347914675886,1.3925217423518503,0.10794347914675884,0.21588695829351767,0.3238304374402765
0.275,0.445,0.72,0.3819444444444445,0.38504252988116283,1.4001546541133192,0.11004252988116281,0.22008505976232562,0.33012758964348843
0.275,0.45,0.7250000000000001,0.3793103448275862,0.38717977385047353,1.4079264503653581,0.11217977385047351,0.22435954770094702,0.3365393215514205
0.275,0.455,0.73,0.37671232876712335,0.38935652704324086,1.4158419165208758,0.11435652704324084,0.22871305408648168,0.3430695811297225
0.275,0.46,0.7350000000000001,0.37414965986394555,0.39157417465577904,1.4239060896573783,0.11657417465577902,0.23314834931155803,0.34972252396733705
0.275,0.465,0.74,0.37162162162162166,0.39383417607286897,1.4321242766286144,0.11883417607286895,0.2376683521457379,0.35650252821860684
0.275,0.47,0.745,0.3691275167785235,0.3961380703084977,1.4405020738490824,0.12113807030849766,0.24227614061699532,0.363414210925493
0.275,0.475,0.75,0.3666666666666667,0.3984874819589417,1.449045388941606,0.12348748195894166,0.24697496391788332,0.370462445876825
0.275,0.48,0.755,0.3642384105960265,0.4008841277276195,1.4577604644640707,0.12588412772761948,0.25176825545523895,0.37765238318285843
0.275,0.485,0.76,0.3618421052631579,0.4033298235893831,1.4666539039613928,0.12832982358938305,0.2566596471787661,0.38498947076814916
0.275,0.49,0.765,0.35947712418300654,0.4058264926715063,1.4757327006236591,0.13082649267150626,0.2616529853430125,0.39247947801451877
0.275,0.495,0.77,0.35714285714285715,0.40837617393980863,1.4850042688720313,0.1333761739398086,0.2667523478796172,0.4001285218194258
0.275,0.5,0.775,0.3548387096774194,0.4109810317914283,1.4944764792415575,0.1359810317914283,0.2719620635828566,0.40794309537428486
0.275,0.505,0.78,0.3525641025641026,0.41364336667110657,1.504157696985842,0.13864336667110655,0.2772867333422131,0.41593010001331965
0.275,0.51,0.785,0.35031847133757965,0.4163656268459097,1.514056824894217,0.1413656268459097,0.2827312536918194,0.4240968805377291
0.275,0.515,0.79,0.34810126582278483,0.41915042149466997,1.524183350889709,0.14415042149466994,0.2883008429893399,0.43245126448400983
0.275,0.52,0.795,0.3459119496855346,0.4220005352937435,1.534547401068158,0.14700053529374346,0.2940010705874869,0.4410016058812304
0.275,0.525,0.8,0.34375,0.4249189447108286,1.5451597989484676,0.14991894471082856,0.2998378894216571,0.4497568341324857
0.275,0.53,0.805,0.34161490683229817,0.4279088362546203,1.5560321318349828,0.15290883625462026,0.3058176725092405,0.4587265087638608
0.275,0.535,0.81,0.3395061728395062,0.43097362697132724,1.5671768253502807,0.15597362697132722,0.31194725394265443,0.46792088091398165
0.275,0.54,0.8150000000000001,0.3374233128834356,0.4341169875312282,1.5786072273862841,0.15911698753122816,0.3182339750624563,0.4773509625936845
0.275,0.545,0.8200000000000001,0.3353658536585366,0.43734286831160774,1.5903377029513008,0.1623428683116077,0.3246857366232154,0.48702860493482314
0.275,0.55,0.8250000000000001,0.3333333333333333,0.4406555289593017,1.6023837416701878,0.1656555289593017,0.3313110579186034,0.49696658687790507
0.275,0.555,0.8300000000000001,0.3313253012048193,0.44405957201014934,1.6147620800369065,0.16905957201014932,0.33811914402029863,0.507178716030448
0.275,0.56,0.8350000000000001,0.32934131736526945,0.4475599812583678,1.6274908409395192,0.1725599812583678,0.3451199625167356,0.5176799437751034
0.275,0.565,0.84,0.32738095238095244,0.45116216571202195,1.6405896934982616,0.17616216571202192,0.35232433142404385,0.5284864971360658
0.275,0.57,0.845,0.3254437869822486,0.45487201014894874,1.654080036905268,0.1798720101489487,0.3597440202978974,0.5396160304468461
0.275,0.575,0.85,0.3235294117647059,0.4586959335106925,1.6679852127661543,0.18369593351069247,0.36739186702138493,0.5510878005320774
0.275,0.58,0.855,0.32163742690058483,0.46264095665349725,1.6823307514672625,0.18764095665349723,0.37528191330699445,0.5629228699604917
0.275,0.585,0.86,0.31976744186046513,0.46671478133297106,1.6971446593926218,0.19171478133297104,0.3834295626659421,0.5751443439989131
0.275,0.59,0.865,0.3179190751445087,0.47092588275674707,1.71245775547908,0.19592588275674705,0.3918517655134941,0.5877776482702411
0.275,0.595,0.87,0.3160919540229885,0.47528361863016844,1.7283040677460668,0.20028361863016841,0.40056723726033683,0.6008508558905052
0.275,0.6,0.875,0.31428571428571433,0.4797983583890818,1.7447213032330247,0.20479835838908178,0.40959671677816356,0.6143950751672453
0.28,0.005,0.28500000000000003,0.9824561403508771,0.280779469324413,1.0027838190157605,0.0007794693244129736,0.0015589386488259471,0.0023384079732389207
0.28,0.01,0.29000000000000004,0.9655172413793103,0.28156518283373355,1.0055899386919054,0.001565182833733525,0.00313036566746705,0.004695548501200575
0.28,0.015,0.29500000000000004,0.9491525423728813,0.28235722902953697,1.008418675105489,0.0023572290295369447,0.004714458059073889,0.007071687088610834
0.28,0.02,0.30000000000000004,0.9333333333333332,0.2831556982559642,1.0112703509141578,0.003155698255964179,0.006311396511928358,0.009467094767892537
0.28,0.025,0.30500000000000005,0.9180327868852458,0.2839606827508857,1.0141452955388774,0.00396068275088568,0.00792136550177136,0.01188204825265704
0.28,0.03,0.31000000000000005,0.9032258064516129,0.28477227669885263,1.017043845353045,0.004772276698852607,0.009544553397705213,0.01431683009655782
0.28,0.035,0.31500000000000006,0.8888888888888888,0.2855905762859112,1.0199663438782542,0.005590576285911197,0.011181152571822395,0.016771728857733592
0.28,0.04,0.32,0.8750000000000001,0.28641567975635873,1.0229131419869955,0.006415679756358705,0.01283135951271741,0.019247039269076116
0.28,0.045,0.325,0.8615384615384616,0.2872476874715254,1.0258845981125906,0.007247687471525377,0.014495374943050754,0.02174306241457613
0.28,0.05,0.33,0.8484848484848485,0.28808670197067054,1.0288810784666804,0.008086701970670518,0.016173403941341036,0.024260105912011554
0.28,0.055,0.335,0.8358208955223881,0.28893282803408116,1.0319029572645755,0.00893282803408113,0.01786565606816226,0.02679848410224339
0.28,0.06,0.34,0.823529411764706,0.28978617274847496,1.034950616958839,0.00978617274847493,0.01957234549694986,0.02935851824542479
0.28,0.065,0.34500000000000003,0.8115942028985508,0.2906468455748049,1.038024448481446,0.010646845574804886,0.021293691149609772,0.03194053672441466
0.28,0.07,0.35000000000000003,0.8,0.29151495841857566,1.041124851494913,0.011514958418575638,0.023029916837151276,0.034544875255726915
0.28,0.075,0.35500000000000004,0.7887323943661971,0.29239062570278085,1.0442522346527887,0.012390625702780822,0.024781251405561644,0.037171877108342466
0.28,0.08,0.36000000000000004,0.7777777777777778,0.2932739644435851,1.0474070158699467,0.013273964443585085,0.02654792888717017,0.039821893330755254
0.28,0.085,0.36500000000000005,0.7671232876712328,0.2941650943288677,1.0505896226030988,0.0141650943288677,0.0283301886577354,0.0424952829866031
0.28,0.09,0.37,0.7567567567567568,0.29506413779976937,1.0538004921420334,0.01506413779976934,0.03012827559953868,0.04519241339930802
0.28,0.095,0.375,0.7466666666666667,0.295971220135371,1.0570400719120392,0.015971220135371,0.031942440270742,0.047913660406113
0.28,0.1,0.38,0.736842105263158,0.29688646954065756,1.0603088197880626,0.016886469540657534,0.03377293908131507,0.0506594086219726
0.28,0.105,0.385,0.7272727272727273,0.2978100172379181,1.063607204421136,0.017810017237918085,0.03562003447583617,0.053430051713754256
0.28,0.11,0.39,0.717948717948718,0.29874199756174546,1.0669357055776623,0.018741997561745438,0.037483995123490876,0.056225992685236315
0.28,0.115,0.395,0.7088607594936709,0.29968254805780725,1.0702948144921687,0.019682548057807225,0.03936509611561445,0.059047644173421676
0.28,0.12,0.4,0.7000000000000001,0.30063180958557056,1.0736850342341804,0.020631809585570537,0.041263619171141075,0.06189542875671161
0.28,0.125,0.405,0.6913580246913581,0.30158992642517035,1.077106880089894,0.021589926425170325,0.04317985285034065,0.06476977927551097
0.28,0.13,0.41000000000000003,0.6829268292682927,0.30255704638862646,1.0805608799593802,0.022557046388626434,0.04511409277725287,0.0676711391658793
0.28,0.135,0.41500000000000004,0.6746987951807228,0.3035333209356229,1.0840475747700817,0.02353332093562288,0.04706664187124576,0.07059996280686864
0.28,0.14,0.42000000000000004,0.6666666666666666,0.30451890529407544,1.087567518907412,0.02451890529407541,0.04903781058815082,0.07355671588222623
0.28,0.145,0.42500000000000004,0.6588235294117647,0.3055139585857294,1.091121280663319,0.025513958585729357,0.051027917171458714,0.07654187575718807
0.28,0.15,0.43000000000000005,0.6511627906976744,0.3065186439570413,1.094709442703719,0.026518643957041288,0.053037287914082576,0.07955593187112386
0.28,0.155,0.43500000000000005,0.6436781609195402,0.30753312871561445,1.0983326025557658,0.02753312871561442,0.05506625743122884,0.08259938614684326
0.28,0.16,0.44000000000000006,0.6363636363636364,0.30855758447247417,1.1019913731159792,0.02855758447247414,0.05711516894494828,0.08567275341742242
0.28,0.165,0.44500000000000006,0.6292134831460674,0.3095921872904862,1.1056863831803079,0.029592187290486183,0.059184374580972365,0.08877656187145855
0.28,0.17,0.45000000000000007,0.6222222222222222,0.3106371178392412,1.1094182779972899,0.030637117839241168,0.061274235678482336,0.0919113535177235
0.28,0.175,0.455,0.6153846153846154,0.3116925615567445,1.113187719845516,0.03169256155674449,0.06338512311348898,0.09507768467023348
0.28,0.18,0.46,0.6086956521739131,0.3127587088182783,1.116995388636708,0.03275870881827825,0.0655174176365565,0.09827612645483474
0.28,0.185,0.465,0.6021505376344086,0.31383575511281936,1.1208419825457834,0.03383575511281933,0.06767151022563866,0.101507265338458
0.28,0.19,0.47000000000000003,0.5957446808510638,0.31492390122742364,1.1247282186693701,0.034923901227423615,0.06984780245484723,0.10477170368227084
0.28,0.195,0.47500000000000003,0.5894736842105264,0.31602335344001686,1.1286548337143458,0.036023353440016836,0.07204670688003367,0.10807006032005051
0.28,0.2,0.48000000000000004,0.5833333333333334,0.3171343237210523,1.132622584718044,0.0371343237210523,0.0742686474421046,0.1114029711631569
0.28,0.205,0.485,0.577319587628866,0.3182570299445372,1.1366322498019183,0.03825702994453717,0.07651405988907434,0.1147710898336115
0.28,0.21,0.49,0.5714285714285715,0.3193916961089507,1.1406846289605381,0.03939169610895066,0.07878339221790132,0.11817508832685197
0.28,0.215,0.495,0.5656565656565657,0.3205385525686213,1.1447805448879331,0.04053855256862127,0.08107710513724253,0.1216156577058638
0.28,0.22,0.5,0.56,0.3216978362761641,1.148920843843443,0.04169783627616408,0.08339567255232816,0.12509350882849224
0.28,0.225,0.505,0.5544554455445545,0.3228697910366203,1.153106396559358,0.04286979103662025,0.0857395820732405,0.12860937310986076
0.28,0.23,0.51,0.5490196078431373,0.3240546677739863,1.157338099192808,0.044054667773986256,0.08810933554797251,0.13216400332195877
0.28,0.235,0.515,0.5436893203883496,0.3252527248108673,1.161616874324526,0.045252724810867284,0.09050544962173457,0.13575817443260185
0.28,0.24,0.52,0.5384615384615385,0.3264642281620408,1.1659436720072884,0.046464228162040766,0.09292845632408153,0.1393926844861223
0.28,0.245,0.525,0.5333333333333333,0.3276894518427722,1.1703194708670435,0.04768945184277218,0.09537890368554436,0.14306835552831654
0.28,0.25,0.53,0.5283018867924528,0.32892867819278493,1.174745279259946,0.0489286781927849,0.0978573563855698,0.1467860345783547
0.28,0.255,0.535,0.5233644859813085,0.3301821982168509,1.1792221364887532,0.05018219821685088,0.10036439643370176,0.15054659465055265
0.28,0.26,0.54,0.5185185185185185,0.3314503119430411,1.1837511140822894,0.05145031194304106,0.10290062388608212,0.15435093582912318
0.28,0.265,0.545,0.5137614678899083,0.33273332879975015,1.1883333171419648,0.05273332879975012,0.10546665759950025,0.15819998639925037
0.28,0.27,0.55,0.5090909090909091,0.3340315680126924,1.1929698857596156,0.05403156801269238,0.10806313602538475,0.16209470403807713
0.28,0.275,0.555,0.5045045045045045,0.33534535902315854,1.1976619965112805,0.055345359023158514,0.11069071804631703,0.16603607706947554
0.28,0.28,0.56,0.5,0.33667504192892006,1.2024108640318572,0.056675041928920034,0.11335008385784007,0.1700251257867601
0.28,0.285,0.565,0.49557522123893816,0.33802096794927405,1.2072177426759787,0.05802096794927403,0.11604193589854805,0.17406290384782208
0.28,0.29,0.5700000000000001,0.49122807017543857,0.33938349991584094,1.2120839282708604,0.05938349991584091,0.11876699983168182,0.17815049974752273
0.28,0.295,0.575,0.4869565217391305,0.34076301279085086,1.2170107599673243,0.060763012790850834,0.12152602558170167,0.1822890383725525
0.28,0.3,0.5800000000000001,0.48275862068965514,0.34215989421479875,1.2219996221957097,0.06215989421479873,0.12431978842959746,0.18647968264439618
0.28,0.305,0.585,0.4786324786324787,0.3435745450854931,1.2270519467339038,0.0635745450854931,0.1271490901709862,0.19072363525647928
0.28,0.31,0.5900000000000001,0.47457627118644063,0.34500738017069676,1.2321692148953454,0.06500738017069674,0.13001476034139348,0.19502214051209021
0.28,0.315,0.595,0.4705882352941177,0.3464588287567343,1.2373529598454795,0.06645882875673426,0.1329176575134685,0.19937648627020277
0.28,0.32,0.6000000000000001,0.4666666666666666,0.3479293353356435,1.2426047690558697,0.06792933533564349,0.13585867067128699,0.20378800600693048
0.28,0.325,0.605,0.46280991735537197,0.3494193603336645,1.2479262869059444,0.06941936033366447,0.13883872066732894,0.2082580810009934
0.28,0.33,0.6100000000000001,0.4590163934426229,0.3509293808841035,1.2533192174432268,0.0709293808841035,0.141858761768207,0.2127881426523105
0.28,0.335,0.615,0.4552845528455285,0.35245989164786984,1.2587853273138208,0.07245989164786981,0.14491978329573962,0.21737967494360944
0.28,0.34,0.6200000000000001,0.45161290322580644,0.3540114056852772,1.26432644887599,0.0740114056852772,0.1480228113705544,0.2220342170558316
0.28,0.345,0.625,0.44800000000000006,0.3555844553830211,1.2699444835107894,0.07558445538302105,0.1511689107660421,0.22675336614906316
0.28,0.35,0.63,0.4444444444444445,0.3571795934405996,1.2756414051449985,0.07717959344059955,0.1543591868811991,0.23153878032179864
0.28,0.355,0.635,0.44094488188976383,0.3587973939208331,1.2814192640029751,0.07879739392083307,0.15759478784166614,0.2363921817624992
0.28,0.36,0.64,0.43750000000000006,0.36043845336957625,1.2872801906056293,0.08043845336957622,0.16087690673915245,0.24131536010872867
0.28,0.365,0.645,0.434108527131783,0.36210339201019304,1.2932264000364035,0.08210339201019301,0.16420678402038602,0.24631017603057903
0.28,0.37,0.65,0.4307692307692308,0.36379285501889924,1.2992601964960686,0.08379285501889921,0.16758571003779843,0.25137856505669764
0.28,0.375,0.655,0.4274809160305344,0.3655075138876691,1.3053839781702468,0.08550751388766908,0.17101502777533817,0.25652254166300725
0.28,0.38,0.66,0.42424242424242425,0.3672480678820631,1.3116002424359394,0.08724806788206307,0.17449613576412615,0.2617442036461892
0.28,0.385,0.665,0.4210526315789474,0.36901524560206755,1.3179115914359554,0.08901524560206753,0.17803049120413506,0.2670457368062026
0.28,0.39,0.67,0.41791044776119407,0.37080980665485597,1.3243207380530568,0.09080980665485594,0.18161961330971188,0.2724294199645678
0.28,0.395,0.675,0.4148148148148148,0.3726325434493023,1.3308305123189366,0.09263254344930227,0.18526508689860455,0.2778976303479068
0.28,0.4,0.68,0.411764705882353,0.37448428312309945,1.3374438682967835,0.09448428312309942,0.18896856624619884,0.28345284936929827
0.28,0.405,0.685,0.40875912408759124,0.37636588961449047,1.344163891480323,0.09636588961449044,0.19273177922898088,0.2890976688434713
0.28,0.41,0.69,0.40579710144927544,0.3782782658919147,1.3509938067568381,0.09827826589191468,0.19655653178382937,0.29483479767574405
0.28,0.415,0.6950000000000001,0.4028776978417266,0.38022235635632673,1.3579369869868811,0.1002223563563267,0.2004447127126534,0.3006670690689801
0.28,0.42,0.7,0.4000000000000001,0.38219914943258815,1.3649969622592433,0.10219914943258812,0.20439829886517624,0.30659744829776436
0.28,0.425,0.7050000000000001,0.3971631205673759,0.3842096803681949,1.3721774298864102,0.10420968036819489,0.20841936073638978,0.31262904110458467
0.28,0.43,0.71,0.3943661971830986,0.3862550342596949,1.379482265213196,0.10625503425969485,0.2125100685193897,0.31876510277908454
0.28,0.435,0.7150000000000001,0.3916083916083916,0.38833634932954464,1.3869155333198022,0.10833634932954461,0.21667269865908922,0.32500904798863384
0.28,0.44,0.72,0.38888888888888895,0.39045482047885594,1.3944815017101997,0.11045482047885591,0.22090964095771182,0.3313644614365677
0.28,0.445,0.7250000000000001,0.38620689655172413,0.39261170314457783,1.4021846540877778,0.1126117031445778,0.2252234062891556,0.3378351094337334
0.28,0.45,0.73,0.3835616438356165,0.39480831749317646,1.410029705332773,0.11480831749317644,0.22961663498635287,0.3444249524795293
0.28,0.455,0.7350000000000001,0.38095238095238093,0.397046052986917,1.4180216178104177,0.11704605298691695,0.2340921059738339,0.35113815896075085
0.28,0.46,0.74,0.3783783783783784,0.3993263733634719,1.4261656191552565,0.11932637336347185,0.2386527467269437,0.35797912009041555
0.28,0.465,0.7450000000000001,0.3758389261744966,0.40165082207490443,1.4344672216960872,0.12165082207490441,0.24330164414980882,0.3649524662247132
0.28,0.47,0.75,0.37333333333333335,0.40402102823820707,1.4429322437078822,0.12402102823820704,0.24804205647641409,0.37206308471462113
0.28,0.475,0.755,0.3708609271523179,0.40643871315666913,1.4515668327023896,0.1264387131566691,0.2528774263133382,0.3793161394700073
0.28,0.48,0.76,0.368421052631579,0.40890569747955896,1.4603774909984246,0.12890569747955893,0.25781139495911787,0.3867170924386768
0.28,0.485,0.765,0.36601307189542487,0.41142390907716886,1.4693711038470314,0.13142390907716883,0.26284781815433766,0.3942717272315065
0.28,0.49,0.77,0.36363636363636365,0.41399539171940114,1.4785549704264325,0.1339953917194011,0.2679907834388022,0.40198617515820334
0.28,0.495,0.775,0.3612903225806452,0.4166223146591066,1.4879368380682376,0.13662231465910657,0.27324462931821314,0.4098669439773197
0.28,0.5,0.78,0.358974358974359,0.4193069832366718,1.4975249401309707,0.1393069832366718,0.2786139664733436,0.41792094971001537
0.28,0.505,0.785,0.356687898089172,0.4220518506403452,1.5073280380012328,0.1420518506403452,0.2841037012806904,0.4261555519210356
0.28,0.51,0.79,0.35443037974683544,0.4248595309780572,1.5173554677787755,0.14485953097805715,0.2897190619561143,0.43457859293417145
0.28,0.515,0.795,0.35220125786163525,0.42773281384170014,1.527617192291786,0.14773281384170012,0.29546562768340023,0.44319844152510035
0.28,0.52,0.8,0.35000000000000003,0.43067468057484704,1.5381238591958821,0.150674680574847,0.301349361149694,0.452024041724541
0.28,0.525,0.805,0.34782608695652173,0.4336883224907586,1.5488868660384234,0.1536883224907586,0.3073766449815172,0.46106496747227577
0.28,0.53,0.81,0.34567901234567905,0.43677716133057676,1.5599184333234883,0.15677716133057673,0.31355432266115346,0.4703314839917302
0.28,0.535,0.8150000000000001,0.34355828220858897,0.4399448723035082,1.5712316867982434,0.15994487230350818,0.31988974460701636,0.47983461691052454
0.28,0.54,0.8200000000000001,0.34146341463414637,0.4431954101136516,1.5828407504058983,0.16319541011365157,0.32639082022730315,0.4895862303409547
0.28,0.545,0.8250000000000001,0.3393939393939394,0.44653303845462755,1.5947608516236698,0.16653303845462752,0.33306607690925505,0.4995991153638826
0.28,0.55,0.8300000000000001,0.3373493975903614,0.44996236354674846,1.6070084412383872,0.16996236354674843,0.33992472709349686,0.5098870906402453
0.28,0.555,0.8350000000000001,0.33532934131736525,0.4534883724065677,1.619601330023456,0.17348837240656767,0.34697674481313534,0.520465117219703
0.28,0.56,0.8400000000000001,0.3333333333333333,0.45711647668101874,1.6325588452893525,0.1771164766810187,0.3542329533620374,0.5313494300430561
0.28,0.565,0.845,0.33136094674556216,0.46085256305554023,1.6459020109126434,0.1808525630555402,0.3617051261110804,0.5425576891666206
0.28,0.57,0.85,0.3294117647058824,0.46470305146748236,1.6596537552410082,0.18470305146748234,0.3694061029349647,0.554109154402447
0.28,0.575,0.855,0.3274853801169591,0.4686749626359046,1.6738391522710876,0.18867496263590455,0.3773499252718091,0.5660248879077137
0.28,0.58,0.86,0.32558139534883723,0.4727759967742521,1.6884857027651858,0.19277599677425206,0.3855519935485041,0.5783279903227562
0.28,0.585,0.865,0.323699421965318,0.4770146258072204,1.7036236635972157,0.1970146258072204,0.3940292516144408,0.5910438774216612
0.28,0.59,0.87,0.32183908045977017,0.4814002019999938,1.7192864357142634,0.20140020199999376,0.4028004039999875,0.6042006059999813
0.28,0.595,0.875,0.32,0.48594308667196673,1.7355110238284523,0.2059430866719667,0.4118861733439334,0.6178292600159001
0.28,0.6,0.88,0.31818181818181823,0.49065480367079517,1.752338584538554,0.21065480367079514,0.4213096073415903,0.6319644110123854
0.285,0.005,0.29,0.9827586206896551,0.2857950432907588,1.0027896255816098,0.0007950432907588012,0.0015900865815176024,0.0023851298722764036
0.285,0.01,0.295,0.9661016949152542,0.2865964787492584,1.0056016798219594,0.0015964787492584454,0.0031929574985168907,0.004789436247775336
0.285,0.015,0.3,0.95,0.28740439739214363,1.008436482077697,0.0024043973921436534,0.004808794784287307,0.00721319217643096
0.285,0.02,0.305,0.9344262295081966,0.28821889214091156,1.0112943583891634,0.003218892140911589,0.006437784281823178,0.009656676422734767
0.285,0.025,0.31,0.9193548387096774,0.28904005787510656,1.0141756416670407,0.004040057875106584,0.008080115750213168,0.012120173625319752
0.285,0.03,0.31499999999999995,0.9047619047619049,0.2898679914873814,1.017080671885549,0.004867991487381429,0.009735982974762858,0.014603974462144287
0.285,0.035,0.31999999999999995,0.8906250000000001,0.2907027919405111,1.020009796282495,0.005702791940511098,0.011405583881022197,0.017108375821533295
0.285,0.04,0.32499999999999996,0.8769230769230769,0.2915445603264356,1.0229633695664408,0.006544560326435633,0.013089120652871267,0.0196336809793069
0.285,0.045,0.32999999999999996,0.8636363636363636,0.2923933999274253,1.025941754131317,0.007393399927425326,0.014786799854850652,0.022180199782275978
0.285,0.05,0.33499999999999996,0.8507462686567164,0.29324941627945744,1.0289453202787981,0.008249416279457467,0.016498832558914933,0.0247482488383724
0.285,0.055,0.33999999999999997,0.8382352941176471,0.29411271723790244,1.0319744464487806,0.009112717237902468,0.018225434475804936,0.027338151713707404
0.285,0.06,0.345,0.8260869565217391,0.29498341304562137,1.0350295194583208,0.009983413045621392,0.019966826091242784,0.029950239136864176
0.285,0.065,0.35,0.8142857142857143,0.2958616164035818,1.0381109347494097,0.010861616403581797,0.021723232807163595,0.03258484921074539
0.285,0.07,0.355,0.8028169014084506,0.29674744254410423,1.0412190966459798,0.011747442544104258,0.023494885088208517,0.035242327632312775
0.285,0.075,0.36,0.7916666666666666,0.2976410093068602,1.0443544186205622,0.01264100930686024,0.02528201861372048,0.03792302792058072
0.285,0.08,0.365,0.7808219178082191,0.2985424372177432,1.047517323571029,0.01354243721774323,0.02708487443548646,0.04062731165322969
0.285,0.085,0.37,0.7702702702702702,0.2994518495707488,1.0507082441078905,0.014451849570748798,0.028903699141497596,0.043355548712246395
0.285,0.09,0.375,0.7599999999999999,0.30036937251299844,1.0539276228526262,0.01536937251299847,0.03073874502599694,0.04610811753899541
0.285,0.095,0.38,0.7499999999999999,0.3012951351330575,1.0571759127475702,0.016295135133057526,0.03259027026611505,0.04888540539917258
0.285,0.1,0.385,0.7402597402597402,0.30222926955269913,1.0604535773778918,0.017229269552699156,0.03445853910539831,0.05168780865809747
0.285,0.105,0.38999999999999996,0.7307692307692308,0.3031719110222778,1.063761091306238,0.01817191102227783,0.03634382204455566,0.054515733066833494
0.285,0.11,0.39499999999999996,0.7215189873417721,0.3041231980198861,1.067098940420653,0.0191231980198861,0.0382463960397722,0.0573695940596583
0.285,0.115,0.39999999999999997,0.7125,0.30508327235447397,1.0704676222964,0.02008327235447399,0.04016654470894798,0.06024981706342197
0.285,0.12,0.40499999999999997,0.7037037037037037,0.3060522792731263,1.073867646572373,0.021052279273126306,0.04210455854625261,0.06315683781937892
0.285,0.125,0.41,0.6951219512195121,0.30703036757269686,1.077299535342796,0.022030367572696885,0.04406073514539377,0.06609110271809066
0.285,0.13,0.415,0.6867469879518072,0.30801768971602017,1.0807638235649832,0.023017689716020195,0.04603537943204039,0.06905306914806059
0.285,0.135,0.42,0.6785714285714285,0.30901440195292096,1.0842610594839333,0.024014401952920983,0.048028803905841966,0.07204320585876295
0.285,0.14,0.425,0.6705882352941176,0.31002066444626963,1.0877918050746305,0.025020664446269658,0.050041328892539316,0.07506199333880897
0.285,0.145,0.42999999999999994,0.6627906976744187,0.3110366414033324,1.0913566365029208,0.02603664140333245,0.0520732828066649,0.07810992420999735
0.285,0.15,0.43499999999999994,0.6551724137931034,0.3120625012126904,1.0949561446059313,0.027062501212690437,0.054125002425380875,0.08118750363807131
0.285,0.155,0.43999999999999995,0.6477272727272727,0.3130984165870119,1.098590935393024,0.0280984165870119,0.0561968331740238,0.0842952497610357
0.285,0.16,0.44499999999999995,0.6404494382022472,0.3141445647119826,1.1022616305683601,0.029144564711982623,0.05828912942396525,0.08743369413594787
0.285,0.165,0.44999999999999996,0.6333333333333333,0.31520112740171624,1.1059688680761974,0.030201127401716266,0.06040225480343253,0.0906033822051488
0.285,0.17,0.45499999999999996,0.6263736263736264,0.3162682912609871,1.1097133026701302,0.031268291260987124,0.06253658252197425,0.09380487378296137
0.285,0.175,0.45999999999999996,0.6195652173913043,0.3173462478546496,1.1134956065075425,0.032346247854649623,0.06469249570929925,0.09703874356394887
0.285,0.18,0.46499999999999997,0.6129032258064516,0.31843519388463026,1.1173164697706326,0.03343519388463029,0.06687038776926058,0.10030558165389086
0.285,0.185,0.47,0.6063829787234042,0.3195353313749041,1.121176601315453,0.03453533137490411,0.06907066274980822,0.10360599412471233
0.285,0.19,0.475,0.6,0.3206468678648924,1.1250767293504997,0.035646867864892406,0.07129373572978481,0.10694060359467722
0.285,0.195,0.48,0.59375,0.32177001661174864,1.1290176021464866,0.03677001661174867,0.07354003322349734,0.110310049835246
0.285,0.2,0.485,0.5876288659793814,0.32290499680202767,1.1329999887790445,0.03790499680202769,0.07580999360405538,0.11371499040608307
0.285,0.205,0.49,0.5816326530612245,0.32405203377326863,1.1370246799062058,0.03905203377326866,0.07810406754653731,0.11715610131980597
0.285,0.21,0.495,0.5757575757575757,0.32521135924605515,1.1410924885826497,0.04021135924605518,0.08042271849211036,0.12063407773816553
0.285,0.215,0.5,0.57,0.3263832115671549,1.1452042511128242,0.04138321156715491,0.08276642313430982,0.12414963470146473
0.285,0.22,0.505,0.5643564356435643,0.3275678359643831,1.1493608279452039,0.04256783596438313,0.08513567192876625,0.12770350789314938
0.285,0.225,0.51,0.5588235294117646,0.32876548481387613,1.1535631046100918,0.043765484813876154,0.08753096962775231,0.13129645444162846
0.285,0.23,0.515,0.5533980582524272,0.3299764179205107,1.1578119927035464,0.044976417920510714,0.08995283584102143,0.13492925376153214
0.285,0.235,0.52,0.548076923076923,0.33120090281225545,1.1621084309201946,0.04620090281225547,0.09240180562451095,0.13860270843676642
0.285,0.24,0.5249999999999999,0.5428571428571429,0.3324392150492975,1.166453386137886,0.047439215049297545,0.09487843009859509,0.14231764514789264
0.285,0.245,0.53,0.5377358490566037,0.3336916385488452,1.1708478545573517,0.04869163854884523,0.09738327709769046,0.14607491564653569
0.285,0.25,0.5349999999999999,0.5327102803738318,0.33495846592657674,1.1752928629002695,0.04995846592657677,0.09991693185315353,0.1498753977797303
0.285,0.255,0.54,0.5277777777777777,0.33623999885577127,1.179789469669373,0.051239998855771296,0.10247999771154259,0.1537199965673139
0.285,0.26,0.5449999999999999,0.5229357798165137,0.3375365484452387,1.184338766474522,0.05253654844523875,0.1050730968904775,0.15760964533571625
0.285,0.265,0.55,0.5181818181818181,0.33884843563724654,1.1889418794289353,0.05384843563724656,0.10769687127449312,0.16154530691173968
0.285,0.27,0.5549999999999999,0.5135135135135135,0.34017599162673096,1.1935999706201088,0.05517599162673098,0.11035198325346196,0.16552797488019294
0.285,0.275,0.56,0.5089285714285713,0.34151955830318226,1.1983142396602888,0.05651955830318228,0.11303911660636456,0.16955867490954685
0.285,0.28,0.565,0.504424778761062,0.3428794887166955,1.2030859253217387,0.057879488716695515,0.11575897743339103,0.17363846615008655
0.285,0.285,0.57,0.5,0.34425614756979994,1.2079163072624561,0.059256147569799966,0.11851229513959993,0.1777684427093999
0.285,0.29,0.575,0.49565217391304345,0.3456499117368027,1.2128067078484306,0.06064991173680273,0.12129982347360546,0.1819497352104082
0.285,0.295,0.58,0.49137931034482757,0.3470611708125265,1.2177584940790405,0.062061170812526545,0.12412234162505309,0.18618351243757963
0.285,0.3,0.585,0.48717948717948717,0.3484903276924666,1.2227730796226899,0.0634903276924666,0.1269806553849332,0.1904709830773998
0.285,0.305,0.59,0.4830508474576271,0.34993779918656376,1.2278519269703994,0.06493779918656378,0.12987559837312757,0.19481339755969135
0.285,0.31,0.595,0.4789915966386554,0.3514040166689698,1.2329965497156836,0.06640401666896983,0.13280803333793967,0.1992120500069095
0.285,0.315,0.6,0.475,0.35288942676637847,1.238208514969749,0.06788942676637849,0.13577885353275698,0.20366828029913547
0.285,0.32,0.605,0.47107438016528924,0.35439449208771756,1.2434894459218162,0.06939449208771759,0.13878898417543517,0.20818347626315276
0.285,0.325,0.61,0.4672131147540983,0.3559196919982366,1.2488410245552162,0.07091969199823661,0.14183938399647322,0.21275907599470983
0.285,0.33,0.615,0.46341463414634143,0.3574655234412859,1.2542649945308277,0.07246552344128593,0.14493104688257186,0.21739657032385779
0.285,0.335,0.62,0.4596774193548387,0.3590325018113779,1.259763164250449,0.07403250181137794,0.14806500362275588,0.2220975054341338
0.285,0.34,0.625,0.45599999999999996,0.3606211618824391,1.2653374101138215,0.07562116188243911,0.15124232376487823,0.22686348564731734
0.285,0.345,0.6299999999999999,0.45238095238095244,0.3622320587955148,1.2709896799842626,0.07723205879551481,0.15446411759102963,0.23169617638654444
0.285,0.35,0.635,0.44881889763779526,0.363865769110583,1.2767219968792387,0.07886576911058302,0.15773153822116603,0.23659730733174905
0.285,0.355,0.6399999999999999,0.44531250000000006,0.3655228919275608,1.2825364629037224,0.08052289192756085,0.1610457838551217,0.24156867578268254
0.285,0.36,0.645,0.441860465116279,0.36720405008207324,1.2884352634458711,0.08220405008207327,0.16440810016414653,0.2466121502462198
0.285,0.365,0.6499999999999999,0.43846153846153846,0.36890989142207875,1.2944206716564168,0.08390989142207878,0.16781978284415755,0.2517296742662363
0.285,0.37,0.655,0.43511450381679384,0.3706410901720454,1.300495053235247,0.08564109017204541,0.17128218034409082,0.2569232705161362
0.285,0.375,0.6599999999999999,0.4318181818181818,0.37239834839202,1.3066608715509476,0.08739834839202004,0.17479669678404008,0.2621950451760601
0.285,0.38,0.665,0.4285714285714285,0.37418239753967564,1.312920693121669,0.08918239753967566,0.17836479507935132,0.267547192619027
0.285,0.385,0.6699999999999999,0.4253731343283582,0.3759940001442327,1.319277193488536,0.0909940001442327,0.1819880002884654,0.2729820004326981
0.285,0.39,0.675,0.42222222222222217,0.37783395160207056,1.3257331635160372,0.09283395160207059,0.18566790320414117,0.27850185480621176
0.285,0.395,0.6799999999999999,0.41911764705882354,0.37970308210486603,1.3322915161574247,0.09470308210486605,0.1894061642097321,0.28410924631459816
0.285,0.4,0.685,0.4160583941605839,0.38160225871224795,1.338955293727186,0.09660225871224798,0.19320451742449596,0.28980677613674394
0.285,0.405,0.69,0.41304347826086957,0.38353238758224606,1.3457276757271792,0.09853238758224608,0.19706477516449217,0.29559716274673825
0.285,0.41,0.695,0.41007194244604317,0.3854944163742672,1.3526119872781306,0.1004944163742672,0.2009888327485344,0.3014832491228016
0.285,0.415,0.7,0.40714285714285714,0.38748933684096887,1.359611708213926,0.10248933684096889,0.20497867368193778,0.3074680105229067
0.285,0.42,0.705,0.40425531914893614,0.38951818762725454,1.3667304829026476,0.10451818762725457,0.20903637525450913,0.3135545628817637
0.285,0.425,0.71,0.4014084507042253,0.3915820572967075,1.3739721308656403,0.1065820572967075,0.213164114593415,0.3197461718901225
0.285,0.43,0.715,0.3986013986013986,0.39368208760816015,1.3813406582742462,0.10868208760816017,0.21736417521632034,0.3260462628244805
0.285,0.435,0.72,0.3958333333333333,0.39581947706779685,1.3888402704133225,0.11081947706779688,0.22163895413559376,0.33245843120339064
0.285,0.44,0.725,0.393103448275862,0.39799548478526414,1.3964753852114533,0.11299548478526417,0.22599096957052833,0.3389864543557925
0.285,0.445,0.73,0.39041095890410954,0.40021143466578024,1.4042506479501062,0.11521143466578027,0.23042286933156053,0.3456343039973408
0.285,0.45,0.735,0.3877551020408163,0.40246871997424993,1.4121709472780701,0.11746871997424996,0.23493743994849992,0.3524061599227499
0.285,0.455,0.74,0.3851351351351351,0.4047688083120089,1.4202414326737156,0.11976880831200892,0.23953761662401785,0.35930642493602677
0.285,0.46,0.745,0.38255033557046975,0.4071132470521167,1.4284675335161992,0.12211324705211674,0.24422649410423347,0.3663397411563502
0.285,0.465,0.75,0.37999999999999995,0.40950366928523474,1.4368549799481922,0.12450366928523476,0.24900733857046953,0.3735110078557043
0.285,0.47,0.7549999999999999,0.3774834437086093,0.41194180033518546,1.445409825737493,0.12694180033518548,0.25388360067037097,0.38082540100555645
0.285,0.475,0.76,0.37499999999999994,0.4144294649114797,1.4541384733736131,0.12942946491147972,0.25885892982295944,0.38828839473443916
0.285,0.48,0.7649999999999999,0.37254901960784315,0.4169685949756109,1.4630477016688104,0.13196859497561092,0.26393718995122184,0.39590578492683276
0.285,0.485,0.77,0.3701298701298701,0.4195612384090144,1.4721446961719804,0.1345612384090144,0.2691224768180288,0.4036837152270432
0.285,0.49,0.7749999999999999,0.36774193548387096,0.4222095685835574,1.4814370827493244,0.13720956858355743,0.27441913716711486,0.4116287057506723
0.285,0.495,0.78,0.36538461538461536,0.42491589495065274,1.4909329647391325,0.13991589495065276,0.2798317899013055,0.4197476848519583
0.285,0.5,0.7849999999999999,0.36305732484076436,0.42768267478299926,1.5006409641508747,0.14268267478299929,0.28536534956599857,0.42804802434899786
0.285,0.505,0.79,0.36075949367088606,0.43051252622412817,1.5105702674530814,0.1455125262241282,0.2910250524482564,0.4365375786723846
0.285,0.51,0.7949999999999999,0.3584905660377358,0.43340824282601886,1.5207306765825224,0.1484082428260189,0.2968164856520378,0.44522472847805666
0.285,0.515,0.8,0.35624999999999996,0.43637280978493087,1.5311326659120383,0.1513728097849309,0.3027456195698618,0.4541184293547927
0.285,0.52,0.8049999999999999,0.35403726708074534,0.4394094221212813,1.5417874460395837,0.15440942212128134,0.3088188442425627,0.463228266363844
0.285,0.525,0.81,0.3518518518518518,0.4425215050922452,1.5527070354113868,0.15752150509224522,0.31504301018449044,0.47256451527673565
0.285,0.53,0.815,0.3496932515337423,0.44571273717738047,1.563904340973265,0.1607127371773805,0.321425474354761,0.4821382115321415
0.285,0.535,0.8200000000000001,0.347560975609756,0.4489870760401121,1.5753932492635514,0.16398707604011215,0.3279741520802243,0.49196122812033644
0.285,0.54,0.825,0.34545454545454546,0.4523487879439888,1.587188729628031,0.16734878794398883,0.33469757588797766,0.5020463638319665
0.285,0.545,0.8300000000000001,0.34337349397590355,0.45580248119569644,1.5993069515638474,0.17080248119569647,0.34160496239139293,0.5124074435870893
0.285,0.55,0.835,0.34131736526946105,0.45935314430124896,1.6117654186008736,0.17435314430124899,0.34870628860249797,0.523059432903747
0.285,0.555,0.8400000000000001,0.33928571428571425,0.4630061896633233,1.6245831216256958,0.17800618966332332,0.35601237932664664,0.5340185689899699
0.285,0.56,0.845,0.33727810650887574,0.4667675038238185,1.637780715171293,0.1817675038238185,0.363535007647637,0.5453025114714556
0.285,0.565,0.8499999999999999,0.33529411764705885,0.47064350547626077,1.651380720969336,0.1856435054762608,0.3712870109525216,0.5569305164287823
0.285,0.57,0.855,0.3333333333333333,0.4746412127507098,1.6654077640375784,0.18964121275070983,0.37928242550141966,0.5689236382521294
0.285,0.575,0.8599999999999999,0.33139534883720934,0.47876832162689553,1.6798888478136687,0.19376832162689556,0.3875366432537911,0.5813049648806867
0.285,0.58,0.865,0.32947976878612717,0.48303329778310056,1.694853676431932,0.19803329778310058,0.39606659556620116,0.5940998933493018
0.285,0.585,0.8699999999999999,0.3275862068965517,0.4874454847711558,1.7103350342847574,0.20244548477115581,0.40489096954231163,0.6073364543134674
0.285,0.59,0.875,0.3257142857142857,0.4920152321664668,1.7263692356718134,0.20701523216646683,0.41403046433293367,0.6210456964994004
0.285,0.595,0.8799999999999999,0.32386363636363635,0.49675404833845793,1.7429966608366947,0.21175404833845796,0.4235080966769159,0.6352621450153739
0.285,0.6,0.885,0.3220338983050847,0.5016747838091158,1.7602623993302309,0.2166747838091158,0.4333495676182316,0.6500243514273474
0.29,0.005,0.295,0.983050847457627,0.290810686430081,1.0027954704485553,0.0008106864300810313,0.0016213728601620625,0.0024320592902430938
0.29,0.01,0.3,0.9666666666666667,0.2916279147080787,1.005613498993375,0.0016279147080787149,0.0032558294161574297,0.004883744124236145
0.29,0.015,0.305,0.9508196721311475,0.2924517784142141,1.0084544083248763,0.002451778414214123,0.004903556828428246,0.007355335242642369
0.29,0.02,0.31,0.9354838709677419,0.2932823730975459,1.011318527922572,0.003282373097545921,0.006564746195091842,0.009847119292637763
0.29,0.025,0.315,0.9206349206349206,0.2941197963312633,1.0142061942457354,0.0041197963312633035,0.008239592662526607,0.01235938899378991
0.29,0.03,0.31999999999999995,0.9062500000000001,0.29496414776993707,1.0171177509308176,0.004964147769937088,0.009928295539874177,0.014892443309811265
0.29,0.035,0.32499999999999996,0.8923076923076924,0.29581552920880627,1.0200535489958837,0.0058155292088062915,0.011631058417612583,0.017446587626418875
0.29,0.04,0.32999999999999996,0.8787878787878788,0.2966740446451943,1.0230139470523942,0.0066740446451943325,0.013348089290388665,0.020022133935582997
0.29,0.045,0.33499999999999996,0.8656716417910448,0.2975398003421422,1.0259993115246284,0.007539800342142244,0.015079600684284489,0.022619401026426733
0.29,0.05,0.33999999999999997,0.8529411764705882,0.29841290489435834,1.0290100168770977,0.008412904894358364,0.016825809788716728,0.025238714683075092
0.29,0.055,0.345,0.8405797101449275,0.29929346929658696,1.0320464458502998,0.009293469296586976,0.01858693859317395,0.027880407889760928
0.29,0.06,0.35,0.8285714285714285,0.30018160701450136,1.0351089897051773,0.010181607014501382,0.020363214029002763,0.030544821043504145
0.29,0.065,0.355,0.8169014084507042,0.30107743405823684,1.0381980484766788,0.011077434058236857,0.022154868116473714,0.03323230217471057
0.29,0.07,0.36,0.8055555555555556,0.30198106905868016,1.0413140312368283,0.011981069058680183,0.023962138117360365,0.03594320717604055
0.29,0.075,0.365,0.7945205479452054,0.30289263334664307,1.0444573563677348,0.01289263334664309,0.02578526669328618,0.03867790003992927
0.29,0.08,0.37,0.7837837837837838,0.30381225103504994,1.0476284518449999,0.01381225103504996,0.02762450207009992,0.04143675310514988
0.29,0.085,0.375,0.7733333333333333,0.3047400491042801,1.0508277555320005,0.014740049104280117,0.029480098208560235,0.04422014731284035
0.29,0.09,0.38,0.763157894736842,0.3056761574908111,1.0540557154855557,0.015676157490811138,0.031352314981622276,0.047028472472433414
0.29,0.095,0.385,0.7532467532467532,0.3066207091793173,1.057312790273508,0.016620709179317295,0.03324141835863459,0.049862127537951884
0.29,0.1,0.39,0.7435897435897435,0.3075738402983881,1.0605994493047866,0.0175738402983881,0.0351476805967762,0.0527215208951643
0.29,0.105,0.39499999999999996,0.7341772151898734,0.308535690220037,1.0639161731725415,0.018535690220037038,0.037071380440074075,0.05560707066011111
0.29,0.11,0.39999999999999997,0.725,0.309506401663185,1.0672634540109829,0.019506401663185013,0.03901280332637003,0.05851920498955504
0.29,0.115,0.40499999999999997,0.7160493827160493,0.3104861208013102,1.070641795866587,0.020486120801310237,0.040972241602620474,0.06145836240393071
0.29,0.12,0.41,0.7073170731707317,0.3114749973744655,1.0740517150843638,0.02147499737446551,0.04294999474893102,0.06442499212339653
0.29,0.125,0.415,0.6987951807228916,0.3124731848058834,1.0774937407099427,0.022473184805883395,0.04494636961176679,0.06741955441765018
0.29,0.13,0.42,0.6904761904761905,0.31348084032339096,1.0809684149082448,0.023480840323390983,0.04696168064678197,0.07044252097017295
0.29,0.135,0.425,0.6823529411764706,0.3144981250858807,1.0844762933995886,0.02449812508588073,0.04899625017176146,0.07349437525764219
0.29,0.14,0.43,0.6744186046511628,0.31552520431508724,1.088017945914094,0.025525204315087258,0.051050408630174515,0.07657561294526177
0.29,0.145,0.43499999999999994,0.6666666666666667,0.3165622474329466,1.0915939566653332,0.026562247432946606,0.05312449486589321,0.07968674229883982
0.29,0.15,0.43999999999999995,0.6590909090909092,0.3176094282048181,1.0952049248442004,0.0276094282048181,0.0552188564096362,0.0828282846144543
0.29,0.155,0.44499999999999995,0.651685393258427,0.31866692488887927,1.0988514651340666,0.028666924888879286,0.05733384977775857,0.08600077466663786
0.29,0.16,0.44999999999999996,0.6444444444444445,0.31973492039201235,1.1025342082483185,0.029734920392012365,0.05946984078402473,0.0892047611760371
0.29,0.165,0.45499999999999996,0.6373626373626374,0.32081360243252643,1.1062538014914705,0.030813602432526455,0.06162720486505291,0.09244080729757936
0.29,0.17,0.45999999999999996,0.6304347826086957,0.32190316371007965,1.1100109093451023,0.031903163710079674,0.06380632742015935,0.09570949113023902
0.29,0.175,0.46499999999999997,0.6236559139784946,0.32300380208318824,1.1138062140799596,0.03300380208318826,0.06600760416637652,0.09901140624956478
0.29,0.18,0.47,0.6170212765957447,0.3241157207547338,1.117640416395634,0.03411572075473385,0.0682314415094677,0.10234716226420154
0.29,0.185,0.475,0.6105263157894737,0.3252391284659065,1.1215142360893329,0.035239128465906544,0.07047825693181309,0.10571738539771963
0.29,0.19,0.48,0.6041666666666666,0.3263742396990512,1.125428412755349,0.036374239699051236,0.07274847939810247,0.10912271909715371
0.29,0.195,0.485,0.5979381443298969,0.32752127488991256,1.1293837065169399,0.03752127488991258,0.07504254977982516,0.11256382466973774
0.29,0.2,0.49,0.5918367346938775,0.3286804606498087,1.1333808987924439,0.038680460649808734,0.07736092129961747,0.1160413819494262
0.29,0.205,0.495,0.5858585858585859,0.3298520299982983,1.1374207930975806,0.039852029998298344,0.07970405999659669,0.11955608999489503
0.29,0.21,0.5,0.58,0.331036222606944,1.1415042158860138,0.041036222606944006,0.08207244521388801,0.12310866782083202
0.29,0.215,0.505,0.5742574257425742,0.332233285054815,1.1456320174303964,0.042233285054814995,0.08446657010962999,0.12669985516444499
0.29,0.22,0.51,0.5686274509803921,0.33344347109641737,1.1498050727462668,0.043443471096417385,0.08688694219283477,0.13033041328925216
0.29,0.225,0.515,0.5631067961165048,0.33466704194278685,1.154024282561334,0.04466704194278687,0.08933408388557373,0.1340011258283606
0.29,0.23,0.52,0.5576923076923076,0.3359042665565317,1.158290574332868,0.045904266556531736,0.09180853311306347,0.1377127996695952
0.29,0.235,0.5249999999999999,0.5523809523809524,0.3371554219616669,1.162604903316093,0.04715542196166694,0.09431084392333389,0.14146626588500083
0.29,0.24,0.53,0.5471698113207547,0.33842079356914434,1.1669682536867048,0.04842079356914436,0.09684158713828872,0.14526238070743308
0.29,0.245,0.5349999999999999,0.5420560747663552,0.33970067551904404,1.1713816397208416,0.04970067551904406,0.09940135103808811,0.14910202655713217
0.29,0.25,0.54,0.537037037037037,0.34099537104046884,1.1758461070360995,0.05099537104046886,0.10199074208093772,0.1529861131214066
0.29,0.255,0.5449999999999999,0.5321100917431193,0.34230519283025274,1.1803627338974234,0.052305192830252756,0.10461038566050551,0.15691557849075827
0.29,0.26,0.55,0.5272727272727272,0.3436304634516867,1.184932632592023,0.053630463451686705,0.10726092690337341,0.16089139035506012
0.29,0.265,0.5549999999999999,0.5225225225225225,0.34497151575454466,1.1895569508777404,0.054971515754544675,0.10994303150908935,0.16491454726363403
0.29,0.27,0.56,0.5178571428571428,0.34632869331780336,1.194236873509667,0.05632869331780338,0.11265738663560676,0.16898607995341014
0.29,0.275,0.565,0.5132743362831859,0.3477023509165422,1.1989736238501456,0.057702350916542244,0.11540470183308449,0.17310705274962673
0.29,0.28,0.5700000000000001,0.5087719298245613,0.34909285501464127,1.2037684655677285,0.05909285501464129,0.11818571002928258,0.17727856504392386
0.29,0.285,0.575,0.5043478260869565,0.35050058428500797,1.208622704431062,0.060500584285007986,0.12100116857001597,0.18150175285502396
0.29,0.29,0.58,0.5,0.3519259301592139,1.2135376902041861,0.06192593015921394,0.12385186031842788,0.1857777904776418
0.29,0.295,0.585,0.49572649572649574,0.3533692974085655,1.218514818650226,0.0633692974085655,0.126738594817131,0.19010789222569652
0.29,0.3,0.59,0.4915254237288135,0.354831104758804,1.2235555336510482,0.06483110475880399,0.12966220951760798,0.19449331427641198
0.29,0.305,0.595,0.48739495798319327,0.3563117855408092,1.2286613294510664,0.06631178554080924,0.13262357108161849,0.19893535662242773
0.29,0.31,0.6,0.48333333333333334,0.3578117883798798,1.2338337530340684,0.06781178837987983,0.13562357675975967,0.2034353651396395
0.29,0.315,0.605,0.47933884297520657,0.35933157792638226,1.2390744066426975,0.06933157792638228,0.13866315585276456,0.20799473377914685
0.29,0.32,0.61,0.47540983606557374,0.36087163563080094,1.2443849504510378,0.07087163563080096,0.1417432712616019,0.21261490689240287
0.29,0.325,0.615,0.47154471544715443,0.3624324605664828,1.249767105401665,0.07243246056648284,0.14486492113296567,0.2172973816994485
0.29,0.33,0.62,0.46774193548387094,0.3640145703036638,1.2552226562195303,0.07401457030366382,0.14802914060732764,0.22204371091099145
0.29,0.335,0.625,0.46399999999999997,0.3656185018386797,1.260753454616137,0.07561850183867974,0.15123700367735948,0.22685550551603922
0.29,0.34,0.63,0.4603174603174603,0.3672448125826234,1.2663614226987014,0.07724481258262345,0.1544896251652469,0.23173443774787034
0.29,0.345,0.635,0.45669291338582674,0.3688940814140931,1.272048556600321,0.0788940814140931,0.1577881628281862,0.2366822442422793
0.29,0.35,0.6399999999999999,0.45312500000000006,0.3705669098011155,1.2778169303486742,0.08056690980111553,0.16113381960223105,0.24170072940334658
0.29,0.355,0.645,0.44961240310077516,0.37226392299780053,1.2836686999924156,0.08226392299780055,0.1645278459956011,0.24679176899340166
0.29,0.36,0.6499999999999999,0.4461538461538462,0.37398577132181765,1.289606108006268,0.08398577132181767,0.16797154264363534,0.251957313965453
0.29,0.365,0.655,0.4427480916030534,0.3757331315193748,1.2956314879978443,0.08573313151937484,0.17146626303874968,0.2571993945581245
0.29,0.37,0.6599999999999999,0.4393939393939394,0.3775067082250343,1.3017472697414976,0.08750670822503431,0.17501341645006863,0.26252012467510294
0.29,0.375,0.665,0.4360902255639097,0.37930723552443435,1.307955984567015,0.08930723552443437,0.17861447104886874,0.2679217065733031
0.29,0.38,0.6699999999999999,0.4328358208955224,0.38113547862879926,1.3142602711337907,0.09113547862879928,0.18227095725759856,0.27340643588639785
0.29,0.385,0.675,0.4296296296296296,0.3829922356710357,1.3206628816242612,0.0929922356710357,0.1859844713420714,0.2789767070131071
0.29,0.39,0.6799999999999999,0.4264705882352941,0.38487833963423235,1.3271666883939048,0.09487833963423237,0.18975667926846473,0.2846350189026971
0.29,0.395,0.685,0.42335766423357657,0.3867946604245286,1.3337746911190642,0.09679466042452861,0.19358932084905722,0.29038398127358583
0.29,0.4,0.69,0.42028985507246375,0.3887421071016024,1.3404900244882842,0.09874210710160242,0.19748421420320483,0.29622632130480725
0.29,0.405,0.6950000000000001,0.41726618705035967,0.3907216302814812,1.3473159664878664,0.10072163028148123,0.20144326056296247,0.3021648908444437
0.29,0.41,0.7,0.41428571428571426,0.3927342247280071,1.3542559473379556,0.10273422472800714,0.20546844945601428,0.3082026741840214
0.29,0.415,0.705,0.41134751773049644,0.3947809321511412,1.3613135591418661,0.1047809321511412,0.2095618643022824,0.3143427964534236
0.29,0.42,0.71,0.4084507042253521,0.3968628442323737,1.3684925663185301,0.10686284423237374,0.2137256884647475,0.32058853269712123
0.29,0.425,0.715,0.40559440559440557,0.3989811058998809,1.375796916896141,0.10898110589988091,0.21796221179976183,0.32694331769964274
0.29,0.43,0.72,0.4027777777777778,0.4011369188787621,1.3832307547543523,0.11113691887876215,0.2222738377575243,0.33341075663628644
0.29,0.435,0.725,0.39999999999999997,0.4033315455447538,1.3907984329129444,0.11333154554475383,0.22666309108950766,0.3399946366342615
0.29,0.44,0.73,0.3972602739726027,0.40556631311332436,1.3985045279769805,0.11556631311332438,0.23113262622664876,0.34669893933997314
0.29,0.445,0.735,0.3945578231292517,0.40784261820005296,1.4063538558622517,0.11784261820005298,0.23568523640010597,0.35352785460015895
0.29,0.45,0.74,0.3918918918918919,0.4101619317927945,1.4143514889406708,0.1201619317927945,0.240323863585589,0.3604857953783835
0.29,0.455,0.745,0.38926174496644295,0.41252580468141187,1.4225027747634893,0.12252580468141189,0.24505160936282377,0.36757741404423566
0.29,0.46,0.75,0.38666666666666666,0.41493587339694293,1.4308133565411827,0.12493587339694295,0.2498717467938859,0.37480762019082886
0.29,0.465,0.755,0.3841059602649006,0.41739386671910905,1.4392891955831348,0.12739386671910907,0.25478773343821814,0.3821816001573272
0.29,0.47,0.76,0.381578947368421,0.41990161281922,1.447936595928345,0.12990161281922002,0.25980322563844005,0.3897048384576601
0.29,0.475,0.7649999999999999,0.3790849673202615,0.42246104711500887,1.456762231431065,0.1324610471150089,0.2649220942300178,0.39738314134502667
0.29,0.48,0.77,0.3766233766233766,0.42507422092497704,1.4657731756033692,0.13507422092497706,0.2701484418499541,0.4052226627749312
0.29,0.485,0.7749999999999999,0.3741935483870968,0.4277433110227379,1.4749769345611652,0.1377433110227379,0.2754866220454758,0.4132299330682137
0.29,0.49,0.78,0.37179487179487175,0.4304706302070096,1.484381483472447,0.14047063020700962,0.28094126041401923,0.42141189062102885
0.29,0.495,0.7849999999999999,0.3694267515923567,0.43325863902072825,1.4939953069680285,0.14325863902072827,0.28651727804145655,0.4297759170621848
0.29,0.5,0.79,0.36708860759493667,0.4361099587738261,1.5038274440476762,0.1461099587738261,0.2922199175476522,0.4383298763214783
0.29,0.505,0.7949999999999999,0.3647798742138365,0.43902738604918434,1.5138875381006358,0.14902738604918436,0.2980547720983687,0.4470821581475531
0.29,0.51,0.8,0.36249999999999993,0.4420139089009948,1.524185892762051,0.1520139089009948,0.3040278178019896,0.45604172670298443
0.29,0.515,0.8049999999999999,0.36024844720496896,0.44507272499026396,1.5347335344491861,0.15507272499026398,0.31014544998052795,0.46521817497079193
0.29,0.52,0.81,0.3580246913580246,0.4482072619448134,1.5455422825683223,0.15820726194481344,0.3164145238896269,0.4746217858344403
0.29,0.525,0.815,0.3558282208588957,0.45142120028246613,1.5566248285602282,0.16142120028246615,0.3228424005649323,0.48426360084739845
0.29,0.53,0.8200000000000001,0.3536585365853658,0.45471849929829566,1.567994825166537,0.16471849929829568,0.32943699859659137,0.49415549789488705
0.29,0.535,0.825,0.3515151515151515,0.4581034263924515,1.5796669875601776,0.16810342639245152,0.33620685278490303,0.5043102791773546
0.29,0.54,0.8300000000000001,0.34939759036144574,0.46158059040759747,1.5916572083020604,0.1715805904075975,0.343161180815195,0.5147417712227924
0.29,0.545,0.835,0.3473053892215569,0.4651549796587371,1.6039826884784039,0.1751549796587371,0.3503099593174742,0.5254649389762114
0.29,0.55,0.8400000000000001,0.3452380952380952,0.4688320054788805,1.6166620878582088,0.1788320054788805,0.357664010957761,0.5364960164366415
0.29,0.555,0.845,0.3431952662721893,0.47261755227898383,1.6297156975137375,0.18261755227898385,0.3652351045579677,0.5478526568369515
0.29,0.56,0.8500000000000001,0.34117647058823525,0.47651803533970816,1.643165639102442,0.18651803533970818,0.37303607067941635,0.5595541060191245
0.29,0.565,0.855,0.3391812865497076,0.4805404678287124,1.6570360959610773,0.19054046782871242,0.38108093565742485,0.5716214034861373
0.29,0.57,0.8599999999999999,0.33720930232558144,0.48469253888785135,1.6713535823719012,0.19469253888785137,0.38938507777570275,0.5840776166635542
0.29,0.575,0.865,0.3352601156069364,0.48898270508325403,1.6861472589077726,0.19898270508325405,0.3979654101665081,0.5969481152497622
0.29,0.58,0.8699999999999999,0.33333333333333337,0.4934202980899113,1.701449303758315,0.2034202980899113,0.4068405961798226,0.6102608942697338
0.29,0.585,0.875,0.3314285714285714,0.49801565223533717,1.7172953525356456,0.2080156522353372,0.4160313044706744,0.6240469567060116
0.29,0.59,0.8799999999999999,0.3295454545454546,0.502780256515772,1.7337250224681793,0.21278025651577198,0.42556051303154396,0.638340769547316
0.29,0.595,0.885,0.327683615819209,0.5077269370103876,1.75078254141513,0.21772693701038764,0.4354538740207753,0.653180811031163
0.29,0.6,0.8899999999999999,0.3258426966292135,0.5128700773784931,1.7685175082017004,0.22287007737849313,0.44574015475698625,0.6686102321354794
0.295,0.005,0.3,0.9833333333333333,0.2958263994551167,1.0028013540851413,0.0008263994551166998,0.0016527989102333995,0.0024791983653500993
0.295,0.01,0.305,0.9672131147540983,0.29665949216466525,1.0056253971683569,0.001659492164665266,0.003318984329330532,0.004978476493995798
0.295,0.015,0.31,0.9516129032258064,0.29749937432213513,1.0084724553292717,0.0024993743221351505,0.004998748644270301,0.007498122966405452
0.295,0.02,0.315,0.9365079365079364,0.2983461441555859,1.0113428615443592,0.0033461441555859284,0.006692288311171857,0.010038432466757785
0.295,0.025,0.32,0.9218749999999999,0.29919990198511914,1.0142369558817599,0.004199901985119159,0.008399803970238318,0.012599705955357476
0.295,0.03,0.32499999999999996,0.9076923076923078,0.30006075028239076,1.0171550857030196,0.00506075028239078,0.01012150056478156,0.01518225084717234
0.295,0.035,0.32999999999999996,0.893939393939394,0.30092879373225856,1.020097605872063,0.005928793732258575,0.01185758746451715,0.017786381196775725
0.295,0.04,0.33499999999999996,0.8805970149253732,0.3018041392966526,1.0230648789717038,0.006804139296652634,0.013608278593305267,0.0204124178899579
0.295,0.045,0.33999999999999997,0.8676470588235294,0.30268689628076917,1.026057275528031,0.007686896280769184,0.015373792561538369,0.023060688842307553
0.295,0.05,0.345,0.855072463768116,0.30357717640168813,1.0290751742430106,0.008577176401688147,0.017154352803376294,0.02573152920506444
0.295,0.055,0.35,0.8428571428571429,0.3044750938595232,1.032118962235672,0.00947509385952322,0.01895018771904644,0.02842528157856966
0.295,0.06,0.355,0.8309859154929577,0.30538076541121706,1.0351890352922613,0.010380765411217074,0.02076153082243415,0.031142296233651223
0.295,0.065,0.36,0.8194444444444444,0.30629431044710054,1.0382857981257645,0.011294310447100553,0.022588620894201106,0.03388293134130166
0.295,0.07,0.365,0.8082191780821918,0.3072158510703421,1.0414096646452276,0.01221585107034212,0.02443170214068424,0.03664755321102636
0.295,0.075,0.37,0.7972972972972973,0.3081455121794199,1.0445610582353217,0.013145512179419894,0.026291024358839787,0.03943653653825968
0.295,0.08,0.375,0.7866666666666666,0.3090834215537547,1.047740412046626,0.014083421553754694,0.028166843107509387,0.04225026466126408
0.295,0.085,0.38,0.7763157894736842,0.3100297099426512,1.0509481692971228,0.015029709942651237,0.030059419885302474,0.04508912982795371
0.295,0.09,0.385,0.7662337662337662,0.3109845111577041,1.0541847835854377,0.015984511157704107,0.03196902231540821,0.04795353347311232
0.295,0.095,0.39,0.7564102564102564,0.31194796216882903,1.0574507192163696,0.016947962168829045,0.03389592433765809,0.050843886506487135
0.295,0.1,0.395,0.7468354430379746,0.3129202032040953,1.0607464515393061,0.01792020320409532,0.03584040640819064,0.05376060961228596
0.295,0.105,0.39999999999999997,0.7375,0.3139013778535392,1.064072467300133,0.018901377853539236,0.03780275570707847,0.05670413356061771
0.295,0.11,0.40499999999999997,0.7283950617283951,0.3148916331771534,1.0674292650072998,0.019891633177153423,0.039783266354306845,0.05967489953146027
0.295,0.115,0.41,0.7195121951219512,0.3158911198172527,1.0708173553127212,0.020891119817252723,0.04178223963450545,0.06267335945175817
0.295,0.12,0.415,0.7108433734939759,0.3168999921154365,1.0742372614082594,0.02189999211543653,0.04379998423087306,0.06569997634630959
0.295,0.125,0.42,0.7023809523809523,0.31791840823437,1.0776895194385425,0.022918408234370025,0.04583681646874005,0.06875522470311007
0.295,0.13,0.425,0.6941176470588235,0.31894653028463105,1.0811746789309526,0.023946530284631062,0.047893060569262125,0.07183959085389319
0.295,0.135,0.43,0.686046511627907,0.31998452445687275,1.0846933032436366,0.02498452445687277,0.04996904891374554,0.07495357337061831
0.295,0.14,0.435,0.6781609195402298,0.3210325611595788,1.0882459700324705,0.026032561159578804,0.05206512231915761,0.07809768347873641
0.295,0.145,0.43999999999999995,0.6704545454545455,0.3220908151626912,1.0918332717379364,0.02709081516269124,0.05418163032538248,0.08127244548807372
0.295,0.15,0.44499999999999995,0.6629213483146068,0.32315946574742205,1.0954558160929562,0.028159465747422063,0.05631893149484413,0.08447839724226619
0.295,0.155,0.44999999999999996,0.6555555555555556,0.3242386968625661,1.0991142266527665,0.029238696862566138,0.058477393725132276,0.08771609058769841
0.295,0.16,0.45499999999999996,0.6483516483516484,0.32532869728766256,1.1028091433480087,0.030328697287662576,0.06065739457532515,0.09098609186298773
0.295,0.165,0.45999999999999996,0.6413043478260869,0.3264296608033652,1.106541223062255,0.031429660803365234,0.06285932160673047,0.0942889824100957
0.295,0.17,0.46499999999999997,0.6344086021505376,0.3275417863694129,1.110311140235298,0.032541786369412906,0.06508357273882581,0.09762535910823872
0.295,0.175,0.47,0.6276595744680851,0.3286652783106081,1.1141195874935867,0.033665278310608115,0.06733055662121623,0.10099583493182435
0.295,0.18,0.475,0.6210526315789474,0.3298003465112451,1.1179672763093056,0.03480034651124514,0.06960069302249028,0.10440103953373542
0.295,0.185,0.48,0.6145833333333334,0.3309472066184508,1.1218549376896638,0.0359472066184508,0.0718944132369016,0.1078416198553524
0.295,0.19,0.485,0.6082474226804123,0.3321060802549387,1.1257833228980973,0.03710608025493872,0.07421216050987745,0.11131824076481617
0.295,0.195,0.49,0.6020408163265306,0.33327719524170274,1.1297532042091618,0.038277195241702755,0.07655439048340551,0.11483158572510827
0.295,0.2,0.495,0.5959595959595959,0.33446078583121697,1.1337653756990407,0.03946078583121698,0.07892157166243396,0.11838235749365095
0.295,0.205,0.5,0.59,0.3356570929517442,1.137820654073709,0.04065709295174419,0.08131418590348838,0.12197127885523257
0.295,0.21,0.505,0.5841584158415841,0.336866364463397,1.1419198795369392,0.04186636446339703,0.08373272892679406,0.1255990933901911
0.295,0.215,0.51,0.5784313725490196,0.3380888554266386,1.1460639167004698,0.043088855426638595,0.08617771085327719,0.12926656627991578
0.295,0.22,0.515,0.5728155339805825,0.3393248283839587,1.1502536555388432,0.044324828383958736,0.08864965676791747,0.1329744851518762
0.295,0.225,0.52,0.5673076923076923,0.34057455365551337,1.154490012391571,0.04557455365551338,0.09114910731102677,0.13672366096654015
0.295,0.23,0.525,0.5619047619047619,0.34183830964956774,1.1587739310154839,0.046838309649567755,0.09367661929913551,0.14051492894870327
0.295,0.235,0.53,0.5566037735849056,0.3431163831886471,1.1631063836903293,0.04811638318864714,0.09623276637729428,0.14434914956594141
0.295,0.24,0.5349999999999999,0.5514018691588786,0.3444090698523634,1.167488372380893,0.04940906985236343,0.09881813970472686,0.1482272095570903
0.295,0.245,0.54,0.5462962962962963,0.34571667433795417,1.1719209299591666,0.05071667433795418,0.10143334867590836,0.15215002301386255
0.295,0.25,0.5449999999999999,0.5412844036697249,0.34703951083964957,1.1764051214903375,0.05203951083964958,0.10407902167929917,0.15611853251894875
0.295,0.255,0.55,0.5363636363636363,0.34837790344806696,1.1809420455866677,0.05337790344806698,0.10675580689613395,0.16013371034420093
0.295,0.26,0.5549999999999999,0.5315315315315315,0.34973218657091687,1.1855328358336166,0.054732186570916885,0.10946437314183377,0.16419655971275066
0.295,0.265,0.56,0.5267857142857142,0.35110270537641175,1.1901786622929214,0.056102705376411766,0.11220541075282353,0.1683081161292353
0.295,0.27,0.565,0.5221238938053098,0.3524898162608665,1.1948807330876832,0.05748981626086652,0.11497963252173304,0.17246944878259957
0.295,0.275,0.5700000000000001,0.5175438596491228,0.35389388734210214,1.1996402960749226,0.05889388734210216,0.11778777468420432,0.17668166202630647
0.295,0.28,0.575,0.5130434782608696,0.35531529898038805,1.204458640611485,0.060315298980388066,0.12063059796077613,0.1809458969411642
0.295,0.285,0.58,0.5086206896551724,0.35675444432879855,1.2093370994196562,0.06175444432879856,0.12350888865759713,0.1852633329863957
0.295,0.29,0.585,0.5042735042735043,0.3582117299150075,1.2142770505593474,0.06321172991500751,0.12642345983001502,0.18963518974502253
0.295,0.295,0.59,0.5,0.3596875762567151,1.2192799195142885,0.06468757625671512,0.12937515251343024,0.19406272877014535
0.295,0.3,0.595,0.4957983193277311,0.3611824185130773,1.2243471814002622,0.06618241851307732,0.13236483702615465,0.19854725553923197
0.295,0.305,0.6,0.49166666666666664,0.3626967071747095,1.2294803633041,0.06769670717470949,0.13539341434941898,0.20309012152412848
0.295,0.31,0.605,0.48760330578512395,0.36423090879505415,1.2346810467628955,0.06923090879505417,0.13846181759010834,0.2076927263851625
0.295,0.315,0.61,0.48360655737704916,0.36578550676613864,1.2399508703936903,0.07078550676613865,0.1415710135322773,0.21235652029841595
0.295,0.32,0.615,0.4796747967479675,0.3673610021420157,1.245291532684799,0.07236100214201574,0.14472200428403148,0.21708300642604722
0.295,0.325,0.62,0.4758064516129032,0.3689579145134674,1.2507047949609065,0.0739579145134674,0.1479158290269348,0.22187374354040218
0.295,0.33,0.625,0.472,0.37057678293787133,1.256192484535157,0.07557678293787135,0.1511535658757427,0.22673034881361404
0.295,0.335,0.63,0.4682539682539682,0.37221816692848264,1.261756498062653,0.07721816692848266,0.1544363338569653,0.23165450078544797
0.295,0.34,0.635,0.4645669291338582,0.3738826475077721,1.267398805111092,0.07888264750777213,0.15776529501554426,0.2366479425233164
0.295,0.345,0.6399999999999999,0.46093750000000006,0.37557082832989475,1.273121451965745,0.08057082832989476,0.16114165665978952,0.24171248498968428
0.295,0.35,0.645,0.4573643410852713,0.3772833368778362,1.2789265656875806,0.08228333687783623,0.16456667375567247,0.2468500106335087
0.295,0.355,0.6499999999999999,0.4538461538461539,0.3790208257413178,1.284816358445145,0.0840208257413178,0.1680416514826356,0.2520624772239534
0.295,0.36,0.655,0.45038167938931295,0.38078397398212815,1.2907931321428074,0.08578397398212817,0.17156794796425634,0.2573519219463845
0.295,0.365,0.6599999999999999,0.446969696969697,0.38257348859420115,1.2968592833701735,0.08757348859420117,0.17514697718840233,0.2627204657826035
0.295,0.37,0.665,0.44360902255639095,0.38439010606649604,1.3030173086999866,0.08939010606649606,0.1787802121329921,0.26817031819948817
0.295,0.375,0.6699999999999999,0.4402985074626866,0.38623459405754046,1.309269810364544,0.09123459405754047,0.18246918811508095,0.2737037821726214
0.295,0.38,0.675,0.437037037037037,0.3881077531914169,1.3156195023437862,0.0931077531914169,0.1862155063828338,0.2793232595742507
0.295,0.385,0.6799999999999999,0.4338235294117647,0.3900104189859831,1.3220692169016377,0.09501041898598311,0.19002083797196623,0.28503125695794934
0.295,0.39,0.685,0.43065693430656926,0.39194346392526724,1.3286219116110756,0.09694346392526726,0.19388692785053452,0.2908303917758018
0.295,0.395,0.69,0.427536231884058,0.3939077996892535,1.3352806769127237,0.0989077996892535,0.197815599378507,0.2967233990677605
0.295,0.4,0.6950000000000001,0.4244604316546762,0.39590437955572855,1.342048744256707,0.10090437955572856,0.20180875911145713,0.3027131386671857
0.295,0.405,0.7,0.42142857142857143,0.3979342009904774,1.3489294948829742,0.1029342009904774,0.2058684019809548,0.3088026029714322
0.295,0.41,0.705,0.41843971631205673,0.39999830844396456,1.355926469301575,0.10499830844396457,0.20999661688792914,0.3149949253318937
0.295,0.415,0.71,0.4154929577464789,0.40209779637471343,1.3630433775414015,0.10709779637471345,0.2141955927494269,0.32129338912414035
0.295,0.42,0.715,0.4125874125874126,0.4042338125219608,1.370284110243935,0.1092338125219608,0.2184676250439216,0.3277014375658824
0.295,0.425,0.72,0.4097222222222222,0.40640756145284396,1.3776527506876066,0.11140756145284397,0.22281512290568795,0.3342226843585319
0.295,0.43,0.725,0.4068965517241379,0.4086203084124347,1.3851535878387617,0.1136203084124347,0.2272406168248694,0.3408609252373041
0.295,0.435,0.73,0.4041095890410959,0.4108733835084226,1.392791130537026,0.11587338350842263,0.23174676701684527,0.3476201505252679
0.295,0.44,0.735,0.4013605442176871,0.4131681862662364,1.4005701229363947,0.11816818626623643,0.23633637253247286,0.3545045587987093
0.295,0.445,0.74,0.39864864864864863,0.4155061905949725,1.4084955613388899,0.12050619059497253,0.24101238118994506,0.3615185717849176
0.295,0.45,0.745,0.3959731543624161,0.4178889502097537,1.4165727125754364,0.12288895020975371,0.24577790041950742,0.36866685062926113
0.295,0.455,0.75,0.3933333333333333,0.4203181045622053,1.4248071341091706,0.12531810456220532,0.25063620912441065,0.37595431368661597
0.295,0.46,0.755,0.39072847682119205,0.42279538533774064,1.433204696060138,0.12779538533774065,0.2555907706754813,0.38338615601322196
0.295,0.465,0.76,0.3881578947368421,0.42532262358646244,1.4417716053778389,0.13032262358646246,0.2606452471729249,0.3909678707593874
0.295,0.47,0.7649999999999999,0.38562091503267976,0.4279017575639189,1.450514432420064,0.13290175756391892,0.26580351512783784,0.39870527269175676
0.295,0.475,0.77,0.3831168831168831,0.4305348413689477,1.4594401402337212,0.13553484136894772,0.27106968273789545,0.40660452410684317
0.295,0.48,0.7749999999999999,0.3806451612903226,0.4332240544786916,1.4685561168769208,0.13822405447869163,0.27644810895738325,0.4146721634360749
0.295,0.485,0.78,0.3782051282051282,0.43597171229594756,1.4778702111727036,0.14097171229594757,0.28194342459189514,0.4229151368878427
0.295,0.49,0.7849999999999999,0.37579617834394907,0.43878027784175144,1.4873907723449202,0.14378027784175146,0.2875605556835029,0.4313408335252544
0.295,0.495,0.79,0.3734177215189873,0.4416523747470562,1.4971266940578178,0.14665237474705622,0.29330474949411245,0.4399571242411687
0.295,0.5,0.7949999999999999,0.37106918238993714,0.4445908017222,1.5070874634650848,0.14959080172220002,0.29918160344440003,0.44877240516660005
0.295,0.505,0.8,0.36874999999999997,0.4475985487124159,1.5172832159742913,0.1525985487124159,0.3051970974248318,0.4577956461372477
0.295,0.51,0.8049999999999999,0.36645962732919257,0.45067881498294904,1.5277247965523697,0.15567881498294905,0.3113576299658981,0.46703644494884716
0.295,0.515,0.81,0.3641975308641975,0.45383502941970744,1.5384238285413812,0.15883502941970745,0.3176700588394149,0.47650508825912236
0.295,0.52,0.815,0.3619631901840491,0.4570708733824268,1.5493927911268706,0.16207087338242682,0.32414174676485363,0.48621262014728045
0.295,0.525,0.8200000000000001,0.35975609756097554,0.4603903065091306,1.5606451068106122,0.1653903065091306,0.3307806130182612,0.49617091952739184
0.295,0.53,0.825,0.3575757575757576,0.4637975959458521,1.5721952404944142,0.16879759594585214,0.3375951918917043,0.5063927878375565
0.295,0.535,0.8300000000000001,0.35542168674698793,0.4672973495675209,1.5840588120932912,0.1722973495675209,0.3445946991350418,0.5168920487025628
0.295,0.54,0.835,0.3532934131736527,0.47089455386893353,1.5962527249794358,0.17589455386893355,0.3517891077378671,0.5276836616068006
0.295,0.545,0.8400000000000001,0.35119047619047616,0.4745946173444787,1.6087953130321313,0.17959461734447874,0.35918923468895747,0.5387838520334363
0.295,0.55,0.845,0.34911242603550297,0.47840342034909533,1.6217065096579504,0.18340342034909535,0.3668068406981907,0.5502102610472861
0.295,0.555,0.8500000000000001,0.3470588235294117,0.4823273726505495,1.6350080428832188,0.1873273726505495,0.374654745301099,0.5619821179516484
0.295,0.56,0.855,0.34502923976608185,0.4863734801573407,1.6487236615503076,0.19137348015734074,0.3827469603146815,0.5741204404720222
0.295,0.565,0.8599999999999999,0.34302325581395354,0.4905494226546794,1.6628793988294217,0.1955494226546794,0.3910988453093588,0.5866482679640381
0.295,0.57,0.865,0.34104046242774566,0.4948636448262682,1.677503880767011,0.19986364482626823,0.39972728965253645,0.5995909344788046
0.295,0.575,0.8699999999999999,0.339080459770115,0.4993254634139006,1.6926286895386462,0.20432546341390062,0.40865092682780124,0.6129763902417018
0.295,0.58,0.875,0.33714285714285713,0.5039451941139885,1.7082887936067408,0.20894519411398854,0.4178903882279771,0.6268355823419656
0.295,0.585,0.8799999999999999,0.33522727272727276,0.508734302791184,1.7245230603090984,0.21373430279118405,0.4274686055823681,0.6412029083735522
0.295,0.59,0.885,0.3333333333333333,0.513705586890572,1.7413748708154984,0.218705586890572,0.437411173781144,0.656116760671716
0.295,0.595,0.8899999999999999,0.3314606741573034,0.5188733946747525,1.7588928633042458,0.22387339467475248,0.44774678934950496,0.6716201840242575
0.295,0.6,0.895,0.329608938547486,0.5242538922792808,1.7771318382348502,0.22925389227928078,0.45850778455856156,0.6877616768378423
0.3,0.005,0.305,0.9836065573770492,0.30084218309057176,1.0028072769685725,0.0008421830905717687,0.0016843661811435373,0.002526549271715306
0.3,0.01,0.31,0.9677419354838709,0.3016912125981134,1.0056373753270447,0.0016912125981133896,0.0033824251962267793,0.005073637794340169
0.3,0.015,0.315,0.9523809523809523,0.3025471873802904,1.0084906246009682,0.0025471873802904166,0.005094374760580833,0.00764156214087125
0.3,0.02,0.32,0.9375,0.3034102083968815,1.0113673613229384,0.003410208396881498,0.006820416793762996,0.010230625190644493
0.3,0.025,0.325,0.923076923076923,0.30428037876949954,1.0142679292316652,0.004280378769499549,0.008560757538999098,0.012841136308498646
0.3,0.03,0.32999999999999996,0.9090909090909092,0.3051578038434525,1.017192679478175,0.005157803843452491,0.010315607686904982,0.015473411530357473
0.3,0.035,0.33499999999999996,0.8955223880597015,0.30604259125183153,1.0201419708394386,0.006042591251831542,0.012085182503663083,0.018127773755494625
0.3,0.04,0.33999999999999997,0.8823529411764707,0.3069348509819293,1.0231161699397644,0.006934850981929308,0.013869701963858616,0.020804552945787924
0.3,0.045,0.345,0.8695652173913044,0.3078346954440865,1.0261156514802883,0.007834695444086492,0.015669390888172985,0.023504086332259477
0.3,0.05,0.35,0.8571428571428572,0.30874223954307645,1.0291407984769216,0.008742239543076458,0.017484479086152915,0.026226718629229373
0.3,0.055,0.355,0.8450704225352113,0.3096576007521412,1.0321920025071374,0.009657600752141227,0.019315201504282453,0.02897280225642368
0.3,0.06,0.36,0.8333333333333334,0.31058089918979725,1.0352696639659908,0.010580899189797266,0.021161798379594532,0.0317426975693918
0.3,0.065,0.365,0.821917808219178,0.3115122576995374,1.0383741923317913,0.011512257699537398,0.023024515399074796,0.034536773098612195
0.3,0.07,0.37,0.8108108108108107,0.31245180193256206,1.0415060064418735,0.012451801932562068,0.024903603865124135,0.0373554057976862
0.3,0.075,0.375,0.7999999999999999,0.3133996604336764,1.0446655347789213,0.013399660433676408,0.026799320867352816,0.040198981301029224
0.3,0.08,0.38,0.7894736842105263,0.31435596473050453,1.0478532157683484,0.014355964730504545,0.02871192946100909,0.043067894191513634
0.3,0.085,0.385,0.7792207792207791,0.31532084942617244,1.0510694980872415,0.015320849426172456,0.030641698852344912,0.04596254827851737
0.3,0.09,0.39,0.7692307692307692,0.3162944522956258,1.0543148409854195,0.016294452295625816,0.03258890459125163,0.04888335688687745
0.3,0.095,0.395,0.7594936708860759,0.31727691438575334,1.057589714619178,0.01727691438575335,0.0345538287715067,0.05183074315726005
0.3,0.1,0.4,0.7499999999999999,0.3182683801195003,1.0608946003983344,0.018268380119500327,0.036536760239000654,0.05480514035850098
0.3,0.105,0.40499999999999997,0.7407407407407408,0.31926899740416415,1.064229991347214,0.019268997404164157,0.03853799480832831,0.05780699221249247
0.3,0.11,0.41,0.7317073170731707,0.32027891774407413,1.0675963924802472,0.020278917744074143,0.040557835488148286,0.06083675323222243
0.3,0.115,0.415,0.7228915662650602,0.3212982963578761,1.0709943211929205,0.021298296357876112,0.042596592715752224,0.06389488907362834
0.3,0.12,0.42,0.7142857142857143,0.32232729230064217,1.0744243076688074,0.022327292300642176,0.04465458460128435,0.06698187690192653
0.3,0.125,0.425,0.7058823529411765,0.32336606859105566,1.077886895303519,0.023366068591055666,0.04673213718211133,0.070098205773167
0.3,0.13,0.43,0.6976744186046512,0.3244147923439189,1.0813826411463965,0.024414792343918912,0.048829584687837824,0.07324437703175674
0.3,0.135,0.435,0.689655172413793,0.3254736349082622,1.0849121163608741,0.02547363490826221,0.05094726981652442,0.07642090472478663
0.3,0.14,0.44,0.6818181818181818,0.3265427720113334,1.0884759067044447,0.026542772011333426,0.05308554402266685,0.07962831603400028
0.3,0.145,0.44499999999999995,0.6741573033707866,0.3276223839087805,1.0920746130292684,0.027622383908780523,0.05524476781756105,0.08286715172634157
0.3,0.15,0.44999999999999996,0.6666666666666667,0.3287126555413433,1.0957088518044777,0.028712655541343335,0.05742531108268667,0.08613796662403
0.3,0.155,0.45499999999999996,0.6593406593406593,0.3298137766984025,1.0993792556613418,0.029813776698402517,0.05962755339680503,0.08944133009520755
0.3,0.16,0.45999999999999996,0.6521739130434783,0.3309259421887476,1.1030864739624922,0.030925942188747613,0.061851884377495225,0.09277782656624284
0.3,0.165,0.46499999999999997,0.6451612903225806,0.3320493520189519,1.1068311733965064,0.03204935201895193,0.06409870403790385,0.09614805605685578
0.3,0.17,0.47,0.6382978723404256,0.33318421157976696,1.1106140385992234,0.033184211579766976,0.06636842315953395,0.09955263473930093
0.3,0.175,0.475,0.631578947368421,0.33433073184097317,1.114435772803244,0.03433073184097318,0.06866146368194637,0.10299219552291955
0.3,0.18,0.48,0.625,0.335489129555155,1.1182970985171834,0.035489129555154986,0.07097825911030997,0.10646738866546496
0.3,0.185,0.485,0.6185567010309279,0.33665962747089595,1.12219875823632,0.03665962747089596,0.07331925494179192,0.10997888241268788
0.3,0.19,0.49,0.6122448979591837,0.3378424545559239,1.126141515186413,0.03784245455592389,0.07568490911184778,0.11352736366777166
0.3,0.195,0.495,0.6060606060606061,0.33903784623077127,1.130126154102571,0.03903784623077128,0.07807569246154256,0.11711353869231383
0.3,0.2,0.5,0.6,0.3402460446135529,1.1341534820451764,0.04024604461355291,0.08049208922710582,0.12073813384065873
0.3,0.205,0.505,0.594059405940594,0.34146729877650517,1.1382243292550174,0.04146729877650518,0.08293459755301036,0.12440189632951554
0.3,0.21,0.51,0.5882352941176471,0.3427018650149741,1.1423395500499138,0.04270186501497414,0.08540373002994828,0.12810559504492242
0.3,0.215,0.515,0.5825242718446602,0.3439500071295868,1.1465000237652894,0.0439500071295868,0.0879000142591736,0.1318500213887604
0.3,0.22,0.52,0.5769230769230769,0.34521199672239467,1.1507066557413157,0.045211996722394676,0.09042399344478935,0.13563599016718403
0.3,0.225,0.525,0.5714285714285714,0.3464881135078286,1.1549603783594287,0.04648811350782861,0.09297622701565722,0.13946434052348583
0.3,0.23,0.53,0.5660377358490566,0.3477786456393688,1.1592621521312294,0.04777864563936879,0.09555729127873758,0.14333593691810637
0.3,0.235,0.5349999999999999,0.5607476635514019,0.34908389005289764,1.1636129668429922,0.04908389005289765,0.0981677801057953,0.14725167015869295
0.3,0.24,0.54,0.5555555555555555,0.3504041528277714,1.168013842759238,0.05040415282777139,0.10080830565554277,0.15121245848331416
0.3,0.245,0.5449999999999999,0.5504587155963303,0.35173974956672616,1.1724658318890873,0.05173974956672617,0.10347949913345234,0.1552192487001785
0.3,0.25,0.55,0.5454545454545454,0.35309100579581454,1.176970019319382,0.05309100579581455,0.1061820115916291,0.15927301738744365
0.3,0.255,0.5549999999999999,0.5405405405405406,0.35445825738566017,1.1815275246188672,0.05445825738566018,0.10891651477132036,0.16337477215698054
0.3,0.26,0.56,0.5357142857142857,0.35584185099541565,1.1861395033180522,0.055841850995415665,0.11168370199083133,0.167525552986247
0.3,0.265,0.565,0.5309734513274337,0.3572421445409145,1.1908071484697151,0.05724214454091453,0.11448428908182906,0.1717264336227436
0.3,0.27,0.5700000000000001,0.5263157894736842,0.358659507688627,1.1955316922954233,0.05865950768862699,0.11731901537725398,0.17597852306588097
0.3,0.275,0.575,0.5217391304347826,0.360094322377151,1.2003144079238368,0.06009432237715101,0.12018864475430202,0.18028296713145303
0.3,0.28,0.5800000000000001,0.5172413793103448,0.3615469833681151,1.2051566112270504,0.061546983368115094,0.12309396673623019,0.18464095010434528
0.3,0.285,0.585,0.5128205128205129,0.36301789882851243,1.2100596627617082,0.06301789882851244,0.12603579765702488,0.18905369648553733
0.3,0.29,0.59,0.5084745762711864,0.3645074909466586,1.2150249698221953,0.06450749094665859,0.12901498189331717,0.19352247283997576
0.3,0.295,0.595,0.5042016806722689,0.36601619658414053,1.2200539886138018,0.06601619658414054,0.13203239316828108,0.19804858975242162
0.3,0.3,0.6,0.5,0.3675444679663241,1.2251482265544138,0.06754446796632413,0.13508893593264826,0.2026334038989724
0.3,0.305,0.605,0.49586776859504134,0.36909277341420654,1.2303092447140218,0.06909277341420655,0.1381855468284131,0.20727832024261966
0.3,0.31,0.61,0.4918032786885246,0.3706615981206359,1.23553866040212,0.07066159812063594,0.14132319624127188,0.2119847943619078
0.3,0.315,0.615,0.4878048780487805,0.37225144497418505,1.2408381499139503,0.07225144497418506,0.14450288994837013,0.2167543349225552
0.3,0.32,0.62,0.48387096774193544,0.3738628354342527,1.246209451447509,0.0738628354342527,0.1477256708685054,0.22158850630275811
0.3,0.325,0.625,0.48,0.37549631046128906,1.2516543682042969,0.07549631046128907,0.15099262092257815,0.22648893138386722
0.3,0.33,0.63,0.47619047619047616,0.37715243150638533,1.257174771687951,0.07715243150638534,0.1543048630127707,0.23145729451915603
0.3,0.335,0.635,0.47244094488188976,0.37883178156486574,1.2627726052162191,0.07883178156486575,0.1576635631297315,0.23649534469459726
0.3,0.34,0.64,0.46875,0.3805349662989409,1.2684498876631365,0.08053496629894091,0.16106993259788183,0.24160489889682274
0.3,0.345,0.645,0.46511627906976744,0.3822626152349632,1.2742087174498773,0.0822626152349632,0.1645252304699264,0.2467878457048896
0.3,0.35,0.6499999999999999,0.46153846153846156,0.3840153830413502,1.2800512768045007,0.0840153830413502,0.1680307660827004,0.2520461491240506
0.3,0.355,0.655,0.4580152671755725,0.38579395089383006,1.285979836312767,0.08579395089383007,0.17158790178766015,0.2573818526814902
0.3,0.36,0.6599999999999999,0.4545454545454546,0.3875990279353143,1.291996759784381,0.08759902793531432,0.17519805587062864,0.26279708380594297
0.3,0.365,0.665,0.45112781954887216,0.3894313528384319,1.2981045094614396,0.0894313528384319,0.1788627056768638,0.2682940585152957
0.3,0.37,0.6699999999999999,0.44776119402985076,0.3912916954795681,1.3043056515985605,0.09129169547956811,0.18258339095913623,0.27387508643870434
0.3,0.375,0.675,0.4444444444444444,0.393180858734163,1.31060286244721,0.09318085873416299,0.18636171746832597,0.27954257620248896
0.3,0.38,0.6799999999999999,0.44117647058823534,0.3950996804040312,1.316998934680104,0.09509968040403122,0.19019936080806243,0.28529904121209365
0.3,0.385,0.685,0.437956204379562,0.39704903528861524,1.3234967842953842,0.09704903528861525,0.1940980705772305,0.29114710586584575
0.3,0.39,0.69,0.4347826086956522,0.39902983741335174,1.3300994580445058,0.09902983741335175,0.1980596748267035,0.29708951224005525
0.3,0.395,0.6950000000000001,0.43165467625899273,0.4010430424297775,1.3368101414325917,0.10104304242977752,0.20208608485955504,0.30312912728933256
0.3,0.4,0.7,0.4285714285714286,0.40308965020362064,1.3436321673454021,0.10308965020362065,0.2061793004072413,0.30926895061086196
0.3,0.405,0.7050000000000001,0.42553191489361697,0.4051707076089561,1.3505690253631872,0.10517070760895614,0.21034141521791228,0.3155121228268684
0.3,0.41,0.71,0.4225352112676056,0.40728731154857845,1.357624371828595,0.10728731154857846,0.2145746230971569,0.32186193464573537
0.3,0.415,0.715,0.4195804195804196,0.40944061222309613,1.3648020407436539,0.10944061222309615,0.2188812244461923,0.32832183666928844
0.3,0.42,0.72,0.4166666666666667,0.411631816673924,1.3721060555797469,0.11163181667392402,0.22326363334784805,0.33489545002177207
0.3,0.425,0.725,0.41379310344827586,0.4138621926283925,1.379540642094642,0.11386219262839253,0.22772438525678507,0.3415865778851776
0.3,0.43,0.73,0.410958904109589,0.41613307267866784,1.3871102422622261,0.11613307267866785,0.2322661453573357,0.34839921803600354
0.3,0.435,0.735,0.40816326530612246,0.4184458588301442,1.394819529433814,0.11844585883014419,0.23689171766028838,0.35533757649043257
0.3,0.44,0.74,0.4054054054054054,0.42080202745953055,1.4026734248651018,0.12080202745953056,0.24160405491906112,0.3624060823785917
0.3,0.445,0.745,0.40268456375838924,0.4232031347280847,1.4106771157602824,0.1232031347280847,0.2464062694561694,0.3696094041842541
0.3,0.45,0.75,0.39999999999999997,0.42565082250148245,1.4188360750049416,0.12565082250148246,0.2513016450029649,0.3769524675044474
0.3,0.455,0.755,0.3973509933774834,0.4281468248347826,1.4271560827826089,0.12814682483478262,0.25629364966956525,0.3844404745043479
0.3,0.46,0.76,0.39473684210526316,0.4306929750890216,1.4356432502967387,0.1306929750890216,0.2613859501780432,0.39207892526706484
0.3,0.465,0.765,0.39215686274509803,0.43329121375536106,1.4443040458512035,0.13329121375536107,0.26658242751072214,0.3998736412660832
0.3,0.47,0.77,0.3896103896103896,0.4359435970736453,1.4531453235788176,0.13594359707364528,0.27188719414729057,0.40783079122093585
0.3,0.475,0.7749999999999999,0.38709677419354843,0.4386523065450144,1.4621743551500481,0.13865230654501443,0.27730461309002885,0.4159569196350433
0.3,0.48,0.78,0.3846153846153846,0.4414196594532134,1.4713988648440446,0.1414196594532134,0.2828393189064268,0.42425897835964016
0.3,0.485,0.7849999999999999,0.3821656050955414,0.44424812052688434,1.4808270684229479,0.14424812052688435,0.2884962410537687,0.43274436158065305
0.3,0.49,0.79,0.37974683544303794,0.44714031489596884,1.4904677163198963,0.14714031489596885,0.2942806297919377,0.44142094468790655
0.3,0.495,0.7949999999999999,0.37735849056603776,0.4500990425200415,1.5003301417334718,0.15009904252004153,0.30019808504008305,0.4502971275601246
0.3,0.5,0.8,0.37499999999999994,0.45312729429578946,1.5104243143192984,0.15312729429578947,0.30625458859157895,0.4593818828873684
0.3,0.505,0.8049999999999999,0.3726708074534162,0.45622827008594413,1.5207609002864806,0.15622827008594414,0.3124565401718883,0.46868481025783243
0.3,0.51,0.81,0.37037037037037035,0.4594053989540938,1.5313513298469794,0.15940539895409384,0.31881079790818767,0.4782161968622815
0.3,0.515,0.815,0.36809815950920244,0.462662361940526,1.5422078731350868,0.16266236194052602,0.32532472388105205,0.48798708582157807
0.3,0.52,0.8200000000000001,0.3658536585365853,0.46600311777567716,1.553343725918924,0.16600311777567717,0.33200623555135433,0.4980093533270315
0.3,0.525,0.825,0.36363636363636365,0.4694319320024527,1.5647731066748425,0.1694319320024527,0.3388638640049054,0.5082957960073582
0.3,0.53,0.8300000000000001,0.36144578313253006,0.4729534100700217,1.5765113669000723,0.17295341007002168,0.34590682014004337,0.5188602302100651
0.3,0.535,0.835,0.3592814371257485,0.47657253507393893,1.58857511691313,0.17657253507393894,0.3531450701478779,0.5297176052218169
0.3,0.54,0.8400000000000001,0.3571428571428571,0.4802947109562362,1.6009823698541208,0.18029471095623623,0.36058942191247245,0.5408841328687086
0.3,0.545,0.845,0.35502958579881655,0.4841258121517099,1.6137527071723665,0.18412581215170992,0.36825162430341984,0.5523774364551297
0.3,0.55,0.8500000000000001,0.3529411764705882,0.4880722408826653,1.6269074696088845,0.18807224088266533,0.37614448176533066,0.5642167226479959
0.3,0.555,0.855,0.3508771929824561,0.4921409935765858,1.6404699785886194,0.19214099357658582,0.38428198715317163,0.5764229807297574
0.3,0.56,0.8600000000000001,0.34883720930232553,0.4963397382266981,1.6544657940889937,0.1963397382266981,0.3926794764533962,0.5890192146800943
0.3,0.565,0.865,0.3468208092485549,0.5006769049572517,1.6689230165241724,0.2006769049572517,0.4013538099145034,0.6020307148717552
0.3,0.57,0.8699999999999999,0.3448275862068966,0.5051617926250884,1.683872642083628,0.20516179262508843,0.41032358525017687,0.6154853778752654
0.3,0.575,0.875,0.34285714285714286,0.5098046950301133,1.699348983433711,0.2098046950301133,0.4196093900602266,0.6294140850903398
0.3,0.58,0.8799999999999999,0.34090909090909094,0.5146170512802264,1.715390170934088,0.2146170512802264,0.4292341025604528,0.6438511538406793
0.3,0.585,0.885,0.3389830508474576,0.5196116261465376,1.7320387538217918,0.21961162614653756,0.43922325229307513,0.6588348784396127
0.3,0.59,0.8899999999999999,0.3370786516853933,0.5248027279743696,1.7493424265812318,0.22480272797436957,0.44960545594873913,0.6744081839231086
0.3,0.595,0.895,0.33519553072625696,0.5302064740616287,1.7673549135387623,0.2302064740616287,0.4604129481232574,0.690619422184886
0.3,0.6,0.8999999999999999,0.33333333333333337,0.535841116638722,1.7861370554624068,0.23584111663872204,0.4716822332774441,0.7075233499161662
