model,protocol,alpha_s,sigma_s,seed,imp,seed_used,horizon,n_eval,mean_pred,obs_cif,eo,calib_intercept,calib_slope,ici,e50,e90,auc,cindex,at_risk_fraction,brier
deephit,inner_oof,0,0.1,2,1,21040084,10.0,14551,0.20043271713855984,0.041509174627173406,4.828636534905932,-1.4585027729074915,3.947312577419375,0.15830413247047176,0.17708154385713387,0.21813696020696127,0.8394343035626357,0.8327582554092093,1.0,0.06532285276232938
deephit,inner_oof,0,0.1,3,3,21056053,10.0,14551,0.18659367474009494,0.041509174627173406,4.495239339640928,-1.37653014410271,4.100877530110216,0.1444913729769275,0.16016628581093117,0.19962731468577521,0.8373260978054574,0.8309817120571469,1.0,0.06047814964417437
deephit,inner_oof,0.5,0.1,2,3,21055922,10.0,14551,0.048523856307775025,0.041509174627173406,1.1689911144609837,-0.07405803801308239,1.281524439571191,0.007934083494717857,0.006197549971787564,0.017879982518341858,0.8403050906530256,0.8339813758428456,1.0,0.036474615414028494
deephit,inner_oof,0.3,0.1,4,1,21040346,10.0,14551,0.05561715892556665,0.041509174627173406,1.339876290605828,-0.23043244950779987,1.3300428863871274,0.014154371306502676,0.010717017232935722,0.03247240178312083,0.8381212081498691,0.8317901720596734,1.0,0.036934451706835555
deephit,inner_oof,0.5,0.1,0,1,21039822,10.0,14551,0.054621438342042854,0.041509174627173406,1.3158883266805717,-0.22844047574410276,1.2859134221627684,0.013919214865785323,0.009239966905711102,0.03411307996730839,0.8422170117051448,0.835709050161477,1.0,0.03666047989412758
deephit,inner_oof,0.7,0.1,0,3,21055660,10.0,14551,0.04658623933372588,0.041509174627173406,1.1223118684520614,-0.0950178469724182,1.0794412402463258,0.005089611637777858,0.002866824566412629,0.013512255255865968,0.8369089557107631,0.8305230055768806,1.0,0.036401148640080094
deephit,inner_oof,0.05,0.1,4,3,21056184,10.0,14551,0.08569801687311225,0.041509174627173406,2.0645560323189667,-0.5952955678010198,2.1745229054666995,0.04443066077784009,0.05028500926389312,0.08286587204779752,0.8386143237620947,0.8323613179926019,1.0,0.03947996866460538
deephit,inner_oof,0.85,0.1,1,2,21047872,10.0,14551,0.04832981608199696,0.041509174627173406,1.164316479816453,-0.1375334870041702,1.0697192438438976,0.00670825613158336,0.003149281182401653,0.019324501178283215,0.8380192374443078,0.8315655836955704,1.0,0.03648169057145905
deephit,inner_oof,0,0.1,4,3,21056184,10.0,14551,0.18876918242230295,0.041509174627173406,4.547649624879022,-1.394375672502907,3.7026061064656464,0.14717731019393068,0.16318073791655208,0.2106113332414531,0.8314741189090012,0.825155605161918,1.0,0.06176757386168089
deephit,inner_oof,0.3,0.1,0,3,21055660,10.0,14551,0.0573588179501615,0.041509174627173406,1.3818347019748338,-0.25682792770892715,1.5247298807192742,0.017379183013742586,0.012095795948791954,0.04130887260649507,0.8385133027255025,0.8321610769828479,1.0,0.03688811215341875
deephit,inner_oof,0.7,0.1,4,1,21040346,10.0,14551,0.04936907478057865,0.041509174627173406,1.1893533230665556,-0.15261050133980517,1.0526707894582743,0.007569309007369104,0.003922633730453873,0.020537969397514177,0.8393198090975438,0.8330461817595665,1.0,0.036518073732601866
deephit,inner_oof,0.1,0.1,2,1,21040084,10.0,14551,0.07310941697981348,0.041509174627173406,1.7612833219756052,-0.4543046002888686,1.9997426372333866,0.03234834516598787,0.030917140106161978,0.0665405370747244,0.8441893554454256,0.8373366039752315,1.0,0.03812982553236042
deephit,inner_oof,0.3,0.1,0,1,21039822,10.0,14551,0.054405397351873004,0.041509174627173406,1.3106836703097744,-0.19705879405005836,1.5164660206452205,0.014827663670801166,0.010666791612801152,0.03543789068631187,0.8407551150357764,0.8342317642674044,1.0,0.03669693462525893
deephit,inner_oof,0.85,0.1,0,2,21047741,10.0,14551,0.04721802808594935,0.041509174627173406,1.13753232893816,-0.07861032838960424,1.082865133938903,0.0052777240108075035,0.004440164620530873,0.010095660577943533,0.837700029962056,0.8313676089073431,1.0,0.03653844889918942
deephit,inner_oof,0.7,0.1,3,3,21056053,10.0,14551,0.04914313463868946,0.041509174627173406,1.1839101856416723,-0.16776520091597036,1.0272637785397984,0.007333919067064515,0.002645416979075721,0.022635992963122575,0.8394791160671169,0.8330805818401742,1.0,0.036561868978631874
deephit,inner_oof,0.85,0.1,4,1,21040346,10.0,14551,0.04482130210652495,0.041509174627173406,1.0797926605166297,-0.07927643508150882,0.9662613513329485,0.002999890745897466,0.0011183829642288368,0.008803566363759896,0.8407553524530187,0.8341102599286361,1.0,0.036509055941493784
deephit,inner_oof,0,0.1,4,2,21048265,10.0,14551,0.20312673531120626,0.041509174627173406,4.893538287273777,-1.4734196488851015,3.629040219470055,0.16210671028322474,0.18145161388664735,0.21784968856653686,0.8324901459973589,0.8261448399123681,1.0,0.06610955708701653
deephit,inner_oof,0.5,0.1,1,3,21055791,10.0,14551,0.05100162327004348,0.041509174627173406,1.2286831460304675,-0.13759117805591378,1.2465458882665366,0.009474606012523156,0.006862462484307441,0.022217237069457663,0.8409184580984683,0.8344818621507418,1.0,0.036476768156961784
deephit,inner_oof,0.85,0.1,2,3,21055922,10.0,14551,0.04500708820799376,0.041509174627173406,1.0842684445604585,-0.07939181835394409,0.9853781372659391,0.0032614204754413223,0.0013611191437304937,0.009078804769992344,0.8404286663276348,0.8340334989379556,1.0,0.03637580240394163
deephit,inner_oof,0.7,0.1,0,2,21047741,10.0,14551,0.04650540600919223,0.041509174627173406,1.1203645080128408,-0.12499124080872842,0.9803914951500652,0.0046949685788445225,0.0010735814601365821,0.015703887818934392,0.836836306034624,0.8304385161897122,1.0,0.03666693732212741
deephit,inner_oof,0.7,0.1,4,3,21056184,10.0,14551,0.047600947557451916,0.041509174627173406,1.1467572647491433,-0.09045742181421526,1.1695790892605864,0.006453749522361716,0.0044112798704175615,0.015869881782279327,0.8400825119883837,0.83376614290607,1.0,0.03634126233057251
deephit,inner_oof,0,0.1,0,1,21039822,10.0,14551,0.20128762669567735,0.041509174627173406,4.849232212001325,-1.461887664283235,3.513207830546388,0.16273019543786024,0.1868080395166819,0.21449793172605147,0.8341745026227483,0.8278095830024553,1.0,0.0653308480178877
deephit,inner_oof,0.2,0.1,0,2,21047741,10.0,14551,0.06111053816801269,0.041509174627173406,1.4722176173555503,-0.3109957512934179,1.86079549427079,0.02254725885589343,0.017351464187672194,0.05145209912875881,0.8387494141729547,0.8322748529251284,1.0,0.037290261529278314
deephit,inner_oof,0.5,0.1,4,1,21040346,10.0,14551,0.05117846671911125,0.041509174627173406,1.2329434921022973,-0.1670353199422641,1.1454266257106975,0.009306426872089905,0.006122209231632758,0.022506205983889638,0.8383962560250561,0.8319491562159957,1.0,0.03665691186262939
deephit,inner_oof,0.5,0.1,0,2,21047741,10.0,14551,0.048927939104883196,0.041509174627173406,1.1787258972105217,-0.12644766281748104,1.2110713675557339,0.008050662046398099,0.004862544180050055,0.01970203501824888,0.8364521649366072,0.8301394330564553,1.0,0.03666369168059622
deephit,inner_oof,0.5,0.1,2,1,21040084,10.0,14551,0.05165468963820286,0.041509174627173406,1.2444162068302806,-0.16440314040178491,1.235221170670277,0.010084440562518115,0.0067173731697036665,0.024388913181347394,0.8406285716456386,0.8341019504497055,1.0,0.036593055431232556
deephit,inner_oof,0.85,0.1,0,3,21055660,10.0,14551,0.04444998999838048,0.041509174627173406,1.070847358388136,-0.04658361065806811,1.0179522634220672,0.002707682852145291,0.002102357928484809,0.00544673629248138,0.8360500988367979,0.8297167536876363,1.0,0.036481225417537795
deephit,inner_oof,0.95,0.1,0,1,21039822,10.0,14551,0.047588643326153396,0.041509174627173406,1.146460842779566,-0.11959195475737518,0.9735557924654605,0.006431290879917229,0.005172996342361014,0.010713963346932087,0.8378241991797709,0.83134238992933,1.0,0.03649662055320766
deephit,inner_oof,0.3,0.1,2,2,21048003,10.0,14551,0.05514116484239107,0.041509174627173406,1.3284090887775368,-0.19778138551309205,1.490078367339642,0.014965620655098202,0.011603685555378274,0.034091357236991526,0.8415772909458086,0.8350638162171045,1.0,0.036700095331499365
deephit,inner_oof,0.5,0.1,1,2,21047872,10.0,14551,0.04912913738018207,0.041509174627173406,1.183572976852697,-0.11644171099676918,1.3019097584181047,0.009289055102755697,0.005744502489542946,0.022766051141435262,0.8384374479165925,0.8319839049460691,1.0,0.0364720081295172
deephit,inner_oof,0.7,0.1,2,2,21048003,10.0,14551,0.048094619066676815,0.041509174627173406,1.15865033450201,-0.1292006563105472,1.0244338177606445,0.006326133363843765,0.0034698364455429953,0.016412769439382857,0.8378446170626074,0.8315037565236673,1.0,0.036587155330910705
deephit,inner_oof,0.05,0.1,4,1,21040346,10.0,14551,0.0834178817849653,0.041509174627173406,2.009625162008327,-0.591362273597151,2.5310223707474506,0.0442424223738865,0.04371212854019191,0.08875138171190633,0.8389101456459814,0.8323555652764192,1.0,0.03944391749296196
deephit,inner_oof,0.7,0.1,0,1,21039822,10.0,14551,0.05138671987114498,0.041509174627173406,1.2379605312003814,-0.163506812554171,1.1366573243576268,0.009600268737086384,0.0065937568081898545,0.022539192591574664,0.8405233958073065,0.834185800646187,1.0,0.03648844792018801
deephit,inner_oof,0.3,0.1,2,3,21055922,10.0,14551,0.055085117581252424,0.041509174627173406,1.3270588508688803,-0.20882691595461758,1.487255236756661,0.015050970193553089,0.011120380060871682,0.03516109988693389,0.839831799380531,0.833334631084122,1.0,0.03677275189138565
deephit,inner_oof,0.5,0.1,4,3,21056184,10.0,14551,0.05134867292791868,0.041509174627173406,1.2370439400234179,-0.16978562714250844,1.229238931010519,0.010370081213734008,0.006795322331997644,0.025569885341267473,0.8400433381434067,0.8335937357453214,1.0,0.036565769997607835
deephit,inner_oof,0.85,0.1,3,3,21056053,10.0,14551,0.04660585401591261,0.041509174627173406,1.1227844069297088,-0.09601067101001695,1.038477089316974,0.004817865191513874,0.0026683636268486355,0.012886576852501164,0.8407737522892957,0.8343422280397613,1.0,0.03630434389534553
deephit,inner_oof,0.95,0.1,2,1,21040084,10.0,14551,0.04487532435471275,0.041509174627173406,1.0810941137175911,-0.045295013387603764,0.9874349155632306,0.0031686200396020938,0.003162145655352222,0.004138243660972707,0.8426191965135753,0.8360383495817543,1.0,0.036499978884798716
deephit,inner_oof,0.2,0.1,1,3,21055791,10.0,14551,0.05802622728382351,0.041509174627173406,1.3979133000114496,-0.22679730294625847,1.6042764257489164,0.017187381815077583,0.015319226015268361,0.03700064577459217,0.8403275265824215,0.833878349925755,1.0,0.03700897557894693
deephit,inner_oof,0.2,0.1,2,1,21040084,10.0,14551,0.05966990399547141,0.041509174627173406,1.4375112136392454,-0.27102315902291163,1.6347038983795887,0.019257042727968743,0.015793393678113627,0.04318768195997347,0.845076821097086,0.838454257945518,1.0,0.03699769981921081
deephit,inner_oof,0.85,0.1,3,2,21048134,10.0,14551,0.04927127312826413,0.041509174627173406,1.1869971776314092,-0.14484959217600255,1.099446611432653,0.00752386166294292,0.004043803520369614,0.020001235047111265,0.8349935921086308,0.8286531403845209,1.0,0.03649932298907634
deephit,inner_oof,0.85,0.1,1,3,21055791,10.0,14551,0.04628131539081713,0.041509174627173406,1.114965927569172,-0.1234204429921552,0.9547268116119872,0.004545183636178506,0.0015081444482394346,0.01290709439686566,0.8375845264736844,0.8311997922978916,1.0,0.036492430422061885
deephit,inner_oof,0.7,0.1,2,1,21040084,10.0,14551,0.04958906193259304,0.041509174627173406,1.1946530466575513,-0.1201775297783832,1.1471350272382956,0.007809410046358259,0.005865056116889922,0.016991804089217077,0.8425258915373574,0.835861293761464,1.0,0.03641453728380039
deephit,inner_oof,0,0.1,0,3,21055660,10.0,14551,0.19614455264657313,0.041509174627173406,4.725330108543518,-1.4569621088160918,3.3082187587697733,0.16155271967955034,0.18804972457297653,0.24617932818633093,0.8332250710708515,0.8265845449967582,1.0,0.06496099491094033
deephit,inner_oof,0.7,0.1,1,2,21047872,10.0,14551,0.04797899856742267,0.041509174627173406,1.1558649141631905,-0.1047145645281958,1.1704711425832686,0.00689418698069726,0.0042096838064418565,0.01750123026487238,0.840428785036256,0.8340287921701698,1.0,0.03634172328267461
deephit,inner_oof,0.95,0.1,1,2,21047872,10.0,14551,0.047004501235138836,0.041509174627173406,1.1323882408485182,-0.11627201745065462,1.029776319143957,0.005228880029716442,0.0022321107062737156,0.01558931768078875,0.8355930706453998,0.8292861134893524,1.0,0.036499131669390804
deephit,inner_oof,0.95,0.1,0,2,21047741,10.0,14551,0.043531892328268006,0.041509174627173406,1.048729412696403,-0.014490335761459666,1.0355115204773697,0.0017984261383070267,0.0019638847761258016,0.0022412350530801595,0.83368732244158,0.827343554883411,1.0,0.036596330478593855
deephit,inner_oof,0.1,0.1,2,3,21055922,10.0,14551,0.06741046711586542,0.041509174627173406,1.623989581130724,-0.3840985904881979,2.005882157920036,0.02819756253345457,0.024610507212941557,0.061026952402956414,0.8418826095193868,0.8354201359709673,1.0,0.037619839944337256
deephit,inner_oof,0.05,0.1,0,1,21039822,10.0,14551,0.08816940270610389,0.041509174627173406,2.1240943357227104,-0.6553115082872649,2.411653988816524,0.04827840337067524,0.052162232913053996,0.09484440334612265,0.8391495809348256,0.8326868984852459,1.0,0.04015731803588401
deephit,inner_oof,0.95,0.1,0,3,21055660,10.0,14551,0.04572154605322948,0.041509174627173406,1.1014804910936125,-0.10687562668068391,0.9608640976970371,0.003865503067203723,0.0010767793946128146,0.011707779395583096,0.8360649374144408,0.8295535276294823,1.0,0.03654343215432721
deephit,inner_oof,0.7,0.1,4,2,21048265,10.0,14551,0.04973299941414062,0.041509174627173406,1.1981206531045694,-0.11909965060918105,1.2303690507613374,0.008698635253789342,0.006250195004808612,0.020533178348566383,0.8384347176183062,0.8320345172268282,1.0,0.03642047677991629
deephit,inner_oof,0.1,0.1,4,1,21040346,10.0,14551,0.07042261503060798,0.041509174627173406,1.696555416076782,-0.4369155859338629,2.04598001645872,0.030875415505232852,0.028397961611962952,0.06562110626804363,0.8371974176601391,0.8308244711481526,1.0,0.03807577482953123
deephit,inner_oof,0.3,0.1,1,3,21055791,10.0,14551,0.05115268273172515,0.041509174627173406,1.2323223285253848,-0.10442758786757317,1.4359523227588282,0.01130280133167263,0.009394625464977269,0.024495578875649626,0.8404842219623295,0.8339875934249824,1.0,0.03656842954155302
deephit,inner_oof,0.85,0.1,0,1,21039822,10.0,14551,0.04890520648611145,0.041509174627173406,1.1781782443367672,-0.1428527792195031,1.0312940519950669,0.007162910645610837,0.00420103821369755,0.018292496747785436,0.839983508998351,0.8336501007422631,1.0,0.036489363612718324
deephit,inner_oof,0.2,0.1,4,3,21056184,10.0,14551,0.05638233554737015,0.041509174627173406,1.3583102062082495,-0.21821396608357027,1.493831308662254,0.015707630816926495,0.01354992764193308,0.03478567197477356,0.8387700101187229,0.8324770696151874,1.0,0.03689729360535052
deephit,inner_oof,0.95,0.1,1,1,21039953,10.0,14551,0.04372969079063134,0.041509174627173406,1.0534945872425105,-0.0967345638358404,0.8636408129800021,0.0048609890086561075,0.0029362647899463523,0.006191652852907792,0.8378677652437302,0.8313203669047516,1.0,0.0366616511446846
deephit,inner_oof,0,0.1,2,2,21048003,10.0,14551,0.20395860437859548,0.041509174627173406,4.91357889455785,-1.4726679918520997,3.992939547133915,0.16207328627814444,0.18014922437214242,0.2282501494843241,0.8387893002696585,0.8325343643440375,1.0,0.06671111563970354
deephit,inner_oof,0.3,0.1,3,3,21056053,10.0,14551,0.053002052527451486,0.041509174627173406,1.2768756065015667,-0.19843716453864937,1.3664943874140185,0.01295734798179938,0.008439581666473295,0.030812528520655857,0.8384381601683193,0.8321103484856004,1.0,0.0367704137480503
deephit,inner_oof,0.2,0.1,4,1,21040346,10.0,14551,0.06088532525852395,0.041509174627173406,1.466791999729771,-0.30582605777836946,1.641401133224311,0.021052801803705626,0.016483935409984718,0.04802112181087592,0.8409318721726574,0.8344888351400542,1.0,0.037136665306580614
deephit,inner_oof,0.85,0.1,1,1,21039953,10.0,14551,0.04600606113178738,0.041509174627173406,1.108334760809003,-0.14498584113976418,0.9125579645970239,0.004432393473492634,0.000634697474879764,0.015969274294452607,0.83432846770437,0.8278733858546636,1.0,0.03669391294854246
deephit,inner_oof,0.5,0.1,0,3,21055660,10.0,14551,0.051557731620845905,0.041509174627173406,1.2420803854551796,-0.1741757747456741,1.2009266014570306,0.010133131285121432,0.0066370013418602936,0.024805938711077946,0.8361780667303894,0.8298191985222841,1.0,0.03667406192360259
deephit,inner_oof,0.2,0.1,3,2,21048134,10.0,14551,0.0621009080159057,0.041509174627173406,1.496076676389807,-0.34857118398952736,1.5685962485671974,0.02209691564819641,0.01638613515482329,0.050888972966651735,0.8399013626325204,0.8334507894644175,1.0,0.037378922819961566
deephit,inner_oof,0,0.1,3,2,21048134,10.0,14551,0.20426239280151426,0.041509174627173406,4.920897479560981,-1.4769420506679907,3.717522683120245,0.16275768738000546,0.17857733460458847,0.2177431749873726,0.8308695359015231,0.8246365242158554,1.0,0.06619190695594944
deephit,inner_oof,0.1,0.1,0,3,21055660,10.0,14551,0.07100087045631961,0.041509174627173406,1.7104862020031562,-0.42996429187556534,2.1103547516076184,0.031612172894846795,0.029543820597155324,0.06601334626032185,0.8398189788494476,0.833390821756331,1.0,0.03799601047221859
deephit,inner_oof,0.7,0.1,1,1,21039953,10.0,14551,0.04989274728168618,0.041509174627173406,1.2019691485030055,-0.1773790177119066,1.0342828182820214,0.008259827763962184,0.0037650599272407437,0.02379746484966938,0.8363687127759442,0.8297243077593914,1.0,0.03665012201851921
deephit,inner_oof,0.95,0.1,2,2,21048003,10.0,14551,0.043158115901789466,0.041509174627173406,1.0397247425280436,-0.014647600748943706,0.9743735947578636,0.002612358659345389,0.0027023856209871244,0.003369017829156804,0.84107657798183,0.8344724486151701,1.0,0.03642234314557884
deephit,inner_oof,0.5,0.1,4,2,21048265,10.0,14551,0.050435699111649274,0.041509174627173406,1.2150494334000137,-0.16863617483881743,1.1708050740867189,0.009473784389317752,0.005409600022847183,0.023559032332306357,0.8400563960917323,0.833500646338001,1.0,0.03665828050190759
deephit,inner_oof,0.2,0.1,0,1,21039822,10.0,14551,0.06201824656696344,0.041509174627173406,1.4940852744964979,-0.33147607640236443,1.6685117116610702,0.02220215982700948,0.018154374717296196,0.04998437872864503,0.8389309196546814,0.8326338456582275,1.0,0.037365251453681955
deephit,inner_oof,0.05,0.1,3,3,21056053,10.0,14551,0.0819691855435029,0.041509174627173406,1.9747245345091229,-0.5527280258308765,2.053768459116693,0.040433082113018395,0.04445260323434741,0.07685261562970103,0.841335006650057,0.834768277686748,1.0,0.039020931708559387
deephit,inner_oof,0.05,0.1,2,2,21048003,10.0,14551,0.07570906223269891,0.041509174627173406,1.8239115307086116,-0.47935092191972134,2.002686353459019,0.03501636513944665,0.0382946156711268,0.06686850083207257,0.8364702680013314,0.8300071786924971,1.0,0.038455444144328055
deephit,inner_oof,0.85,0.1,4,2,21048265,10.0,14551,0.045298095522469266,0.041509174627173406,1.0912791191182947,-0.07878489523112217,0.9888606092650584,0.0034441409137579817,0.0017577868259874632,0.008912232774752726,0.8390838163587128,0.8326171685921221,1.0,0.036487454269413175
deephit,inner_oof,0.5,0.1,3,3,21056053,10.0,14551,0.04754567749692215,0.041509174627173406,1.1454257504266787,-0.10136567277016556,1.1614233414607305,0.006472860630465095,0.0037576236380470075,0.01636678792987123,0.8416386633029391,0.8352369206767843,1.0,0.036421187857091725
deephit,inner_oof,0.5,0.1,2,2,21048003,10.0,14551,0.05085747456625678,0.041509174627173406,1.2252104510158974,-0.16773326202467007,1.246804601649411,0.010417262381384056,0.0060875429513035095,0.025987554256051593,0.8398123311666635,0.8333463689494646,1.0,0.036572451562117594
deephit,inner_oof,0.3,0.1,3,2,21048134,10.0,14551,0.05614836823237438,0.041509174627173406,1.3526736856776147,-0.24800065829502926,1.351785398528361,0.015188917177876182,0.011064567260978486,0.03541901000424297,0.8367185470824507,0.8303070172329295,1.0,0.03698417187411146
deephit,inner_oof,0.3,0.1,4,2,21048265,10.0,14551,0.054110582337186436,0.041509174627173406,1.3035812642192044,-0.20316325731101723,1.3706985472592996,0.013505319476169887,0.009796681261165237,0.03164297975920302,0.8401829394818701,0.833829655217057,1.0,0.03672422856945079
deephit,inner_oof,0,0.1,1,3,21055791,10.0,14551,0.1895067914412036,0.041509174627173406,4.565419407716809,-1.396546601963909,3.129203766760943,0.14787131552133018,0.1656468906094979,0.2066676542131063,0.8317393139686334,0.8254511436922746,1.0,0.061967515891719324
deephit,inner_oof,0,0.1,0,2,21047741,10.0,14551,0.19797336280452826,0.041509174627173406,4.769388083060744,-1.4465830330170408,3.405871990299392,0.15670915159993076,0.17467956802582651,0.21484449444373566,0.8305771565676494,0.8241657893290253,1.0,0.06462246890664392
deephit,inner_oof,0.7,0.1,2,3,21055922,10.0,14551,0.04770585726094312,0.041509174627173406,1.149284650668846,-0.10336188648697392,1.0689515450416094,0.006000167119325032,0.004351136000785294,0.013650213514184162,0.8394949043137289,0.8331557158000151,1.0,0.03644139775948763
deephit,inner_oof,0.1,0.1,4,2,21048265,10.0,14551,0.07166901369209525,0.041509174627173406,1.7265824805193337,-0.45474473966488427,2.101139551738302,0.03251981567987199,0.028849421943943132,0.06937817224492293,0.8387765984471963,0.8323608531266478,1.0,0.03815652150254174
deephit,inner_oof,0.7,0.1,1,3,21055791,10.0,14551,0.04575525355989458,0.041509174627173406,1.102292540645738,-0.07413529062287849,0.9864913748729327,0.004106776543666407,0.0032649877005213046,0.007280056487252995,0.8424108628834704,0.8360119103306115,1.0,0.03643681793555923
deephit,inner_oof,0.5,0.1,1,1,21039953,10.0,14551,0.05030548997028143,0.041509174627173406,1.2119125572145113,-0.18724097699872705,1.0925417421747576,0.009182621558525709,0.0034488353767792787,0.026459834704508856,0.838223653689915,0.831778666627308,1.0,0.03666258218916215
deephit,inner_oof,0.1,0.1,0,1,21039822,10.0,14551,0.07599541160270093,0.041509174627173406,1.8308099904485113,-0.5091352258773467,1.963902171579083,0.03579104798230951,0.03511334820542733,0.07346274991960422,0.8368079346741709,0.8304768095226861,1.0,0.03860029666530036
deephit,inner_oof,0.3,0.1,4,3,21056184,10.0,14551,0.053496208404228814,0.041509174627173406,1.2887803451820086,-0.18891630085210848,1.3456092263123456,0.012550626340375045,0.009798916958757675,0.02874981889744721,0.8374496734800667,0.8311843936131602,1.0,0.03677889777340928
deephit,inner_oof,0.3,0.1,3,1,21040215,10.0,14551,0.05605702087382851,0.041509174627173406,1.3504730310183415,-0.20275404067920133,1.652152538052377,0.016632404840310637,0.01293178558709518,0.03815892037935087,0.8423758438402333,0.8357892395385694,1.0,0.036777865816177424
deephit,inner_oof,0.5,0.1,3,1,21040215,10.0,14551,0.050517448826369,0.041509174627173406,1.2170188706498262,-0.14328595048434212,1.28263423709675,0.010134072352738352,0.006804906243522368,0.024633471843583,0.8375853574340324,0.8312135058435394,1.0,0.03652059201769772
deephit,inner_oof,0,0.1,3,1,21040215,10.0,14551,0.19941427947804155,0.041509174627173406,4.804101292524804,-1.4471251673744048,3.7131937355521956,0.15768578934314456,0.17355078464899054,0.2149242119647673,0.8321970544117584,0.8257743417469035,1.0,0.06459729963167941
deephit,inner_oof,0.05,0.1,3,1,21040215,10.0,14551,0.08483742628708092,0.041509174627173406,2.0438234932174075,-0.6034315685886978,2.3029131275889245,0.044349017704085926,0.047234179367719675,0.08546972364383887,0.8396593157540111,0.8333353864912976,1.0,0.03958765515389386
deephit,inner_oof,0.05,0.1,0,2,21047741,10.0,14551,0.08467176697459514,0.041509174627173406,2.0398325848465784,-0.6076393812251645,2.2088941620205595,0.04409613066721937,0.04578450930058875,0.08595360293672394,0.8364172646019914,0.8299500582883799,1.0,0.03961883773901925
deephit,inner_oof,0,0.1,1,1,21039953,10.0,14551,0.20419328855258742,0.041509174627173406,4.919232684981289,-1.485236315150308,3.535995631955019,0.16588534546355907,0.19092247285929753,0.2199174395129626,0.8303433599383095,0.8235477500429711,1.0,0.06662234968951258
deephit,inner_oof,0,0.1,1,2,21047872,10.0,14551,0.19751976537870433,0.041509174627173406,4.758460440439612,-1.4484715409516715,4.2586887691274065,0.15585638377985958,0.17516366264400907,0.21738675910922223,0.8318166526353077,0.8253568340118246,1.0,0.06443441251349515
deephit,inner_oof,0.1,0.1,1,1,21039953,10.0,14551,0.06867219658852217,0.041509174627173406,1.6543859810589165,-0.4224769121386713,1.7648322102395104,0.028171932870201758,0.026494082668961583,0.05925514988020597,0.8375644647167114,0.831007570225847,1.0,0.037969474547048986
deephit,inner_oof,0.2,0.1,3,3,21056053,10.0,14551,0.05675377603798375,0.041509174627173406,1.367258601206459,-0.23148225523606344,1.4493123988009327,0.015674155322279833,0.012589832246127086,0.03551675052956066,0.8429171551526426,0.8364143680304246,1.0,0.036823932468413596
deephit,inner_oof,0.05,0.1,4,2,21048265,10.0,14551,0.08125413143370007,0.041509174627173406,1.9574981233307438,-0.56394613016415,2.314080822309408,0.04183568255719773,0.04194204489040254,0.0835243058760986,0.8367291121497324,0.83032090510331,1.0,0.0391343159352687
deephit,inner_oof,0.1,0.1,3,3,21056053,10.0,14551,0.07192628023519748,0.041509174627173406,1.732780304142977,-0.4639364756619517,2.099758489253512,0.032599113564071136,0.029914450598902964,0.06892815207188696,0.8360741966868899,0.8296827022564942,1.0,0.03829741014625436
deephit,inner_oof,0.2,0.1,2,2,21048003,10.0,14551,0.05802814152424249,0.041509174627173406,1.397959416091477,-0.2580221311513364,1.6487626588812923,0.01921122690085809,0.014637536552133984,0.04379017033860466,0.8392767178680691,0.8330010316537688,1.0,0.03690287454802932
deephit,inner_oof,0.05,0.1,2,1,21040084,10.0,14551,0.08415834884438529,0.041509174627173406,2.0274637980706123,-0.5955507911755047,2.3279410156616906,0.043787423423819666,0.046404927663407314,0.08520609331446372,0.8402456176338333,0.8337490590822546,1.0,0.03949114177827359
deephit,inner_oof,0.1,0.1,1,2,21047872,10.0,14551,0.06753570621973044,0.041509174627173406,1.6270067238465187,-0.38464900454307527,1.8681747935050967,0.02743974151385078,0.024362497261052662,0.05914815424311426,0.842260459060483,0.8357467624120082,1.0,0.037588965220833596
deephit,inner_oof,0.85,0.1,4,3,21056184,10.0,14551,0.044669161085627435,0.041509174627173406,1.0761274221141797,-0.01814126966379655,1.1209881270684032,0.003692981107863059,0.002989894748478772,0.007450449590880481,0.8416041190941868,0.8351211109459545,1.0,0.036273577630413834
deephit,inner_oof,0.85,0.1,2,2,21048003,10.0,14551,0.0466581177178115,0.041509174627173406,1.12404349488721,-0.09952193782843233,1.018928440770302,0.004857795777587544,0.002697173835126243,0.012403852656532766,0.8394243913927703,0.8330661709955953,1.0,0.03647082915578551
deephit,inner_oof,0.2,0.1,0,3,21055660,10.0,14551,0.05921939463609751,0.041509174627173406,1.4266579658110174,-0.2636631647357571,1.6477943309849872,0.01896321200216851,0.01569906323933712,0.042323132099705285,0.8399820844948972,0.8334872814418189,1.0,0.037048788018574086
deephit,inner_oof,0.7,0.1,3,2,21048134,10.0,14551,0.04916538885773006,0.041509174627173406,1.1844463133589898,-0.17258452784650374,1.017233672603617,0.007448296578628055,0.002786237696816629,0.022414990437662596,0.8349560801843497,0.8286063632478836,1.0,0.03664857109966345
deephit,inner_oof,0.2,0.1,3,1,21040215,10.0,14551,0.06155320357085645,0.041509174627173406,1.4828818959594898,-0.30643060424464363,1.685885038457346,0.021549701867313538,0.01787689846099938,0.04810191376111661,0.8415777657802931,0.8349470767543663,1.0,0.03718150415731933
deephit,inner_oof,0.7,0.1,3,1,21040215,10.0,14551,0.048191528306736064,0.041509174627173406,1.1609849807803247,-0.10650912085678521,1.1462802060362836,0.0066663724604956775,0.004552647493457962,0.0163234919809081,0.8372311309085435,0.830790535933499,1.0,0.03646641050880202
deephit,inner_oof,0.95,0.1,1,3,21055791,10.0,14551,0.043764177004975445,0.041509174627173406,1.0543253966877442,-0.07746638592512729,0.8935779522798108,0.004148961221389736,0.0028132942562603125,0.0050321221088781565,0.8389465891926722,0.8324902020783924,1.0,0.036485010406375216
deephit,inner_oof,0.1,0.1,2,2,21048003,10.0,14551,0.06584512813785202,0.041509174627173406,1.5862789065130536,-0.37639164376921413,1.7830546888528709,0.026560285688891582,0.023965831494249655,0.056719534943002886,0.8348886536875408,0.8286881796558155,1.0,0.03761469973052575
deephit,inner_oof,0.3,0.1,1,2,21047872,10.0,14551,0.05400493221135435,0.041509174627173406,1.3010360407407564,-0.2060388718643343,1.4683318495228759,0.014698483770254383,0.009990471064666218,0.03513602712870034,0.8380846458945573,0.8316146851619785,1.0,0.03672233817172431
deephit,inner_oof,0.1,0.1,3,2,21048134,10.0,14551,0.07029286957411313,0.041509174627173406,1.6934297105511915,-0.44232485877079764,2.1917429191751046,0.031748457579924345,0.029288980202345938,0.06715774642714611,0.830457616986159,0.8240463768870507,1.0,0.03824204397298989
deephit,inner_oof,0.2,0.1,4,2,21048265,10.0,14551,0.05805018125649318,0.041509174627173406,1.398490376594755,-0.25841863122677744,1.5222639031750909,0.017537338747902163,0.014467966958285117,0.03917987818446689,0.837683410755096,0.8311737598044587,1.0,0.03706317279590764
deephit,inner_oof,0.5,0.1,3,2,21048134,10.0,14551,0.0498937347096133,0.041509174627173406,1.201992936688051,-0.14965815678572134,1.1959184437985402,0.00881900407724019,0.0052648153795707975,0.021920934966565664,0.8377641326174728,0.8312816668140679,1.0,0.03665866613884932
deephit,inner_oof,0.2,0.1,1,1,21039953,10.0,14551,0.0578341735002615,0.041509174627173406,1.393286520864743,-0.2715964371823567,1.3833835546875703,0.01669743135270686,0.013604811025400676,0.037120337776352375,0.8352735070372844,0.8289566978525866,1.0,0.037151978424917034
deephit,inner_oof,0,0.1,4,1,21040346,10.0,14551,0.19753398657608848,0.041509174627173406,4.758803044153415,-1.4525962352524142,3.3178616702387984,0.15625157522059785,0.17530433458086647,0.21194157645099865,0.8253436495873451,0.8189577217198506,1.0,0.06454472401054422
deephit,inner_oof,0.85,0.1,3,1,21040215,10.0,14551,0.048589893274540004,0.041509174627173406,1.1705820149632968,-0.14398509443065083,1.0343735336518067,0.006640772670867723,0.003040814380851131,0.019101543174200875,0.8388289489491201,0.8324191356956504,1.0,0.03649967527715522
deephit,inner_oof,0,0.1,2,3,21055922,10.0,14551,0.20717591290645856,0.041509174627173406,4.991087266062711,-1.4888843204798674,3.7887924800368467,0.1655631664097877,0.18329706233046295,0.22611627669832157,0.8363664573121424,0.8300371625465404,1.0,0.06737714827517181
deephit,inner_oof,0.05,0.1,0,3,21055660,10.0,14551,0.08300273446942344,0.041509174627173406,1.9996238232857284,-0.5734445561024639,2.4210168857000327,0.04293001982944564,0.04458778374463043,0.08461979314161339,0.841802718617358,0.8353485466140268,1.0,0.03923836127322596
deephit,inner_oof,0.85,0.1,2,1,21040084,10.0,14551,0.04983450971366244,0.041509174627173406,1.2005661437806323,-0.15149638192551487,1.0624038943598304,0.007855607934375952,0.004368656530814641,0.02027849195601994,0.8413262222120924,0.8346002286443196,1.0,0.036492876590958095
deephit,inner_oof,0.1,0.1,3,1,21040215,10.0,14551,0.07088396129334779,0.041509174627173406,1.707669736389906,-0.4426743806559477,1.778871973055622,0.029962874112092704,0.028531022986941615,0.0620673323985958,0.8407127360580285,0.8340927112388666,1.0,0.03806598802474047
deephit,inner_oof,0.1,0.1,1,3,21055791,10.0,14551,0.06866188044536925,0.041509174627173406,1.6541374542393503,-0.40062710340818225,1.7851982708419112,0.02764066886122807,0.025316667749658572,0.05776874060971826,0.8438814252821822,0.8373585688915655,1.0,0.03772853860929145
deephit,inner_oof,0.2,0.1,2,3,21055922,10.0,14551,0.05595126125456971,0.041509174627173406,1.3479251697272243,-0.21589558957632968,1.6040802049253426,0.016434138343133363,0.012760351000846049,0.03801407076564012,0.8429116945560701,0.8364765438517933,1.0,0.03679535420007016
deephit,inner_oof,0.3,0.1,2,1,21040084,10.0,14551,0.05586047865915506,0.041509174627173406,1.3457381208102068,-0.2379676894970328,1.3625394693771096,0.014832264225044587,0.010366556318157527,0.03485688084360383,0.8409115729984421,0.8343326401794569,1.0,0.03685037805196636
deephit,inner_oof,0.3,0.1,1,1,21039953,10.0,14551,0.051365784441078095,0.041509174627173406,1.2374561745068329,-0.15562604732528726,1.2979507714440834,0.010278344144340612,0.00710949044395881,0.024577407675072216,0.8412513170721516,0.8348849590412418,1.0,0.036660245426939506
deephit,inner_oof,0.05,0.1,1,3,21055791,10.0,14551,0.08411038991778896,0.041509174627173406,2.026308416711501,-0.6010762699811433,2.3774316440573307,0.04433048517703895,0.04607982402702382,0.08842919876262245,0.8423423680090713,0.8358792492089434,1.0,0.03949792538626166
deephit,inner_oof,0.3,0.1,0,2,21047741,10.0,14551,0.05439652148955718,0.041509174627173406,1.310469841381699,-0.22546352857114854,1.2754475591409866,0.0132773954397676,0.008558640726729183,0.032051493235947026,0.8393420076096975,0.8329228760652259,1.0,0.03681579879436869
deephit,inner_oof,0.05,0.1,1,1,21039953,10.0,14551,0.08354918883973961,0.041509174627173406,2.0127884880911435,-0.6013671304070156,1.9251750728211512,0.0423959595447415,0.04541170815775408,0.08276642042725746,0.8351012608280068,0.8286089200106315,1.0,0.03950993965007577
deephit,inner_oof,0.1,0.1,4,3,21056184,10.0,14551,0.06989371984688768,0.041509174627173406,1.6838137706822223,-0.42291297761543245,2.213098623277358,0.03166212506628222,0.028581233610370682,0.06890230436357703,0.8416703585047842,0.8352093192607563,1.0,0.037875988424013615
deephit,inner_oof,0.1,0.1,0,2,21047741,10.0,14551,0.06489192355551132,0.041509174627173406,1.5633151981063658,-0.35268405493119465,2.1810868612342826,0.026949871692917824,0.023096525778257493,0.05949229607359485,0.8383600498956076,0.8319821616987411,1.0,0.037588787875645915
deephit,inner_oof,0.05,0.1,2,3,21055922,10.0,14551,0.08145698034526175,0.041509174627173406,1.9623849685495087,-0.5655268921300423,2.494090678238578,0.042502399064125965,0.04205539230922162,0.08640207476412176,0.8389949036014771,0.8326927093096729,1.0,0.039131708768585245
deephit,inner_oof,0.2,0.1,1,2,21047872,10.0,14551,0.060788075427959165,0.041509174627173406,1.4644491482652873,-0.3226044161909415,1.686990631675311,0.021865231566110966,0.016482171107191634,0.05059747214103705,0.838239441936527,0.831712132687619,1.0,0.03722455363064673
deephit,inner_oof,0.05,0.1,3,2,21048134,10.0,14551,0.084203441032678,0.041509174627173406,2.028550116666386,-0.5892389111102869,2.3780691262489766,0.04488902302085443,0.04806175467670881,0.08534264855652252,0.8316090906112402,0.8252105174527531,1.0,0.03947957875709236
deephit,inner_oof,0.95,0.1,4,1,21040346,10.0,14551,0.04643990840582119,0.041509174627173406,1.1187866013461985,-0.10228282889116799,0.9425300353896635,0.004760300449234407,0.003649347721429441,0.008712057761531139,0.8391626388831513,0.8327795811348563,1.0,0.03653506011340739
deephit,inner_oof,0.95,0.1,3,3,21056053,10.0,14551,0.04465142505721041,0.041509174627173406,1.075700142396471,-0.09627000881144401,0.934949684691318,0.003031766396508991,0.0009643178649200168,0.009106173942399098,0.8396089832986466,0.8332107443073387,1.0,0.03635042862748303
deephit,inner_oof,0.95,0.1,3,2,21048134,10.0,14551,0.04586719421022634,0.041509174627173406,1.1049893095248398,-0.07991643513999352,0.9883599228872181,0.0041315867375109235,0.0029732645533915303,0.007995897633162885,0.8351191858297994,0.828773540666648,1.0,0.03661054092000003
deephit,inner_oof,1,0.1,2,3,21055922,10.0,14551,0.043041105733368556,0.041509174627173406,1.0369058435864993,0.02061948789782947,1.0410773509356892,0.00265220105160535,0.002811152827114109,0.0032981982920413655,0.8398313245460464,0.8334797273700638,1.0,0.03630532119373878
deephit,inner_oof,0.95,0.1,4,2,21048265,10.0,14551,0.042844645090578254,0.041509174627173406,1.0321728985314635,-0.0006716615072150448,1.000145819051079,0.0014724266161292524,0.001421057005954296,0.0023382405166133546,0.8376260744910843,0.831150748939728,1.0,0.03649509663003395
deephit,inner_oof,1,0.1,0,1,21039822,10.0,14551,0.04527333639794514,0.041509174627173406,1.0906826455736747,-0.03265180941287242,1.014567019765638,0.004593915743004103,0.004758555703154865,0.007665948773570408,0.8373118527709204,0.8307643872235776,1.0,0.03652925839930883
deephit,inner_oof,1,0.1,1,2,21047872,10.0,14551,0.04582466949827195,0.041509174627173406,1.103964844154561,-0.08684044376246926,1.0162548569319165,0.00399624910249803,0.001929738323424579,0.011139064471874405,0.8369266432953133,0.8305533961886338,1.0,0.03641915494216979
deephit,inner_oof,1,0.1,2,1,21040084,10.0,14551,0.04806685442780734,0.041509174627173406,1.1579814549321594,-0.11918438054714596,1.0154013765678906,0.00605072852618892,0.0037409402023852456,0.01451113882137528,0.8405235145159277,0.8338190795165998,1.0,0.036529317665054795
deephit,inner_oof,0.95,0.1,2,3,21055922,10.0,14551,0.043022837643995504,0.041509174627173406,1.0364657459565867,0.013787287125439179,1.036272205165021,0.0022419083063516683,0.002449290808565263,0.0029742842833173633,0.8408270524601887,0.8343720375690719,1.0,0.036363024470861094
deephit,inner_oof,1,0.1,4,3,21056184,10.0,14551,0.045329772761525555,0.041509174627173406,1.092042257372447,-0.06839340888518203,1.0338547916854324,0.00346962610285462,0.0020184957455481323,0.00917691903220641,0.8397807546734397,0.8333858244473238,1.0,0.03636553711727748
deephit,inner_oof,0.95,0.1,3,1,21040215,10.0,14551,0.04556555633380901,0.041509174627173406,1.0977225334656533,-0.08992825492658568,1.0019591173771367,0.003603701222383673,0.001228656566500421,0.01129339091298931,0.8350319349932597,0.828666505280703,1.0,0.03652136406761478
deephit,inner_oof,1,0.1,4,2,21048265,10.0,14551,0.043096719803002254,0.041509174627173406,1.0382456454527906,-0.04004693981995579,0.930020818655629,0.002544638766548358,0.0017537872714141756,0.003445145483384801,0.8416862061057067,0.8351391245016783,1.0,0.03650144313311286
deephit,inner_oof,1,0.1,1,1,21039953,10.0,14551,0.042096600003182154,0.041509174627173406,1.0141516997455353,-0.034076718660667644,0.8961242036845535,0.003603308877686313,0.0023200567697798657,0.006570126111144492,0.8367847864930482,0.8301365857524861,1.0,0.036704985811777016
deephit,inner_oof,1,0.1,0,3,21055660,10.0,14551,0.04525157534375322,0.041509174627173406,1.0901583987201207,-0.0636263956317207,0.9572920171430711,0.004272120472242769,0.003926132773542923,0.0053234109208712965,0.8370492693009535,0.8306701356513719,1.0,0.036651426592710104
deephit,inner_oof,0.05,0.1,1,2,21047872,10.0,14551,0.08158382524813053,0.041509174627173406,1.9654407966648126,-0.5695207514088747,2.5224212332381173,0.042591297370712884,0.04364295467136081,0.08574988841536191,0.8413404672466295,0.8347513100794212,1.0,0.03921238964455066
deephit,inner_oof,1,0.1,3,2,21048134,10.0,14551,0.04504463844502554,0.041509174627173406,1.0851730695588848,-0.07072804477039056,0.9604307852382141,0.0032361119457058286,0.002474645029877454,0.006104922776662414,0.8340410741325842,0.8276354907026228,1.0,0.036638386103873787
deephit,inner_oof,1,0.1,3,1,21040215,10.0,14551,0.042879634822178526,0.041509174627173406,1.0330158382409262,-0.0005266441982103802,1.034448671977794,0.001205406497651369,0.0012098412640459064,0.0016913883612938857,0.8356296329007117,0.8291074306382226,1.0,0.036502511944499945
deephit,inner_oof,1,0.1,1,3,21055791,10.0,14551,0.040803259394898525,0.041509174627173406,0.982993754064848,0.08777665515623563,1.1127994671901733,0.00372826973290982,0.001993429140001557,0.00854186503581622,0.8406352193284226,0.834153085704663,1.0,0.03628328143226082
deephit,inner_oof,1,0.1,4,1,21040346,10.0,14551,0.04428603359936925,0.041509174627173406,1.0668974750073208,-0.02422204453973014,1.015215338761671,0.0024984888492222655,0.0026771548026242042,0.0034452798991568834,0.84049466832099,0.8340983477385607,1.0,0.036420177593708455
deephit,inner_oof,1,0.1,2,2,21048003,10.0,14551,0.04268941732878328,0.041509174627173406,1.028433297270075,0.013383860072238551,0.9844196804059515,0.003878242693967115,0.004261552800000401,0.005571696973275406,0.8412135677306283,0.8346886693920983,1.0,0.03643129736695236
deephit,inner_oof,0,0.25,4,2,21048265,10.0,14551,0.20503197664080336,0.041509174627173406,4.93943756970253,-1.7124648410256484,2.234851820992382,0.16563963243198562,0.1377723395340671,0.3627195251104314,0.8329867041595975,0.826365302591128,1.0,0.0859069845546692
deephit,inner_oof,0,0.05,0,1,21039822,10.0,14551,0.20049154658098026,0.041509174627173406,4.830053798509673,-1.4958740002755995,5.622826021761585,0.16039203022712853,0.16722223801426067,0.1880649466953449,0.817084022436879,0.8109410502321366,1.0,0.06328433548174395
deephit,inner_oof,0.2,0.25,2,2,21048003,10.0,14551,0.05997548796793406,0.041509174627173406,1.4448730553334572,-0.4430463348125943,0.9575186385347491,0.019063944392780755,0.002460564009499299,0.06679634589118333,0.8402179585251071,0.8335893195187568,1.0,0.03763755256055114
deephit,inner_oof,0.2,0.25,1,1,21039953,10.0,14551,0.06045093065571868,0.041509174627173406,1.4563269734625202,-0.46547754842270245,0.9232774455767363,0.01936761838570176,0.0014703413312342102,0.06981728820841504,0.8361673829544867,0.8296145412859657,1.0,0.03783945496808291
deephit,inner_oof,0,0.5,4,3,21056184,10.0,14551,0.15937720937572109,0.041509174627173406,3.839565850374365,-1.566624564532654,1.2925221977274943,0.12103167931731582,0.03508665580171577,0.3312820100442442,0.8114710039947826,0.8046691368868694,1.0,0.07104662339378903
deephit,inner_oof,0,0.5,0,3,21055660,10.0,14551,0.17788963400776628,0.041509174627173406,4.2855497755745136,-1.668756382934963,1.488512688223711,0.13906413316137778,0.05341096385157567,0.3622070567610267,0.8189218693094055,0.8121329084303557,1.0,0.07965116825161929
deephit,inner_oof,0.2,0.5,1,2,21047872,10.0,14551,0.04893443573539384,0.041509174627173406,1.17888240792337,-0.20510165852200588,0.9712281867595638,0.00796020307350237,0.0010420596391800263,0.02716585242248426,0.8367054891341251,0.8300293760418082,1.0,0.03668397920934319
deephit,inner_oof,0,0.5,2,3,21055922,10.0,14551,0.1699219502309794,0.041509174627173406,4.093599830812881,-1.6374280132613626,1.5504676638226034,0.1320596939242829,0.0385441197855837,0.3490779930549417,0.8157300319041291,0.8092358056957933,1.0,0.07659648923993317
deephit,inner_oof,0.95,0.1,4,3,21056184,10.0,14551,0.04437053181163757,0.041509174627173406,1.068933126475394,-0.06423930979435728,0.971967973036943,0.0026322127273490713,0.0015324203411473114,0.006130512726612136,0.8402539272373133,0.833821055196905,1.0,0.03637639229659058
deephit,inner_oof,0,0.5,4,2,21048265,10.0,14551,0.16710449792773796,0.041509174627173406,4.025724419447871,-1.6496459515869073,1.1477100273544873,0.12854128005527685,0.02602010181129133,0.35115733010719774,0.8084002493830713,0.8015111281355354,1.0,0.07637263547295044
deephit,inner_oof,0,0.25,0,1,21039822,10.0,14551,0.20412401337429967,0.041509174627173406,4.917563772532175,-1.6952366447330625,2.1046707069284256,0.16447334009392625,0.14629871628600855,0.35824984978359,0.8301260638073084,0.8235896460870896,1.0,0.08422772535935792
deephit,inner_oof,0,0.5,2,1,21040084,10.0,14551,0.1685349098235642,0.041509174627173406,4.060184557686559,-1.641214870264565,1.0637703373440761,0.12929722228045304,0.038142419237114686,0.3436191727450466,0.8058849324096853,0.7990588440108588,1.0,0.07554501207079833
deephit,inner_oof,1,0.1,0,2,21047741,10.0,14551,0.042553899555697654,0.041509174627173406,1.0251685305214508,-0.0019793840073309924,0.9732188584915246,0.001773337482494329,0.0018163138968323445,0.002639290630431862,0.8349475331636275,0.8285537752868194,1.0,0.03666658210491813
deephit,inner_oof,0,0.25,1,1,21039953,10.0,14551,0.1996305937584689,0.041509174627173406,4.809312532747483,-1.6704528542342203,2.2545718872988543,0.16006564492476533,0.14669981364301632,0.33848021190798383,0.8264906122848228,0.8195834312941485,1.0,0.08153658557965675
deephit,inner_oof,0,0.25,3,2,21048134,10.0,14551,0.2005626902005226,0.041509174627173406,4.831767723688416,-1.6525493813217116,2.27616816315567,0.16078424171151592,0.1540091572615152,0.33187180287562645,0.8285404727547095,0.8220061383224917,1.0,0.08039714191362585
deephit,inner_oof,0,0.25,0,3,21055660,10.0,14551,0.208122861937989,0.041509174627173406,5.013900271621981,-1.694044087483033,2.5133734831093753,0.1690277568574117,0.15858915512770622,0.3536927715079584,0.8370624459579002,0.8304804703420751,1.0,0.08507043481436874
deephit,inner_oof,0,0.05,3,3,21056053,10.0,14551,0.1947141370952697,0.041509174627173406,4.69086988224051,-1.4459158591837904,5.068074417141416,0.15402169298007556,0.16152346868830825,0.17886113300101603,0.8224414018633455,0.8160520770733806,1.0,0.061299411790964764
deephit,inner_oof,1,0.1,3,3,21056053,10.0,14551,0.04641145088665436,0.041509174627173406,1.118101029555807,-0.10920418414816138,0.9268734852861774,0.005082928835549865,0.003848271099955669,0.008424679654371658,0.8398757215703536,0.8333978528538877,1.0,0.03655007946563434
deephit,inner_oof,0,0.25,1,3,21055791,10.0,14551,0.20929846652514342,0.041509174627173406,5.042221831800266,-1.6995850400312031,2.6971635187193765,0.17028379603889984,0.16971412590697432,0.347248721864739,0.8358670501429964,0.8293539258104153,1.0,0.08540287713964562
deephit,inner_oof,0,0.05,1,3,21055791,10.0,14551,0.1916187600533203,0.041509174627173406,4.616298969430236,-1.4373959434883317,6.314332355733208,0.1511619458686002,0.15886267638068297,0.177649477731144,0.8232841737191459,0.8171303917622964,1.0,0.0603714718314748
deephit,inner_oof,0.2,0.25,3,1,21040215,10.0,14551,0.06067647268935564,0.041509174627173406,1.4617605200377708,-0.4824805041929807,0.9371460415498064,0.020674488575411824,0.00233158396759936,0.07294853603540896,0.8359495526346904,0.8294155205493414,1.0,0.037909555668672684
deephit,inner_oof,0,0.5,3,2,21048134,10.0,14551,0.16804782530701237,0.041509174627173406,4.048450175566781,-1.625403571409924,1.511596165850131,0.1300542290910661,0.034076322431798145,0.3484336568325417,0.8182384637774888,0.8116675776102427,1.0,0.07589470635822575
deephit,inner_oof,0,0.5,1,2,21047872,10.0,14551,0.15896162411363007,0.041509174627173406,3.829553961055348,-1.5732043553742823,1.1737169693274028,0.12030295404831653,0.03458537531327832,0.33395035959613084,0.8126983324287737,0.8059690183111862,1.0,0.07111237479496926
deephit,inner_oof,0,0.5,3,3,21056053,10.0,14551,0.17284578489671645,0.041509174627173406,4.164038106013444,-1.6096920316108023,1.8317686539560523,0.13484693334168568,0.06037269737997486,0.34249082487984095,0.8247245841280876,0.818248510598537,1.0,0.07570108039640251
deephit,inner_oof,0,0.05,4,3,21056184,10.0,14551,0.193246847467452,0.041509174627173406,4.655521320362405,-1.4235919626014066,5.75786622708425,0.15313897178550154,0.1611689167749364,0.18502456156080693,0.8357828857306064,0.8294411462850644,1.0,0.060761218034857435
deephit,inner_oof,0,0.05,2,2,21048003,10.0,14551,0.19495736954716678,0.041509174627173406,4.696729609736462,-1.4538161068955002,5.613255880768122,0.1568161577454512,0.15965056477597295,0.1929073830287451,0.8231495581427704,0.8166276973411178,1.0,0.061409057016322786
deephit,inner_oof,0,0.5,0,2,21047741,10.0,14551,0.1622303946964735,0.041509174627173406,3.9083021079940146,-1.6115262197311804,1.0228349804884562,0.12319185936125938,0.028623492615525548,0.33774194170213956,0.8073343053195232,0.8008915780351301,1.0,0.07325710922529567
deephit,inner_oof,0,0.05,1,2,21047872,10.0,14551,0.20206368541931438,0.041509174627173406,4.86792828896762,-1.4942315352739395,5.893755184039258,0.16084960571531792,0.1708782243699991,0.19127828194680552,0.8186564368325311,0.8121632409338646,1.0,0.0638902387385662
deephit,inner_oof,0,0.5,3,1,21040215,10.0,14551,0.1554357982819865,0.041509174627173406,3.7446130807966633,-1.565159548547277,0.8919645560703119,0.11634880352460031,0.028768825536786724,0.31557616329552607,0.794727983942997,0.7878801543029562,1.0,0.06923223658734202
deephit,inner_oof,0.2,0.25,3,3,21056053,10.0,14551,0.062439575638888044,0.041509174627173406,1.5042355382805621,-0.4833880675494094,0.9852736739495527,0.02178010577280655,0.0031864083237123086,0.07390976624586643,0.8429084894232993,0.8362959434286026,1.0,0.037822546126561496
deephit,inner_oof,0,0.5,0,1,21039822,10.0,14551,0.15960126471707262,0.041509174627173406,3.844963580957157,-1.5537777705623768,1.350424612848696,0.12116928978592792,0.04458884110954375,0.31880414970113125,0.812315140999726,0.8054473224941313,1.0,0.07004791736342554
deephit,inner_oof,1,0.05,2,2,21048003,10.0,14551,0.04268941732878328,0.041509174627173406,1.028433297270075,0.013383860072238551,0.9844196804059515,0.003878242693967115,0.004261552800000401,0.005571696973275406,0.8412135677306283,0.8346886693920983,1.0,0.03643129736695236
deephit,inner_oof,0,0.25,4,3,21056184,10.0,14551,0.20307814943450933,0.041509174627173406,4.892367802022424,-1.6708229029282624,2.574046847644768,0.16421079104125608,0.15194536643822482,0.3436253079134274,0.8345059370929778,0.827862054747031,1.0,0.08261705825368784
deephit,inner_oof,0,0.25,3,1,21040215,10.0,14551,0.20583847660135912,0.041509174627173406,4.958867008321813,-1.6887679317223014,2.530403793840337,0.16684000904667656,0.1527229849564603,0.34808545785849787,0.8342854951835164,0.827565121618812,1.0,0.08414136488431864
deephit,inner_oof,0,0.05,3,1,21040215,10.0,14551,0.1954911650679078,0.041509174627173406,4.7095893094422605,-1.4455656663671645,5.881862378247272,0.15417174054533156,0.16315114198944825,0.18676383134970198,0.8240697873738662,0.8179389679813115,1.0,0.06164317006796533
deephit,inner_oof,0,0.05,4,1,21040346,10.0,14551,0.20271278003982177,0.041509174627173406,4.883565666158022,-1.5015461429414414,5.9186570779322905,0.16165273992208604,0.17133838124840384,0.1900942181409636,0.8180124425628337,0.8115798922696394,1.0,0.06407423604851532
deephit,inner_oof,0.2,0.25,1,2,21047872,10.0,14551,0.06375035616503115,0.041509174627173406,1.5358136300618674,-0.49776581621592486,1.065219704159784,0.0239706618642671,0.0042534535301317344,0.0798830178854042,0.8411646597787177,0.8345987759382129,1.0,0.03788417288635894
deephit,inner_oof,0.2,0.5,2,1,21040084,10.0,14551,0.04926944633054532,0.041509174627173406,1.1869531681386833,-0.23688044838817476,0.851946373172204,0.007465128016842761,0.0013096155372185336,0.026146742260406475,0.8388585073957845,0.8322363852674217,1.0,0.03697191382077587
deephit,inner_oof,0.2,0.25,0,2,21047741,10.0,14551,0.06098866219200552,0.041509174627173406,1.4692814959534304,-0.48504201602837216,0.9346020684747016,0.020744320547197416,0.0020382023124518867,0.07256044057364142,0.8359184509759511,0.8294998937200212,1.0,0.03795722190182898
deephit,inner_oof,0.2,0.25,0,1,21039822,10.0,14551,0.0612506133389873,0.041509174627173406,1.4755921766483506,-0.4623447171601379,1.0206851186523345,0.02139047680018716,0.0042838227881855095,0.07171053897521815,0.8375860696857593,0.831177885489802,1.0,0.03770873192434488
deephit,inner_oof,0,0.05,2,3,21055922,10.0,14551,0.1982552897463682,0.041509174627173406,4.776180001820203,-1.4701911910137035,5.351030434219948,0.1576033694310332,0.16595824452170582,0.18445713738945457,0.8188896399187653,0.8125319958520011,1.0,0.06255239524676491
deephit,inner_oof,1,0.05,0,1,21039822,10.0,14551,0.04527333639794514,0.041509174627173406,1.0906826455736747,-0.03265180941287242,1.014567019765638,0.004593915743004103,0.004758555703154865,0.007665948773570408,0.8373118527709204,0.8307643872235776,1.0,0.03652925839930883
deephit,inner_oof,1,0.25,0,2,21047741,10.0,14551,0.042553899555697654,0.041509174627173406,1.0251685305214508,-0.0019793840073309924,0.9732188584915246,0.001773337482494329,0.0018163138968323445,0.002639290630431862,0.8349475331636275,0.8285537752868194,1.0,0.03666658210491813
deephit,inner_oof,0.2,0.5,0,3,21055660,10.0,14551,0.05130533054551071,0.041509174627173406,1.2359997761055066,-0.30530311087336726,0.8553590027166218,0.00963984981625806,0.0002556307918304343,0.037197859916939746,0.836220208290895,0.8296177953476448,1.0,0.03708532600641418
deephit,inner_oof,0,0.25,2,1,21040084,10.0,14551,0.2102519029603978,0.041509174627173406,5.065191125789316,-1.7039065492496839,2.847591874544684,0.17163753210775265,0.16997745836614286,0.34989670160494313,0.8363436652568831,0.8296250588781785,1.0,0.08596856302945542
deephit,inner_oof,0.2,0.25,4,1,21040346,10.0,14551,0.06292779461912555,0.041509174627173406,1.5159972508326085,-0.4857768306457427,0.9891354902034979,0.02207284863918219,0.003543427232089877,0.07493254292019846,0.8377193794673022,0.8313046195705545,1.0,0.03794700174010826
deephit,inner_oof,0,0.5,1,3,21055791,10.0,14551,0.16298181330691397,0.041509174627173406,3.926404578524676,-1.6078489676685,1.118743170488893,0.1240851549055644,0.03140256295292787,0.34175928257247956,0.8124192484604679,0.8055757417139677,1.0,0.07356157327052137
deephit,inner_oof,0,0.5,1,1,21039953,10.0,14551,0.15772853935488082,0.041509174627173406,3.799847642637202,-1.5650349868075655,1.153143280977216,0.11919114364818306,0.029643342834255848,0.31390805024413115,0.8033258713094084,0.7968001765560894,1.0,0.07013498526167042
deephit,inner_oof,0,0.05,4,2,21048265,10.0,14551,0.20182991230807043,0.041509174627173406,4.862296447011145,-1.5067082803973229,5.312199963437405,0.16154721579612097,0.16838636056422485,0.1861680158070771,0.8120298841831208,0.806281640665358,1.0,0.06373718327514916
deephit,temporal_test,0,0.1,2,1,21040084,10.0,9329,0.1973084101658526,0.03296079030764276,5.986155317401532,-1.6650305583119285,4.944470878316069,0.16492666965466415,0.1758646451315875,0.22317911435587126,0.8253529393296589,0.824846986828298,0.7793975774466717,0.060319679383217015
deephit,inner_oof,0.2,0.05,2,1,21040084,10.0,14551,0.060624280349580645,0.041509174627173406,1.4605031512694497,-0.2605029652997573,1.506967839750085,0.02440953513771969,0.019826974626895533,0.05504429471637495,0.8052884215884448,0.7993816934160222,1.0,0.03818188655755949
deephit,inner_oof,1,0.25,0,3,21055660,10.0,14551,0.04525157534375322,0.041509174627173406,1.0901583987201207,-0.0636263956317207,0.9572920171430711,0.004272120472242769,0.003926132773542923,0.0053234109208712965,0.8370492693009535,0.8306701356513719,1.0,0.036651426592710104
deephit,inner_oof,0.2,0.05,0,1,21039822,10.0,14551,0.05301677858466115,0.041509174627173406,1.2772303728235168,-0.04782399926501082,2.4712882810541084,0.020929097432022897,0.02004788171718086,0.03304844138817542,0.834357670025171,0.8281960028268499,1.0,0.03741539414060543
deephit,inner_oof,0.2,0.5,1,1,21039953,10.0,14551,0.05104849553576895,0.041509174627173406,1.229812348577771,-0.2959495874892216,0.8483057198332322,0.00940187289866234,0.00028935715446753996,0.0362258707184695,0.8383135161161198,0.8316318852022824,1.0,0.03704278579335265
deephit,inner_oof,0.2,0.05,3,1,21040215,10.0,14551,0.05953436859219979,0.041509174627173406,1.4342460221607598,-0.16329079530720322,2.378517734127654,0.024332771250274367,0.025354565090868628,0.03731069706139856,0.8279826609439614,0.8215493494142864,1.0,0.037660738687572415
deephit,temporal_test,0,0.1,1,1,21039953,10.0,9329,0.20036332852791047,0.03296079030764276,6.078838724975941,-1.6806320411208535,3.75550056395792,0.16738465325337093,0.18108749907012278,0.22529139607855392,0.8245915865532796,0.8248535361004893,0.7793975774466717,0.06168949134878162
deephit,inner_oof,0.2,0.25,0,3,21055660,10.0,14551,0.06325980822501232,0.041509174627173406,1.523995810400917,-0.5105726993801577,1.0215310112529175,0.023871324066845688,0.0033700867370514143,0.08107070066789901,0.8361293961957211,0.8297207050482467,1.0,0.03812010591506012
deephit,inner_oof,1,0.25,2,1,21040084,10.0,14551,0.04806685442780734,0.041509174627173406,1.1579814549321594,-0.11918438054714596,1.0154013765678906,0.00605072852618892,0.0037409402023852456,0.01451113882137528,0.8405235145159277,0.8338190795165998,1.0,0.036529317665054795
deephit,inner_oof,0,0.25,2,2,21048003,10.0,14551,0.20845306542339506,0.041509174627173406,5.021855223469902,-1.6862909219128261,2.3872363376810246,0.1688754780636148,0.16686991751745217,0.34180527922168247,0.8279932260112431,0.8216749213301535,1.0,0.08365856322674887
deephit,temporal_test,0,0.1,4,1,21040346,10.0,9329,0.19647931942523084,0.03296079030764276,5.961001468453028,-1.6756764706187322,3.428810329210654,0.1637074515264069,0.1758473856398085,0.24484706532881764,0.8252444577024529,0.8257871098605891,0.7793975774466717,0.06284197803344577
deephit,inner_oof,1,0.05,2,1,21040084,10.0,14551,0.04806685442780734,0.041509174627173406,1.1579814549321594,-0.11918438054714596,1.0154013765678906,0.00605072852618892,0.0037409402023852456,0.01451113882137528,0.8405235145159277,0.8338190795165998,1.0,0.036529317665054795
deephit,inner_oof,0,0.05,1,1,21039953,10.0,14551,0.20048253719740514,0.041509174627173406,4.829836752912982,-1.4846504400271334,6.270798742730699,0.15978968855779957,0.16822584770026283,0.18681961730301344,0.8241902766243256,0.817721178281788,1.0,0.06307519847210089
deephit,inner_oof,1,0.25,1,2,21047872,10.0,14551,0.04582466949827195,0.041509174627173406,1.103964844154561,-0.08684044376246926,1.0162548569319165,0.00399624910249803,0.001929738323424579,0.011139064471874405,0.8369266432953133,0.8305533961886338,1.0,0.03641915494216979
deephit,inner_oof,0.2,0.05,3,2,21048134,10.0,14551,0.06184154431826889,0.041509174627173406,1.4898283300912754,-0.2465104587711693,2.309140470959108,0.024023603834358774,0.02653074811797851,0.04028803897963218,0.8111628364142969,0.8051362109543105,1.0,0.03804485222790936
deephit,inner_oof,1,0.25,0,1,21039822,10.0,14551,0.04527333639794514,0.041509174627173406,1.0906826455736747,-0.03265180941287242,1.014567019765638,0.004593915743004103,0.004758555703154865,0.007665948773570408,0.8373118527709204,0.8307643872235776,1.0,0.03652925839930883
deephit,inner_oof,1,0.25,1,3,21055791,10.0,14551,0.040803259394898525,0.041509174627173406,0.982993754064848,0.08777665515623563,1.1127994671901733,0.00372826973290982,0.001993429140001557,0.00854186503581622,0.8406352193284226,0.834153085704663,1.0,0.03628328143226082
deephit,inner_oof,1,0.05,3,3,21056053,10.0,14551,0.04641145088665436,0.041509174627173406,1.118101029555807,-0.10920418414816138,0.9268734852861774,0.005082928835549865,0.003848271099955669,0.008424679654371658,0.8398757215703536,0.8333978528538877,1.0,0.03655007946563434
deephit,inner_oof,0.2,0.25,2,3,21055922,10.0,14551,0.05900507310609277,0.041509174627173406,1.4214947330575423,-0.42968349117913623,0.9565039830387992,0.01837009901968437,0.0017056161229642708,0.06492936288399487,0.8426012715117828,0.8360285873967169,1.0,0.03747728825587413
deephit,inner_oof,0.2,0.5,0,1,21039822,10.0,14551,0.052782093717589386,0.041509174627173406,1.271576565703051,-0.30147887576104704,0.9255748678663266,0.01112694252899498,0.001519434351338389,0.03956408685753976,0.8400874977504716,0.8333065066938954,1.0,0.036947239462063075
deephit,inner_oof,1,0.05,4,1,21040346,10.0,14551,0.04428603359936925,0.041509174627173406,1.0668974750073208,-0.02422204453973014,1.015215338761671,0.0024984888492222655,0.0026771548026242042,0.0034452798991568834,0.84049466832099,0.8340983477385607,1.0,0.036420177593708455
deephit,inner_oof,0.2,0.25,3,2,21048134,10.0,14551,0.061970824186230095,0.041509174627173406,1.4929428190957512,-0.4688850394783694,1.0611467716485043,0.02235563830702486,0.004225975027334017,0.07370696091325013,0.836152663085465,0.8296824117152729,1.0,0.037783326408677216
deephit,temporal_test,0,0.1,3,1,21040215,10.0,9329,0.1908941191280073,0.03296079030764276,5.791551638970982,-1.6299461718179042,3.2461183126181345,0.1582939466815354,0.17226481265090443,0.21950091379048794,0.8240572565076612,0.8236544132354586,0.7793975774466717,0.05910392380427219
deephit,inner_oof,0.2,0.25,4,2,21048265,10.0,14551,0.0628978916276227,0.041509174627173406,1.5152768560820158,-0.4608751727076181,1.0842245691512105,0.022523067513930174,0.005326260274089001,0.07281867124510266,0.8428606498489789,0.8362449824983779,1.0,0.03761742195268038
deephit,inner_oof,0,0.05,3,2,21048134,10.0,14551,0.20501579279662224,0.041509174627173406,4.939047683747764,-1.517557073685664,5.60505071009993,0.16478181011908935,0.17289391347319938,0.18992007462857824,0.8133432763674402,0.8071495454017726,1.0,0.0647155972212601
deephit,temporal_test,0.05,0.1,0,1,21039822,10.0,9329,0.07738931035586744,0.03296079030764276,2.3479203512278297,-0.7654524950919576,1.5838619831214786,0.045189528472431975,0.04267891669414259,0.09223678854806504,0.8235896263709728,0.8225603652413229,0.7793975774466717,0.03396157404215838
deephit,inner_oof,0.2,0.5,2,2,21048003,10.0,14551,0.04927184186323032,0.041509174627173406,1.1870108790593776,-0.24641009578180637,0.8595880534044419,0.007589867093853809,0.0004602901936910887,0.028292991595203265,0.8382164124640253,0.8315976013381632,1.0,0.036910915060174104
deephit,inner_oof,1,0.25,4,1,21040346,10.0,14551,0.04428603359936925,0.041509174627173406,1.0668974750073208,-0.02422204453973014,1.015215338761671,0.0024984888492222655,0.0026771548026242042,0.0034452798991568834,0.84049466832099,0.8340983477385607,1.0,0.036420177593708455
deephit,temporal_test,0.05,0.1,1,1,21039953,10.0,9329,0.07479883186391569,0.03296079030764276,2.269327621266768,-0.7592011323431075,1.643207231719602,0.04249144920191054,0.03779549852255948,0.09363752195180845,0.8218621884251145,0.8218335159583917,0.7793975774466717,0.03394772949193005
deephit,inner_oof,0,0.25,0,2,21047741,10.0,14551,0.201752745167914,0.041509174627173406,4.860437408838271,-1.6658270445284526,2.532987930407824,0.16284538483149918,0.1486556639371065,0.34338867283649366,0.8353563656548418,0.8286756282750533,1.0,0.08227854835767912
deephit,inner_oof,1,0.05,0,2,21047741,10.0,14551,0.042553899555697654,0.041509174627173406,1.0251685305214508,-0.0019793840073309924,0.9732188584915246,0.001773337482494329,0.0018163138968323445,0.002639290630431862,0.8349475331636275,0.8285537752868194,1.0,0.03666658210491813
deephit,inner_oof,1,0.05,2,3,21055922,10.0,14551,0.043041105733368556,0.041509174627173406,1.0369058435864993,0.02061948789782947,1.0410773509356892,0.00265220105160535,0.002811152827114109,0.0032981982920413655,0.8398313245460464,0.8334797273700638,1.0,0.03630532119373878
deephit,inner_oof,0,0.25,4,1,21040346,10.0,14551,0.2038913460321213,0.041509174627173406,4.911958569724166,-1.6824852483793542,2.8000507683663005,0.16597206045570628,0.15181045637036383,0.3456579291274158,0.8326017321012328,0.825890732560176,1.0,0.08338055604728463
deephit,inner_oof,1,0.25,1,1,21039953,10.0,14551,0.042096600003182154,0.041509174627173406,1.0141516997455353,-0.034076718660667644,0.8961242036845535,0.003603308877686313,0.0023200567697798657,0.006570126111144492,0.8367847864930482,0.8301365857524861,1.0,0.036704985811777016
deephit,inner_oof,1,0.25,3,1,21040215,10.0,14551,0.042879634822178526,0.041509174627173406,1.0330158382409262,-0.0005266441982103802,1.034448671977794,0.001205406497651369,0.0012098412640459064,0.0016913883612938857,0.8356296329007117,0.8291074306382226,1.0,0.036502511944499945
deephit,inner_oof,0.2,0.5,3,1,21040215,10.0,14551,0.04924079406584598,0.041509174627173406,1.1862629047220605,-0.26001126047503814,0.8616716231435091,0.008426697840627308,0.0010940539281982797,0.03067145233540125,0.8375117580889242,0.8309374335750133,1.0,0.036865686040619065
deephit,inner_oof,0.2,0.25,2,1,21040084,10.0,14551,0.06090556319930216,0.041509174627173406,1.4672795531672937,-0.45010460660531837,0.9451745607100375,0.019293738578662865,0.002710904408190551,0.06635930255229244,0.8427095337742646,0.835978846739622,1.0,0.037691315992282294
deephit,inner_oof,0.2,0.5,4,3,21056184,10.0,14551,0.05298022502813971,0.041509174627173406,1.27634975891467,-0.3586584129648605,0.8351040721531366,0.011603336478211221,0.0005333476745489341,0.04343322834666041,0.8356384173386762,0.8292030187000465,1.0,0.03730028716403587
deephit,inner_oof,1,0.25,3,3,21056053,10.0,14551,0.04641145088665436,0.041509174627173406,1.118101029555807,-0.10920418414816138,0.9268734852861774,0.005082928835549865,0.003848271099955669,0.008424679654371658,0.8398757215703536,0.8333978528538877,1.0,0.03655007946563434
deephit,inner_oof,0.2,0.5,3,2,21048134,10.0,14551,0.054057212976708624,0.041509174627173406,1.3022955397749783,-0.3602459996123344,0.8672332893336737,0.012509384383248086,0.0012003742712520821,0.04300895062687726,0.8310002340934008,0.8246595931888305,1.0,0.03730373602691274
deephit,inner_oof,0.2,0.5,2,3,21055922,10.0,14551,0.053755015665271896,0.041509174627173406,1.2950152863333957,-0.3130230756451439,0.9091615893166014,0.011693735808980704,0.001971828180213242,0.03973319685101784,0.8423623110574232,0.8358375274895576,1.0,0.03689379952075919
deephit,inner_oof,0.2,0.5,4,2,21048265,10.0,14551,0.050413477892244624,0.041509174627173406,1.2145141006788929,-0.2297772211350328,0.941347392662337,0.008443070394001604,0.001207638338630912,0.029240560332450705,0.8428378577937196,0.836201285098687,1.0,0.0366800541291387
deephit,temporal_test,0.2,0.1,2,1,21040084,10.0,9329,0.061701285306306516,0.03296079030764276,1.8719601299122846,-0.5890611699029306,1.4352368534378181,0.029077081653928135,0.020984975493121172,0.06934907847785521,0.8224147675699108,0.8221401401786798,0.7793975774466717,0.03245095929464181
deephit,temporal_test,0.1,0.1,2,1,21040084,10.0,9329,0.06903647809469415,0.03296079030764276,2.0945031187157657,-0.6557175497462218,1.811830854122316,0.03640447450746324,0.032182828498934724,0.07450264321205884,0.8239604561148275,0.8240745014779054,0.7793975774466717,0.03299163013611354
deephit,inner_oof,1,0.05,0,3,21055660,10.0,14551,0.04525157534375322,0.041509174627173406,1.0901583987201207,-0.0636263956317207,0.9572920171430711,0.004272120472242769,0.003926132773542923,0.0053234109208712965,0.8370492693009535,0.8306701356513719,1.0,0.036651426592710104
deephit,inner_oof,0,0.5,2,2,21048003,10.0,14551,0.17002161892323492,0.041509174627173406,4.0960009552185275,-1.629413195420276,1.3795067794172324,0.13134213590687024,0.04045923932693074,0.34019904914997956,0.8124134317380319,0.8060238143855326,1.0,0.07580941705844936
deephit,temporal_test,0.5,0.1,4,1,21040346,10.0,9329,0.053466904729611534,0.03296079030764276,1.6221366123376577,-0.47695225732425134,1.0627236200515928,0.02050600925065832,0.01104869085764637,0.05628083221097764,0.8245259983038644,0.824078921670176,0.7793975774466717,0.03173095709466745
deephit,temporal_test,0,0.1,0,1,21039822,10.0,9329,0.19112571695707284,0.03296079030764276,5.798578103655351,-1.6343608843618516,3.43711072185639,0.15840455764106318,0.17209946699137169,0.21881562193399923,0.8203143869625851,0.820194280668244,0.7793975774466717,0.05905678114685635
deephit,temporal_test,0.05,0.1,2,1,21040084,10.0,9329,0.07811513024937411,0.03296079030764276,2.3699410578532523,-0.7860228430862891,1.699256297458915,0.04567127727147933,0.04013230617431063,0.09741116704886765,0.8248461619303333,0.8247205122618632,0.7793975774466717,0.03423938740850519
deephit,inner_oof,0.2,0.5,4,1,21040346,10.0,14551,0.04744196365534162,0.041509174627173406,1.1429271740875424,-0.17705392972235737,0.9227127802304369,0.005643749545647939,8.957860150150994e-05,0.021069119494078525,0.8393850988391721,0.8327214147823422,1.0,0.03661943230194724
deephit,temporal_test,0.7,0.1,2,1,21040084,10.0,9329,0.04864978519585904,0.03296079030764276,1.4759896453265078,-0.4105860088375461,0.9816397574104734,0.01610039162430269,0.007543813793457699,0.04622270380314162,0.8244305389691148,0.824206462795349,0.7793975774466717,0.03143467197481919
deephit,inner_oof,1,0.5,0,1,21039822,10.0,14551,0.04527333639794514,0.041509174627173406,1.0906826455736747,-0.03265180941287242,1.014567019765638,0.004593915743004103,0.004758555703154865,0.007665948773570408,0.8373118527709204,0.8307643872235776,1.0,0.03652925839930883
deephit,inner_oof,1,0.5,2,1,21040084,10.0,14551,0.04806685442780734,0.041509174627173406,1.1579814549321594,-0.11918438054714596,1.0154013765678906,0.00605072852618892,0.0037409402023852456,0.01451113882137528,0.8405235145159277,0.8338190795165998,1.0,0.036529317665054795
deephit,inner_oof,1,0.5,2,3,21055922,10.0,14551,0.043041105733368556,0.041509174627173406,1.0369058435864993,0.02061948789782947,1.0410773509356892,0.00265220105160535,0.002811152827114109,0.0032981982920413655,0.8398313245460464,0.8334797273700638,1.0,0.03630532119373878
deephit,inner_oof,0.2,0.5,3,3,21056053,10.0,14551,0.051609790358413475,0.041509174627173406,1.2433345356047585,-0.32864946042524906,0.8370171529333629,0.010457201867534885,0.0007255568135507984,0.039138631475281405,0.8388351217974195,0.8323919991455764,1.0,0.03707045726288974
deephit,temporal_test,0.2,0.1,0,1,21039822,10.0,9329,0.05536170300838016,0.03296079030764276,1.6796230457964232,-0.49372897090687423,1.122184938628512,0.022752344017918945,0.014428029685750188,0.058069876279707534,0.8216717740216137,0.8207465189439289,0.7793975774466717,0.031848559169840564
deephit,inner_oof,0,0.25,3,3,21056053,10.0,14551,0.20258538638346307,0.041509174627173406,4.880496617989685,-1.668437627539828,2.518750959107817,0.16326542386662968,0.165328749149936,0.3340446947782638,0.8311725990112996,0.8243474938088571,1.0,0.08196351125455524
deephit,temporal_test,0.5,0.1,1,1,21039953,10.0,9329,0.054377991927517313,0.03296079030764276,1.6497781582290656,-0.5177908617862965,1.042185548506777,0.021389890895946416,0.009492187550089182,0.06312972672927734,0.8261708780293767,0.8257669447356404,0.7793975774466717,0.03190225144468175
deephit,temporal_test,0.5,0.1,0,1,21039822,10.0,9329,0.050494879961192216,0.03296079030764276,1.5319681199963142,-0.5098381603712958,0.8650011802524847,0.017727566178616185,0.003453755718132112,0.061304388223574195,0.8214372579701318,0.820635528968177,0.7793975774466717,0.03194474202352367
deephit,temporal_test,0.1,0.1,4,1,21040346,10.0,9329,0.07195319863237225,0.03296079030764276,2.18299373166693,-0.7019913382208969,1.937217940123059,0.03975728671880886,0.03806582435364203,0.08211593876125314,0.8283161073947561,0.8281536012417771,0.7793975774466717,0.033364835757311744
deephit,inner_oof,1,0.5,1,3,21055791,10.0,14551,0.040803259394898525,0.041509174627173406,0.982993754064848,0.08777665515623563,1.1127994671901733,0.00372826973290982,0.001993429140001557,0.00854186503581622,0.8406352193284226,0.834153085704663,1.0,0.03628328143226082
deephit,temporal_test,0.7,0.1,0,1,21039822,10.0,9329,0.04516151964470445,0.03296079030764276,1.3701588834243652,-0.430143275561761,0.7989402408451709,0.01255735739330227,0.002132078228172296,0.04590633684535037,0.8204536743860373,0.8193266008643189,0.7793975774466717,0.03158998472669077
deephit,inner_oof,1,0.5,0,2,21047741,10.0,14551,0.042553899555697654,0.041509174627173406,1.0251685305214508,-0.0019793840073309924,0.9732188584915246,0.001773337482494329,0.0018163138968323445,0.002639290630431862,0.8349475331636275,0.8285537752868194,1.0,0.03666658210491813
deephit,temporal_test,0.05,0.1,3,1,21040215,10.0,9329,0.07607902263935182,0.03296079030764276,2.308167429520373,-0.7651535936302775,2.0395751040666985,0.04446100548294485,0.0448801470796919,0.08967317519729685,0.8243851547659345,0.8240255134818717,0.7793975774466717,0.03402968317763765
deephit,temporal_test,0.5,0.1,2,1,21040084,10.0,9329,0.05424778931698508,0.03296079030764276,1.6458279310252586,-0.5218612679940007,1.046149129764905,0.021603881471843025,0.008902088135613773,0.06492216350015247,0.8242402644613387,0.8237076299877838,0.7793975774466717,0.031932408059693766
deephit,temporal_test,0.85,0.1,3,1,21040215,10.0,9329,0.04856938327921245,0.03296079030764276,1.4735503252769537,-0.48960628709058696,0.8404661547745225,0.015699621891935234,0.0025662998833352324,0.05665782996329698,0.8274972700071745,0.8267074525857354,0.7793975774466717,0.03174841801303102
deephit,temporal_test,0.3,0.1,4,1,21040346,10.0,9329,0.05255259040006738,0.03296079030764276,1.5943971582465903,-0.4695252606165598,1.1780829571119884,0.020056610887984758,0.008131109147941684,0.05710540171785896,0.8274478682333913,0.827955497987199,0.7793975774466717,0.03170157011446642
deephit,temporal_test,0.3,0.1,2,1,21040084,10.0,9329,0.055296617964451185,0.03296079030764276,1.6776484255485014,-0.45433751901933067,1.4089054756855832,0.022414356117844772,0.017853713323132347,0.04980399084987299,0.8263408302679837,0.8258748894692455,0.7793975774466717,0.031656439849024005
deephit,inner_oof,1,0.05,1,2,21047872,10.0,14551,0.04582466949827195,0.041509174627173406,1.103964844154561,-0.08684044376246926,1.0162548569319165,0.00399624910249803,0.001929738323424579,0.011139064471874405,0.8369266432953133,0.8305533961886338,1.0,0.03641915494216979
deephit,inner_oof,0.2,0.5,0,2,21047741,10.0,14551,0.051754370930135164,0.041509174627173406,1.246817634775491,-0.341210229762472,0.8305425629993507,0.01164741757546548,0.001726930281400585,0.041051908050263486,0.8362981998549855,0.8297036793326756,1.0,0.037238293562653665
deephit,inner_oof,1,0.05,3,2,21048134,10.0,14551,0.04504463844502554,0.041509174627173406,1.0851730695588848,-0.07072804477039056,0.9604307852382141,0.0032361119457058286,0.002474645029877454,0.006104922776662414,0.8340410741325842,0.8276354907026228,1.0,0.036638386103873787
deephit,temporal_test,0.2,0.1,1,1,21039953,10.0,9329,0.05907067666455822,0.03296079030764276,1.7921498881918874,-0.5631602098682046,1.3027169017233051,0.026411388783957688,0.015443679640198105,0.06884328921277505,0.8245730319428055,0.8238032816035763,0.7793975774466717,0.032232010183719066
deephit,temporal_test,0.95,0.1,0,1,21039822,10.0,9329,0.04376330954930658,0.03296079030764276,1.327738477774272,-0.3496962167493842,0.8650363115350765,0.01120467680919182,0.0042186806585351455,0.03401232985199973,0.8254599282242904,0.8250902034575238,0.7793975774466717,0.031217118251259866
deephit,temporal_test,0.5,0.1,3,1,21040215,10.0,9329,0.05377811840157066,0.03296079030764276,1.6315785483183907,-0.514301186432572,0.9539212859222254,0.02076518729507965,0.009348085875762857,0.06018200539325312,0.8252800713357389,0.8247421306057062,0.7793975774466717,0.03193775837943552
deephit,inner_oof,1,0.5,2,2,21048003,10.0,14551,0.04268941732878328,0.041509174627173406,1.028433297270075,0.013383860072238551,0.9844196804059515,0.003878242693967115,0.004261552800000401,0.005571696973275406,0.8412135677306283,0.8346886693920983,1.0,0.03643129736695236
deephit,inner_oof,0,0.25,2,3,21055922,10.0,14551,0.2054339147934051,0.041509174627173406,4.949120685693438,-1.6899095569618152,2.5462853985013068,0.16674654130061156,0.14803098384690783,0.35344967034547825,0.8349959662810535,0.8285867226613204,1.0,0.0844678369845789
deephit,inner_oof,0.2,0.25,4,3,21056184,10.0,14551,0.06108544972378902,0.041509174627173406,1.47161321015042,-0.4803640883486943,0.9524467409385826,0.020936323384015736,0.002099022302384679,0.07453509220657417,0.841014137247109,0.8345899434850838,1.0,0.03782016023383743
deephit,inner_oof,1,0.05,3,1,21040215,10.0,14551,0.042879634822178526,0.041509174627173406,1.0330158382409262,-0.0005266441982103802,1.034448671977794,0.001205406497651369,0.0012098412640459064,0.0016913883612938857,0.8356296329007117,0.8291074306382226,1.0,0.036502511944499945
deephit,temporal_test,0.2,0.1,3,1,21040215,10.0,9329,0.058807375302155476,0.03296079030764276,1.7841615675252651,-0.5650225030263547,1.2670985454141337,0.02624220526918019,0.014468630649481229,0.06958876119519582,0.8234635833557853,0.8225432784481732,0.7793975774466717,0.03222997477193634
deephit,temporal_test,0.3,0.1,1,1,21039953,10.0,9329,0.05371575921852238,0.03296079030764276,1.629686628177331,-0.49419893843984014,1.1634077973909895,0.021106615531183603,0.00918638673505312,0.06118760574371362,0.8261581664380627,0.8255837281157379,0.7793975774466717,0.031795130936193544
deephit,inner_oof,1,0.25,4,2,21048265,10.0,14551,0.043096719803002254,0.041509174627173406,1.0382456454527906,-0.04004693981995579,0.930020818655629,0.002544638766548358,0.0017537872714141756,0.003445145483384801,0.8416862061057067,0.8351391245016783,1.0,0.03650144313311286
deephit,inner_oof,0.2,0.5,1,3,21055791,10.0,14551,0.04913013314344401,0.041509174627173406,1.1835969658447907,-0.25919944453023996,0.8495902331611666,0.00780318329358203,0.0011271030781750957,0.027027577471373854,0.8394386364273073,0.8328926016699613,1.0,0.036853598349289515
deephit,inner_oof,1,0.05,1,1,21039953,10.0,14551,0.042096600003182154,0.041509174627173406,1.0141516997455353,-0.034076718660667644,0.8961242036845535,0.003603308877686313,0.0023200567697798657,0.006570126111144492,0.8367847864930482,0.8301365857524861,1.0,0.036704985811777016
deephit,temporal_test,0.95,0.1,2,1,21040084,10.0,9329,0.04628513475363336,0.03296079030764276,1.4042483302623063,-0.339659328335463,0.9907591278089395,0.013902022899686867,0.008564904230241477,0.036536275235900355,0.8203177047906665,0.8198544672152028,0.7793975774466717,0.03131734267880045
deephit,temporal_test,0.85,0.1,2,1,21040084,10.0,9329,0.04710251359618548,0.03296079030764276,1.4290468510175138,-0.3661102682808897,1.0202731740212088,0.014510729553207658,0.007106607896463224,0.041298112484119714,0.8207120565383242,0.8204285760207423,0.7793975774466717,0.03131961952393751
deephit,temporal_test,0.3,0.1,3,1,21040215,10.0,9329,0.053168264008178916,0.03296079030764276,1.6130761280881836,-0.4547275759293306,1.3493497811573203,0.02118423603170437,0.012378770093665503,0.05335540689466885,0.827200988447479,0.8263969058185384,0.7793975774466717,0.03159944572672704
deephit,inner_oof,1,0.5,3,3,21056053,10.0,14551,0.04641145088665436,0.041509174627173406,1.118101029555807,-0.10920418414816138,0.9268734852861774,0.005082928835549865,0.003848271099955669,0.008424679654371658,0.8398757215703536,0.8333978528538877,1.0,0.03655007946563434
deephit,inner_oof,1,0.5,1,2,21047872,10.0,14551,0.04582466949827195,0.041509174627173406,1.103964844154561,-0.08684044376246926,1.0162548569319165,0.00399624910249803,0.001929738323424579,0.011139064471874405,0.8369266432953133,0.8305533961886338,1.0,0.03641915494216979
deephit,temporal_test,0.95,0.1,4,1,21040346,10.0,9329,0.04467500247993192,0.03296079030764276,1.3553984010381248,-0.31692071374059455,1.005170629815903,0.01177380903150869,0.0048400936261152605,0.03582520139406036,0.8270769235655391,0.8266230776301735,0.7793975774466717,0.031092800944407015
deephit,temporal_test,0.95,0.1,1,1,21039953,10.0,9329,0.047672795192634496,0.03296079030764276,1.4463486690602925,-0.4217047645626439,0.8753789551303465,0.014592637770170532,0.0060341870849867085,0.03956296016469923,0.8212258132450782,0.8210706221406797,0.7793975774466717,0.031513095807516114
deephit,temporal_test,0.1,0.1,1,1,21039953,10.0,9329,0.06884713728287774,0.03296079030764276,2.0887586929890407,-0.6752015229364509,1.604766127850187,0.03606084833469197,0.03170375862432495,0.07850839104718972,0.8207417334741371,0.8207520272245524,0.7793975774466717,0.03315630847424919
deephit,inner_oof,1,0.5,0,3,21055660,10.0,14551,0.04525157534375322,0.041509174627173406,1.0901583987201207,-0.0636263956317207,0.9572920171430711,0.004272120472242769,0.003926132773542923,0.0053234109208712965,0.8370492693009535,0.8306701356513719,1.0,0.036651426592710104
deephit,temporal_test,0.85,0.1,0,1,21039822,10.0,9329,0.04291394285162067,0.03296079030764276,1.3019694749755448,-0.2909775661819409,0.9378522913773326,0.010568223057066952,0.005834461881040531,0.0297614140321639,0.8257500657317733,0.825213190062944,0.7793975774466717,0.031050597738834514
deephit,temporal_test,1,0.1,1,1,21039953,10.0,9329,0.04451608576886074,0.03296079030764276,1.3505770144879872,-0.3162835406950805,0.9102379045262223,0.011361404606155721,0.006320521079243302,0.02626250112919836,0.8206249508170087,0.8205976424474051,0.7793975774466717,0.03118399690493083
deephit,inner_oof,1,0.5,3,2,21048134,10.0,14551,0.04504463844502554,0.041509174627173406,1.0851730695588848,-0.07072804477039056,0.9604307852382141,0.0032361119457058286,0.002474645029877454,0.006104922776662414,0.8340410741325842,0.8276354907026228,1.0,0.036638386103873787
deephit,temporal_test,0.1,0.1,0,1,21039822,10.0,9329,0.06715345906493773,0.03296079030764276,2.037374056815821,-0.6575185876100604,1.5050829507601846,0.03445607776100893,0.03031470806260017,0.07877473556965368,0.8212383744427083,0.8203696066008058,0.7793975774466717,0.03293248505767918
deephit,temporal_test,0,0.05,2,1,21040084,10.0,9329,0.1925906212702072,0.03296079030764276,5.843021950403609,-1.6856543384011364,7.1369682935806305,0.15956182297404356,0.1641327691976887,0.1793945964279195,0.8236568709970651,0.8229231847754928,0.7793975774466717,0.056634500650786866
deephit,inner_oof,1,0.5,1,1,21039953,10.0,14551,0.042096600003182154,0.041509174627173406,1.0141516997455353,-0.034076718660667644,0.8961242036845535,0.003603308877686313,0.0023200567697798657,0.006570126111144492,0.8367847864930482,0.8301365857524861,1.0,0.036704985811777016
deephit,temporal_test,0,0.05,1,1,21039953,10.0,9329,0.22016155208001842,0.03296079030764276,6.679498580741512,-1.8453180086317753,8.190839709004319,0.1886825663652425,0.19296075175180794,0.21568472831544702,0.8186333640236116,0.818619634756931,0.7793975774466717,0.06654154025971075
deephit,inner_oof,0.2,0.25,1,3,21055791,10.0,14551,0.0608161889844481,0.041509174627173406,1.4651264336303045,-0.4659006361855295,0.9295075131608453,0.019425453758093243,0.002413530959824439,0.0691728628023861,0.8398458069978257,0.8332912823338967,1.0,0.037772354161109446
deephit,inner_oof,0.2,0.05,1,3,21055791,10.0,14551,0.04968656254616128,0.041509174627173406,1.1970019397503187,-0.00042720060589839377,2.550593882986808,0.020211542638380757,0.018307841185074336,0.032946256372922256,0.8306626267748719,0.8242311611038289,1.0,0.03734751738951755
deephit,inner_oof,1,0.5,4,1,21040346,10.0,14551,0.04428603359936925,0.041509174627173406,1.0668974750073208,-0.02422204453973014,1.015215338761671,0.0024984888492222655,0.0026771548026242042,0.0034452798991568834,0.84049466832099,0.8340983477385607,1.0,0.036420177593708455
deephit,inner_oof,0.2,0.05,4,1,21040346,10.0,14551,0.06496489285324897,0.041509174627173406,1.5650731058073268,-0.26591503072831996,2.6556168993835523,0.02821602749426005,0.0302183632905072,0.046497943903044514,0.8212102153991673,0.814681361699299,1.0,0.03802988660844498
deephit,inner_oof,0.2,0.05,2,2,21048003,10.0,14551,0.0481939098906817,0.041509174627173406,1.1610423556611078,0.03378948559702054,2.2873848399843184,0.017060707148011226,0.01525152387462251,0.025876869488353327,0.8304060974445833,0.8238302723266111,1.0,0.037479455579175064
deephit,temporal_test,0.3,0.1,0,1,21039822,10.0,9329,0.05140064731894367,0.03296079030764276,1.5594482668404095,-0.4570994814361612,1.0520361543117858,0.01882264966831185,0.009651364910198246,0.05308741539928953,0.8183382446395322,0.8176988507703759,0.7793975774466717,0.03169078881639022
deephit,temporal_test,0.85,0.1,1,1,21039953,10.0,9329,0.045344356862935316,0.03296079030764276,1.3757059961156672,-0.39849446600862415,0.8559928570216873,0.012614140809735972,0.00321628855364553,0.04109402603535429,0.8240741068724264,0.8234396697623076,0.7793975774466717,0.03143445636946768
deephit,inner_oof,0.2,0.05,3,3,21056053,10.0,14551,0.05475143615388326,0.041509174627173406,1.3190201117138327,-0.08495829220347499,2.229363863829893,0.021421268948379008,0.02233077173578013,0.03373293948413436,0.8329461058111669,0.826500113717834,1.0,0.03750192075282229
deephit,temporal_test,0.7,0.1,1,1,21039953,10.0,9329,0.051603488621714086,0.03296079030764276,1.5656022850201063,-0.47268627259321855,0.9627878187573831,0.018512252193758932,0.007634416449740833,0.05325782132146907,0.8232752143836519,0.8230083781939145,0.7793975774466717,0.03168331008787157
deephit,temporal_test,0,0.5,2,1,21040084,10.0,9329,0.17400694206445,0.03296079030764276,5.27921025073547,-1.8726716092827116,1.3487365261251536,0.14249135785255074,0.04942191549446051,0.360020748174425,0.8069132831378253,0.8061056344677284,0.7793975774466717,0.07626492893714347
deephit,temporal_test,0.05,0.1,4,1,21040346,10.0,9329,0.0817914956908059,0.03296079030764276,2.4814785970663014,-0.8187109507741027,2.1634399618665467,0.04964096449278552,0.05414963014837859,0.09553248108217981,0.825228849433979,0.8259472718333412,0.7793975774466717,0.03465962899667154
deephit,inner_oof,1,0.25,2,2,21048003,10.0,14551,0.04268941732878328,0.041509174627173406,1.028433297270075,0.013383860072238551,0.9844196804059515,0.003878242693967115,0.004261552800000401,0.005571696973275406,0.8412135677306283,0.8346886693920983,1.0,0.03643129736695236
deephit,temporal_test,0.95,0.1,3,1,21040215,10.0,9329,0.045954558743860056,0.03296079030764276,1.3942189587973675,-0.41015290855285985,0.8770000350047833,0.013240595128370879,0.002992305429916242,0.04488378067987115,0.8264580467959439,0.8256646853425482,0.7793975774466717,0.031395615350916534
deephit,temporal_test,1,0.1,2,1,21040084,10.0,9329,0.046416059862489645,0.03296079030764276,1.408220477399383,-0.3781922533515298,0.9624141047786784,0.013698676129072197,0.004978637582202072,0.04250614947245498,0.8227944645382798,0.8226125189908565,0.7793975774466717,0.031338449393598776
deephit,temporal_test,0.2,0.05,1,1,21039953,10.0,9329,0.05498676178777111,0.03296079030764276,1.668247674723415,-0.3182154460876978,2.255217759684143,0.023827060112615695,0.023407555198702634,0.03987007966667568,0.8223844284481218,0.8220438888158937,0.7793975774466717,0.03145299258827217
deephit,inner_oof,1,0.5,4,3,21056184,10.0,14551,0.045329772761525555,0.041509174627173406,1.092042257372447,-0.06839340888518203,1.0338547916854324,0.00346962610285462,0.0020184957455481323,0.00917691903220641,0.8397807546734397,0.8333858244473238,1.0,0.03636553711727748
deephit,temporal_test,0.1,0.1,3,1,21040215,10.0,9329,0.06976799466546009,0.03296079030764276,2.116696657278957,-0.7520495438060508,1.2904190289148716,0.03757847265581472,0.022891075884683976,0.10152099154417582,0.8209415253213473,0.8202204741201163,0.7793975774466717,0.03380172613354308
deephit,temporal_test,0.2,0.5,2,1,21040084,10.0,9329,0.05879725812813076,0.03296079030764276,1.7838546217897324,-0.7096002002738208,0.8521453621891208,0.026041181142542672,0.004110541188055317,0.08887416067759901,0.8223940112682014,0.8221675729317053,0.7793975774466717,0.033190238395235064
deephit,inner_oof,1,0.5,3,1,21040215,10.0,14551,0.042879634822178526,0.041509174627173406,1.0330158382409262,-0.0005266441982103802,1.034448671977794,0.001205406497651369,0.0012098412640459064,0.0016913883612938857,0.8356296329007117,0.8291074306382226,1.0,0.036502511944499945
deephit,temporal_test,0.2,0.1,4,1,21040346,10.0,9329,0.05685824231588184,0.03296079030764276,1.725026669117757,-0.5200887698927285,1.428827675853199,0.02487200571359563,0.014368879111787414,0.06110849704094921,0.8255818187306616,0.8259554557062945,0.7793975774466717,0.03197978141500917
deephit,temporal_test,1,0.1,4,1,21040346,10.0,9329,0.043190657754993485,0.03296079030764276,1.3103647501127629,-0.26912356488886086,1.0134861052533897,0.010243282991693616,0.005288161977609174,0.028821052122632685,0.8222346072555856,0.8218792710720652,0.7793975774466717,0.03104272712126164
deephit,temporal_test,0.2,0.5,1,1,21039953,10.0,9329,0.05266713315284229,0.03296079030764276,1.5978722797987686,-0.6015712350640162,0.8162288843691943,0.01978838815767223,0.0032433762860754056,0.06856945977862487,0.8257885502043123,0.8256782958311896,0.7793975774466717,0.03237954031298959
deephit,inner_oof,0,0.5,4,1,21040346,10.0,14551,0.16835244097702862,0.041509174627173406,4.055788689829043,-1.6299841975228055,1.333155390672918,0.13000125837112214,0.039063099129840295,0.34489867102667127,0.8097745390900367,0.8030526817477704,1.0,0.0754595721715275
deephit,temporal_test,1,0.1,3,1,21040215,10.0,9329,0.04537374833630367,0.03296079030764276,1.3765977063293493,-0.35886613176241616,0.931794410938067,0.012490986804840901,0.00392943281366076,0.04105656045622707,0.8253355486979573,0.8247036296495501,0.7793975774466717,0.031292435409669264
deephit,temporal_test,0,0.25,1,1,21039953,10.0,9329,0.20135728350734253,0.03296079030764276,6.108994402984717,-1.8858428818367647,2.043180886660817,0.1695129038514549,0.15123681887608154,0.3651508803312252,0.8210802688314124,0.8214457723277663,0.7793975774466717,0.08006699606714068
deephit,inner_oof,1,0.25,2,3,21055922,10.0,14551,0.043041105733368556,0.041509174627173406,1.0369058435864993,0.02061948789782947,1.0410773509356892,0.00265220105160535,0.002811152827114109,0.0032981982920413655,0.8398313245460464,0.8334797273700638,1.0,0.03630532119373878
deephit,inner_oof,1,0.05,1,3,21055791,10.0,14551,0.040803259394898525,0.041509174627173406,0.982993754064848,0.08777665515623563,1.1127994671901733,0.00372826973290982,0.001993429140001557,0.00854186503581622,0.8406352193284226,0.834153085704663,1.0,0.03628328143226082
deephit,temporal_test,0.85,0.1,4,1,21040346,10.0,9329,0.048776595960825925,0.03296079030764276,1.4798369670619178,-0.46967319268222607,0.8687658120899872,0.015633523000307046,0.0035518451513487648,0.05307026798576346,0.8285445901548211,0.8287460289000969,0.7793975774466717,0.03165467979024518
deephit,temporal_test,0.7,0.1,4,1,21040346,10.0,9329,0.044453450016544466,0.03296079030764276,1.3486767034902332,-0.32026376915982596,0.9712254406782053,0.01167039670559969,0.004589227283626318,0.03541000294934378,0.8266990999864404,0.8261889478915556,0.7793975774466717,0.031129059357857817
deephit,temporal_test,1,0.05,4,1,21040346,10.0,9329,0.043190657754993485,0.03296079030764276,1.3103647501127629,-0.26912356488886086,1.0134861052533897,0.010243282991693616,0.005288161977609174,0.028821052122632685,0.8222346072555856,0.8218792710720652,0.7793975774466717,0.03104272712126164
deephit,temporal_test,1,0.25,4,1,21040346,10.0,9329,0.043190657754993485,0.03296079030764276,1.3103647501127629,-0.26912356488886086,1.0134861052533897,0.010243282991693616,0.005288161977609174,0.028821052122632685,0.8222346072555856,0.8218792710720652,0.7793975774466717,0.03104272712126164
deephit,temporal_test,0.2,0.25,0,1,21039822,10.0,9329,0.061059104161697034,0.03296079030764276,1.8524769458437103,-0.7281419647409442,0.8760647470382896,0.028369644535253147,0.00666445502633306,0.09564752813799247,0.822583360903893,0.8221570457445838,0.7793975774466717,0.03340412700352505
deephit,temporal_test,0.7,0.1,3,1,21040215,10.0,9329,0.04667134868800114,0.03296079030764276,1.4159657050813872,-0.37005790081274365,0.9827090291234667,0.01380273527465809,0.005605911558141274,0.041256456073526855,0.8256788708358853,0.8257647326863622,0.7793975774466717,0.031266454857852385
deephit,inner_oof,0,0.25,1,2,21047872,10.0,14551,0.20805886170383486,0.041509174627173406,5.01235843816639,-1.7156530742894425,2.2622920491358895,0.16873795840090935,0.15283014061758193,0.3593265822561451,0.8284453871491745,0.8217215822503022,1.0,0.08598932059849333
deephit,temporal_test,0,0.25,2,1,21040084,10.0,9329,0.22389699206836072,0.03296079030764276,6.792828387262448,-2.0073669467587316,2.3057147073585877,0.19211442813734833,0.2000529963738118,0.39406113470102,0.8178253022264236,0.8185533712464185,0.7793975774466717,0.09195036223693495
deephit,temporal_test,1,0.25,1,1,21039953,10.0,9329,0.04451608576886074,0.03296079030764276,1.3505770144879872,-0.3162835406950805,0.9102379045262223,0.011361404606155721,0.006320521079243302,0.02626250112919836,0.8206249508170087,0.8205976424474051,0.7793975774466717,0.03118399690493083
deephit,temporal_test,1,0.1,0,1,21039822,10.0,9329,0.043115543695943594,0.03296079030764276,1.308085858789199,-0.3235213675983048,0.8996474218957627,0.010518469121959072,0.003241971514628905,0.03414105145307078,0.8232712398403897,0.8226732315488866,0.7793975774466717,0.03117324641852808
deephit,temporal_test,0.2,0.25,4,1,21040346,10.0,9329,0.06527845663617467,0.03296079030764276,1.9804882112016067,-0.8339304976850817,0.8590706391025957,0.0328374496769434,0.0042854602299664535,0.11898789494939357,0.8256838662415893,0.8261830841423311,0.7793975774466717,0.03459618524489226
deephit,inner_oof,1,0.05,4,3,21056184,10.0,14551,0.045329772761525555,0.041509174627173406,1.092042257372447,-0.06839340888518203,1.0338547916854324,0.00346962610285462,0.0020184957455481323,0.00917691903220641,0.8397807546734397,0.8333858244473238,1.0,0.03636553711727748
deephit,temporal_test,1,0.05,1,1,21039953,10.0,9329,0.04451608576886074,0.03296079030764276,1.3505770144879872,-0.3162835406950805,0.9102379045262223,0.011361404606155721,0.006320521079243302,0.02626250112919836,0.8206249508170087,0.8205976424474051,0.7793975774466717,0.03118399690493083
deephit,temporal_test,1,0.05,2,1,21040084,10.0,9329,0.046416059862489645,0.03296079030764276,1.408220477399383,-0.3781922533515298,0.9624141047786784,0.013698676129072197,0.004978637582202072,0.04250614947245498,0.8227944645382798,0.8226125189908565,0.7793975774466717,0.031338449393598776
deephit,temporal_test,0.2,0.25,2,1,21040084,10.0,9329,0.06822048763536473,0.03296079030764276,2.0697467202279474,-0.8821299315191697,0.8283673460784879,0.035312032997934076,0.005604137995394498,0.12267394541283015,0.8228407267724199,0.8230114702716232,0.7793975774466717,0.03518383820763251
deephit,temporal_test,0,0.5,0,1,21039822,10.0,9329,0.17269670489441322,0.03296079030764276,5.239458862561595,-1.8203238216263815,1.4415303124957688,0.14075416745763672,0.08736639428370874,0.32181122559318054,0.7881452199580754,0.7880416755281142,0.7793975774466717,0.07077898879874561
deephit,temporal_test,0,0.25,3,1,21040215,10.0,9329,0.18337786607977552,0.03296079030764276,5.563515448755939,-1.7813489847276096,2.2323196112446126,0.1515593811114704,0.14830776536338552,0.3189157375497661,0.8164577190295338,0.8172368164743476,0.7793975774466717,0.07057511973814243
deephit,temporal_test,1,0.25,3,1,21040215,10.0,9329,0.04537374833630367,0.03296079030764276,1.3765977063293493,-0.35886613176241616,0.931794410938067,0.012490986804840901,0.00392943281366076,0.04105656045622707,0.8253355486979573,0.8247036296495501,0.7793975774466717,0.031292435409669264
deephit,temporal_test,0.2,0.5,0,1,21039822,10.0,9329,0.05078931635038727,0.03296079030764276,1.5409010486805752,-0.5474049235097573,0.8156646226411103,0.018320068179086234,0.00397663886682309,0.06300211066385358,0.822191493544622,0.8216340397717741,0.7793975774466717,0.032093865053502
deephit,temporal_test,0,0.05,4,1,21040346,10.0,9329,0.20335785592698313,0.03296079030764276,6.1696899263920155,-1.76669601726093,8.712547964851222,0.17118414923116076,0.17747088802849675,0.19436848439601448,0.8189400798948142,0.8184414232015489,0.7793975774466717,0.06040922166282131
deephit,temporal_test,0,0.5,4,1,21040346,10.0,9329,0.1470481974624589,0.03296079030764276,4.461306785728441,-1.685045071371923,0.8909230820222734,0.11494014715526471,0.04373137700421259,0.30389824332845455,0.7889011233788851,0.7894811318356497,0.7793975774466717,0.06102784406805644
deephit,temporal_test,1,0.5,1,1,21039953,10.0,9329,0.04451608576886074,0.03296079030764276,1.3505770144879872,-0.3162835406950805,0.9102379045262223,0.011361404606155721,0.006320521079243302,0.02626250112919836,0.8206249508170087,0.8205976424474051,0.7793975774466717,0.03118399690493083
deephit,temporal_test,0,0.05,3,1,21040215,10.0,9329,0.19559308212473497,0.03296079030764276,5.934113845546414,-1.6842330142737354,5.718419642217147,0.1631819392145634,0.1746182664827156,0.19332802046362063,0.8228628671366054,0.822850892957975,0.7793975774466717,0.05847400200348765
deephit,temporal_test,1,0.5,0,1,21039822,10.0,9329,0.043115543695943594,0.03296079030764276,1.308085858789199,-0.3235213675983048,0.8996474218957627,0.010518469121959072,0.003241971514628905,0.03414105145307078,0.8232712398403897,0.8226732315488866,0.7793975774466717,0.03117324641852808
deephit,temporal_test,0.2,0.05,3,1,21040215,10.0,9329,0.06056518985004518,0.03296079030764276,1.8374920408386466,-0.4236927806711334,2.178159312530448,0.028950996242175234,0.027756108399410784,0.04693709528579373,0.8166164657284374,0.8154847160510477,0.7793975774466717,0.031953542400009645
deephit,temporal_test,0,0.05,0,1,21039822,10.0,9329,0.17675503338696688,0.03296079030764276,5.362584808713823,-1.5814054418649768,6.836676488656555,0.1446178716012764,0.1497712178248789,0.16834659633930507,0.8217636255133542,0.8219012650458882,0.7793975774466717,0.05203509046937976
deephit,temporal_test,0.2,0.25,3,1,21040215,10.0,9329,0.061080395961613354,0.03296079030764276,1.8531229194298287,-0.7773311822356798,0.8244251337618952,0.028856910544024877,0.0018514517987004986,0.1094682550523689,0.8278345820581859,0.8273817642710172,0.7793975774466717,0.033911260171833955
deephit,temporal_test,1,0.25,0,1,21039822,10.0,9329,0.043115543695943594,0.03296079030764276,1.308085858789199,-0.3235213675983048,0.8996474218957627,0.010518469121959072,0.003241971514628905,0.03414105145307078,0.8232712398403897,0.8226732315488866,0.7793975774466717,0.03117324641852808
deephit,temporal_test,1,0.25,2,1,21040084,10.0,9329,0.046416059862489645,0.03296079030764276,1.408220477399383,-0.3781922533515298,0.9624141047786784,0.013698676129072197,0.004978637582202072,0.04250614947245498,0.8227944645382798,0.8226125189908565,0.7793975774466717,0.031338449393598776
deephit,temporal_test,1,0.05,3,1,21040215,10.0,9329,0.04537374833630367,0.03296079030764276,1.3765977063293493,-0.35886613176241616,0.931794410938067,0.012490986804840901,0.00392943281366076,0.04105656045622707,0.8253355486979573,0.8247036296495501,0.7793975774466717,0.031292435409669264
deephit,inner_oof,1,0.05,4,2,21048265,10.0,14551,0.043096719803002254,0.041509174627173406,1.0382456454527906,-0.04004693981995579,0.930020818655629,0.002544638766548358,0.0017537872714141756,0.003445145483384801,0.8416862061057067,0.8351391245016783,1.0,0.03650144313311286
deephit,temporal_test,0.2,0.25,1,1,21039953,10.0,9329,0.06277776109137267,0.03296079030764276,1.9046194131096463,-0.7844018334525079,0.8898336534729118,0.03070117257956979,0.004468867049953751,0.1096348966263376,0.8280305227167997,0.8278497003344296,0.7793975774466717,0.0339921635068044
deephit,temporal_test,1,0.5,4,1,21040346,10.0,9329,0.043190657754993485,0.03296079030764276,1.3103647501127629,-0.26912356488886086,1.0134861052533897,0.010243282991693616,0.005288161977609174,0.028821052122632685,0.8222346072555856,0.8218792710720652,0.7793975774466717,0.03104272712126164
deephit,inner_oof,0,0.05,2,1,21040084,10.0,14551,0.2054650586926397,0.041509174627173406,4.949870975226157,-1.5168794197741422,5.3037085280883,0.16640499434121078,0.17274706418185937,0.20113878502443838,0.8196578627604882,0.8133481842510155,1.0,0.06511806454337331
deephit,temporal_test,1,0.05,0,1,21039822,10.0,9329,0.043115543695943594,0.03296079030764276,1.308085858789199,-0.3235213675983048,0.8996474218957627,0.010518469121959072,0.003241971514628905,0.03414105145307078,0.8232712398403897,0.8226732315488866,0.7793975774466717,0.03117324641852808
deephit,temporal_test,0.2,0.5,4,1,21040346,10.0,9329,0.05433049763750927,0.03296079030764276,1.6483372252427886,-0.6208790092301263,0.85030727492877,0.02140462068508718,0.0033018554152288715,0.07773326426659663,0.8264163973903829,0.8266255421716846,0.7793975774466717,0.03252335759870741
deephit,temporal_test,0.2,0.05,2,1,21040084,10.0,9329,0.0449204021929417,0.03296079030764276,1.3628436021610142,-0.11892183441271686,2.0047093690996904,0.01572900777845561,0.01570986743935865,0.02551499808541007,0.823508262767134,0.8231687596038182,0.7793975774466717,0.031094587316079676
deephit,inner_oof,1,0.25,4,3,21056184,10.0,14551,0.045329772761525555,0.041509174627173406,1.092042257372447,-0.06839340888518203,1.0338547916854324,0.00346962610285462,0.0020184957455481323,0.00917691903220641,0.8397807546734397,0.8333858244473238,1.0,0.03636553711727748
deephit,temporal_test,1,0.5,2,1,21040084,10.0,9329,0.046416059862489645,0.03296079030764276,1.408220477399383,-0.3781922533515298,0.9624141047786784,0.013698676129072197,0.004978637582202072,0.04250614947245498,0.8227944645382798,0.8226125189908565,0.7793975774466717,0.031338449393598776
deephit,temporal_test,1,0.5,3,1,21040215,10.0,9329,0.04537374833630367,0.03296079030764276,1.3765977063293493,-0.35886613176241616,0.931794410938067,0.012490986804840901,0.00392943281366076,0.04105656045622707,0.8253355486979573,0.8247036296495501,0.7793975774466717,0.031292435409669264
deephit,temporal_test,0.2,0.5,3,1,21040215,10.0,9329,0.049359351708214295,0.03296079030764276,1.4975172393475387,-0.5757294480656305,0.7888531577210527,0.01735519603612116,0.000987683084763824,0.06885390178863174,0.8254725273574431,0.8254020222845468,0.7793975774466717,0.03222907992121173
deephit,temporal_test,0,0.25,0,1,21039822,10.0,9329,0.18737813443436144,0.03296079030764276,5.684879903832684,-1.80478815069548,1.893841297375384,0.15565971300658046,0.13767876728085815,0.3477325582216951,0.8177678179538226,0.8170829733791319,0.7793975774466717,0.0726837187440496
deephit,temporal_test,0,0.5,3,1,21040215,10.0,9329,0.1596104919311253,0.03296079030764276,4.842435222013343,-1.8074871301306592,1.1097124320254286,0.12833864297753167,0.02923419822516049,0.3568780889449173,0.8125648060008256,0.8107691782708233,0.7793975774466717,0.07059259661325397
deephit,temporal_test,0,0.25,4,1,21040346,10.0,9329,0.2118324622521889,0.03296079030764276,6.4268016717751575,-1.9522134514115965,2.0466175595122063,0.17994779424905982,0.1642803071776049,0.3939237980377191,0.8222654877060445,0.8223825869524226,0.7793975774466717,0.08682808177411987
deephit,inner_oof,0.2,0.05,1,2,21047872,10.0,14551,0.05809996589761016,0.041509174627173406,1.3996897413512006,-0.14098154505112556,2.3038854965184434,0.02286723301392804,0.023538933891949568,0.03594460362090768,0.8324317413557569,0.8261152047077905,1.0,0.0375074063760865
deephit,inner_oof,0.2,0.05,2,3,21055922,10.0,14551,0.062229573389854916,0.041509174627173406,1.4991763615824147,-0.3025164561000845,1.4870865545887346,0.022910633824874117,0.02448168603025938,0.035940753641210854,0.797967779631215,0.792082484420308,1.0,0.038344165472343206
deephit,inner_oof,0.2,0.05,1,1,21039953,10.0,14551,0.06800491798212042,0.041509174627173406,1.6383105323805198,-0.4548988709643379,1.1156323440663616,0.029457277947701758,0.027982362089107427,0.04686117869573869,0.7707529972739752,0.765272793220302,1.0,0.03926631714984735
deephit,inner_oof,1,0.25,3,2,21048134,10.0,14551,0.04504463844502554,0.041509174627173406,1.0851730695588848,-0.07072804477039056,0.9604307852382141,0.0032361119457058286,0.002474645029877454,0.006104922776662414,0.8340410741325842,0.8276354907026228,1.0,0.036638386103873787
deephit,inner_oof,0.2,0.05,4,2,21048265,10.0,14551,0.046592162756917,0.041509174627173406,1.1224545699932102,0.07275635520341808,2.384364374143855,0.018395859283335703,0.01626328362281415,0.026778026553178957,0.8342002623935362,0.8279522968503821,1.0,0.037337373503827716
deephit,temporal_test,0.2,0.05,0,1,21039822,10.0,9329,0.04726396418935202,0.03296079030764276,1.4339451132151015,-0.2223145278551541,1.8141188625545375,0.015521372782183027,0.015129909450483647,0.030161814040966205,0.8232333857674019,0.8227175196438815,0.7793975774466717,0.031112671096325435
deephit,inner_oof,0,0.05,0,2,21047741,10.0,14551,0.19272208541544472,0.041509174627173406,4.64287924649029,-1.4484610570504826,3.5490893417467158,0.15380426345525616,0.15410318371049958,0.18203032830180954,0.8014258804737139,0.7956835104259555,1.0,0.06111560478499937
deephit,inner_oof,1,0.5,4,2,21048265,10.0,14551,0.043096719803002254,0.041509174627173406,1.0382456454527906,-0.04004693981995579,0.930020818655629,0.002544638766548358,0.0017537872714141756,0.003445145483384801,0.8416862061057067,0.8351391245016783,1.0,0.03650144313311286
deephit,temporal_test,0,0.5,1,1,21039953,10.0,9329,0.14939219451677802,0.03296079030764276,4.532421496038515,-1.8164438419911833,0.7802147717328979,0.11874125597969648,0.007145501120177644,0.3569913530500015,0.8041043444854383,0.8043948832348506,0.7793975774466717,0.06990958838890517
deephit,temporal_test,0.2,0.05,4,1,21040346,10.0,9329,0.04645610665099837,0.03296079030764276,1.4094354600540748,-0.17055061436899904,2.0225869781108337,0.016615975425550763,0.017719910015548734,0.027993979060550678,0.8261818794368757,0.8264729873135558,0.7793975774466717,0.03116055594263698
deephit,inner_oof,0.2,0.05,4,3,21056184,10.0,14551,0.04967395970312108,0.041509174627173406,1.1966983239074744,0.011792439803596219,2.258891025465915,0.01882209413854365,0.017630316536893842,0.029472890730956325,0.8352028754077048,0.8287955636912263,1.0,0.03718491874375092
deephit,inner_oof,0,0.05,0,3,21055660,10.0,14551,0.18219032665467474,0.041509174627173406,4.38915801846386,-1.3943516449463045,3.6278350780994133,0.14078230930581082,0.14940827469245932,0.16375349124592153,0.7827334274455282,0.7772498902044724,1.0,0.05836164393067922
deephit,inner_oof,0.2,0.05,0,3,21055660,10.0,14551,0.05602409836835872,0.041509174627173406,1.3496798929768004,-0.11963893681245871,2.176234007588935,0.02629946223587657,0.0228503007740658,0.05378440206531643,0.8268548103344877,0.8207908043935876,1.0,0.037647303655613425
deephit,inner_oof,0.2,0.05,0,2,21047741,10.0,14551,0.060080604549768796,0.041509174627173406,1.4474054251716646,-0.18338911234479974,2.698988905024846,0.02577894510547991,0.027268958785111153,0.04312602199593041,0.824494882946177,0.8181757590767111,1.0,0.03772601150305786
nfg,temporal_test,NA,NA,1,1,21039953,10.0,9329,0.04019574365586913,0.03296079030764276,1.2195018165735172,-0.263282172369433,0.8795572111688185,0.00710549488801139,0.0009988026079962298,0.02505444158170695,0.8227129219595437,0.8224581689494654,0.7793975774466717,0.03103472600204681
nfg,temporal_test,NA,NA,2,1,21040084,10.0,9329,0.03813146246506321,0.03296079030764276,1.15687342776552,-0.21543715639605995,0.8656436452489391,0.005226384598042927,0.00022543237572114627,0.019684597166268726,0.8211668362484398,0.820606179966693,0.7793975774466717,0.031009202651119564
nfg,temporal_test,NA,NA,0,1,21039822,10.0,9329,0.03794245438538785,0.03296079030764276,1.1511390968252957,-0.22668877593880798,0.8351351738958908,0.005864729355354265,0.0013820661354247976,0.01620531523155869,0.8224194803672239,0.8224263011353163,0.7793975774466717,0.031011011443584473
nfg,temporal_test,NA,NA,4,1,21040346,10.0,9329,0.038337179144009505,0.03296079030764276,1.1631146822083358,-0.27880508569004897,0.7978354080059663,0.006760829039736529,0.0010506667337276676,0.021359589708624487,0.8201997655946203,0.8200620115992608,0.7793975774466717,0.03109803761585164
nfg,temporal_test,NA,NA,3,1,21040215,10.0,9329,0.03905531328359934,0.03296079030764276,1.1849022101434084,-0.3270343490763544,0.7740621547327525,0.0076972879321667844,0.0009193220599584828,0.02259093036659912,0.8184744421477289,0.8189099470990833,0.7793975774466717,0.0312888364736932
nfg,inner_oof,NA,NA,3,3,21056053,10.0,14551,0.03890805830315212,0.041509174627173406,0.9373363516045798,0.01343078724159029,0.8770494465393028,0.004067875525900814,0.0018740737254903106,0.00998161935178854,0.8418643283917309,0.8352731802212088,1.0,0.03633824232550789
nfg,inner_oof,NA,NA,1,3,21055791,10.0,14551,0.04037117589697581,0.041509174627173406,0.9725844047630708,-0.04068967001015927,0.8769260486508631,0.003920083201328702,0.002187243670142558,0.006842044816778081,0.837887708292082,0.8314624996702357,1.0,0.03634023879162797
nfg,inner_oof,NA,NA,0,1,21039822,10.0,14551,0.04096578336601858,0.041509174627173406,0.9869091287399605,-0.0111993743741055,0.9378729528660549,0.0018589380242228209,0.0009329052145763406,0.0037053894703023005,0.8386654278234964,0.832129640422698,1.0,0.0362799980953904
nfg,inner_oof,NA,NA,4,1,21040346,10.0,14551,0.0396150876974802,0.041509174627173406,0.9543694388841625,0.004385318142771087,0.9184829926260841,0.0029049800741517058,0.002297099914358447,0.005041606759874306,0.8352383692854264,0.828878193614578,1.0,0.036390649283725124
nfg,inner_oof,NA,NA,2,2,21048003,10.0,14551,0.03898654083411944,0.041509174627173406,0.9392270789358804,0.016013312807093595,0.910203045661434,0.0033078223647965105,0.0022656918651412505,0.006681549410149645,0.8334811255666557,0.8270044351698521,1.0,0.03641865397189877
nfg,inner_oof,NA,NA,4,3,21056184,10.0,14551,0.03798165737380781,0.041509174627173406,0.9150183715997968,0.062313279116837345,0.9115518394184832,0.004040486326725061,0.0017534223465336396,0.010998386223426304,0.8401210329359443,0.8337263387587451,1.0,0.036276225772473546
nfg,inner_oof,NA,NA,3,2,21048134,10.0,14551,0.04012697823247496,0.041509174627173406,0.9667014242727531,-0.017639955794586028,0.8716361217069084,0.0038008269617616983,0.000940866760022474,0.009223637914392846,0.8379916376898923,0.8315529742065639,1.0,0.03638475823496078
nfg,inner_oof,NA,NA,2,1,21040084,10.0,14551,0.039360329307399425,0.041509174627173406,0.9482320393244517,0.014174497755366023,0.8966194373453665,0.0033758167378150263,0.001610561023524526,0.008229442552179944,0.8378174327883658,0.831161324640185,1.0,0.036394803247826804
nfg,inner_oof,NA,NA,2,3,21055922,10.0,14551,0.03888525193530405,0.041509174627173406,0.9367869220374322,0.006682296211059381,0.8379627475633344,0.00522017054936403,0.001024008428819223,0.014239387132956027,0.8353930466187749,0.8290470561724262,1.0,0.03659776621233535
nfg,inner_oof,NA,NA,4,2,21048265,10.0,14551,0.038960954474658645,0.041509174627173406,0.9386106764250955,0.011520224430515895,0.88136728628609,0.003957814961622197,0.002064978618333213,0.009392019587947442,0.8402194423828714,0.8339015351152188,1.0,0.036331294936686215
nfg,inner_oof,NA,NA,0,2,21047741,10.0,14551,0.03827655882713922,0.041509174627173406,0.9221228600889115,0.05194765314329202,0.8969706000523793,0.004113168963171068,0.0016469197139331593,0.011127959990659742,0.8399259946714074,0.8334392259238078,1.0,0.036335245990303904
nfg,inner_oof,NA,NA,3,1,21040215,10.0,14551,0.04033415373066036,0.041509174627173406,0.9716925015477462,-0.03953811887990952,0.8485029113204183,0.00431720587228284,0.0014893349715944249,0.009845406642000065,0.8350124074250818,0.8285469766222399,1.0,0.036502966113171796
nfg,inner_oof,NA,NA,0,3,21055660,10.0,14551,0.040748107872993274,0.041509174627173406,0.9816650954634518,-0.011958392321131685,0.9250872505024001,0.002220438307409794,0.0009557703863617428,0.004809605035780318,0.8416315407856706,0.8350742757010731,1.0,0.03617037795287862
nfg,inner_oof,NA,NA,1,2,21047872,10.0,14551,0.039066132850511234,0.041509174627173406,0.9411445349466702,0.0036435358174975166,0.8850858294082775,0.003742440211765038,0.0020403463217166795,0.008338337122813955,0.8350508096640213,0.8286050848665096,1.0,0.036413596926783316
nfg,inner_oof,NA,NA,1,1,21039953,10.0,14551,0.04086613189757638,0.041509174627173406,0.9845084192742279,-0.01887138578107817,0.9155792481300676,0.00239059943034519,0.0009625460302326028,0.00512203684604795,0.8385631009920717,0.8321124403823941,1.0,0.03635481419582437
deephit,inner_oof,1,0.05,2,3,21055922,10.0,14551,0.043041105733368556,0.041509174627173406,1.0369058435864993,0.02061948789782947,1.0410773509356892,0.00265220105160535,0.002811152827114109,0.0032981982920413655,0.8398313245460464,0.8334797273700638,1.0,0.03630532119373878
deephit,inner_oof,0,0.1,2,1,21040084,10.0,14551,0.20043271713855984,0.041509174627173406,4.828636534905932,-1.4585027729074915,3.947312577419375,0.15830413247047176,0.17708154385713387,0.21813696020696127,0.8394343035626357,0.8327582554092093,1.0,0.06532285276232938
deephit,inner_oof,1,0.25,2,1,21040084,10.0,14551,0.04806685442780734,0.041509174627173406,1.1579814549321594,-0.11918438054714596,1.0154013765678906,0.00605072852618892,0.0037409402023852456,0.01451113882137528,0.8405235145159277,0.8338190795165998,1.0,0.036529317665054795
deephit,inner_oof,0,0.5,3,3,21056053,10.0,14551,0.17284578489671645,0.041509174627173406,4.164038106013444,-1.6096920316108023,1.8317686539560523,0.13484693334168568,0.06037269737997486,0.34249082487984095,0.8247245841280876,0.818248510598537,1.0,0.07570108039640251
deephit,inner_oof,1,0.25,4,3,21056184,10.0,14551,0.045329772761525555,0.041509174627173406,1.092042257372447,-0.06839340888518203,1.0338547916854324,0.00346962610285462,0.0020184957455481323,0.00917691903220641,0.8397807546734397,0.8333858244473238,1.0,0.03636553711727748
deephit,inner_oof,1,0.1,3,2,21048134,10.0,14551,0.04504463844502554,0.041509174627173406,1.0851730695588848,-0.07072804477039056,0.9604307852382141,0.0032361119457058286,0.002474645029877454,0.006104922776662414,0.8340410741325842,0.8276354907026228,1.0,0.036638386103873787
deephit,inner_oof,0,0.1,3,3,21056053,10.0,14551,0.18659367474009494,0.041509174627173406,4.495239339640928,-1.37653014410271,4.100877530110216,0.1444913729769275,0.16016628581093117,0.19962731468577521,0.8373260978054574,0.8309817120571469,1.0,0.06047814964417437
deephit,inner_oof,1,0.5,3,2,21048134,10.0,14551,0.04504463844502554,0.041509174627173406,1.0851730695588848,-0.07072804477039056,0.9604307852382141,0.0032361119457058286,0.002474645029877454,0.006104922776662414,0.8340410741325842,0.8276354907026228,1.0,0.036638386103873787
deephit,inner_oof,0,0.5,0,1,21039822,10.0,14551,0.15960126471707262,0.041509174627173406,3.844963580957157,-1.5537777705623768,1.350424612848696,0.12116928978592792,0.04458884110954375,0.31880414970113125,0.812315140999726,0.8054473224941313,1.0,0.07004791736342554
deephit,inner_oof,1,0.1,4,2,21048265,10.0,14551,0.043096719803002254,0.041509174627173406,1.0382456454527906,-0.04004693981995579,0.930020818655629,0.002544638766548358,0.0017537872714141756,0.003445145483384801,0.8416862061057067,0.8351391245016783,1.0,0.03650144313311286
deephit,inner_oof,0,0.05,3,2,21048134,10.0,14551,0.20501579279662224,0.041509174627173406,4.939047683747764,-1.517557073685664,5.60505071009993,0.16478181011908935,0.17289391347319938,0.18992007462857824,0.8133432763674402,0.8071495454017726,1.0,0.0647155972212601
deephit,inner_oof,0,0.1,1,2,21047872,10.0,14551,0.19751976537870433,0.041509174627173406,4.758460440439612,-1.4484715409516715,4.2586887691274065,0.15585638377985958,0.17516366264400907,0.21738675910922223,0.8318166526353077,0.8253568340118246,1.0,0.06443441251349515
deephit,inner_oof,0,0.5,3,1,21040215,10.0,14551,0.1554357982819865,0.041509174627173406,3.7446130807966633,-1.565159548547277,0.8919645560703119,0.11634880352460031,0.028768825536786724,0.31557616329552607,0.794727983942997,0.7878801543029562,1.0,0.06923223658734202
deephit,inner_oof,1,0.1,0,1,21039822,10.0,14551,0.04527333639794514,0.041509174627173406,1.0906826455736747,-0.03265180941287242,1.014567019765638,0.004593915743004103,0.004758555703154865,0.007665948773570408,0.8373118527709204,0.8307643872235776,1.0,0.03652925839930883
deephit,inner_oof,1,0.1,2,1,21040084,10.0,14551,0.04806685442780734,0.041509174627173406,1.1579814549321594,-0.11918438054714596,1.0154013765678906,0.00605072852618892,0.0037409402023852456,0.01451113882137528,0.8405235145159277,0.8338190795165998,1.0,0.036529317665054795
deephit,inner_oof,1,0.1,1,3,21055791,10.0,14551,0.040803259394898525,0.041509174627173406,0.982993754064848,0.08777665515623563,1.1127994671901733,0.00372826973290982,0.001993429140001557,0.00854186503581622,0.8406352193284226,0.834153085704663,1.0,0.03628328143226082
deephit,inner_oof,0,0.25,4,2,21048265,10.0,14551,0.20503197664080336,0.041509174627173406,4.93943756970253,-1.7124648410256484,2.234851820992382,0.16563963243198562,0.1377723395340671,0.3627195251104314,0.8329867041595975,0.826365302591128,1.0,0.0859069845546692
deephit,inner_oof,0,0.05,4,1,21040346,10.0,14551,0.20271278003982177,0.041509174627173406,4.883565666158022,-1.5015461429414414,5.9186570779322905,0.16165273992208604,0.17133838124840384,0.1900942181409636,0.8180124425628337,0.8115798922696394,1.0,0.06407423604851532
deephit,inner_oof,1,0.05,1,3,21055791,10.0,14551,0.040803259394898525,0.041509174627173406,0.982993754064848,0.08777665515623563,1.1127994671901733,0.00372826973290982,0.001993429140001557,0.00854186503581622,0.8406352193284226,0.834153085704663,1.0,0.03628328143226082
deephit,inner_oof,0,0.25,0,3,21055660,10.0,14551,0.208122861937989,0.041509174627173406,5.013900271621981,-1.694044087483033,2.5133734831093753,0.1690277568574117,0.15858915512770622,0.3536927715079584,0.8370624459579002,0.8304804703420751,1.0,0.08507043481436874
deephit,inner_oof,1,0.5,2,3,21055922,10.0,14551,0.043041105733368556,0.041509174627173406,1.0369058435864993,0.02061948789782947,1.0410773509356892,0.00265220105160535,0.002811152827114109,0.0032981982920413655,0.8398313245460464,0.8334797273700638,1.0,0.03630532119373878
deephit,inner_oof,1,0.5,0,2,21047741,10.0,14551,0.042553899555697654,0.041509174627173406,1.0251685305214508,-0.0019793840073309924,0.9732188584915246,0.001773337482494329,0.0018163138968323445,0.002639290630431862,0.8349475331636275,0.8285537752868194,1.0,0.03666658210491813
deephit,inner_oof,1,0.5,1,3,21055791,10.0,14551,0.040803259394898525,0.041509174627173406,0.982993754064848,0.08777665515623563,1.1127994671901733,0.00372826973290982,0.001993429140001557,0.00854186503581622,0.8406352193284226,0.834153085704663,1.0,0.03628328143226082
deephit,inner_oof,1,0.25,0,3,21055660,10.0,14551,0.04525157534375322,0.041509174627173406,1.0901583987201207,-0.0636263956317207,0.9572920171430711,0.004272120472242769,0.003926132773542923,0.0053234109208712965,0.8370492693009535,0.8306701356513719,1.0,0.036651426592710104
deephit,inner_oof,1,0.25,2,3,21055922,10.0,14551,0.043041105733368556,0.041509174627173406,1.0369058435864993,0.02061948789782947,1.0410773509356892,0.00265220105160535,0.002811152827114109,0.0032981982920413655,0.8398313245460464,0.8334797273700638,1.0,0.03630532119373878
deephit,inner_oof,1,0.05,0,3,21055660,10.0,14551,0.04525157534375322,0.041509174627173406,1.0901583987201207,-0.0636263956317207,0.9572920171430711,0.004272120472242769,0.003926132773542923,0.0053234109208712965,0.8370492693009535,0.8306701356513719,1.0,0.036651426592710104
deephit,inner_oof,1,0.05,3,1,21040215,10.0,14551,0.042879634822178526,0.041509174627173406,1.0330158382409262,-0.0005266441982103802,1.034448671977794,0.001205406497651369,0.0012098412640459064,0.0016913883612938857,0.8356296329007117,0.8291074306382226,1.0,0.036502511944499945
deephit,inner_oof,1,0.25,0,2,21047741,10.0,14551,0.042553899555697654,0.041509174627173406,1.0251685305214508,-0.0019793840073309924,0.9732188584915246,0.001773337482494329,0.0018163138968323445,0.002639290630431862,0.8349475331636275,0.8285537752868194,1.0,0.03666658210491813
deephit,inner_oof,1,0.5,0,1,21039822,10.0,14551,0.04527333639794514,0.041509174627173406,1.0906826455736747,-0.03265180941287242,1.014567019765638,0.004593915743004103,0.004758555703154865,0.007665948773570408,0.8373118527709204,0.8307643872235776,1.0,0.03652925839930883
deephit,inner_oof,1,0.1,3,1,21040215,10.0,14551,0.042879634822178526,0.041509174627173406,1.0330158382409262,-0.0005266441982103802,1.034448671977794,0.001205406497651369,0.0012098412640459064,0.0016913883612938857,0.8356296329007117,0.8291074306382226,1.0,0.036502511944499945
deephit,inner_oof,0,0.1,4,2,21048265,10.0,14551,0.20312673531120626,0.041509174627173406,4.893538287273777,-1.4734196488851015,3.629040219470055,0.16210671028322474,0.18145161388664735,0.21784968856653686,0.8324901459973589,0.8261448399123681,1.0,0.06610955708701653
deephit,inner_oof,0,0.5,2,2,21048003,10.0,14551,0.17002161892323492,0.041509174627173406,4.0960009552185275,-1.629413195420276,1.3795067794172324,0.13134213590687024,0.04045923932693074,0.34019904914997956,0.8124134317380319,0.8060238143855326,1.0,0.07580941705844936
deephit,inner_oof,1,0.25,0,1,21039822,10.0,14551,0.04527333639794514,0.041509174627173406,1.0906826455736747,-0.03265180941287242,1.014567019765638,0.004593915743004103,0.004758555703154865,0.007665948773570408,0.8373118527709204,0.8307643872235776,1.0,0.03652925839930883
deephit,inner_oof,0,0.05,4,2,21048265,10.0,14551,0.20182991230807043,0.041509174627173406,4.862296447011145,-1.5067082803973229,5.312199963437405,0.16154721579612097,0.16838636056422485,0.1861680158070771,0.8120298841831208,0.806281640665358,1.0,0.06373718327514916
deephit,inner_oof,1,0.05,0,1,21039822,10.0,14551,0.04527333639794514,0.041509174627173406,1.0906826455736747,-0.03265180941287242,1.014567019765638,0.004593915743004103,0.004758555703154865,0.007665948773570408,0.8373118527709204,0.8307643872235776,1.0,0.03652925839930883
deephit,inner_oof,0,0.1,2,2,21048003,10.0,14551,0.20395860437859548,0.041509174627173406,4.91357889455785,-1.4726679918520997,3.992939547133915,0.16207328627814444,0.18014922437214242,0.2282501494843241,0.8387893002696585,0.8325343643440375,1.0,0.06671111563970354
deephit,inner_oof,1,0.25,2,2,21048003,10.0,14551,0.04268941732878328,0.041509174627173406,1.028433297270075,0.013383860072238551,0.9844196804059515,0.003878242693967115,0.004261552800000401,0.005571696973275406,0.8412135677306283,0.8346886693920983,1.0,0.03643129736695236
deephit,inner_oof,0,0.1,0,3,21055660,10.0,14551,0.19614455264657313,0.041509174627173406,4.725330108543518,-1.4569621088160918,3.3082187587697733,0.16155271967955034,0.18804972457297653,0.24617932818633093,0.8332250710708515,0.8265845449967582,1.0,0.06496099491094033
deephit,inner_oof,1,0.5,4,1,21040346,10.0,14551,0.04428603359936925,0.041509174627173406,1.0668974750073208,-0.02422204453973014,1.015215338761671,0.0024984888492222655,0.0026771548026242042,0.0034452798991568834,0.84049466832099,0.8340983477385607,1.0,0.036420177593708455
deephit,inner_oof,1,0.25,3,2,21048134,10.0,14551,0.04504463844502554,0.041509174627173406,1.0851730695588848,-0.07072804477039056,0.9604307852382141,0.0032361119457058286,0.002474645029877454,0.006104922776662414,0.8340410741325842,0.8276354907026228,1.0,0.036638386103873787
deephit,inner_oof,1,0.1,0,3,21055660,10.0,14551,0.04525157534375322,0.041509174627173406,1.0901583987201207,-0.0636263956317207,0.9572920171430711,0.004272120472242769,0.003926132773542923,0.0053234109208712965,0.8370492693009535,0.8306701356513719,1.0,0.036651426592710104
deephit,inner_oof,1,0.05,4,1,21040346,10.0,14551,0.04428603359936925,0.041509174627173406,1.0668974750073208,-0.02422204453973014,1.015215338761671,0.0024984888492222655,0.0026771548026242042,0.0034452798991568834,0.84049466832099,0.8340983477385607,1.0,0.036420177593708455
deephit,inner_oof,0,0.1,4,3,21056184,10.0,14551,0.18876918242230295,0.041509174627173406,4.547649624879022,-1.394375672502907,3.7026061064656464,0.14717731019393068,0.16318073791655208,0.2106113332414531,0.8314741189090012,0.825155605161918,1.0,0.06176757386168089
deephit,inner_oof,1,0.25,1,1,21039953,10.0,14551,0.042096600003182154,0.041509174627173406,1.0141516997455353,-0.034076718660667644,0.8961242036845535,0.003603308877686313,0.0023200567697798657,0.006570126111144492,0.8367847864930482,0.8301365857524861,1.0,0.036704985811777016
deephit,inner_oof,1,0.1,4,3,21056184,10.0,14551,0.045329772761525555,0.041509174627173406,1.092042257372447,-0.06839340888518203,1.0338547916854324,0.00346962610285462,0.0020184957455481323,0.00917691903220641,0.8397807546734397,0.8333858244473238,1.0,0.03636553711727748
deephit,inner_oof,1,0.05,0,2,21047741,10.0,14551,0.042553899555697654,0.041509174627173406,1.0251685305214508,-0.0019793840073309924,0.9732188584915246,0.001773337482494329,0.0018163138968323445,0.002639290630431862,0.8349475331636275,0.8285537752868194,1.0,0.03666658210491813
deephit,inner_oof,0,0.5,2,3,21055922,10.0,14551,0.1699219502309794,0.041509174627173406,4.093599830812881,-1.6374280132613626,1.5504676638226034,0.1320596939242829,0.0385441197855837,0.3490779930549417,0.8157300319041291,0.8092358056957933,1.0,0.07659648923993317
deephit,inner_oof,1,0.1,2,3,21055922,10.0,14551,0.043041105733368556,0.041509174627173406,1.0369058435864993,0.02061948789782947,1.0410773509356892,0.00265220105160535,0.002811152827114109,0.0032981982920413655,0.8398313245460464,0.8334797273700638,1.0,0.03630532119373878
deephit,inner_oof,1,0.05,4,3,21056184,10.0,14551,0.045329772761525555,0.041509174627173406,1.092042257372447,-0.06839340888518203,1.0338547916854324,0.00346962610285462,0.0020184957455481323,0.00917691903220641,0.8397807546734397,0.8333858244473238,1.0,0.03636553711727748
deephit,inner_oof,1,0.25,4,1,21040346,10.0,14551,0.04428603359936925,0.041509174627173406,1.0668974750073208,-0.02422204453973014,1.015215338761671,0.0024984888492222655,0.0026771548026242042,0.0034452798991568834,0.84049466832099,0.8340983477385607,1.0,0.036420177593708455
deephit,inner_oof,0,0.25,0,1,21039822,10.0,14551,0.20412401337429967,0.041509174627173406,4.917563772532175,-1.6952366447330625,2.1046707069284256,0.16447334009392625,0.14629871628600855,0.35824984978359,0.8301260638073084,0.8235896460870896,1.0,0.08422772535935792
deephit,inner_oof,1,0.05,1,2,21047872,10.0,14551,0.04582466949827195,0.041509174627173406,1.103964844154561,-0.08684044376246926,1.0162548569319165,0.00399624910249803,0.001929738323424579,0.011139064471874405,0.8369266432953133,0.8305533961886338,1.0,0.03641915494216979
deephit,inner_oof,0,0.5,4,2,21048265,10.0,14551,0.16710449792773796,0.041509174627173406,4.025724419447871,-1.6496459515869073,1.1477100273544873,0.12854128005527685,0.02602010181129133,0.35115733010719774,0.8084002493830713,0.8015111281355354,1.0,0.07637263547295044
deephit,temporal_test,0,0.1,2,1,21040084,10.0,9329,0.1973084101658526,0.03296079030764276,5.986155317401532,-1.6650305583119285,4.944470878316069,0.16492666965466415,0.1758646451315875,0.22317911435587126,0.8253529393296589,0.824846986828298,0.7793975774466717,0.060319679383217015
deephit,temporal_test,0,0.1,4,1,21040346,10.0,9329,0.19647931942523084,0.03296079030764276,5.961001468453028,-1.6756764706187322,3.428810329210654,0.1637074515264069,0.1758473856398085,0.24484706532881764,0.8252444577024529,0.8257871098605891,0.7793975774466717,0.06284197803344577
deephit,inner_oof,1,0.25,3,1,21040215,10.0,14551,0.042879634822178526,0.041509174627173406,1.0330158382409262,-0.0005266441982103802,1.034448671977794,0.001205406497651369,0.0012098412640459064,0.0016913883612938857,0.8356296329007117,0.8291074306382226,1.0,0.036502511944499945
deephit,temporal_test,0,0.1,1,1,21039953,10.0,9329,0.20036332852791047,0.03296079030764276,6.078838724975941,-1.6806320411208535,3.75550056395792,0.16738465325337093,0.18108749907012278,0.22529139607855392,0.8245915865532796,0.8248535361004893,0.7793975774466717,0.06168949134878162
deephit,inner_oof,0,0.1,3,2,21048134,10.0,14551,0.20426239280151426,0.041509174627173406,4.920897479560981,-1.4769420506679907,3.717522683120245,0.16275768738000546,0.17857733460458847,0.2177431749873726,0.8308695359015231,0.8246365242158554,1.0,0.06619190695594944
deephit,inner_oof,0,0.5,4,3,21056184,10.0,14551,0.15937720937572109,0.041509174627173406,3.839565850374365,-1.566624564532654,1.2925221977274943,0.12103167931731582,0.03508665580171577,0.3312820100442442,0.8114710039947826,0.8046691368868694,1.0,0.07104662339378903
deephit,inner_oof,0,0.25,0,2,21047741,10.0,14551,0.201752745167914,0.041509174627173406,4.860437408838271,-1.6658270445284526,2.532987930407824,0.16284538483149918,0.1486556639371065,0.34338867283649366,0.8353563656548418,0.8286756282750533,1.0,0.08227854835767912
deephit,inner_oof,1,0.5,3,3,21056053,10.0,14551,0.04641145088665436,0.041509174627173406,1.118101029555807,-0.10920418414816138,0.9268734852861774,0.005082928835549865,0.003848271099955669,0.008424679654371658,0.8398757215703536,0.8333978528538877,1.0,0.03655007946563434
deephit,inner_oof,1,0.05,2,1,21040084,10.0,14551,0.04806685442780734,0.041509174627173406,1.1579814549321594,-0.11918438054714596,1.0154013765678906,0.00605072852618892,0.0037409402023852456,0.01451113882137528,0.8405235145159277,0.8338190795165998,1.0,0.036529317665054795
deephit,inner_oof,1,0.5,4,2,21048265,10.0,14551,0.043096719803002254,0.041509174627173406,1.0382456454527906,-0.04004693981995579,0.930020818655629,0.002544638766548358,0.0017537872714141756,0.003445145483384801,0.8416862061057067,0.8351391245016783,1.0,0.03650144313311286
deephit,inner_oof,1,0.05,3,3,21056053,10.0,14551,0.04641145088665436,0.041509174627173406,1.118101029555807,-0.10920418414816138,0.9268734852861774,0.005082928835549865,0.003848271099955669,0.008424679654371658,0.8398757215703536,0.8333978528538877,1.0,0.03655007946563434
deephit,inner_oof,0,0.5,3,2,21048134,10.0,14551,0.16804782530701237,0.041509174627173406,4.048450175566781,-1.625403571409924,1.511596165850131,0.1300542290910661,0.034076322431798145,0.3484336568325417,0.8182384637774888,0.8116675776102427,1.0,0.07589470635822575
deephit,inner_oof,1,0.25,3,3,21056053,10.0,14551,0.04641145088665436,0.041509174627173406,1.118101029555807,-0.10920418414816138,0.9268734852861774,0.005082928835549865,0.003848271099955669,0.008424679654371658,0.8398757215703536,0.8333978528538877,1.0,0.03655007946563434
deephit,temporal_test,1,0.1,3,1,21040215,10.0,9329,0.04537374833630367,0.03296079030764276,1.3765977063293493,-0.35886613176241616,0.931794410938067,0.012490986804840901,0.00392943281366076,0.04105656045622707,0.8253355486979573,0.8247036296495501,0.7793975774466717,0.031292435409669264
deephit,inner_oof,0,0.25,3,3,21056053,10.0,14551,0.20258538638346307,0.041509174627173406,4.880496617989685,-1.668437627539828,2.518750959107817,0.16326542386662968,0.165328749149936,0.3340446947782638,0.8311725990112996,0.8243474938088571,1.0,0.08196351125455524
deephit,inner_oof,0,0.25,1,3,21055791,10.0,14551,0.20929846652514342,0.041509174627173406,5.042221831800266,-1.6995850400312031,2.6971635187193765,0.17028379603889984,0.16971412590697432,0.347248721864739,0.8358670501429964,0.8293539258104153,1.0,0.08540287713964562
deephit,inner_oof,1,0.5,2,1,21040084,10.0,14551,0.04806685442780734,0.041509174627173406,1.1579814549321594,-0.11918438054714596,1.0154013765678906,0.00605072852618892,0.0037409402023852456,0.01451113882137528,0.8405235145159277,0.8338190795165998,1.0,0.036529317665054795
deephit,inner_oof,0,0.05,2,2,21048003,10.0,14551,0.19495736954716678,0.041509174627173406,4.696729609736462,-1.4538161068955002,5.613255880768122,0.1568161577454512,0.15965056477597295,0.1929073830287451,0.8231495581427704,0.8166276973411178,1.0,0.061409057016322786
deephit,temporal_test,1,0.1,0,1,21039822,10.0,9329,0.043115543695943594,0.03296079030764276,1.308085858789199,-0.3235213675983048,0.8996474218957627,0.010518469121959072,0.003241971514628905,0.03414105145307078,0.8232712398403897,0.8226732315488866,0.7793975774466717,0.03117324641852808
deephit,temporal_test,1,0.1,1,1,21039953,10.0,9329,0.04451608576886074,0.03296079030764276,1.3505770144879872,-0.3162835406950805,0.9102379045262223,0.011361404606155721,0.006320521079243302,0.02626250112919836,0.8206249508170087,0.8205976424474051,0.7793975774466717,0.03118399690493083
deephit,temporal_test,0,0.1,3,1,21040215,10.0,9329,0.1908941191280073,0.03296079030764276,5.791551638970982,-1.6299461718179042,3.2461183126181345,0.1582939466815354,0.17226481265090443,0.21950091379048794,0.8240572565076612,0.8236544132354586,0.7793975774466717,0.05910392380427219
deephit,temporal_test,1,0.1,4,1,21040346,10.0,9329,0.043190657754993485,0.03296079030764276,1.3103647501127629,-0.26912356488886086,1.0134861052533897,0.010243282991693616,0.005288161977609174,0.028821052122632685,0.8222346072555856,0.8218792710720652,0.7793975774466717,0.03104272712126164
deephit,temporal_test,0,0.1,0,1,21039822,10.0,9329,0.19112571695707284,0.03296079030764276,5.798578103655351,-1.6343608843618516,3.43711072185639,0.15840455764106318,0.17209946699137169,0.21881562193399923,0.8203143869625851,0.820194280668244,0.7793975774466717,0.05905678114685635
deephit,inner_oof,1,0.5,1,2,21047872,10.0,14551,0.04582466949827195,0.041509174627173406,1.103964844154561,-0.08684044376246926,1.0162548569319165,0.00399624910249803,0.001929738323424579,0.011139064471874405,0.8369266432953133,0.8305533961886338,1.0,0.03641915494216979
deephit,inner_oof,0,0.1,4,1,21040346,10.0,14551,0.19753398657608848,0.041509174627173406,4.758803044153415,-1.4525962352524142,3.3178616702387984,0.15625157522059785,0.17530433458086647,0.21194157645099865,0.8253436495873451,0.8189577217198506,1.0,0.06454472401054422
deephit,temporal_test,1,0.1,2,1,21040084,10.0,9329,0.046416059862489645,0.03296079030764276,1.408220477399383,-0.3781922533515298,0.9624141047786784,0.013698676129072197,0.004978637582202072,0.04250614947245498,0.8227944645382798,0.8226125189908565,0.7793975774466717,0.031338449393598776
deephit,inner_oof,1,0.1,0,2,21047741,10.0,14551,0.042553899555697654,0.041509174627173406,1.0251685305214508,-0.0019793840073309924,0.9732188584915246,0.001773337482494329,0.0018163138968323445,0.002639290630431862,0.8349475331636275,0.8285537752868194,1.0,0.03666658210491813
deephit,inner_oof,0,0.1,0,1,21039822,10.0,14551,0.20128762669567735,0.041509174627173406,4.849232212001325,-1.461887664283235,3.513207830546388,0.16273019543786024,0.1868080395166819,0.21449793172605147,0.8341745026227483,0.8278095830024553,1.0,0.0653308480178877
deephit,inner_oof,1,0.05,1,1,21039953,10.0,14551,0.042096600003182154,0.041509174627173406,1.0141516997455353,-0.034076718660667644,0.8961242036845535,0.003603308877686313,0.0023200567697798657,0.006570126111144492,0.8367847864930482,0.8301365857524861,1.0,0.036704985811777016
deephit,inner_oof,1,0.1,2,2,21048003,10.0,14551,0.04268941732878328,0.041509174627173406,1.028433297270075,0.013383860072238551,0.9844196804059515,0.003878242693967115,0.004261552800000401,0.005571696973275406,0.8412135677306283,0.8346886693920983,1.0,0.03643129736695236
deephit,inner_oof,1,0.1,4,1,21040346,10.0,14551,0.04428603359936925,0.041509174627173406,1.0668974750073208,-0.02422204453973014,1.015215338761671,0.0024984888492222655,0.0026771548026242042,0.0034452798991568834,0.84049466832099,0.8340983477385607,1.0,0.036420177593708455
deephit,inner_oof,0,0.5,0,3,21055660,10.0,14551,0.17788963400776628,0.041509174627173406,4.2855497755745136,-1.668756382934963,1.488512688223711,0.13906413316137778,0.05341096385157567,0.3622070567610267,0.8189218693094055,0.8121329084303557,1.0,0.07965116825161929
deephit,inner_oof,1,0.5,3,1,21040215,10.0,14551,0.042879634822178526,0.041509174627173406,1.0330158382409262,-0.0005266441982103802,1.034448671977794,0.001205406497651369,0.0012098412640459064,0.0016913883612938857,0.8356296329007117,0.8291074306382226,1.0,0.036502511944499945
deephit,inner_oof,1,0.1,1,1,21039953,10.0,14551,0.042096600003182154,0.041509174627173406,1.0141516997455353,-0.034076718660667644,0.8961242036845535,0.003603308877686313,0.0023200567697798657,0.006570126111144492,0.8367847864930482,0.8301365857524861,1.0,0.036704985811777016
deephit,temporal_test,0,0.5,0,1,21039822,10.0,9329,0.17269670489441322,0.03296079030764276,5.239458862561595,-1.8203238216263815,1.4415303124957688,0.14075416745763672,0.08736639428370874,0.32181122559318054,0.7881452199580754,0.7880416755281142,0.7793975774466717,0.07077898879874561
deephit,inner_oof,1,0.1,3,3,21056053,10.0,14551,0.04641145088665436,0.041509174627173406,1.118101029555807,-0.10920418414816138,0.9268734852861774,0.005082928835549865,0.003848271099955669,0.008424679654371658,0.8398757215703536,0.8333978528538877,1.0,0.03655007946563434
deephit,inner_oof,0,0.5,1,3,21055791,10.0,14551,0.16298181330691397,0.041509174627173406,3.926404578524676,-1.6078489676685,1.118743170488893,0.1240851549055644,0.03140256295292787,0.34175928257247956,0.8124192484604679,0.8055757417139677,1.0,0.07356157327052137
deephit,inner_oof,1,0.5,2,2,21048003,10.0,14551,0.04268941732878328,0.041509174627173406,1.028433297270075,0.013383860072238551,0.9844196804059515,0.003878242693967115,0.004261552800000401,0.005571696973275406,0.8412135677306283,0.8346886693920983,1.0,0.03643129736695236
deephit,inner_oof,0,0.25,2,2,21048003,10.0,14551,0.20845306542339506,0.041509174627173406,5.021855223469902,-1.6862909219128261,2.3872363376810246,0.1688754780636148,0.16686991751745217,0.34180527922168247,0.8279932260112431,0.8216749213301535,1.0,0.08365856322674887
deephit,inner_oof,0,0.05,4,3,21056184,10.0,14551,0.193246847467452,0.041509174627173406,4.655521320362405,-1.4235919626014066,5.75786622708425,0.15313897178550154,0.1611689167749364,0.18502456156080693,0.8357828857306064,0.8294411462850644,1.0,0.060761218034857435
deephit,inner_oof,1,0.05,3,2,21048134,10.0,14551,0.04504463844502554,0.041509174627173406,1.0851730695588848,-0.07072804477039056,0.9604307852382141,0.0032361119457058286,0.002474645029877454,0.006104922776662414,0.8340410741325842,0.8276354907026228,1.0,0.036638386103873787
deephit,temporal_test,1,0.05,1,1,21039953,10.0,9329,0.04451608576886074,0.03296079030764276,1.3505770144879872,-0.3162835406950805,0.9102379045262223,0.011361404606155721,0.006320521079243302,0.02626250112919836,0.8206249508170087,0.8205976424474051,0.7793975774466717,0.03118399690493083
deephit,temporal_test,0,0.05,4,1,21040346,10.0,9329,0.20335785592698313,0.03296079030764276,6.1696899263920155,-1.76669601726093,8.712547964851222,0.17118414923116076,0.17747088802849675,0.19436848439601448,0.8189400798948142,0.8184414232015489,0.7793975774466717,0.06040922166282131
deephit,inner_oof,1,0.05,4,2,21048265,10.0,14551,0.043096719803002254,0.041509174627173406,1.0382456454527906,-0.04004693981995579,0.930020818655629,0.002544638766548358,0.0017537872714141756,0.003445145483384801,0.8416862061057067,0.8351391245016783,1.0,0.03650144313311286
deephit,temporal_test,0,0.5,4,1,21040346,10.0,9329,0.1470481974624589,0.03296079030764276,4.461306785728441,-1.685045071371923,0.8909230820222734,0.11494014715526471,0.04373137700421259,0.30389824332845455,0.7889011233788851,0.7894811318356497,0.7793975774466717,0.06102784406805644
deephit,inner_oof,0,0.25,3,2,21048134,10.0,14551,0.2005626902005226,0.041509174627173406,4.831767723688416,-1.6525493813217116,2.27616816315567,0.16078424171151592,0.1540091572615152,0.33187180287562645,0.8285404727547095,0.8220061383224917,1.0,0.08039714191362585
deephit,inner_oof,0,0.5,1,2,21047872,10.0,14551,0.15896162411363007,0.041509174627173406,3.829553961055348,-1.5732043553742823,1.1737169693274028,0.12030295404831653,0.03458537531327832,0.33395035959613084,0.8126983324287737,0.8059690183111862,1.0,0.07111237479496926
deephit,temporal_test,0,0.5,2,1,21040084,10.0,9329,0.17400694206445,0.03296079030764276,5.27921025073547,-1.8726716092827116,1.3487365261251536,0.14249135785255074,0.04942191549446051,0.360020748174425,0.8069132831378253,0.8061056344677284,0.7793975774466717,0.07626492893714347
deephit,inner_oof,1,0.5,4,3,21056184,10.0,14551,0.045329772761525555,0.041509174627173406,1.092042257372447,-0.06839340888518203,1.0338547916854324,0.00346962610285462,0.0020184957455481323,0.00917691903220641,0.8397807546734397,0.8333858244473238,1.0,0.03636553711727748
deephit,inner_oof,0,0.5,0,2,21047741,10.0,14551,0.1622303946964735,0.041509174627173406,3.9083021079940146,-1.6115262197311804,1.0228349804884562,0.12319185936125938,0.028623492615525548,0.33774194170213956,0.8073343053195232,0.8008915780351301,1.0,0.07325710922529567
deephit,inner_oof,0,0.25,4,3,21056184,10.0,14551,0.20307814943450933,0.041509174627173406,4.892367802022424,-1.6708229029282624,2.574046847644768,0.16421079104125608,0.15194536643822482,0.3436253079134274,0.8345059370929778,0.827862054747031,1.0,0.08261705825368784
deephit,inner_oof,1,0.1,1,2,21047872,10.0,14551,0.04582466949827195,0.041509174627173406,1.103964844154561,-0.08684044376246926,1.0162548569319165,0.00399624910249803,0.001929738323424579,0.011139064471874405,0.8369266432953133,0.8305533961886338,1.0,0.03641915494216979
deephit,temporal_test,0,0.25,1,1,21039953,10.0,9329,0.20135728350734253,0.03296079030764276,6.108994402984717,-1.8858428818367647,2.043180886660817,0.1695129038514549,0.15123681887608154,0.3651508803312252,0.8210802688314124,0.8214457723277663,0.7793975774466717,0.08006699606714068
deephit,inner_oof,0,0.05,3,1,21040215,10.0,14551,0.1954911650679078,0.041509174627173406,4.7095893094422605,-1.4455656663671645,5.881862378247272,0.15417174054533156,0.16315114198944825,0.18676383134970198,0.8240697873738662,0.8179389679813115,1.0,0.06164317006796533
deephit,inner_oof,0,0.05,3,3,21056053,10.0,14551,0.1947141370952697,0.041509174627173406,4.69086988224051,-1.4459158591837904,5.068074417141416,0.15402169298007556,0.16152346868830825,0.17886113300101603,0.8224414018633455,0.8160520770733806,1.0,0.061299411790964764
deephit,temporal_test,0,0.05,3,1,21040215,10.0,9329,0.19559308212473497,0.03296079030764276,5.934113845546414,-1.6842330142737354,5.718419642217147,0.1631819392145634,0.1746182664827156,0.19332802046362063,0.8228628671366054,0.822850892957975,0.7793975774466717,0.05847400200348765
deephit,temporal_test,1,0.25,2,1,21040084,10.0,9329,0.046416059862489645,0.03296079030764276,1.408220477399383,-0.3781922533515298,0.9624141047786784,0.013698676129072197,0.004978637582202072,0.04250614947245498,0.8227944645382798,0.8226125189908565,0.7793975774466717,0.031338449393598776
deephit,inner_oof,1,0.5,0,3,21055660,10.0,14551,0.04525157534375322,0.041509174627173406,1.0901583987201207,-0.0636263956317207,0.9572920171430711,0.004272120472242769,0.003926132773542923,0.0053234109208712965,0.8370492693009535,0.8306701356513719,1.0,0.036651426592710104
deephit,inner_oof,0,0.5,2,1,21040084,10.0,14551,0.1685349098235642,0.041509174627173406,4.060184557686559,-1.641214870264565,1.0637703373440761,0.12929722228045304,0.038142419237114686,0.3436191727450466,0.8058849324096853,0.7990588440108588,1.0,0.07554501207079833
deephit,temporal_test,1,0.05,4,1,21040346,10.0,9329,0.043190657754993485,0.03296079030764276,1.3103647501127629,-0.26912356488886086,1.0134861052533897,0.010243282991693616,0.005288161977609174,0.028821052122632685,0.8222346072555856,0.8218792710720652,0.7793975774466717,0.03104272712126164
deephit,temporal_test,1,0.05,3,1,21040215,10.0,9329,0.04537374833630367,0.03296079030764276,1.3765977063293493,-0.35886613176241616,0.931794410938067,0.012490986804840901,0.00392943281366076,0.04105656045622707,0.8253355486979573,0.8247036296495501,0.7793975774466717,0.031292435409669264
deephit,temporal_test,0,0.05,1,1,21039953,10.0,9329,0.22016155208001842,0.03296079030764276,6.679498580741512,-1.8453180086317753,8.190839709004319,0.1886825663652425,0.19296075175180794,0.21568472831544702,0.8186333640236116,0.818619634756931,0.7793975774466717,0.06654154025971075
deephit,temporal_test,0,0.05,2,1,21040084,10.0,9329,0.1925906212702072,0.03296079030764276,5.843021950403609,-1.6856543384011364,7.1369682935806305,0.15956182297404356,0.1641327691976887,0.1793945964279195,0.8236568709970651,0.8229231847754928,0.7793975774466717,0.056634500650786866
deephit,inner_oof,1,0.25,1,3,21055791,10.0,14551,0.040803259394898525,0.041509174627173406,0.982993754064848,0.08777665515623563,1.1127994671901733,0.00372826973290982,0.001993429140001557,0.00854186503581622,0.8406352193284226,0.834153085704663,1.0,0.03628328143226082
deephit,temporal_test,1,0.25,0,1,21039822,10.0,9329,0.043115543695943594,0.03296079030764276,1.308085858789199,-0.3235213675983048,0.8996474218957627,0.010518469121959072,0.003241971514628905,0.03414105145307078,0.8232712398403897,0.8226732315488866,0.7793975774466717,0.03117324641852808
deephit,inner_oof,0,0.25,3,1,21040215,10.0,14551,0.20583847660135912,0.041509174627173406,4.958867008321813,-1.6887679317223014,2.530403793840337,0.16684000904667656,0.1527229849564603,0.34808545785849787,0.8342854951835164,0.827565121618812,1.0,0.08414136488431864
deephit,temporal_test,1,0.5,4,1,21040346,10.0,9329,0.043190657754993485,0.03296079030764276,1.3103647501127629,-0.26912356488886086,1.0134861052533897,0.010243282991693616,0.005288161977609174,0.028821052122632685,0.8222346072555856,0.8218792710720652,0.7793975774466717,0.03104272712126164
deephit,temporal_test,0,0.25,3,1,21040215,10.0,9329,0.18337786607977552,0.03296079030764276,5.563515448755939,-1.7813489847276096,2.2323196112446126,0.1515593811114704,0.14830776536338552,0.3189157375497661,0.8164577190295338,0.8172368164743476,0.7793975774466717,0.07057511973814243
deephit,temporal_test,1,0.5,1,1,21039953,10.0,9329,0.04451608576886074,0.03296079030764276,1.3505770144879872,-0.3162835406950805,0.9102379045262223,0.011361404606155721,0.006320521079243302,0.02626250112919836,0.8206249508170087,0.8205976424474051,0.7793975774466717,0.03118399690493083
deephit,temporal_test,0,0.25,0,1,21039822,10.0,9329,0.18737813443436144,0.03296079030764276,5.684879903832684,-1.80478815069548,1.893841297375384,0.15565971300658046,0.13767876728085815,0.3477325582216951,0.8177678179538226,0.8170829733791319,0.7793975774466717,0.0726837187440496
deephit,inner_oof,0,0.1,3,1,21040215,10.0,14551,0.19941427947804155,0.041509174627173406,4.804101292524804,-1.4471251673744048,3.7131937355521956,0.15768578934314456,0.17355078464899054,0.2149242119647673,0.8321970544117584,0.8257743417469035,1.0,0.06459729963167941
deephit,inner_oof,1,0.25,1,2,21047872,10.0,14551,0.04582466949827195,0.041509174627173406,1.103964844154561,-0.08684044376246926,1.0162548569319165,0.00399624910249803,0.001929738323424579,0.011139064471874405,0.8369266432953133,0.8305533961886338,1.0,0.03641915494216979
deephit,inner_oof,0,0.1,0,2,21047741,10.0,14551,0.19797336280452826,0.041509174627173406,4.769388083060744,-1.4465830330170408,3.405871990299392,0.15670915159993076,0.17467956802582651,0.21484449444373566,0.8305771565676494,0.8241657893290253,1.0,0.06462246890664392
deephit,temporal_test,1,0.05,2,1,21040084,10.0,9329,0.046416059862489645,0.03296079030764276,1.408220477399383,-0.3781922533515298,0.9624141047786784,0.013698676129072197,0.004978637582202072,0.04250614947245498,0.8227944645382798,0.8226125189908565,0.7793975774466717,0.031338449393598776
deephit,temporal_test,1,0.25,1,1,21039953,10.0,9329,0.04451608576886074,0.03296079030764276,1.3505770144879872,-0.3162835406950805,0.9102379045262223,0.011361404606155721,0.006320521079243302,0.02626250112919836,0.8206249508170087,0.8205976424474051,0.7793975774466717,0.03118399690493083
deephit,temporal_test,1,0.25,3,1,21040215,10.0,9329,0.04537374833630367,0.03296079030764276,1.3765977063293493,-0.35886613176241616,0.931794410938067,0.012490986804840901,0.00392943281366076,0.04105656045622707,0.8253355486979573,0.8247036296495501,0.7793975774466717,0.031292435409669264
deephit,inner_oof,0,0.25,4,1,21040346,10.0,14551,0.2038913460321213,0.041509174627173406,4.911958569724166,-1.6824852483793542,2.8000507683663005,0.16597206045570628,0.15181045637036383,0.3456579291274158,0.8326017321012328,0.825890732560176,1.0,0.08338055604728463
deephit,temporal_test,1,0.5,3,1,21040215,10.0,9329,0.04537374833630367,0.03296079030764276,1.3765977063293493,-0.35886613176241616,0.931794410938067,0.012490986804840901,0.00392943281366076,0.04105656045622707,0.8253355486979573,0.8247036296495501,0.7793975774466717,0.031292435409669264
deephit,inner_oof,0,0.1,1,1,21039953,10.0,14551,0.20419328855258742,0.041509174627173406,4.919232684981289,-1.485236315150308,3.535995631955019,0.16588534546355907,0.19092247285929753,0.2199174395129626,0.8303433599383095,0.8235477500429711,1.0,0.06662234968951258
deephit,inner_oof,0,0.1,1,3,21055791,10.0,14551,0.1895067914412036,0.041509174627173406,4.565419407716809,-1.396546601963909,3.129203766760943,0.14787131552133018,0.1656468906094979,0.2066676542131063,0.8317393139686334,0.8254511436922746,1.0,0.061967515891719324
deephit,inner_oof,0,0.5,1,1,21039953,10.0,14551,0.15772853935488082,0.041509174627173406,3.799847642637202,-1.5650349868075655,1.153143280977216,0.11919114364818306,0.029643342834255848,0.31390805024413115,0.8033258713094084,0.7968001765560894,1.0,0.07013498526167042
deephit,temporal_test,0,0.25,2,1,21040084,10.0,9329,0.22389699206836072,0.03296079030764276,6.792828387262448,-2.0073669467587316,2.3057147073585877,0.19211442813734833,0.2000529963738118,0.39406113470102,0.8178253022264236,0.8185533712464185,0.7793975774466717,0.09195036223693495
deephit,temporal_test,1,0.25,4,1,21040346,10.0,9329,0.043190657754993485,0.03296079030764276,1.3103647501127629,-0.26912356488886086,1.0134861052533897,0.010243282991693616,0.005288161977609174,0.028821052122632685,0.8222346072555856,0.8218792710720652,0.7793975774466717,0.03104272712126164
deephit,temporal_test,1,0.5,2,1,21040084,10.0,9329,0.046416059862489645,0.03296079030764276,1.408220477399383,-0.3781922533515298,0.9624141047786784,0.013698676129072197,0.004978637582202072,0.04250614947245498,0.8227944645382798,0.8226125189908565,0.7793975774466717,0.031338449393598776
deephit,inner_oof,0,0.25,2,1,21040084,10.0,14551,0.2102519029603978,0.041509174627173406,5.065191125789316,-1.7039065492496839,2.847591874544684,0.17163753210775265,0.16997745836614286,0.34989670160494313,0.8363436652568831,0.8296250588781785,1.0,0.08596856302945542
deephit,temporal_test,1,0.05,0,1,21039822,10.0,9329,0.043115543695943594,0.03296079030764276,1.308085858789199,-0.3235213675983048,0.8996474218957627,0.010518469121959072,0.003241971514628905,0.03414105145307078,0.8232712398403897,0.8226732315488866,0.7793975774466717,0.03117324641852808
deephit,inner_oof,0,0.5,4,1,21040346,10.0,14551,0.16835244097702862,0.041509174627173406,4.055788689829043,-1.6299841975228055,1.333155390672918,0.13000125837112214,0.039063099129840295,0.34489867102667127,0.8097745390900367,0.8030526817477704,1.0,0.0754595721715275
deephit,temporal_test,0,0.25,4,1,21040346,10.0,9329,0.2118324622521889,0.03296079030764276,6.4268016717751575,-1.9522134514115965,2.0466175595122063,0.17994779424905982,0.1642803071776049,0.3939237980377191,0.8222654877060445,0.8223825869524226,0.7793975774466717,0.08682808177411987
deephit,temporal_test,0,0.05,0,1,21039822,10.0,9329,0.17675503338696688,0.03296079030764276,5.362584808713823,-1.5814054418649768,6.836676488656555,0.1446178716012764,0.1497712178248789,0.16834659633930507,0.8217636255133542,0.8219012650458882,0.7793975774466717,0.05203509046937976
deephit,temporal_test,1,0.5,0,1,21039822,10.0,9329,0.043115543695943594,0.03296079030764276,1.308085858789199,-0.3235213675983048,0.8996474218957627,0.010518469121959072,0.003241971514628905,0.03414105145307078,0.8232712398403897,0.8226732315488866,0.7793975774466717,0.03117324641852808
deephit,temporal_test,0,0.5,3,1,21040215,10.0,9329,0.1596104919311253,0.03296079030764276,4.842435222013343,-1.8074871301306592,1.1097124320254286,0.12833864297753167,0.02923419822516049,0.3568780889449173,0.8125648060008256,0.8107691782708233,0.7793975774466717,0.07059259661325397
deephit,inner_oof,1,0.05,2,2,21048003,10.0,14551,0.04268941732878328,0.041509174627173406,1.028433297270075,0.013383860072238551,0.9844196804059515,0.003878242693967115,0.004261552800000401,0.005571696973275406,0.8412135677306283,0.8346886693920983,1.0,0.03643129736695236
deephit,inner_oof,0,0.25,1,1,21039953,10.0,14551,0.1996305937584689,0.041509174627173406,4.809312532747483,-1.6704528542342203,2.2545718872988543,0.16006564492476533,0.14669981364301632,0.33848021190798383,0.8264906122848228,0.8195834312941485,1.0,0.08153658557965675
deephit,inner_oof,0,0.05,1,3,21055791,10.0,14551,0.1916187600533203,0.041509174627173406,4.616298969430236,-1.4373959434883317,6.314332355733208,0.1511619458686002,0.15886267638068297,0.177649477731144,0.8232841737191459,0.8171303917622964,1.0,0.0603714718314748
deephit,inner_oof,0,0.1,2,3,21055922,10.0,14551,0.20717591290645856,0.041509174627173406,4.991087266062711,-1.4888843204798674,3.7887924800368467,0.1655631664097877,0.18329706233046295,0.22611627669832157,0.8363664573121424,0.8300371625465404,1.0,0.06737714827517181
deephit,inner_oof,0,0.05,0,1,21039822,10.0,14551,0.20049154658098026,0.041509174627173406,4.830053798509673,-1.4958740002755995,5.622826021761585,0.16039203022712853,0.16722223801426067,0.1880649466953449,0.817084022436879,0.8109410502321366,1.0,0.06328433548174395
deephit,inner_oof,1,0.25,4,2,21048265,10.0,14551,0.043096719803002254,0.041509174627173406,1.0382456454527906,-0.04004693981995579,0.930020818655629,0.002544638766548358,0.0017537872714141756,0.003445145483384801,0.8416862061057067,0.8351391245016783,1.0,0.03650144313311286
deephit,inner_oof,1,0.5,1,1,21039953,10.0,14551,0.042096600003182154,0.041509174627173406,1.0141516997455353,-0.034076718660667644,0.8961242036845535,0.003603308877686313,0.0023200567697798657,0.006570126111144492,0.8367847864930482,0.8301365857524861,1.0,0.036704985811777016
deephit,inner_oof,0,0.05,2,3,21055922,10.0,14551,0.1982552897463682,0.041509174627173406,4.776180001820203,-1.4701911910137035,5.351030434219948,0.1576033694310332,0.16595824452170582,0.18445713738945457,0.8188896399187653,0.8125319958520011,1.0,0.06255239524676491
deephit,inner_oof,0,0.05,1,1,21039953,10.0,14551,0.20048253719740514,0.041509174627173406,4.829836752912982,-1.4846504400271334,6.270798742730699,0.15978968855779957,0.16822584770026283,0.18681961730301344,0.8241902766243256,0.817721178281788,1.0,0.06307519847210089
deephit,inner_oof,0,0.25,2,3,21055922,10.0,14551,0.2054339147934051,0.041509174627173406,4.949120685693438,-1.6899095569618152,2.5462853985013068,0.16674654130061156,0.14803098384690783,0.35344967034547825,0.8349959662810535,0.8285867226613204,1.0,0.0844678369845789
deephit,inner_oof,0,0.05,2,1,21040084,10.0,14551,0.2054650586926397,0.041509174627173406,4.949870975226157,-1.5168794197741422,5.3037085280883,0.16640499434121078,0.17274706418185937,0.20113878502443838,0.8196578627604882,0.8133481842510155,1.0,0.06511806454337331
deephit,temporal_test,0,0.5,1,1,21039953,10.0,9329,0.14939219451677802,0.03296079030764276,4.532421496038515,-1.8164438419911833,0.7802147717328979,0.11874125597969648,0.007145501120177644,0.3569913530500015,0.8041043444854383,0.8043948832348506,0.7793975774466717,0.06990958838890517
deephit,inner_oof,0,0.25,1,2,21047872,10.0,14551,0.20805886170383486,0.041509174627173406,5.01235843816639,-1.7156530742894425,2.2622920491358895,0.16873795840090935,0.15283014061758193,0.3593265822561451,0.8284453871491745,0.8217215822503022,1.0,0.08598932059849333
deephit,inner_oof,0,0.05,1,2,21047872,10.0,14551,0.20206368541931438,0.041509174627173406,4.86792828896762,-1.4942315352739395,5.893755184039258,0.16084960571531792,0.1708782243699991,0.19127828194680552,0.8186564368325311,0.8121632409338646,1.0,0.0638902387385662
deephit,inner_oof,0,0.05,0,3,21055660,10.0,14551,0.18219032665467474,0.041509174627173406,4.38915801846386,-1.3943516449463045,3.6278350780994133,0.14078230930581082,0.14940827469245932,0.16375349124592153,0.7827334274455282,0.7772498902044724,1.0,0.05836164393067922
deephit,inner_oof,0,0.05,0,2,21047741,10.0,14551,0.19272208541544472,0.041509174627173406,4.64287924649029,-1.4484610570504826,3.5490893417467158,0.15380426345525616,0.15410318371049958,0.18203032830180954,0.8014258804737139,0.7956835104259555,1.0,0.06111560478499937
nfg,temporal_test,NA,NA,1,1,21039953,10.0,9329,0.04019574365586913,0.03296079030764276,1.2195018165735172,-0.263282172369433,0.8795572111688185,0.00710549488801139,0.0009988026079962298,0.02505444158170695,0.8227129219595437,0.8224581689494654,0.7793975774466717,0.03103472600204681
nfg,temporal_test,NA,NA,3,1,21040215,10.0,9329,0.03905531328359934,0.03296079030764276,1.1849022101434084,-0.3270343490763544,0.7740621547327525,0.0076972879321667844,0.0009193220599584828,0.02259093036659912,0.8184744421477289,0.8189099470990833,0.7793975774466717,0.0312888364736932
nfg,temporal_test,NA,NA,2,1,21040084,10.0,9329,0.03813146246506321,0.03296079030764276,1.15687342776552,-0.21543715639605995,0.8656436452489391,0.005226384598042927,0.00022543237572114627,0.019684597166268726,0.8211668362484398,0.820606179966693,0.7793975774466717,0.031009202651119564
nfg,temporal_test,NA,NA,0,1,21039822,10.0,9329,0.03794245438538785,0.03296079030764276,1.1511390968252957,-0.22668877593880798,0.8351351738958908,0.005864729355354265,0.0013820661354247976,0.01620531523155869,0.8224194803672239,0.8224263011353163,0.7793975774466717,0.031011011443584473
nfg,temporal_test,NA,NA,4,1,21040346,10.0,9329,0.038337179144009505,0.03296079030764276,1.1631146822083358,-0.27880508569004897,0.7978354080059663,0.006760829039736529,0.0010506667337276676,0.021359589708624487,0.8201997655946203,0.8200620115992608,0.7793975774466717,0.03109803761585164
nfg,inner_oof,NA,NA,1,3,21055791,10.0,14551,0.04037117589697581,0.041509174627173406,0.9725844047630708,-0.04068967001015927,0.8769260486508631,0.003920083201328702,0.002187243670142558,0.006842044816778081,0.837887708292082,0.8314624996702357,1.0,0.03634023879162797
nfg,inner_oof,NA,NA,1,1,21039953,10.0,14551,0.04086613189757638,0.041509174627173406,0.9845084192742279,-0.01887138578107817,0.9155792481300676,0.00239059943034519,0.0009625460302326028,0.00512203684604795,0.8385631009920717,0.8321124403823941,1.0,0.03635481419582437
nfg,inner_oof,NA,NA,0,1,21039822,10.0,14551,0.04096578336601858,0.041509174627173406,0.9869091287399605,-0.0111993743741055,0.9378729528660549,0.0018589380242228209,0.0009329052145763406,0.0037053894703023005,0.8386654278234964,0.832129640422698,1.0,0.0362799980953904
nfg,inner_oof,NA,NA,1,2,21047872,10.0,14551,0.039066132850511234,0.041509174627173406,0.9411445349466702,0.0036435358174975166,0.8850858294082775,0.003742440211765038,0.0020403463217166795,0.008338337122813955,0.8350508096640213,0.8286050848665096,1.0,0.036413596926783316
nfg,inner_oof,NA,NA,2,2,21048003,10.0,14551,0.03898654083411944,0.041509174627173406,0.9392270789358804,0.016013312807093595,0.910203045661434,0.0033078223647965105,0.0022656918651412505,0.006681549410149645,0.8334811255666557,0.8270044351698521,1.0,0.03641865397189877
nfg,inner_oof,NA,NA,0,3,21055660,10.0,14551,0.040748107872993274,0.041509174627173406,0.9816650954634518,-0.011958392321131685,0.9250872505024001,0.002220438307409794,0.0009557703863617428,0.004809605035780318,0.8416315407856706,0.8350742757010731,1.0,0.03617037795287862
nfg,inner_oof,NA,NA,2,1,21040084,10.0,14551,0.039360329307399425,0.041509174627173406,0.9482320393244517,0.014174497755366023,0.8966194373453665,0.0033758167378150263,0.001610561023524526,0.008229442552179944,0.8378174327883658,0.831161324640185,1.0,0.036394803247826804
nfg,inner_oof,NA,NA,0,2,21047741,10.0,14551,0.03827655882713922,0.041509174627173406,0.9221228600889115,0.05194765314329202,0.8969706000523793,0.004113168963171068,0.0016469197139331593,0.011127959990659742,0.8399259946714074,0.8334392259238078,1.0,0.036335245990303904
nfg,inner_oof,NA,NA,3,3,21056053,10.0,14551,0.03890805830315212,0.041509174627173406,0.9373363516045798,0.01343078724159029,0.8770494465393028,0.004067875525900814,0.0018740737254903106,0.00998161935178854,0.8418643283917309,0.8352731802212088,1.0,0.03633824232550789
nfg,inner_oof,NA,NA,4,1,21040346,10.0,14551,0.0396150876974802,0.041509174627173406,0.9543694388841625,0.004385318142771087,0.9184829926260841,0.0029049800741517058,0.002297099914358447,0.005041606759874306,0.8352383692854264,0.828878193614578,1.0,0.036390649283725124
nfg,inner_oof,NA,NA,3,2,21048134,10.0,14551,0.04012697823247496,0.041509174627173406,0.9667014242727531,-0.017639955794586028,0.8716361217069084,0.0038008269617616983,0.000940866760022474,0.009223637914392846,0.8379916376898923,0.8315529742065639,1.0,0.03638475823496078
nfg,inner_oof,NA,NA,4,3,21056184,10.0,14551,0.03798165737380781,0.041509174627173406,0.9150183715997968,0.062313279116837345,0.9115518394184832,0.004040486326725061,0.0017534223465336396,0.010998386223426304,0.8401210329359443,0.8337263387587451,1.0,0.036276225772473546
nfg,inner_oof,NA,NA,3,1,21040215,10.0,14551,0.04033415373066036,0.041509174627173406,0.9716925015477462,-0.03953811887990952,0.8485029113204183,0.00431720587228284,0.0014893349715944249,0.009845406642000065,0.8350124074250818,0.8285469766222399,1.0,0.036502966113171796
nfg,inner_oof,NA,NA,2,3,21055922,10.0,14551,0.03888525193530405,0.041509174627173406,0.9367869220374322,0.006682296211059381,0.8379627475633344,0.00522017054936403,0.001024008428819223,0.014239387132956027,0.8353930466187749,0.8290470561724262,1.0,0.03659776621233535
nfg,inner_oof,NA,NA,4,2,21048265,10.0,14551,0.038960954474658645,0.041509174627173406,0.9386106764250955,0.011520224430515895,0.88136728628609,0.003957814961622197,0.002064978618333213,0.009392019587947442,0.8402194423828714,0.8339015351152188,1.0,0.036331294936686215
