split,model,horizon_y,metric,est_before,lo_before,hi_before,se_before,fmi_before,df_before,m_before,est_after,lo_after,hi_after,se_after,fmi_after,df_after,m_after,_merge,fmi_delta
cv,deephit,5.0,at_risk_fraction,0.7978907227516174,0.7939290881156922,0.801730215549469,0.001962049614007,4.860149189361204e-05,41148.00014579739,30,0.7978907227516174,0.7939290881156922,0.801730215549469,0.001962049614007,4.860149189361204e-05,41148.00014579739,30,both,0.0
cv,deephit,5.0,auc,0.8434310913085937,0.8302327692508698,0.8583951279520988,0.0072103217734671,0.0292812687233699,18389.4953592733,30,0.8470773975054423,0.8339696943759918,0.8620256945490837,0.0071570430753512,0.0299771430471195,17918.707649943666,30,both,0.0006958743237495991
cv,deephit,5.0,auc_marginal_ipcw,0.8437383234500885,0.8304760694503784,0.8588392823934555,0.0072703372905611,0.0272922380133247,19810.9205970853,30,0.8473708510398865,0.8342235088348389,0.8623795628547668,0.0072289059009176,0.0294423146488439,18279.33527911031,30,both,0.0021500766355192005
cv,deephit,5.0,calib_intercept,-0.0778034429997205,-0.1919898092746734,0.0292637278791515,0.0573919985104042,0.2830913340177148,371.22760740236765,30,-0.0456704342737793,-0.1410749055445194,0.0468713759444653,0.0493165739109869,0.0416380006045012,11813.01340943454,30,both,-0.2414533334132136
cv,deephit,5.0,calib_intercept_concordant,-0.0778034429997205,-0.1919898092746734,0.0292637278791515,0.0573919985104042,0.2830913340177148,371.22760740236765,30,-0.0456704342737793,-0.1410749055445194,0.0468713759444653,0.0493165739109869,0.0416380006045012,11813.01340943454,30,both,-0.2414533334132136
cv,deephit,5.0,calib_slope,1.0140105764071146,0.8960493609309197,1.1629525184631349,0.0687768316045459,0.247934539753515,480.3792625810312,30,1.087965432802836,0.96236282736063,1.2411630183458329,0.0707617441076617,0.0369138462958873,13917.40045545488,30,both,-0.2110206934576277
cv,deephit,5.0,calib_slope_concordant,1.0140105764071146,0.8960493609309197,1.1629525184631349,0.0687768316045459,0.247934539753515,480.3792625810312,30,1.087965432802836,0.96236282736063,1.2411630183458329,0.0707617441076617,0.0369138462958873,13917.40045545488,30,both,-0.2110206934576277
cv,deephit,5.0,cindex,0.8405202368895213,0.826842799782753,0.8555402263998986,0.0072397784569799,0.0535368389001924,8090.974238355785,30,0.8441834489504496,0.8307366892695427,0.8588844850659371,0.0070780558300732,0.0324840681946114,16332.334728856797,30,both,-0.021052770705581002
cv,deephit,5.0,cindex_marginal_ipcw,0.8403233349323272,0.8271166115999222,0.8553507760167122,0.0072353401325768,0.0262529036092319,20599.08863401657,30,0.8439302364985148,0.8308344021439552,0.8588798746466637,0.0071982276636539,0.0288409718237934,18694.40687321995,30,both,0.002588068214561503
cv,deephit,5.0,e50,0.00043964953414,0.0002663539089553,0.0013508931238902,0.0003008236372879,0.1508794811340297,1254.559301869026,30,0.0006374531503145,0.0002296689068316,0.0015236248174915,0.0003376516052521,0.045206593282304,10490.39116492636,30,both,-0.10567288785172571
cv,deephit,5.0,e50_concordant,0.00043964953414,0.0002663539089553,0.0013508931238902,0.0003008236372879,0.1508794811340297,1254.559301869026,30,0.0006374531503145,0.0002296689068316,0.0015236248174915,0.0003376516052521,0.045206593282304,10490.39116492636,30,both,-0.10567288785172571
cv,deephit,5.0,e90,0.0042389057421435,0.001594283353188,0.0089201627299189,0.0020509360571637,0.3011505381555978,329.1666789667834,30,0.0041045702140157,0.0012766514089889,0.0083372688153758,0.00182541519279,0.0487785126348039,9356.979732083732,30,both,-0.25237202552079385
cv,deephit,5.0,e90_concordant,0.0042389057421435,0.001594283353188,0.0089201627299189,0.0020509360571637,0.3011505381555978,329.1666789667834,30,0.0041045702140157,0.0012766514089889,0.0083372688153758,0.00182541519279,0.0487785126348039,9356.979732083732,30,both,-0.25237202552079385
cv,deephit,5.0,eo,1.086402988433838,0.9969439163804056,1.190355271100998,0.0496407026006503,0.2803284381575555,378.3749044074029,30,1.086559243996938,1.0067722082138062,1.1775181502103804,0.0432515512875267,0.045743757213876,10308.576068835577,30,both,-0.23458468094367949
cv,deephit,5.0,eo_concordant,1.086402988433838,0.9969439163804056,1.190355271100998,0.0496407026006503,0.2803284381575555,378.3749044074029,30,1.086559243996938,1.0067722082138062,1.1775181502103804,0.0432515512875267,0.045743757213876,10308.576068835577,30,both,-0.23458468094367949
cv,deephit,5.0,frac_above_0.01,0.3756093422571818,0.3634905517101288,0.3883097171783447,0.0069628722252436,0.9325899987682216,36.94958616967276,30,0.3799907644589742,0.3718419075012207,0.3870703876018524,0.0039165122745792,0.628753158561191,79.01052801276217,30,both,-0.3038368402070306
cv,deephit,5.0,frac_above_0.02,0.2561922341585159,0.2466282695531845,0.2668628931045532,0.0054986195287981,0.8975180904219415,39.80384972153232,30,0.2593815763791402,0.2532621681690216,0.2649348378181457,0.003045062934697,0.5016974551969346,122.20900884845078,30,both,-0.3958206352250069
cv,deephit,5.0,frac_above_0.03,0.1906852548321088,0.1815346777439117,0.2012508749961853,0.0051612027983683,0.912197234615608,38.57233688364895,30,0.1927427172660827,0.1874073594808578,0.1983995970338583,0.0028705793762227,0.5458146648065867,103.8247922461844,30,both,-0.3663825698090213
cv,deephit,5.0,frac_above_0.05,0.1084004985789457,0.1008885949850082,0.1170242950320243,0.0039807112476746,0.9137546175104764,38.44490282054324,30,0.1080478670696417,0.1035776795819401,0.113014668226242,0.0024783008655256,0.6527674333180841,73.5022536304894,30,both,-0.2609871841923923
cv,deephit,5.0,frac_above_0.075,0.049695565799872,0.0440491512417793,0.0572444573044776,0.0031988545722347,0.9599960426831792,34.91099212715158,30,0.0489522327979405,0.0454990975558757,0.0526840165257453,0.0017905487288867,0.7042511746293191,63.502127512654106,30,both,-0.2557448680538601
cv,deephit,5.0,frac_above_0.2,0.0007074217229577,0.0001944059622474,0.001579548465088,0.0003646526227623,0.9934119719333364,32.597972625642534,30,0.0002932290027577,0.0001134034828282,0.000550816883333,0.0001166359535103,0.7064835928943526,63.11632872716788,30,both,-0.2869283790389838
cv,deephit,5.0,ici,0.0014681420056149,0.0007662467760383,0.0029859862523153,0.0006006433472903,0.2671426544345229,415.5303367448879,30,0.001527016039472,0.0006398350815288,0.003000547963893,0.0006152688810232,0.0484167123702627,9464.031415801452,30,both,-0.2187259420642602
cv,deephit,5.0,ici_concordant,0.0014681420056149,0.0007662467760383,0.0029859862523153,0.0006006433472903,0.2671426544345229,415.5303367448879,30,0.001527016039472,0.0006398350815288,0.003000547963893,0.0006152688810232,0.0484167123702627,9464.031415801452,30,both,-0.2187259420642602
cv,deephit,5.0,mean_pred,0.0172312789286176,0.0164641921408474,0.0183653116691857,0.0004341391627294,0.957247256288309,35.10887277346424,30,0.0172337576126058,0.0168441263027489,0.0176228147000074,0.0001977911890852,0.5681194768728827,96.09229968708205,30,both,-0.3891277794154263
cv,deephit,5.0,nb_all_at_0.01,0.0059200543910264,0.0046905977185815,0.0071814869646914,0.0006354542394474,4.860149189361204e-05,41148.00014579739,30,0.0059200543910264,0.0046905977185815,0.0071814869646914,0.0006354542394474,4.860149189361204e-05,41148.00014579739,30,both,0.0
cv,deephit,5.0,nb_all_at_0.02,-0.0042236186563968,-0.00546562083764,-0.0029493141395505,0.0006419384490491,4.860149189361204e-05,41148.00014579739,30,-0.0042236186563968,-0.00546562083764,-0.0029493141395505,0.0006419384490491,4.860149189361204e-05,41148.00014579739,30,both,0.0
cv,deephit,5.0,nb_all_at_0.03,-0.0145764397457242,-0.0158312449697405,-0.0132889978354796,0.0006485563622315,4.860149189361204e-05,41148.00014579739,30,-0.0145764397457242,-0.0158312449697405,-0.0132889978354796,0.0006485563622315,4.860149189361204e-05,41148.00014579739,30,both,0.0
cv,deephit,5.0,nb_all_at_0.05,-0.0359359420835971,-0.0372171682305634,-0.0346213974058628,0.0006622101893576,4.860149189361204e-05,41148.00014579739,30,-0.0359359420835971,-0.0372171682305634,-0.0346213974058628,0.0006622101893576,4.860149189361204e-05,41148.00014579739,30,both,0.0
cv,deephit,5.0,nb_all_at_0.075,-0.063934214413166,-0.0652500601485371,-0.062584138661623,0.0006801078130975,4.860149189361204e-05,41148.00014579739,30,-0.063934214413166,-0.0652500601485371,-0.062584138661623,0.0006801078130975,4.860149189361204e-05,41148.00014579739,30,both,0.0
cv,deephit,5.0,nb_all_at_0.2,-0.2301739305257797,-0.2316953845322132,-0.2286129038780927,0.0007863746300046,4.860149189361204e-05,41148.00014579739,30,-0.2301739305257797,-0.2316953845322132,-0.2286129038780927,0.0007863746300046,4.860149189361204e-05,41148.00014579739,30,both,0.0
cv,deephit,5.0,nb_at_0.01,0.0103183142530421,0.009139383258298,0.011505689844489,0.0006055214100209,0.0137551888192015,32148.80706274302,30,0.0103445330945154,0.0091606941772624,0.0115401592105627,0.0006083334407873,0.006057340013018,38920.79606658807,30,both,-0.0076978488061834995
cv,deephit,5.0,nb_at_0.02,0.0074417438513288,0.0063710277783684,0.0085681341821327,0.0005708810872307,0.0166152312902426,29280.151396631805,30,0.0074700445247193,0.0064029992208816,0.0086122813867405,0.0005752787835591,0.0139358874592595,31967.990643008503,30,both,-0.002679343830983099
cv,deephit,5.0,nb_at_0.03,0.0056478029116988,0.0046390266390517,0.0067272910499013,0.0005462639040699,0.0360261647094869,14364.39606700553,30,0.005753864099582,0.0047176291584037,0.006847775762435,0.0005507098134568,0.0202754862082407,25726.31273365749,30,both,-0.015750678501246198
cv,deephit,5.0,nb_at_0.05,0.0033614878775551,0.0024493549251928,0.0043217706610448,0.0004879292441817,0.0720893446696026,4917.23228673783,30,0.0035574462264776,0.0026244199543725,0.0045366154867224,0.0004963076617962,0.0336349096408279,15659.253828621368,30,both,-0.03845443502877469
cv,deephit,5.0,nb_at_0.075,0.0014910053034933,0.0007913139677839,0.0022227405395824,0.0003698748324298,0.1074539508649115,2385.6545644749613,30,0.0016211948590353,0.0008986279121018,0.0023746605147607,0.0003794361675656,0.0875515636374082,3478.4997965630787,30,both,-0.0199023872275033
cv,deephit,5.0,nb_at_0.2,-3.5290907370229736e-05,-0.0001690027627773,8.810873223410449e-05,6.426913877359337e-05,0.5391318509393279,106.32712309549528,30,1.0370577047069674e-05,-6.075186684029177e-05,0.0001032781729009,4.2283534642640925e-05,0.2016624275594267,717.1978202152874,30,both,-0.3374694233799012
cv,deephit,5.0,obs_cif,0.015860853716731,0.0146436920156702,0.017109671421349,0.0006290996904501,4.860149189361204e-05,41148.00014579739,30,0.015860853716731,0.0146436920156702,0.017109671421349,0.0006290996904501,4.860149189361204e-05,41148.00014579739,30,both,0.0
cv,deephit,5.0,obs_concordant,0.015860853716731,0.0146436920156702,0.017109671421349,0.0006290996904501,4.860149189361204e-05,41148.00014579739,30,0.015860853716731,0.0146436920156702,0.017109671421349,0.0006290996904501,4.860149189361204e-05,41148.00014579739,30,both,0.0
cv,deephit,10.0,at_risk_fraction,0.5525503754615784,0.54790707975626,0.5570222854614257,0.0023999912885427,4.860149189361204e-05,41148.00014579739,30,0.5525503754615784,0.54790707975626,0.5570222854614257,0.0023999912885427,4.860149189361204e-05,41148.00014579739,30,both,0.0
cv,deephit,10.0,auc,0.826761374870936,0.8164091914892196,0.8377985164523125,0.0055413002013735,0.0233580139191289,22959.386355462502,30,0.8299038648605347,0.8195864439010621,0.8409121230244636,0.0055322994278315,0.0251237652442992,21490.9752889018,30,both,0.0017657513251703033
cv,deephit,10.0,auc_marginal_ipcw,0.8344411293665568,0.8241171181201935,0.845595532655716,0.0056028831904182,0.0215968211138866,24510.32123424002,30,0.8376236359278361,0.8272250428795814,0.8487659201025963,0.005594866127039,0.0221786125808698,23988.8076424994,30,both,0.0005817914669832003
cv,deephit,10.0,calib_intercept,-0.0871390505383412,-0.1640747498720884,-0.0109426870476454,0.0399825327046112,0.2329263971641547,542.31945957618,30,-0.0641882952302694,-0.1325797583907842,0.0049850426497867,0.0357965967299759,0.0519822700490783,8477.238307884149,30,both,-0.1809441271150764
cv,deephit,10.0,calib_intercept_concordant,-0.0871390505383412,-0.1640747498720884,-0.0109426870476454,0.0399825327046112,0.2329263971641547,542.31945957618,30,-0.0641882952302694,-0.1325797583907842,0.0049850426497867,0.0357965967299759,0.0519822700490783,8477.238307884149,30,both,-0.1809441271150764
cv,deephit,10.0,calib_slope,1.0042838414510091,0.9174099907279014,1.1127328038215636,0.0500861754206883,0.1994226871085564,732.875750612838,30,1.0544389446576437,0.96814436763525,1.1624915271997451,0.0504112783308496,0.0327549987111309,16170.844777904736,30,both,-0.16666768839742552
cv,deephit,10.0,calib_slope_concordant,1.0042838414510091,0.9174099907279014,1.1127328038215636,0.0500861754206883,0.1994226871085564,732.875750612838,30,1.0544389446576437,0.96814436763525,1.1624915271997451,0.0504112783308496,0.0327549987111309,16170.844777904736,30,both,-0.16666768839742552
cv,deephit,10.0,cindex,0.8344743907451629,0.8231985360383988,0.8463857889175415,0.0058715494150455,0.0307069147764749,17439.41438711703,30,0.8376771489779155,0.8265561982989311,0.8493988275527954,0.0058044369408606,0.0224127178512745,23781.471842729155,30,both,-0.0082941969252004
cv,deephit,10.0,cindex_marginal_ipcw,0.8298144936561584,0.8197423189878463,0.8407237440347671,0.0054439008612943,0.0178294283700935,28077.14405828813,30,0.8329352021217347,0.8228657990694046,0.8438300386071205,0.0054428741405301,0.0205204014489015,25497.75909998265,30,both,0.002690973078808001
cv,deephit,10.0,e50,0.0010562965665788,0.0005268849883577,0.0028551060881,0.0006595262769913,0.301739721633415,327.9179839371154,30,0.0016214333203,0.0004820608497539,0.003096821688814,0.000682656716454,0.0539829410714209,7984.6255619730355,30,both,-0.2477567805619941
cv,deephit,10.0,e50_concordant,0.0010562965665788,0.0005268849883577,0.0028551060881,0.0006595262769913,0.301739721633415,327.9179839371154,30,0.0016214333203,0.0004820608497539,0.003096821688814,0.000682656716454,0.0539829410714209,7984.6255619730355,30,both,-0.2477567805619941
cv,deephit,10.0,e50_smoothcsh,0.0011506092535881,0.0002793880699331,0.0016514803337451,0.0005446159735946,0.6921770815379347,57.32695778631888,26,0.0011506092535881,0.0002793880699331,0.0016514803337451,0.0005446159735946,0.6921770815379347,57.32695778631888,26,both,0.0
cv,deephit,10.0,e50_smoothfg,0.0013985657403053,0.0027915726313947,0.004998123408214,0.0005186743515958,0.2887510984949853,310.2601793105175,26,0.0013985657403053,0.0027915726313947,0.004998123408214,0.0005186743515958,0.2887510984949853,310.2601793105175,26,both,0.0
cv,deephit,10.0,e50_smoothnet,0.0006740392621009,0.0002971878935505,0.0020024027787179,0.0004777464193825,0.4028508143703798,162.6502043899142,26,0.0006740392621009,0.0002971878935505,0.0020024027787179,0.0004777464193825,0.4028508143703798,162.6502043899142,26,both,0.0
cv,deephit,10.0,e90,0.0099624658158669,0.0037907112273387,0.0178863771725445,0.0038305804259271,0.2851818811591465,365.95446224843175,30,0.0081392567139118,0.0028792620054446,0.0152444647159427,0.003224765718723,0.0809485760008397,4006.30379231812,30,both,-0.2042333051583068
cv,deephit,10.0,e90_concordant,0.0099624658158669,0.0037907112273387,0.0178863771725445,0.0038305804259271,0.2851818811591465,365.95446224843175,30,0.0081392567139118,0.0028792620054446,0.0152444647159427,0.003224765718723,0.0809485760008397,4006.30379231812,30,both,-0.2042333051583068
cv,deephit,10.0,e90_smoothcsh,0.0070276594273222,0.0014479123620563,0.0142914739315704,0.0036226934769472,0.4211213167862732,149.27191856029833,26,0.0070276594273222,0.0014479123620563,0.0142914739315704,0.0036226934769472,0.4211213167862732,149.27191856029833,26,both,0.0
cv,deephit,10.0,e90_smoothfg,0.013626909041845,0.0054565683497877,0.0119952659920605,0.0026238298711517,0.7807485131933234,45.51807486418985,26,0.013626909041845,0.0054565683497877,0.0119952659920605,0.0026238298711517,0.7807485131933234,45.51807486418985,26,both,0.0
cv,deephit,10.0,e90_smoothnet,0.012866671768969,0.021533051404896,0.0380628644334852,0.0042312782173016,0.3342302990888142,233.57637463680143,26,0.012866671768969,0.021533051404896,0.0380628644334852,0.0042312782173016,0.3342302990888142,233.57637463680143,26,both,0.0
cv,deephit,10.0,eo,1.0872977773348491,1.017233914136887,1.1628312557935714,0.0378321438947194,0.2994491203519061,332.8133035923144,30,1.0846363067626954,1.023489886522293,1.1470739990472794,0.0325788294949303,0.0531099031905791,8194.595970580507,30,both,-0.24633921716132698
cv,deephit,10.0,eo_concordant,1.0872977773348491,1.017233914136887,1.1628312557935714,0.0378321438947194,0.2994491203519061,332.8133035923144,30,1.0846363067626954,1.023489886522293,1.1470739990472794,0.0325788294949303,0.0531099031905791,8194.595970580507,30,both,-0.24633921716132698
cv,deephit,10.0,frac_above_0.01,0.5581546564896901,0.5455355644226074,0.5789654493331909,0.0082182528974768,0.968856012682138,34.28207516435004,30,0.5615057329336802,0.5545430183410645,0.5691641807556153,0.0038367431886675,0.6176061913937135,81.78413263952578,30,both,-0.3512498212884244
cv,deephit,10.0,frac_above_0.02,0.4225794434547424,0.408519834280014,0.4379806458950042,0.0073613791708499,0.9403156939876364,36.359446192095206,30,0.4257493396600088,0.4187180399894714,0.4324884712696075,0.0036375383079518,0.5406232092884283,105.7607781196371,30,both,-0.39969248469920804
cv,deephit,10.0,frac_above_0.03,0.3518853346506754,0.3395622134208679,0.3641142845153808,0.0062543704991132,0.9059076967995544,39.093180188320325,30,0.3548100610574086,0.3473222613334655,0.361157888174057,0.0035587354474481,0.5596191837524175,98.93212767976468,30,both,-0.3462885130471369
cv,deephit,10.0,frac_above_0.05,0.2660974899927775,0.2557167410850525,0.27618607878685,0.0054398504232171,0.8892102641354619,40.52625108882226,30,0.2678133934736252,0.2617919445037842,0.2729864716529846,0.002887185136992,0.4278233229283757,166.40172545018956,30,both,-0.4613869412070862
cv,deephit,10.0,frac_above_0.075,0.1962792853514353,0.1862166225910186,0.2062242329120636,0.0052844028072988,0.9153506689631704,38.31492587986004,30,0.1966861868898073,0.1913357734680175,0.20206880569458,0.0027648286221859,0.4965414323621013,124.67741444598364,30,both,-0.4188092366010691
cv,deephit,10.0,frac_above_0.2,0.021982454881072,0.0178529489785432,0.0263015069067478,0.0021612908971805,0.966806180207343,34.42641812160593,30,0.0205543809259931,0.018217459321022,0.0232882145792245,0.001296453579518,0.7622208398982371,54.53363546016804,30,both,-0.2045853403091059
cv,deephit,10.0,ici,0.0032784721348434,0.0016101398010505,0.0058338223723694,0.0011626455867389,0.347576151568944,249.0889987581349,30,0.0030468463432043,0.0013581220671767,0.005316554440651,0.0010411145808759,0.0825477857355665,3868.284085929857,30,both,-0.2650283658333775
cv,deephit,10.0,ici_concordant,0.0032784721348434,0.0016101398010505,0.0058338223723694,0.0011626455867389,0.347576151568944,249.0889987581349,30,0.0030468463432043,0.0013581220671767,0.005316554440651,0.0010411145808759,0.0825477857355665,3868.284085929857,30,both,-0.2650283658333775
cv,deephit,10.0,ici_smoothcsh,0.0029515688585459,0.0009372615176104,0.0040329789396298,0.0010182333860395,0.5674833006565344,83.95060941027951,26,0.0029515688585459,0.0009372615176104,0.0040329789396298,0.0010182333860395,0.5674833006565344,83.95060941027951,26,both,0.0
cv,deephit,10.0,ici_smoothfg,0.0042840001401102,0.0036767809695206,0.0063351023442268,0.0007113293597806,0.4564763752339977,127.7302465022726,26,0.0042840001401102,0.0036767809695206,0.0063351023442268,0.0007113293597806,0.4564763752339977,127.7302465022726,26,both,0.0
cv,deephit,10.0,ici_smoothnet,0.0039002759616741,0.0059609319097967,0.0107472369145706,0.0010789311231562,0.1709490810980352,857.1960872296721,26,0.0039002759616741,0.0059609319097967,0.0107472369145706,0.0010789311231562,0.1709490810980352,857.1960872296721,26,both,0.0
cv,deephit,10.0,mean_pred,0.0399938675264517,0.0385558262467384,0.0421207000501453,0.0008034502778493,0.9302623283411552,37.12994376478829,30,0.0398959709952274,0.0391376904211938,0.0407014580443501,0.0003901109135147,0.5156616689973261,115.88577077516696,30,both,-0.41460065934382906
cv,deephit,10.0,nb_all_at_0.01,0.0270533431321382,0.0250267443247139,0.0292273514904081,0.001121856576804,4.860149189361204e-05,41148.00014579739,30,0.0270533431321382,0.0250267443247139,0.0292273514904081,0.001121856576804,4.860149189361204e-05,41148.00014579739,30,both,0.0
cv,deephit,10.0,nb_all_at_0.02,0.0171253159642219,0.0150780365336686,0.0193215080536901,0.0011333041013021,4.860149189361204e-05,41148.00014579739,30,0.0171253159642219,0.0150780365336686,0.0193215080536901,0.0011333041013021,4.860149189361204e-05,41148.00014579739,30,both,0.0
cv,deephit,10.0,nb_all_at_0.03,0.0069925878196954,0.0049242021050304,0.0092114201048388,0.0011449875959322,4.860149189361204e-05,41148.00014579739,30,0.0069925878196954,0.0049242021050304,0.0092114201048388,0.0011449875959322,4.860149189361204e-05,41148.00014579739,30,both,0.0
cv,deephit,10.0,nb_all_at_0.05,-0.0139128314331173,-0.0160247615538537,-0.011647286824882,0.0011690925953551,4.860149189361204e-05,41148.00014579739,30,-0.0139128314331173,-0.0160247615538537,-0.011647286824882,0.0011690925953551,4.860149189361204e-05,41148.00014579739,30,both,0.0
cv,deephit,10.0,nb_all_at_0.075,-0.0413158796727657,-0.0434848912991583,-0.038989104423672,0.0012006896463603,4.860149189361204e-05,41148.00014579739,30,-0.0413158796727657,-0.0434848912991583,-0.038989104423672,0.0012006896463603,4.860149189361204e-05,41148.00014579739,30,both,0.0
cv,deephit,10.0,nb_all_at_0.2,-0.2040214836597442,-0.2065294098109006,-0.2013311605900526,0.001388297690177,4.860149189361204e-05,41148.00014579739,30,-0.2040214836597442,-0.2065294098109006,-0.2013311605900526,0.001388297690177,4.860149189361204e-05,41148.00014579739,30,both,0.0
cv,deephit,10.0,nb_at_0.01,0.0299120382716258,0.0279160992242395,0.0320424859412014,0.0010978440340103,0.0045175377058654,39841.03444593724,30,0.0299489976838231,0.0279390697367489,0.0320924333296716,0.0011002329610839,0.0032011538624672,40449.99490615635,30,both,-0.0013163838433982002
cv,deephit,10.0,nb_at_0.02,0.0254206572348872,0.0234660652931779,0.027524528838694,0.0010739750129343,0.005516240546237,39267.95739904489,30,0.0255498533447583,0.0235874749254435,0.0276705016847699,0.0010815188989645,0.0044315701814526,39886.0385004707,30,both,-0.0010846703647844
cv,deephit,10.0,nb_at_0.03,0.0217750802636146,0.0198618243448436,0.0238396194763481,0.001053495748647,0.0137927614344498,32111.231950511374,30,0.0219441914310057,0.0200195966754108,0.0240412292070686,0.0010604361633787,0.0064297927549814,38667.86322880758,30,both,-0.0073629686794684
cv,deephit,10.0,nb_at_0.05,0.0160550809775789,0.0141748319845646,0.0179965424817055,0.0010046350086236,0.0222646795843458,23912.41240817861,30,0.0162288745244344,0.014343907078728,0.0182060061022639,0.0010114296006308,0.0103819689220862,35420.18448882896,30,both,-0.0118827106622596
cv,deephit,10.0,nb_at_0.075,0.010830673854798,0.0090612519765272,0.0126307777129113,0.000936284383044,0.026599285900632,20332.9229177819,30,0.0110856837282578,0.0092821438098326,0.0129295001039281,0.0009485769628671,0.0200549420730484,25933.29548952966,30,both,-0.0065443438275836
cv,deephit,10.0,nb_at_0.2,0.0003548866297326,-0.0004329832394432,0.0012065560236806,0.0004233611485221,0.212641972506594,647.1841473316196,30,0.0004881463343432,-0.0003300754520751,0.0013515522150555,0.000434664742054,0.1703605335783765,993.479583824536,30,both,-0.04228143892821751
cv,deephit,10.0,obs_cif,0.0367828086018562,0.0347764777950942,0.0389350767247378,0.0011106379883628,4.860149189361204e-05,41148.00014579739,30,0.0367828086018562,0.0347764777950942,0.0389350767247378,0.0011106379883628,4.860149189361204e-05,41148.00014579739,30,both,0.0
cv,deephit,10.0,obs_concordant,0.0367828086018562,0.0347764777950942,0.0389350767247378,0.0011106379883628,4.860149189361204e-05,41148.00014579739,30,0.0367828086018562,0.0347764777950942,0.0389350767247378,0.0011106379883628,4.860149189361204e-05,41148.00014579739,30,both,0.0
cv,deephit,15.0,at_risk_fraction,0.3379504680633545,0.3334062397480011,0.3425196222960948,0.0023392404352275,4.860149189361204e-05,41148.00014579739,30,0.3379504680633545,0.3334062397480011,0.3425196222960948,0.0023392404352275,4.860149189361204e-05,41148.00014579739,30,both,0.0
cv,deephit,15.0,auc,0.7824889838695526,0.7717221051454544,0.7930169105529785,0.0054408870275997,0.02639020058343,20493.16957258092,30,0.7851175467173258,0.7743621304631233,0.7956979498267174,0.0054494815156944,0.0246972490678618,21837.49437438236,30,both,-0.0016929515155682008
cv,deephit,15.0,auc_marginal_ipcw,0.8287145256996155,0.8177963837981224,0.8391562521457672,0.0054432131600088,0.021058658838419,25000.43921073584,30,0.8317160348097483,0.8208200737833977,0.8421244755387306,0.0054246002254799,0.0144087880717234,31493.74876841528,30,both,-0.006649870766695598
cv,deephit,15.0,calib_intercept,-0.0930465161800384,-0.165905125811696,-0.0232678100001067,0.0363428280829912,0.2535832978943517,459.8048911677645,30,-0.0743854230890671,-0.1382818322628736,-0.0108769030543044,0.0320682876641102,0.0444268633399406,10761.989653344106,30,both,-0.20915643455441107
cv,deephit,15.0,calib_intercept_concordant,-0.0930465161800384,-0.165905125811696,-0.0232678100001067,0.0363428280829912,0.2535832978943517,459.8048911677645,30,-0.0743854230890671,-0.1382818322628736,-0.0108769030543044,0.0320682876641102,0.0444268633399406,10761.989653344106,30,both,-0.20915643455441107
cv,deephit,15.0,calib_slope,0.9916125218073528,0.9144539773464204,1.0850701481103897,0.0437113532753917,0.1783323515752638,909.630850941007,30,1.0319649537404378,0.9542348116636276,1.12929065823555,0.0441979977316587,0.0442036435376594,10841.459512554584,30,both,-0.1341287080376044
cv,deephit,15.0,calib_slope_concordant,0.9916125218073528,0.9144539773464204,1.0850701481103897,0.0437113532753917,0.1783323515752638,909.630850941007,30,1.0319649537404378,0.9542348116636276,1.12929065823555,0.0441979977316587,0.0442036435376594,10841.459512554584,30,both,-0.1341287080376044
cv,deephit,15.0,cindex,0.8281848629315695,0.8180514886975289,0.8385014295578003,0.0052010033236409,0.0727770235276883,4836.345576536079,30,0.8312721014022827,0.8215617373585701,0.8412838518619538,0.0049908185310197,0.0505045790847477,8868.296567103278,30,both,-0.022272444442940603
cv,deephit,15.0,cindex_marginal_ipcw,0.8176964302857717,0.8073756650090218,0.8274024114012718,0.0050992179326023,0.0196238229701755,26341.00488390465,30,0.8206561048825581,0.8103468790650368,0.8303897470235825,0.0050845409708041,0.0121309803792246,33755.79961396801,30,both,-0.007492842590950902
cv,deephit,15.0,e50,0.0026289602858014,0.0010676875244826,0.0061853846302255,0.0013942721696314,0.3159954747397612,299.7648798642909,30,0.0035239657076696,0.0010150104819331,0.0061620093416422,0.0013322009631099,0.0516426894553382,8564.979825603361,30,both,-0.26435278528442296
cv,deephit,15.0,e50_concordant,0.0026289602858014,0.0010676875244826,0.0061853846302255,0.0013942721696314,0.3159954747397612,299.7648798642909,30,0.0035239657076696,0.0010150104819331,0.0061620093416422,0.0013322009631099,0.0516426894553382,8564.979825603361,30,both,-0.26435278528442296
cv,deephit,15.0,e90,0.0170086834269265,0.0069504696293734,0.0300308782141655,0.0061284100594001,0.2968300152122928,338.547533418822,30,0.0130372336755196,0.004869144258555,0.0246454633772373,0.0050675286498023,0.0634861128459648,6116.360517253307,30,both,-0.23334390236632802
cv,deephit,15.0,e90_concordant,0.0170086834269265,0.0069504696293734,0.0300308782141655,0.0061284100594001,0.2968300152122928,338.547533418822,30,0.0130372336755196,0.004869144258555,0.0246454633772373,0.0050675286498023,0.0634861128459648,6116.360517253307,30,both,-0.23334390236632802
cv,deephit,15.0,eo,1.090279964605967,1.0268834829330444,1.162059912085533,0.0344309652898357,0.324131095883949,285.30877667192414,30,1.0865180134773254,1.031184521317482,1.1454122453927993,0.0290637705558608,0.0491922435907857,9236.566827205195,30,both,-0.2749388522931633
cv,deephit,15.0,eo_concordant,1.090279964605967,1.0268834829330444,1.162059912085533,0.0344309652898357,0.324131095883949,285.30877667192414,30,1.0865180134773254,1.031184521317482,1.1454122453927993,0.0290637705558608,0.0491922435907857,9236.566827205195,30,both,-0.2749388522931633
cv,deephit,15.0,frac_above_0.01,0.6998442053794861,0.6742647290229797,0.7280021771788596,0.0119086349484529,1.027789565163399,30.26575839065879,30,0.7013713717460632,0.685070252418518,0.7110074162483215,0.0061465216189965,0.917340508363937,38.15375257987867,30,both,-0.11044905679946204
cv,deephit,15.0,frac_above_0.02,0.5540767192840577,0.5393712520599365,0.5769484877586365,0.0086732354193669,0.9776663303198369,33.66900639467274,30,0.5567994793256124,0.5500636100769043,0.5636559963226319,0.003519838667837,0.5286471709541654,110.4426187368808,30,both,-0.4490191593656715
cv,deephit,15.0,frac_above_0.03,0.4776400744915008,0.4641442596912384,0.4984247028827667,0.0085558267276963,0.9693348917660964,34.24845073244905,30,0.4803255766630173,0.4734838306903839,0.4868411421775818,0.0034193372171546,0.4566533587888384,146.6351461180368,30,both,-0.512681532977258
cv,deephit,15.0,frac_above_0.05,0.3869810064633687,0.3746770024299621,0.4022988379001617,0.0069950409218574,0.9294106266382296,37.19623977706111,30,0.3890819450219472,0.3821535408496856,0.3948952257633209,0.0032737300551865,0.4344933403950776,161.48248883336845,30,both,-0.494917286243152
cv,deephit,15.0,frac_above_0.075,0.3188128292560577,0.3089756734669208,0.3329607248306274,0.0059160386676345,0.8961938195890605,39.91773610051676,30,0.320241712530454,0.3136497437953949,0.325962096452713,0.003156038508732,0.465725627427097,141.14997254246748,30,both,-0.4304681921619635
cv,deephit,15.0,frac_above_0.2,0.1187612558404604,0.110511690378189,0.1286481469869613,0.0048227066698903,0.9533125350333196,35.39453158209645,30,0.1168261061112086,0.1121965423226356,0.1220383495092392,0.0025326400250819,0.6492192444136886,74.27852373918347,30,both,-0.304093290619631
cv,deephit,15.0,ici,0.0058580687424788,0.0030228165036533,0.0102411842904984,0.0019172362931733,0.4041344670860662,185.8508816633788,30,0.0053920649302502,0.0025508400110993,0.0088791377143934,0.0016217998667617,0.0664300989762501,5663.151291849811,30,both,-0.3377043681098161
cv,deephit,15.0,ici_concordant,0.0058580687424788,0.0030228165036533,0.0102411842904984,0.0019172362931733,0.4041344670860662,185.8508816633788,30,0.0053920649302502,0.0025508400110993,0.0088791377143934,0.0016217998667617,0.0664300989762501,5663.151291849811,30,both,-0.3377043681098161
cv,deephit,15.0,mean_pred,0.0699761162201563,0.067948317527771,0.0739358309656381,0.0013179269710115,0.9428566061794692,36.16812281983716,30,0.0697346667448679,0.0685403177514672,0.0708844989538192,0.0005972011471887,0.4932962216645226,126.27022249482314,30,both,-0.4495603845149466
cv,deephit,15.0,nb_all_at_0.01,0.0547290779650211,0.0514872060157358,0.0582566836848854,0.0017371690759822,4.860149189361204e-05,41148.00014579739,30,0.0547290779650211,0.0514872060157358,0.0582566836848854,0.0017371690759822,4.860149189361204e-05,41148.00014579739,30,both,0.0
cv,deephit,15.0,nb_all_at_0.02,0.0450834557414054,0.0418085042387247,0.0486470574513077,0.00175489523621,4.860149189361204e-05,41148.00014579739,30,0.0450834557414054,0.0418085042387247,0.0486470574513077,0.00175489523621,4.860149189361204e-05,41148.00014579739,30,both,0.0
cv,deephit,15.0,nb_all_at_0.03,0.0352389551699161,0.0319302387535572,0.0388392942957579,0.0017729870634419,4.860149189361204e-05,41148.00014579739,30,0.0352389551699161,0.0319302387535572,0.0388392942957579,0.0017729870634419,4.860149189361204e-05,41148.00014579739,30,both,0.0
cv,deephit,15.0,nb_all_at_0.05,0.0149281956255435,0.011549823754467,0.0186043341178446,0.0018103130090129,4.860149189361204e-05,41148.00014579739,30,0.0149281956255435,0.011549823754467,0.0186043341178446,0.0018103130090129,4.860149189361204e-05,41148.00014579739,30,both,0.0
cv,deephit,15.0,nb_all_at_0.075,-0.0116953663527965,-0.0151650458574295,-0.0079198737861588,0.001859240361193,4.860149189361204e-05,41148.00014579739,30,-0.0116953663527965,-0.0151650458574295,-0.0079198737861588,0.001859240361193,4.860149189361204e-05,41148.00014579739,30,both,0.0
cv,deephit,15.0,nb_all_at_0.2,-0.1697727739810943,-0.1737845905125141,-0.165407358109951,0.0021497465957405,4.860149189361204e-05,41148.00014579739,30,-0.1697727739810943,-0.1737845905125141,-0.165407358109951,0.0021497465957405,4.860149189361204e-05,41148.00014579739,30,both,0.0
cv,deephit,15.0,nb_at_0.01,0.0566186598191658,0.0532841750420629,0.0600662985816597,0.001729372172106,0.0058891714459585,39031.31960972718,30,0.0567554041743278,0.0534244834445416,0.0602056706324219,0.0017330178465274,0.0038996735432487,40148.50982636112,30,both,-0.0019894979027097995
cv,deephit,15.0,nb_at_0.02,0.0511776643494764,0.0478763269260525,0.0546274800784885,0.0017170790924322,0.005259789901192,39423.71883096795,30,0.0513405503084262,0.0479980046860873,0.0548359499312937,0.0017237545528877,0.004891601818283,39637.07568935857,30,both,-0.0003681880829090002
cv,deephit,15.0,nb_at_0.03,0.0465334376941124,0.0432830475270748,0.0499499510042369,0.0017007382636529,0.0067611897952912,38433.69905431121,30,0.0466593357423941,0.0434092596173286,0.0500981353223323,0.0017084697460033,0.0073063513389934,38030.80409806081,30,both,0.0005451615437022002
cv,deephit,15.0,nb_at_0.05,0.0389595974236726,0.0357271282002329,0.0423376142047345,0.0016668234380183,0.0103609708843405,35439.560775474165,30,0.0392449203878641,0.0359805655665695,0.0426522915251553,0.0016822783610435,0.0074122452733681,37950.10615045697,30,both,-0.0029487256109724004
cv,deephit,15.0,nb_at_0.075,0.031052901657919,0.0279550228733569,0.0343415500596165,0.0016390525720477,0.0199898411483601,25994.601520361222,30,0.0313488371049364,0.0282520995475351,0.0346889003179967,0.0016458678318818,0.0103154045027416,35481.54972076018,30,both,-0.0096744366456185
cv,deephit,15.0,nb_at_0.2,0.0059389498084783,0.0034996665839571,0.0084012838080525,0.0012427165273325,0.0387103328655706,13064.82172072796,30,0.0065561236658444,0.0040459867450408,0.0090533006237819,0.0012651685413812,0.0315938340578337,16876.415933555218,30,both,-0.007116498807736904
cv,deephit,15.0,obs_cif,0.0641817897558212,0.0609723340719938,0.0676741149276494,0.0017197974801951,4.860149189361204e-05,41148.00014579739,30,0.0641817897558212,0.0609723340719938,0.0676741149276494,0.0017197974801951,4.860149189361204e-05,41148.00014579739,30,both,0.0
cv,deephit,15.0,obs_concordant,0.0641817897558212,0.0609723340719938,0.0676741149276494,0.0017197974801951,4.860149189361204e-05,41148.00014579739,30,0.0641817897558212,0.0609723340719938,0.0676741149276494,0.0017197974801951,4.860149189361204e-05,41148.00014579739,30,both,0.0
cv,nfg,5.0,at_risk_fraction,0.7978907227516174,0.7939290881156922,0.801730215549469,0.001962049614007,4.860149189361204e-05,41148.00014579739,30,0.7978907227516174,0.7939290881156922,0.801730215549469,0.001962049614007,4.860149189361204e-05,41148.00014579739,30,both,0.0
cv,nfg,5.0,auc,0.8434130807717641,0.829960611462593,0.8585447624325753,0.0072547822003255,0.0270062648732051,20024.65421605166,30,0.8466582258542379,0.8333351999521256,0.8616315320134162,0.0071774903172062,0.0219589847929686,24184.642376115306,30,both,-0.005047280080236499
cv,nfg,5.0,auc_marginal_ipcw,0.8436420559883118,0.8301118165254593,0.8587607309222222,0.0073353805526717,0.0252596459331229,21381.685338112417,30,0.8469969908396403,0.8336475029587745,0.8619351059198379,0.0072561452485497,0.0202624855880507,25738.48341699382,30,both,-0.0049971603450722005
cv,nfg,5.0,calib_intercept,-0.0106009656718621,-0.1149445906281471,0.0914725115522741,0.0538041291850287,0.1457542243767788,1340.3526261030856,30,0.0270668638249238,-0.0718294596299529,0.1206149615347385,0.0501492874572717,0.0299817459728364,17915.638543719193,30,both,-0.11577247840394239
cv,nfg,5.0,calib_intercept_concordant,-0.0106009656718621,-0.1149445906281471,0.0914725115522741,0.0538041291850287,0.1457542243767788,1340.3526261030856,30,0.0270668638249238,-0.0718294596299529,0.1206149615347385,0.0501492874572717,0.0299817459728364,17915.638543719193,30,both,-0.11577247840394239
cv,nfg,5.0,calib_slope,0.9614642222722372,0.8612211689352989,1.0911936074495312,0.0589896977811801,0.1500877333468926,1267.267289570296,30,1.0176208098729451,0.9074062436819076,1.1576585739850995,0.0637119494225464,0.0495013126249832,9147.985701276297,30,both,-0.1005864207219094
cv,nfg,5.0,calib_slope_concordant,0.9614642222722372,0.8612211689352989,1.0911936074495312,0.0589896977811801,0.1500877333468926,1267.267289570296,30,1.0176208098729451,0.9074062436819076,1.1576585739850995,0.0637119494225464,0.0495013126249832,9147.985701276297,30,both,-0.1005864207219094
cv,nfg,5.0,cindex,0.8403484324614207,0.8267025724053383,0.8551660716533661,0.0071287779164251,0.034571644801089,15135.760412411304,30,0.8434607267379761,0.8300751999020577,0.8581310778856277,0.0070229108962072,0.0251315830045058,21484.672899471505,30,both,-0.009440061796583198
cv,nfg,5.0,cindex_marginal_ipcw,0.8402818997701009,0.8268026039004326,0.8554101139307022,0.0072996463334818,0.0245124821881623,21989.2344595729,30,0.843640555938085,0.8303779885172844,0.8585592791438103,0.0072220166930494,0.0192640357499615,26684.26303225507,30,both,-0.005248446438200799
cv,nfg,5.0,e50,0.0002831598918419,0.0001762453852279,0.0009650070642237,0.0002152530425455,0.1528306525325487,1224.043174242193,30,0.0001479314213308,0.000100015110911,0.0009452712867641,0.0002224062752822,0.0314456925802415,16968.984110467565,30,both,-0.12138495995230722
cv,nfg,5.0,e50_concordant,0.0002831598918419,0.0001762453852279,0.0009650070642237,0.0002152530425455,0.1528306525325487,1224.043174242193,30,0.0001479314213308,0.000100015110911,0.0009452712867641,0.0002224062752822,0.0314456925802415,16968.984110467565,30,both,-0.12138495995230722
cv,nfg,5.0,e90,0.0020360777911264,0.0010945494112093,0.0059071170398965,0.0013839233334554,0.310386091761662,310.388849736634,30,0.001063118110566,0.0005999851084197,0.0054567393497563,0.0013331501348694,0.0628737473993968,6217.0677526598665,30,both,-0.24751234436226519
cv,nfg,5.0,e90_concordant,0.0020360777911264,0.0010945494112093,0.0059071170398965,0.0013839233334554,0.310386091761662,310.388849736634,30,0.001063118110566,0.0005999851084197,0.0054567393497563,0.0013331501348694,0.0628737473993968,6217.0677526598665,30,both,-0.24751234436226519
cv,nfg,5.0,eo,0.9949950734774272,0.9165157228708268,1.0825120836496354,0.0425130268471213,0.1745031672183666,948.5249110032428,30,0.990628186861674,0.9182955339550972,1.07329962849617,0.0391221897106345,0.0321543979276386,16531.398094988388,30,both,-0.14234876929072798
cv,nfg,5.0,eo_concordant,0.9949950734774272,0.9165157228708268,1.0825120836496354,0.0425130268471213,0.1745031672183666,948.5249110032428,30,0.990628186861674,0.9182955339550972,1.07329962849617,0.0391221897106345,0.0321543979276386,16531.398094988388,30,both,-0.14234876929072798
cv,nfg,5.0,frac_above_0.01,0.3205408801635106,0.3105633318424224,0.3315836787223816,0.0055118607293061,0.8710579677198029,42.17320422778182,30,0.3253400067488352,0.3190363943576813,0.331292062997818,0.0031671393939031,0.4671512818488156,140.31648245735892,30,both,-0.4039066858709873
cv,nfg,5.0,frac_above_0.02,0.2116036052505175,0.2031218409538269,0.2198247548192739,0.004751244285188,0.8712503413554679,42.15523538311811,30,0.215017320215702,0.2096587419509887,0.2198650538921356,0.0026610959763333,0.4233018620856277,169.86727026332275,30,both,-0.44794847926984016
cv,nfg,5.0,frac_above_0.03,0.1562640572587649,0.1479024440050125,0.1638194322586059,0.0044080996607514,0.891596932042517,40.31677236687382,30,0.1584184542298317,0.1536777082830667,0.1630256026983261,0.0024598051944964,0.4831104546956223,131.4762690904271,30,both,-0.4084864773468947
cv,nfg,5.0,frac_above_0.05,0.0925067300597826,0.0853118225932121,0.099082238972187,0.0034120748214446,0.8916295130915439,40.313923687567055,30,0.0920209849874178,0.088333211839199,0.0956801399588584,0.0019202920127477,0.4879289280040305,128.97351561293436,30,both,-0.40370058508751344
cv,nfg,5.0,frac_above_0.075,0.0490237849454085,0.0437413416802883,0.0541098652407526,0.0024597946153341,0.8911457942568932,40.356247256207055,30,0.0469466113795836,0.0442271554842591,0.0496221221983432,0.0014027008499989,0.5079764009480285,119.30230386698852,30,both,-0.3831693933088647
cv,nfg,5.0,frac_above_0.2,8.100248972671883e-06,0.0,4.050124334753491e-05,1.1298273474968236e-05,0.4915679670983116,127.13117270829994,30,2.700083011101621e-07,0.0,0.0,2.085824946757353e-06,0.5376702594939481,106.88666564498688,30,both,0.04610229239563651
cv,nfg,5.0,ici,0.0008213574416004,0.0005727295167162,0.0021851367899216,0.0004548459493363,0.2475633017902241,481.7798423345343,30,0.0004412817283688,0.0003233428848034,0.0019677500182297,0.0004462378499487,0.040486839810641,12285.954945601885,30,both,-0.2070764619795831
cv,nfg,5.0,ici_concordant,0.0008213574416004,0.0005727295167162,0.0021851367899216,0.0004548459493363,0.2475633017902241,481.7798423345343,30,0.0004412817283688,0.0003233428848034,0.0019677500182297,0.0004462378499487,0.040486839810641,12285.954945601885,30,both,-0.2070764619795831
cv,nfg,5.0,mean_pred,0.0157814713194966,0.0150819382630288,0.016371858632192,0.0003075419034646,0.8732323662064964,41.9707615879976,30,0.0157122088596224,0.01538797323592,0.0160357931163162,0.0001676336162822,0.4520245585841105,149.55976620206266,30,both,-0.42120780762238585
cv,nfg,5.0,nb_all_at_0.01,0.0059200543910264,0.0046905977185815,0.0071814869646914,0.0006354542394474,4.860149189361204e-05,41148.00014579739,30,0.0059200543910264,0.0046905977185815,0.0071814869646914,0.0006354542394474,4.860149189361204e-05,41148.00014579739,30,both,0.0
cv,nfg,5.0,nb_all_at_0.02,-0.0042236186563968,-0.00546562083764,-0.0029493141395505,0.0006419384490491,4.860149189361204e-05,41148.00014579739,30,-0.0042236186563968,-0.00546562083764,-0.0029493141395505,0.0006419384490491,4.860149189361204e-05,41148.00014579739,30,both,0.0
cv,nfg,5.0,nb_all_at_0.03,-0.0145764397457242,-0.0158312449697405,-0.0132889978354796,0.0006485563622315,4.860149189361204e-05,41148.00014579739,30,-0.0145764397457242,-0.0158312449697405,-0.0132889978354796,0.0006485563622315,4.860149189361204e-05,41148.00014579739,30,both,0.0
cv,nfg,5.0,nb_all_at_0.05,-0.0359359420835971,-0.0372171682305634,-0.0346213974058628,0.0006622101893576,4.860149189361204e-05,41148.00014579739,30,-0.0359359420835971,-0.0372171682305634,-0.0346213974058628,0.0006622101893576,4.860149189361204e-05,41148.00014579739,30,both,0.0
cv,nfg,5.0,nb_all_at_0.075,-0.063934214413166,-0.0652500601485371,-0.062584138661623,0.0006801078130975,4.860149189361204e-05,41148.00014579739,30,-0.063934214413166,-0.0652500601485371,-0.062584138661623,0.0006801078130975,4.860149189361204e-05,41148.00014579739,30,both,0.0
cv,nfg,5.0,nb_all_at_0.2,-0.2301739305257797,-0.2316953845322132,-0.2286129038780927,0.0007863746300046,4.860149189361204e-05,41148.00014579739,30,-0.2301739305257797,-0.2316953845322132,-0.2286129038780927,0.0007863746300046,4.860149189361204e-05,41148.00014579739,30,both,0.0
cv,nfg,5.0,nb_at_0.01,0.0102447058384617,0.0091104586841538,0.0114081794628873,0.0005912323519057,0.0109916366191848,34850.647266827415,30,0.0102531741683681,0.0091119218617677,0.0114246041281148,0.0005932752993761,0.0086160265800331,36981.94897758947,30,both,-0.0023756100391516995
cv,nfg,5.0,nb_at_0.02,0.0075693135770658,0.0065397678641602,0.0086621585302054,0.0005508716113776,0.0190122890187124,26925.9918368344,30,0.00763147668913,0.0065951317548751,0.0087450626306235,0.000557501489715,0.0171377608465332,28760.26825061388,30,both,-0.0018745281721792018
cv,nfg,5.0,nb_at_0.03,0.0058180226789166,0.0048638594220392,0.0068425076897256,0.0005178039754955,0.0218053307088205,24322.402223861787,30,0.0059978492558002,0.0050273143453523,0.0070458703674376,0.0005280902262027,0.0209232455735976,25124.89610849112,30,both,-0.0008820851352229
cv,nfg,5.0,nb_at_0.05,0.0033405951457098,0.0024778692342806,0.0042463398654945,0.0004567296274408,0.0670515394656253,5573.623904913502,30,0.0034628024868046,0.0025738612283021,0.0043914134847,0.0004701069391038,0.0527503148586471,8283.298198572998,30,both,-0.014301224606978198
cv,nfg,5.0,nb_at_0.075,0.0015296790865249,0.0008201782751712,0.0022674977604765,0.0003744515951266,0.1209675703549335,1910.139893619995,30,0.0016963173092032,0.000967747537652,0.0024527430185116,0.000381941756796,0.1069904223708207,2404.9644228368734,30,both,-0.0139771479841128
cv,nfg,5.0,nb_at_0.2,-1.0125311291631078e-06,-1.0125310836883727e-05,1.417543535353616e-05,4.721995117493548e-06,0.5673422226816086,96.3467685669822,30,-6.750207527754052e-08,0.0,0.0,5.214562366893381e-07,0.5376702594939481,106.88666564498688,30,both,-0.02967196318766052
cv,nfg,5.0,obs_cif,0.015860853716731,0.0146436920156702,0.017109671421349,0.0006290996904501,4.860149189361204e-05,41148.00014579739,30,0.015860853716731,0.0146436920156702,0.017109671421349,0.0006290996904501,4.860149189361204e-05,41148.00014579739,30,both,0.0
cv,nfg,5.0,obs_concordant,0.015860853716731,0.0146436920156702,0.017109671421349,0.0006290996904501,4.860149189361204e-05,41148.00014579739,30,0.015860853716731,0.0146436920156702,0.017109671421349,0.0006290996904501,4.860149189361204e-05,41148.00014579739,30,both,0.0
cv,nfg,10.0,at_risk_fraction,0.5525503754615784,0.54790707975626,0.5570222854614257,0.0023999912885427,4.860149189361204e-05,41148.00014579739,30,0.5525503754615784,0.54790707975626,0.5570222854614257,0.0023999912885427,4.860149189361204e-05,41148.00014579739,30,both,0.0
cv,nfg,10.0,auc,0.8259195546309154,0.8152520000934601,0.836973874270916,0.0056118385986194,0.0317431260523364,16783.7189612592,30,0.8286678850650787,0.8180937215685844,0.8396534010767936,0.0055911426243694,0.0209773505001291,25075.11511380585,30,both,-0.010765775552207302
cv,nfg,10.0,auc_marginal_ipcw,0.833739040295283,0.8228537410497665,0.8449345976114273,0.0057054079396094,0.030452210659155,17605.03436931862,30,0.8365224123001098,0.8257644146680831,0.8476131215691567,0.0056811309514333,0.0194329250670484,26522.80165667328,30,both,-0.0110192855921066
cv,nfg,10.0,calib_intercept,0.003416351454022,-0.071556282788515,0.0783801704645156,0.0389663132335855,0.1852132565859248,845.5089957302752,30,0.0285670675958196,-0.0395592755638063,0.09721544329077,0.035556751082584,0.0294382732319122,18282.090808139368,30,both,-0.1557749833540126
cv,nfg,10.0,calib_intercept_concordant,0.003416351454022,-0.071556282788515,0.0783801704645156,0.0389663132335855,0.1852132565859248,845.5089957302752,30,0.0285670675958196,-0.0395592755638063,0.09721544329077,0.035556751082584,0.0294382732319122,18282.090808139368,30,both,-0.1557749833540126
cv,nfg,10.0,calib_slope,0.9813482582569122,0.9030380338430404,1.08380745947361,0.04636584869593,0.1852458213602243,845.2218554554964,30,1.0294447501500448,0.948684623837471,1.1333335667848583,0.0478214172822157,0.0488561439600685,9334.223977029167,30,both,-0.13638967740015578
cv,nfg,10.0,calib_slope_concordant,0.9813482582569122,0.9030380338430404,1.08380745947361,0.04636584869593,0.1852458213602243,845.2218554554964,30,1.0294447501500448,0.948684623837471,1.1333335667848583,0.0478214172822157,0.0488561439600685,9334.223977029167,30,both,-0.13638967740015578
cv,nfg,10.0,cindex,0.8334550857543945,0.8222944125533104,0.8450327143073082,0.0057680429852782,0.0374388250155613,13661.19446892119,30,0.8362648169199626,0.8251745641231537,0.8476786583662033,0.0057398637897854,0.0188387134714205,27093.371706254507,30,both,-0.018600111544140797
cv,nfg,10.0,cindex_marginal_ipcw,0.8290504395961762,0.8185471206903457,0.8400996088981628,0.0055515950565153,0.0278890859790703,19372.47118662877,30,0.8318206906318665,0.8213615208864212,0.8427114292979241,0.0055309743031312,0.0176591949172772,28244.672015430944,30,both,-0.0102298910617931
cv,nfg,10.0,e50,0.0006481924133064,0.0003746271351701,0.0018748886010143,0.0004238919367636,0.247313268503426,482.7266272364247,30,0.0005529272544663,0.0002129219570633,0.0019250365323387,0.0004571602231188,0.0393294338972722,12786.399361025484,30,both,-0.2079838346061538
cv,nfg,10.0,e50_concordant,0.0006481924133064,0.0003746271351701,0.0018748886010143,0.0004238919367636,0.247313268503426,482.7266272364247,30,0.0005529272544663,0.0002129219570633,0.0019250365323387,0.0004571602231188,0.0393294338972722,12786.399361025484,30,both,-0.2079838346061538
cv,nfg,10.0,e50_smoothcsh,0.0014467877988411,0.0008599753169305,0.001956377351681,0.0003092080889078,0.3434383541077122,221.5816016430583,26,0.0014467877988411,0.0008599753169305,0.001956377351681,0.0003092080889078,0.3434383541077122,221.5816016430583,26,both,0.0
cv,nfg,10.0,e50_smoothfg,0.0015191761367644,0.0027514337407885,0.0046899211291146,0.0004658676226785,0.1840747764363888,743.0315245890029,26,0.0015191761367644,0.0027514337407885,0.0046899211291146,0.0004658676226785,0.1840747764363888,743.0315245890029,26,both,0.0
cv,nfg,10.0,e50_smoothnet,0.0014277910453383,0.0009464184707187,0.0023133998591232,0.0003502084175734,0.2651137872874922,366.2291221213737,26,0.0014277910453383,0.0009464184707187,0.0023133998591232,0.0003502084175734,0.2651137872874922,366.2291221213737,26,both,0.0
cv,nfg,10.0,e90,0.0038371685969953,0.0022226652188692,0.0103286886354908,0.0022637047599663,0.3464021281116217,250.7325041962236,30,0.0028630653357443,0.0012384719826513,0.0101965982001274,0.0024746129797484,0.0583942319195794,7030.284428863023,30,both,-0.2880078961920423
cv,nfg,10.0,e90_concordant,0.0038371685969953,0.0022226652188692,0.0103286886354908,0.0022637047599663,0.3464021281116217,250.7325041962236,30,0.0028630653357443,0.0012384719826513,0.0101965982001274,0.0024746129797484,0.0583942319195794,7030.284428863023,30,both,-0.2880078961920423
cv,nfg,10.0,e90_smoothcsh,0.0073231317761862,0.0115732793850768,0.0244538525927818,0.0031643175902429,0.2845478111739534,319.2213928235124,26,0.0073231317761862,0.0115732793850768,0.0244538525927818,0.0031643175902429,0.2845478111739534,319.2213928235124,26,both,0.0
cv,nfg,10.0,e90_smoothfg,0.0105466014289296,0.0155235755749385,0.0246545686134472,0.0022262608987223,0.4604448790640177,125.61211520902236,26,0.0105466014289296,0.0155235755749385,0.0246545686134472,0.0022262608987223,0.4604448790640177,125.61211520902236,26,both,0.0
cv,nfg,10.0,e90_smoothnet,0.0254493846012708,0.0342518725286151,0.0506071697823377,0.0041720022580553,0.2605896386450256,378.67700202664537,26,0.0254493846012708,0.0342518725286151,0.0506071697823377,0.0041720022580553,0.2605896386450256,378.67700202664537,26,both,0.0
cv,nfg,10.0,eo,0.9968453903992972,0.934888942539692,1.0639162838459015,0.0333567740726375,0.2421644829968542,502.8648744873352,30,0.9937686522801716,0.938046807050705,1.0502837687730788,0.0295752715651314,0.0381164838799958,13339.170229325104,30,both,-0.2040479991168584
cv,nfg,10.0,eo_concordant,0.9968453903992972,0.934888942539692,1.0639162838459015,0.0333567740726375,0.2421644829968542,502.8648744873352,30,0.9937686522801716,0.938046807050705,1.0502837687730788,0.0295752715651314,0.0381164838799958,13339.170229325104,30,both,-0.2040479991168584
cv,nfg,10.0,frac_above_0.01,0.526070378224055,0.5144062638282776,0.5421901345252991,0.0067247629592279,0.9135029307783832,38.46545658418332,30,0.5296328663825989,0.5227252244949341,0.5369492769241333,0.0036342487642172,0.5425147585169009,105.04905579195668,30,both,-0.3709881722614823
cv,nfg,10.0,frac_above_0.02,0.3833623598019282,0.3735508680343627,0.3949438333511352,0.0052730313045706,0.8270410329449541,46.60595778535492,30,0.3883040517568588,0.3824451267719269,0.3940851986408233,0.0030179277896909,0.3269629711821066,280.52392502074093,30,both,-0.5000780617628475
cv,nfg,10.0,frac_above_0.03,0.3145947555700938,0.3051201701164245,0.3251682817935943,0.0053028687371871,0.8582584852545309,43.39481760564248,30,0.3187388430039088,0.3128964006900787,0.3243096470832824,0.0029283706724741,0.3810872799577263,208.29678180156688,30,both,-0.47717120529680457
cv,nfg,10.0,frac_above_0.05,0.2335539281368255,0.2247819006443023,0.2429102510213852,0.0051080975313444,0.8840774604164798,40.98220003103823,30,0.2360339552164077,0.2307598888874054,0.2409742921590805,0.0026400763156462,0.3739862783171273,216.04800838792852,30,both,-0.5100911820993526
cv,nfg,10.0,frac_above_0.075,0.1703930512070655,0.1620454788208007,0.1787886917591095,0.0046966405490772,0.8998253518168197,39.60655207869769,30,0.1713415915767351,0.1666707098484039,0.1757917940616607,0.0023768839303127,0.398717986441143,190.78355265025743,30,both,-0.5011073653756767
cv,nfg,10.0,frac_above_0.2,0.0181988284923136,0.0144751444458961,0.021319855004549,0.0018473351282386,0.9541681661517186,35.33216771903021,30,0.0156275397787491,0.013738022185862,0.0175613388419151,0.0010340228638434,0.7065452454394948,63.105724914502,30,both,-0.2476229207122238
cv,nfg,10.0,ici,0.0014685777869696,0.0009943182667484,0.0036905450397171,0.000770975807582,0.3456184565350312,251.83873528124084,30,0.0011498561924478,0.0006240313450689,0.0035750359296798,0.0007748146586116,0.0305549802794957,17537.995494109717,30,both,-0.3150634762555355
cv,nfg,10.0,ici_concordant,0.0014685777869696,0.0009943182667484,0.0036905450397171,0.000770975807582,0.3456184565350312,251.83873528124084,30,0.0011498561924478,0.0006240313450689,0.0035750359296798,0.0007748146586116,0.0305549802794957,17537.995494109717,30,both,-0.3150634762555355
cv,nfg,10.0,ici_smoothcsh,0.0030624366368412,0.0039062460166855,0.0078668104544156,0.0009095538884409,0.2358960720211568,459.4253291827204,26,0.0030624366368412,0.0039062460166855,0.0078668104544156,0.0009095538884409,0.2358960720211568,459.4253291827204,26,both,0.0
cv,nfg,10.0,ici_smoothfg,0.0049407115907792,0.006282710956691,0.0090673083011691,0.000640954163438,0.3422814677552173,223.036507574666,26,0.0049407115907792,0.006282710956691,0.0090673083011691,0.000640954163438,0.3422814677552173,223.036507574666,26,both,0.0
cv,nfg,10.0,ici_smoothnet,0.0075238798901145,0.0098306331476274,0.0144415395611009,0.001170694813164,0.3215225346276351,251.82177343803735,26,0.0075238798901145,0.0098306331476274,0.0144415395611009,0.001170694813164,0.3215225346276351,251.82177343803735,26,both,0.0
cv,nfg,10.0,mean_pred,0.0366667745014031,0.0354963800869882,0.038117909245193,0.0006511190211915,0.8920761488398055,40.27490235244771,30,0.0365536036590735,0.0358975242823362,0.0371810154989361,0.0003303855930286,0.4231920793421846,169.95277662452068,30,both,-0.46888406949762085
cv,nfg,10.0,nb_all_at_0.01,0.0270533431321382,0.0250267443247139,0.0292273514904081,0.001121856576804,4.860149189361204e-05,41148.00014579739,30,0.0270533431321382,0.0250267443247139,0.0292273514904081,0.001121856576804,4.860149189361204e-05,41148.00014579739,30,both,0.0
cv,nfg,10.0,nb_all_at_0.02,0.0171253159642219,0.0150780365336686,0.0193215080536901,0.0011333041013021,4.860149189361204e-05,41148.00014579739,30,0.0171253159642219,0.0150780365336686,0.0193215080536901,0.0011333041013021,4.860149189361204e-05,41148.00014579739,30,both,0.0
cv,nfg,10.0,nb_all_at_0.03,0.0069925878196954,0.0049242021050304,0.0092114201048388,0.0011449875959322,4.860149189361204e-05,41148.00014579739,30,0.0069925878196954,0.0049242021050304,0.0092114201048388,0.0011449875959322,4.860149189361204e-05,41148.00014579739,30,both,0.0
cv,nfg,10.0,nb_all_at_0.05,-0.0139128314331173,-0.0160247615538537,-0.011647286824882,0.0011690925953551,4.860149189361204e-05,41148.00014579739,30,-0.0139128314331173,-0.0160247615538537,-0.011647286824882,0.0011690925953551,4.860149189361204e-05,41148.00014579739,30,both,0.0
cv,nfg,10.0,nb_all_at_0.075,-0.0413158796727657,-0.0434848912991583,-0.038989104423672,0.0012006896463603,4.860149189361204e-05,41148.00014579739,30,-0.0413158796727657,-0.0434848912991583,-0.038989104423672,0.0012006896463603,4.860149189361204e-05,41148.00014579739,30,both,0.0
cv,nfg,10.0,nb_all_at_0.2,-0.2040214836597442,-0.2065294098109006,-0.2013311605900526,0.001388297690177,4.860149189361204e-05,41148.00014579739,30,-0.2040214836597442,-0.2065294098109006,-0.2013311605900526,0.001388297690177,4.860149189361204e-05,41148.00014579739,30,both,0.0
cv,nfg,10.0,nb_at_0.01,0.0299461893116434,0.0279685265850275,0.0320701419375836,0.0010948140937215,0.0031546912649972,40468.25593512646,30,0.0299809560800592,0.0279862524941563,0.0320985754951834,0.0010960677195628,0.0020823929740594,40825.30361280795,30,both,-0.0010722982909377996
cv,nfg,10.0,nb_at_0.02,0.0254750336830814,0.0235493063926696,0.0275797836948186,0.0010642874200107,0.0090442016622135,36617.14296052248,30,0.0256229267145196,0.0236835899297148,0.0277473474387079,0.0010689483956362,0.0046187683126337,39787.13706007802,30,both,-0.0044254333495797995
cv,nfg,10.0,nb_at_0.03,0.0217928916215896,0.019893748871982,0.0238242179155349,0.001032934616003,0.0134234629939317,32479.97563097813,30,0.0218650459622343,0.019945060275495,0.0239324715919792,0.001045345224862,0.0149426532451047,30957.322230584203,30,both,0.001519190251173001
cv,nfg,10.0,nb_at_0.05,0.0160233212014039,0.0141931138467043,0.017904188344255,0.0009716002130888,0.029667793697004,18126.32393922159,30,0.0162364724402626,0.0143918828573077,0.0181310115382075,0.0009817964454518,0.0182175613153165,27696.8163186964,30,both,-0.011450232381687502
cv,nfg,10.0,nb_at_0.075,0.0109860859190424,0.0093151577049866,0.012694492097944,0.0008889798647749,0.0238874722699833,22509.769181069463,30,0.0112961813186605,0.0095881528919562,0.0130379701731726,0.0009041038013593,0.0164141331361722,29480.940292029605,30,both,-0.0074733391338111
cv,nfg,10.0,nb_at_0.2,0.0004242365537114,-0.0002988790001836,0.0012256360321771,0.0003937111671879,0.2395050633485255,513.7670219438426,30,0.0005531048693228,-0.0001243446989974,0.00132284835272,0.0003727591156926,0.1165379189023711,2049.216274332128,30,both,-0.1229671444461544
cv,nfg,10.0,obs_cif,0.0367828086018562,0.0347764777950942,0.0389350767247378,0.0011106379883628,4.860149189361204e-05,41148.00014579739,30,0.0367828086018562,0.0347764777950942,0.0389350767247378,0.0011106379883628,4.860149189361204e-05,41148.00014579739,30,both,0.0
cv,nfg,10.0,obs_concordant,0.0367828086018562,0.0347764777950942,0.0389350767247378,0.0011106379883628,4.860149189361204e-05,41148.00014579739,30,0.0367828086018562,0.0347764777950942,0.0389350767247378,0.0011106379883628,4.860149189361204e-05,41148.00014579739,30,both,0.0
cv,nfg,15.0,at_risk_fraction,0.3379504680633545,0.3334062397480011,0.3425196222960948,0.0023392404352275,4.860149189361204e-05,41148.00014579739,30,0.3379504680633545,0.3334062397480011,0.3425196222960948,0.0023392404352275,4.860149189361204e-05,41148.00014579739,30,both,0.0
cv,nfg,15.0,auc,0.7811570525169372,0.7701877012848855,0.7918667897582053,0.005519706090259,0.0489518392255838,9306.276483351336,30,0.7833508749802908,0.7723716348409653,0.7939576730132103,0.0054782840293743,0.0231766078074,23115.24183930378,30,both,-0.0257752314181838
cv,nfg,15.0,auc_marginal_ipcw,0.828443032503128,0.8174905255436897,0.8388622477650642,0.0054440227116278,0.0293345999223544,18352.934485142945,30,0.830962351957957,0.8199893802404403,0.8413542538881302,0.0054245614172969,0.0130718557925886,32829.63495511548,30,both,-0.0162627441297658
cv,nfg,15.0,calib_intercept,0.0193322489464965,-0.0485776672139763,0.0866425290703773,0.0344155622723483,0.1760162876573383,932.8629648577864,30,0.0367708456392089,-0.0264074599836021,0.0987029653042554,0.0315493168151106,0.0249351745618212,21643.5460112188,30,both,-0.15108111309551708
cv,nfg,15.0,calib_intercept_concordant,0.0193322489464965,-0.0485776672139763,0.0866425290703773,0.0344155622723483,0.1760162876573383,932.8629648577864,30,0.0367708456392089,-0.0264074599836021,0.0987029653042554,0.0315493168151106,0.0249351745618212,21643.5460112188,30,both,-0.15108111309551708
cv,nfg,15.0,calib_slope,1.018330019712448,0.9416880235075952,1.1143911719322204,0.0443757186635932,0.2610170314394124,434.6962912904201,30,1.0606489141782125,0.986373208463192,1.1537184447050095,0.0421411309446055,0.0193425592895859,26609.121189321293,30,both,-0.2416744721498265
cv,nfg,15.0,calib_slope_concordant,1.018330019712448,0.9416880235075952,1.1143911719322204,0.0443757186635932,0.2610170314394124,434.6962912904201,30,1.0606489141782125,0.986373208463192,1.1537184447050095,0.0421411309446055,0.0193425592895859,26609.121189321293,30,both,-0.2416744721498265
cv,nfg,15.0,cindex,0.8276147445042928,0.8173893257975579,0.8377235144376755,0.0051823918546845,0.0955686082958898,2964.1316961791463,30,0.8303638617197673,0.8206393301486969,0.8400680348277092,0.004952823555536,0.0406034238953718,12236.954034215183,30,both,-0.054965184400518
cv,nfg,15.0,cindex_marginal_ipcw,0.8176104307174683,0.8071658477187157,0.8273738697171211,0.0051088625047601,0.0276605922600757,19539.1083828128,30,0.8202028612295786,0.809746977686882,0.8299384087324142,0.0050980871367444,0.0117944084583095,34082.77488325805,30,both,-0.015866183801766198
cv,nfg,15.0,e50,0.0028260949222991,0.0011709245387464,0.0054243425605818,0.0011087888438803,0.1620339240774736,1094.0609688720283,30,0.0029749765526503,0.0012868047662777,0.0054051468381658,0.0010502488287613,0.0293927126293824,18313.186787842194,30,both,-0.1326412114480912
cv,nfg,15.0,e50_concordant,0.0028260949222991,0.0011709245387464,0.0054243425605818,0.0011087888438803,0.1620339240774736,1094.0609688720283,30,0.0029749765526503,0.0012868047662777,0.0054051468381658,0.0010502488287613,0.0293927126293824,18313.186787842194,30,both,-0.1326412114480912
cv,nfg,15.0,e90,0.0065591094084084,0.0037928580597508,0.0172106696758419,0.0036153280940943,0.2153463428142754,631.5187458024097,30,0.0078861771772305,0.0030556038254871,0.0198934960644692,0.0046051200020018,0.0339412222567109,15485.706823185832,30,both,-0.1814051205575645
cv,nfg,15.0,e90_concordant,0.0065591094084084,0.0037928580597508,0.0172106696758419,0.0036153280940943,0.2153463428142754,631.5187458024097,30,0.0078861771772305,0.0030556038254871,0.0198934960644692,0.0046051200020018,0.0339412222567109,15485.706823185832,30,both,-0.1814051205575645
cv,nfg,15.0,eo,1.006677766640981,0.9503322958946228,1.0689700990915298,0.0305181769212281,0.2645393343913926,423.51643078165694,30,1.0046958088874818,0.9538818508386612,1.0585798501968384,0.0267062581468148,0.0380710597658019,13360.45450337584,30,both,-0.22646827462559072
cv,nfg,15.0,eo_concordant,1.006677766640981,0.9503322958946228,1.0689700990915298,0.0305181769212281,0.2645393343913926,423.51643078165694,30,1.0046958088874818,0.9538818508386612,1.0585798501968384,0.0267062581468148,0.0380710597658019,13360.45450337584,30,both,-0.22646827462559072
cv,nfg,15.0,frac_above_0.01,0.7586514671643575,0.7263817191123962,0.8089720249176026,0.0192074249429985,1.0548736969003756,27.67802988920613,30,0.754658317565918,0.7435053959488869,0.7653843760490417,0.0062694389998358,0.9399888133761982,36.38415714036409,30,both,-0.11488488352417736
cv,nfg,15.0,frac_above_0.02,0.5385633905728658,0.5270183682441711,0.5556446313858032,0.0066245409479064,0.910419867566552,38.7185094888127,30,0.5422025640805562,0.5358719229698181,0.5487594604492188,0.0033140894270385,0.4464653501725253,153.19121603390067,30,both,-0.4639545173940267
cv,nfg,15.0,frac_above_0.03,0.4572306871414184,0.4465667009353637,0.4714425802230835,0.0058040927531082,0.8558310518815528,43.63243900052623,30,0.4609273711840311,0.4549180567264557,0.4669955372810364,0.003114621622772,0.3312547219090466,273.5010149721816,30,both,-0.5245763299725063
cv,nfg,15.0,frac_above_0.05,0.3688572466373443,0.3590354323387146,0.3811166882514953,0.0056022277810202,0.8585026895251167,43.37101947773404,30,0.3730323821306228,0.367249071598053,0.37888103723526,0.0030183051473455,0.3414399059674954,257.8641313889915,30,both,-0.5170627835576213
cv,nfg,15.0,frac_above_0.075,0.2991743157307306,0.2896565854549408,0.3109930396080017,0.0057833750975731,0.896927987867748,39.85453966403687,30,0.3018711556990941,0.2962746918201446,0.3079147636890411,0.0029876252626161,0.4285163314296849,165.880078047178,30,both,-0.46841165643806304
cv,nfg,15.0,frac_above_0.2,0.0947496891021728,0.0874500855803489,0.1039018929004669,0.0040445989891698,0.9396758053016032,36.407840426895,30,0.0915452308952808,0.0878957957029342,0.0953237265348434,0.0019223982981253,0.4934693198422069,126.18448157078986,30,both,-0.44620648545939634
cv,nfg,15.0,ici,0.0034290360985323,0.002045018953504,0.0070083901868201,0.0013439188080204,0.249897267595751,473.0755949780588,30,0.0037452572413409,0.0019361373153515,0.0073151284945197,0.0013854601305539,0.0140246885035346,31879.040652225183,30,both,-0.2358725790922164
cv,nfg,15.0,ici_concordant,0.0034290360985323,0.002045018953504,0.0070083901868201,0.0013439188080204,0.249897267595751,473.0755949780588,30,0.0037452572413409,0.0019361373153515,0.0073151284945197,0.0013854601305539,0.0140246885035346,31879.040652225183,30,both,-0.2358725790922164
cv,nfg,15.0,mean_pred,0.0646103769540786,0.0629592956975102,0.067213293351233,0.0010705144236601,0.9186402661208216,38.04899262965151,30,0.064483172694842,0.0634610701352357,0.0654641412198543,0.0005087514669446,0.4430707559926315,155.47510788586752,30,both,-0.4755695101281901
cv,nfg,15.0,nb_all_at_0.01,0.0547290779650211,0.0514872060157358,0.0582566836848854,0.0017371690759822,4.860149189361204e-05,41148.00014579739,30,0.0547290779650211,0.0514872060157358,0.0582566836848854,0.0017371690759822,4.860149189361204e-05,41148.00014579739,30,both,0.0
cv,nfg,15.0,nb_all_at_0.02,0.0450834557414054,0.0418085042387247,0.0486470574513077,0.00175489523621,4.860149189361204e-05,41148.00014579739,30,0.0450834557414054,0.0418085042387247,0.0486470574513077,0.00175489523621,4.860149189361204e-05,41148.00014579739,30,both,0.0
cv,nfg,15.0,nb_all_at_0.03,0.0352389551699161,0.0319302387535572,0.0388392942957579,0.0017729870634419,4.860149189361204e-05,41148.00014579739,30,0.0352389551699161,0.0319302387535572,0.0388392942957579,0.0017729870634419,4.860149189361204e-05,41148.00014579739,30,both,0.0
cv,nfg,15.0,nb_all_at_0.05,0.0149281956255435,0.011549823754467,0.0186043341178446,0.0018103130090129,4.860149189361204e-05,41148.00014579739,30,0.0149281956255435,0.011549823754467,0.0186043341178446,0.0018103130090129,4.860149189361204e-05,41148.00014579739,30,both,0.0
cv,nfg,15.0,nb_all_at_0.075,-0.0116953663527965,-0.0151650458574295,-0.0079198737861588,0.001859240361193,4.860149189361204e-05,41148.00014579739,30,-0.0116953663527965,-0.0151650458574295,-0.0079198737861588,0.001859240361193,4.860149189361204e-05,41148.00014579739,30,both,0.0
cv,nfg,15.0,nb_all_at_0.2,-0.1697727739810943,-0.1737845905125141,-0.165407358109951,0.0021497465957405,4.860149189361204e-05,41148.00014579739,30,-0.1697727739810943,-0.1737845905125141,-0.165407358109951,0.0021497465957405,4.860149189361204e-05,41148.00014579739,30,both,0.0
cv,nfg,15.0,nb_at_0.01,0.0564371341218551,0.053085839562118,0.0598798671737313,0.001737140637012,0.0079076603135309,37562.60971989447,30,0.0566070236265659,0.0532297606579959,0.0600236076861619,0.0017349267818192,0.0011014781719397,41040.212380573976,30,both,-0.0068061821415912
cv,nfg,15.0,nb_at_0.02,0.0512174629916747,0.0479168551042675,0.0546055091544985,0.0017148668833631,0.0058993191867589,39024.71658366883,30,0.0513860616832971,0.0480411892756819,0.0547902765683829,0.0017178220754864,0.0022343956314392,40782.32548808967,30,both,-0.0036649235553197
cv,nfg,15.0,nb_at_0.03,0.0466699714461962,0.0434478210285306,0.0500661985017359,0.0016955205632285,0.0076314156172645,37780.66923827023,30,0.0468024258812268,0.0435879543423652,0.0502176797017455,0.0017019262600269,0.0058342644204977,39066.898169213,30,both,-0.0017971511967668002
cv,nfg,15.0,nb_at_0.05,0.0391405177613099,0.0359605399891734,0.0424696355126798,0.0016531561679832,0.0109821202859577,34859.63484890294,30,0.0393579916407664,0.0361797452904284,0.0427030179649591,0.0016655363359496,0.0092970699751701,36397.215245405525,30,both,-0.0016850503107875992
cv,nfg,15.0,nb_at_0.075,0.0311255039026339,0.0280538360122591,0.0343705001287162,0.0016176689524789,0.019753760355843,26217.70039489424,30,0.0313672774160901,0.0283036509994417,0.0346216849982738,0.0016254506578953,0.0090915778858938,36576.1839119338,30,both,-0.0106621824699492
cv,nfg,15.0,nb_at_0.2,0.0055921209820856,0.003423924621893,0.0077666153782047,0.0011147398137416,0.0694436611081625,5247.2375458884,30,0.0059189025002221,0.0037036070250906,0.0081349599640816,0.001128772029573,0.0392873877634613,12805.067305126357,30,both,-0.030156273344701195
cv,nfg,15.0,obs_cif,0.0641817897558212,0.0609723340719938,0.0676741149276494,0.0017197974801951,4.860149189361204e-05,41148.00014579739,30,0.0641817897558212,0.0609723340719938,0.0676741149276494,0.0017197974801951,4.860149189361204e-05,41148.00014579739,30,both,0.0
cv,nfg,15.0,obs_concordant,0.0641817897558212,0.0609723340719938,0.0676741149276494,0.0017197974801951,4.860149189361204e-05,41148.00014579739,30,0.0641817897558212,0.0609723340719938,0.0676741149276494,0.0017197974801951,4.860149189361204e-05,41148.00014579739,30,both,0.0
temporal,deephit,5.0,at_risk_fraction,1.0,1.0,1.0,0.0,0.0002143852355178,9326.000643017896,30,1.0,1.0,1.0,0.0,0.0002143852355178,9326.000643017896,30,both,0.0
temporal,deephit,5.0,auc,0.8498215655485789,0.8212483361363411,0.8760979995131493,0.014268234720698,0.1148666116827614,1763.5433955927772,30,0.8542815645535787,0.8285333588719368,0.8789752036333084,0.0131329234991913,0.049111875579242,5139.311223215676,30,both,-0.0657547361035194
temporal,deephit,5.0,auc_marginal_ipcw,0.8498215655485789,0.8212483361363411,0.8760979995131493,0.014268234720698,0.1148666116827614,1763.5433955927772,30,0.8542815645535787,0.8285333588719368,0.8789752036333084,0.0131329234991913,0.049111875579242,5139.311223215676,30,both,-0.0657547361035194
temporal,deephit,5.0,calib_intercept,-0.4491007417440414,-0.725142416357994,-0.1868064232170581,0.1381535702769978,0.3905091097926649,193.74713494308332,30,-0.4400637517372767,-0.6732762917876244,-0.240823957324028,0.1105767029384488,0.08124806914296,2937.229193139007,30,both,-0.3092610406497049
temporal,deephit,5.0,calib_intercept_concordant,-0.4491007417440414,-0.725142416357994,-0.1868064232170581,0.1381535702769978,0.3905091097926649,193.74713494308332,30,-0.4400637517372767,-0.6732762917876244,-0.240823957324028,0.1105767029384488,0.08124806914296,2937.229193139007,30,both,-0.3092610406497049
temporal,deephit,5.0,calib_slope,0.9235731879870096,0.7060589373111725,1.3740739405155182,0.1807287684159027,0.4127622057771941,174.29664285119028,30,0.9617233316103616,0.7627650275826454,1.257796323299408,0.1272472852929137,0.1384491650011603,1297.6774053385232,30,both,-0.2743130407760338
temporal,deephit,5.0,calib_slope_concordant,0.9235731879870096,0.7060589373111725,1.3740739405155182,0.1807287684159027,0.4127622057771941,174.29664285119028,30,0.9617233316103616,0.7627650275826454,1.257796323299408,0.1272472852929137,0.1384491650011603,1297.6774053385232,30,both,-0.2743130407760338
temporal,deephit,5.0,cindex,0.8471630930900573,0.8188315510749817,0.8732695743441582,0.0141609728076618,0.1165820671544829,1722.3180513773225,30,0.8515680829683939,0.8261454313993454,0.8761489987373352,0.0130202277670236,0.0497240704407064,5083.722603280732,30,both,-0.0668579967137765
temporal,deephit,5.0,cindex_marginal_ipcw,0.8471630930900573,0.8188315510749817,0.8732695743441582,0.0141609728076618,0.1165820671544829,1722.3180513773225,30,0.8515680829683939,0.8261454313993454,0.8761489987373352,0.0130202277670236,0.0497240704407064,5083.722603280732,30,both,-0.0668579967137765
temporal,deephit,5.0,e50,0.002304251792763,0.0004158755560638,0.0055579433217644,0.0014268851905239,0.5610256175341277,96.84434481018762,30,0.0023447178459415,0.0007132827988243,0.0045072398846969,0.0009841516111592,0.241697061942941,479.2720814509192,30,both,-0.3193285555911867
temporal,deephit,5.0,e50_concordant,0.002304251792763,0.0004158755560638,0.0055579433217644,0.0014268851905239,0.5610256175341277,96.84434481018762,30,0.0023447178459415,0.0007132827988243,0.0045072398846969,0.0009841516111592,0.241697061942941,479.2720814509192,30,both,-0.3193285555911867
temporal,deephit,5.0,e90,0.0212562394638856,0.0063778986805118,0.0365911211818456,0.0076538780812218,0.7270380512251204,58.84806083408196,30,0.0227267143627007,0.0136283590458333,0.0317240273579955,0.0046687888124622,0.1961125697905911,703.6666914352129,30,both,-0.5309254814345293
temporal,deephit,5.0,e90_concordant,0.0212562394638856,0.0063778986805118,0.0365911211818456,0.0076538780812218,0.7270380512251204,58.84806083408196,30,0.0227267143627007,0.0136283590458333,0.0317240273579955,0.0046687888124622,0.1961125697905911,703.6666914352129,30,both,-0.5309254814345293
temporal,deephit,5.0,eo,1.5240740299224853,1.1928467601537704,1.922440651059151,0.1855907415471037,0.4815913574553372,129.76739489622864,30,1.5519912362098691,1.3171583145856858,1.8672103703022005,0.1414721858848125,0.0554091395676,4593.968299694187,30,both,-0.4261822178877372
temporal,deephit,5.0,eo_concordant,1.5240740299224853,1.1928467601537704,1.922440651059151,0.1855907415471037,0.4815913574553372,129.76739489622864,30,1.5519912362098691,1.3171583145856858,1.8672103703022005,0.1414721858848125,0.0554091395676,4593.968299694187,30,both,-0.4261822178877372
temporal,deephit,5.0,frac_above_0.01,0.4058920244375865,0.339800626039505,0.4630721509456634,0.0340354324188876,1.0466591630783222,26.32314021753725,30,0.4085075199604034,0.3855718672275543,0.4331654012203216,0.0124582027744241,0.8834583869914836,40.27345028319309,30,both,-0.16320077608683858
temporal,deephit,5.0,frac_above_0.02,0.2819987838466962,0.2469718009233474,0.3365848362445831,0.0226726363832796,1.0191361489447712,29.32003923277862,30,0.2883767465750376,0.2747347056865692,0.3042126595973968,0.0077133611461144,0.6526632444849917,72.43113983062712,30,both,-0.36647290445977954
temporal,deephit,5.0,frac_above_0.03,0.2220959732929865,0.1853360533714294,0.2680887579917907,0.0205818967541343,1.0161835377601467,29.579143276660343,30,0.2271090164780616,0.2142780572175979,0.241719365119934,0.0072404576995965,0.651713980948301,72.63403350674768,30,both,-0.3644695568118457
temporal,deephit,5.0,frac_above_0.05,0.1442312496403853,0.0906849578022956,0.1722585558891296,0.0176740863387436,1.0174945405295883,29.46494096963904,30,0.1518526449799537,0.1396719962358474,0.1635759472846985,0.0063455115269019,0.6692869211399158,69.01240056180087,30,both,-0.3482076193896725
temporal,deephit,5.0,frac_above_0.075,0.0776860682914654,0.0339800603687763,0.1084789335727691,0.0161188145684026,1.0348377381455935,27.78233341392714,30,0.0824061170220375,0.0710687115788459,0.0925072357058525,0.0059272584056694,0.8010938187962454,48.78418217155005,30,both,-0.23374391934934813
temporal,deephit,5.0,frac_above_0.2,0.0019223210692871,0.0,0.0049308608286082,0.0014969388322411,0.9690172469339604,33.28292236939565,30,0.0010326222885244,0.0002143852470908,0.0023582377471029,0.0005781293751387,0.7214988687212155,59.72199146269125,30,both,-0.24751837821274492
temporal,deephit,5.0,ici,0.0070376640340934,0.0032848975388333,0.011524514411576,0.0021746145170719,0.6833999897947289,66.29746722293865,30,0.0073289653907219,0.0048106375033967,0.0099496530136093,0.0013312283880436,0.136625734680592,1327.0270224689082,30,both,-0.5467742551141369
temporal,deephit,5.0,ici_concordant,0.0070376640340934,0.0032848975388333,0.011524514411576,0.0021746145170719,0.6833999897947289,66.29746722293865,30,0.0073289653907219,0.0048106375033967,0.0099496530136093,0.0013312283880436,0.136625734680592,1327.0270224689082,30,both,-0.5467742551141369
temporal,deephit,5.0,mean_pred,0.0210746650894482,0.0163233381230384,0.0247180146165192,0.0017848805038617,1.027949848878223,28.49719701732352,30,0.0214606999109188,0.0204028302803635,0.0225339848548173,0.0005685537059217,0.6793763898268085,67.0548455975424,30,both,-0.34857345905141457
temporal,deephit,5.0,nb_all_at_0.01,0.0038665137253701,0.0015927308704704,0.0063568474724888,0.0012345803469536,0.0002143852355178,9326.000643017896,30,0.0038665137253701,0.0015927308704704,0.0063568474724888,0.0012345803469536,0.0002143852355178,9326.000643017896,30,both,0.0
temporal,deephit,5.0,nb_all_at_0.02,-0.0062981136143207,-0.0085950987413525,-0.0037823682650923,0.0012471780929677,0.0002143852355178,9326.000643017896,30,-0.0062981136143207,-0.0085950987413525,-0.0037823682650923,0.0012471780929677,0.0002143852355178,9326.000643017896,30,both,0.0
temporal,deephit,5.0,nb_all_at_0.03,-0.0166723206639289,-0.0189929865300655,-0.0141306398436427,0.0012600356266929,0.0002143852355178,9326.000643017896,30,-0.0166723206639289,-0.0189929865300655,-0.0141306398436427,0.0012600356266929,0.0002143852355178,9326.000643017896,30,both,0.0
temporal,deephit,5.0,nb_all_at_0.05,-0.0380759499967098,-0.0404454693198204,-0.035480760037899,0.0012865626773271,0.0002143852355178,9326.000643017896,30,-0.0380759499967098,-0.0404454693198204,-0.035480760037899,0.0012865626773271,0.0002143852355178,9326.000643017896,30,both,0.0
temporal,deephit,5.0,nb_all_at_0.075,-0.066132053732872,-0.0685656145215034,-0.063466727733612,0.0013213347802227,0.0002143852355178,9326.000643017896,30,-0.066132053732872,-0.0685656145215034,-0.063466727733612,0.0013213347802227,0.0002143852355178,9326.000643017896,30,both,0.0
temporal,deephit,5.0,nb_all_at_0.2,-0.2327151894569397,-0.2355289906263351,-0.2296334058046341,0.0015277938449685,0.0002143852355178,9326.000643017896,30,-0.2327151894569397,-0.2355289906263351,-0.2296334058046341,0.0015277938449685,0.0002143852355178,9326.000643017896,30,both,0.0
temporal,deephit,5.0,nb_at_0.01,0.0087271037821968,0.0064759505912661,0.0110722398385405,0.0011906133026143,0.0269698987083142,7421.040164689844,30,0.0088270058234532,0.0065744807943701,0.0111599434167146,0.00118581831055,0.0138220344731879,8689.984439082247,30,both,-0.0131478642351263
temporal,deephit,5.0,nb_at_0.02,0.0055001483919719,0.0033251589629799,0.0077200564555823,0.0011321419876298,0.0553658419056929,4597.516124275739,30,0.0054757201112806,0.0033185961656272,0.0076631787233054,0.0011185426082391,0.0246094030405628,7671.846442819521,30,both,-0.0307564388651301
temporal,deephit,5.0,nb_at_0.03,0.0035298420970017,0.001350378463394,0.0057431209599599,0.0011240257899651,0.1130472146475344,1808.7838947662551,30,0.0034963582099104,0.0013857685262337,0.0056303753517568,0.0010841445131824,0.0355032286248525,6499.681620851729,30,both,-0.0775439860226819
temporal,deephit,5.0,nb_at_0.05,0.001078320191785,-0.0009816588135436,0.0031367947813123,0.0010595106455382,0.1770026681142917,846.2366403189966,30,0.0010194582748226,-0.0009985839715227,0.0030521689914166,0.0010346268568329,0.1052160345516158,2023.0114445390896,30,both,-0.0717866335626759
temporal,deephit,5.0,nb_at_0.075,5.543114436174316e-05,-0.0019700266420841,0.0019700266420841,0.0010154457189813,0.3411639447450784,250.56764630423723,30,0.0001903393363439,-0.0016020952025428,0.0020221744198352,0.0009347664090876,0.1514936073190534,1112.5029581434624,30,both,-0.189670337426025
temporal,deephit,5.0,nb_at_0.2,-0.000386786723296,-0.0011255225399509,0.0,0.0003316334892523,0.8646590027417422,42.02359739408815,30,-0.0002536892119678,-0.0005627612699754,-5.359631177270785e-05,0.0001396579259424,0.6756723975676638,67.76365079765282,30,both,-0.1889866051740784
temporal,deephit,5.0,obs_cif,0.0138278482481837,0.0115768034011125,0.016293279826641,0.001222234562529,0.0002143852355178,9326.000643017896,30,0.0138278482481837,0.0115768034011125,0.016293279826641,0.001222234562529,0.0002143852355178,9326.000643017896,30,both,0.0
temporal,deephit,5.0,obs_concordant,0.0138278482481837,0.0115768034011125,0.016293279826641,0.001222234562529,0.0002143852355178,9326.000643017896,30,0.0138278482481837,0.0115768034011125,0.016293279826641,0.001222234562529,0.0002143852355178,9326.000643017896,30,both,0.0
temporal,deephit,10.0,at_risk_fraction,0.7793976068496704,0.7709293365478516,0.7878658175468445,0.0042967326153523,0.0002143852355178,9326.000643017896,30,0.7793976068496704,0.7709293365478516,0.7878658175468445,0.0042967326153523,0.0002143852355178,9326.000643017896,30,both,0.0
temporal,deephit,10.0,auc,0.8258472164471944,0.8031095251441002,0.8452041804790497,0.0106612058770341,0.0996297238966568,2197.6344728295016,30,0.8297694067160288,0.8081835433840752,0.8477678626775742,0.0100138670687171,0.0264504006902122,7476.648568808974,30,both,-0.0731793232064446
temporal,deephit,10.0,auc_marginal_ipcw,0.8265448292096456,0.8039343729615211,0.8457706362009049,0.0106109870139692,0.1046213974610242,2040.6783773413667,30,0.8305235167344411,0.8091548174619675,0.8481899678707123,0.0099317201581418,0.0269077415390187,7427.703660232775,30,both,-0.07771365592200549
temporal,deephit,10.0,calib_intercept,-0.3829200799266497,-0.5920656740665435,-0.1881416566669941,0.1015862461052777,0.5707021032868675,93.71874340019802,30,-0.3665110190709432,-0.5128100484609603,-0.233895307406783,0.0711707607236665,0.1133491750279453,1801.1646164893766,30,both,-0.45735292825892226
temporal,deephit,10.0,calib_intercept_concordant,-0.3829200799266497,-0.5920656740665435,-0.1881416566669941,0.1015862461052777,0.5707021032868675,93.71874340019802,30,-0.3665110190709432,-0.5128100484609603,-0.233895307406783,0.0711707607236665,0.1133491750279453,1801.1646164893766,30,both,-0.45735292825892226
temporal,deephit,10.0,calib_slope,0.8803894956906636,0.720020292699337,1.1092064946889877,0.0998180601344698,0.3885735433134231,195.59224303015085,30,0.9197537203629812,0.770293852686882,1.1295706629753113,0.0916719548514728,0.1505473844226359,1124.6113168069662,30,both,-0.23802615889078718
temporal,deephit,10.0,calib_slope_concordant,0.8803894956906636,0.720020292699337,1.1092064946889877,0.0998180601344698,0.3885735433134231,195.59224303015085,30,0.9197537203629812,0.770293852686882,1.1295706629753113,0.0916719548514728,0.1505473844226359,1124.6113168069662,30,both,-0.23802615889078718
temporal,deephit,10.0,cindex,0.8254184603691102,0.8035554483532905,0.8441821858286858,0.0103028325259026,0.1028968736352612,2093.123768052578,30,0.8292651315530141,0.808622220158577,0.84660854190588,0.0096461121390357,0.0262837081507002,7494.449060428948,30,both,-0.076613165484561
temporal,deephit,10.0,cindex_marginal_ipcw,0.8251213987668355,0.8033315807580947,0.843716062605381,0.0102514004369095,0.1096495970430457,1897.6819797800488,30,0.8290015558401743,0.8085216283798218,0.846110175549984,0.0095592034698125,0.0264676797245248,7474.802163950641,30,both,-0.0831819173185209
temporal,deephit,10.0,e50,0.0032552141793227,0.0005540558224311,0.0086870356230065,0.0022777653800676,0.6578612573399047,71.33516005918936,30,0.0035672080353833,0.0009789324423763,0.0071330353152006,0.001605301554634,0.2681919074166116,394.69265258769263,30,both,-0.38966934992329316
temporal,deephit,10.0,e50_concordant,0.0032552141793227,0.0005540558224311,0.0086870356230065,0.0022777653800676,0.6578612573399047,71.33516005918936,30,0.0035672080353833,0.0009789324423763,0.0071330353152006,0.001605301554634,0.2681919074166116,394.69265258769263,30,both,-0.38966934992329316
temporal,deephit,10.0,e50_smoothcsh,0.0040625567861269,0.0007284975951652,0.0087295975528026,0.002244954039128,0.7575622328851326,54.35806340146952,30,0.0040625567861269,0.0007284975951652,0.0087295975528026,0.002244954039128,0.7575622328851326,54.35806340146952,30,both,0.0
temporal,deephit,10.0,e50_smoothfg,0.0035113178054247,0.0006642002216451,0.008018053731622,0.0020870641657387,0.7388282596442803,57.050421894500936,30,0.0035113178054247,0.0006642002216451,0.008018053731622,0.0020870641657387,0.7388282596442803,57.050421894500936,30,both,0.0
temporal,deephit,10.0,e50_smoothnet,0.0037759333757137,0.0006817565087668,0.0082837269425704,0.0021671223534642,0.7494359064829702,55.50220760273733,30,0.0037759333757137,0.0006817565087668,0.0082837269425704,0.0021671223534642,0.7494359064829702,55.50220760273733,30,both,0.0
temporal,deephit,10.0,e90,0.0408364608262976,0.0160693883895874,0.0648145902901888,0.0119593522559275,0.7643047597873319,53.43512147859072,30,0.0404259675492843,0.0266344061587005,0.0541439280845224,0.0070363595934648,0.2137283942863983,601.4757515086831,30,both,-0.5505763655009336
temporal,deephit,10.0,e90_concordant,0.0408364608262976,0.0160693883895874,0.0648145902901888,0.0119593522559275,0.7643047597873319,53.43512147859072,30,0.0404259675492843,0.0266344061587005,0.0541439280845224,0.0070363595934648,0.2137283942863983,601.4757515086831,30,both,-0.5505763655009336
temporal,deephit,10.0,e90_smoothcsh,0.038161427160539,0.0145948720557472,0.0624103188870634,0.0119456994864356,0.7596213353506428,54.07371508395915,30,0.038161427160539,0.0145948720557472,0.0624103188870634,0.0119456994864356,0.7596213353506428,54.07371508395915,30,both,0.0
temporal,deephit,10.0,e90_smoothfg,0.040538206390803,0.0168633305864053,0.0646376097908282,0.0118497726865038,0.7605224364231831,53.94997262118475,30,0.040538206390803,0.0168633305864053,0.0646376097908282,0.0118497726865038,0.7605224364231831,53.94997262118475,30,both,0.0
temporal,deephit,10.0,e90_smoothnet,0.0205596179425644,0.0046876985506085,0.0454921326258096,0.0112867442277668,0.6641474218639654,70.04287991731408,30,0.0205596179425644,0.0046876985506085,0.0454921326258096,0.0112867442277668,0.6641474218639654,70.04287991731408,30,both,0.0
temporal,deephit,10.0,eo,1.3703259825706482,1.1411732941865922,1.6167809396982191,0.119955259945473,0.6278165349395265,78.03887136555099,30,1.3769547899564107,1.2375630915164948,1.5444163233041766,0.0793685768330029,0.0917593969558348,2480.0460113894774,30,both,-0.5360571379836917
temporal,deephit,10.0,eo_concordant,1.3703259825706482,1.1411732941865922,1.6167809396982191,0.119955259945473,0.6278165349395265,78.03887136555099,30,1.3769547899564107,1.2375630915164948,1.5444163233041766,0.0793685768330029,0.0917593969558348,2480.0460113894774,30,both,-0.5360571379836917
temporal,deephit,10.0,frac_above_0.01,0.5889627357323964,0.5189195275306702,0.6628791689872742,0.0403170524282479,1.0565030786714236,24.78358555217287,30,0.5907457013924916,0.5574016571044922,0.6165719628334045,0.015155580552362,0.9419252281412496,35.367679493752085,30,both,-0.114577850530174
temporal,deephit,10.0,frac_above_0.02,0.4381534308195114,0.3761389255523681,0.4846178591251373,0.0308228254243674,1.039175794808042,27.287002937506955,30,0.4402722706397374,0.4189087748527527,0.4609282910823822,0.0108180931007076,0.8206277557382982,46.55148735202143,30,both,-0.21854803906974385
temporal,deephit,10.0,frac_above_0.03,0.3596241116523743,0.3136456310749054,0.4087254703044891,0.024256264943488,1.0211390132815,29.14012179744685,30,0.3637438823779424,0.345696210861206,0.3812841773033142,0.0093097724364606,0.7567885798126435,54.46547338034295,30,both,-0.26435043346885645
temporal,deephit,10.0,frac_above_0.05,0.276721336444219,0.2456855028867721,0.3261898435652257,0.019912947458553,1.004904987970562,30.518206225654502,30,0.2812127073605855,0.2686247229576111,0.2947797179222107,0.0068823192617397,0.556059062206009,98.51035599544782,30,both,-0.44884592576455307
temporal,deephit,10.0,frac_above_0.075,0.2147389853994051,0.1813699156045913,0.2515811026096344,0.0177026075146717,0.9989071561721364,30.995072907505968,30,0.2159502615531285,0.2040947526693344,0.2285346835851669,0.006358198492652,0.5479848550917051,101.31309347060116,30,both,-0.4509223010804313
temporal,deephit,10.0,frac_above_0.2,0.0388823379452029,0.0170436277985572,0.0605638325214386,0.011531306507182,1.0349268884278056,27.77254523295164,30,0.0379497625554601,0.0290492009371519,0.0457712523639202,0.0045227342686257,0.852271810775721,43.23304457249812,30,both,-0.18265507765208455
temporal,deephit,10.0,ici,0.0122767596505582,0.0061231129104271,0.0193865248002111,0.0034297359361148,0.7745002697553033,52.08297046271529,30,0.0123472601796189,0.0086986242560669,0.0162878605537116,0.0019625243870045,0.1654705965566648,953.6384028826076,30,both,-0.6090296731986384
temporal,deephit,10.0,ici_concordant,0.0122767596505582,0.0061231129104271,0.0193865248002111,0.0034297359361148,0.7745002697553033,52.08297046271529,30,0.0123472601796189,0.0086986242560669,0.0162878605537116,0.0019625243870045,0.1654705965566648,953.6384028826076,30,both,-0.6090296731986384
temporal,deephit,10.0,ici_smoothcsh,0.0123303083443747,0.0058103528563216,0.0194300854337244,0.00345631390977,0.7729549765867059,52.28463828921804,30,0.0123303083443747,0.0058103528563216,0.0194300854337244,0.00345631390977,0.7729549765867059,52.28463828921804,30,both,0.0
temporal,deephit,10.0,ici_smoothfg,0.0123278043113428,0.0061696481980294,0.0193965915794602,0.0033785297798479,0.7670975361791664,53.05962350659304,30,0.0123278043113428,0.0061696481980294,0.0193965915794602,0.0033785297798479,0.7670975361791664,53.05962350659304,30,both,0.0
temporal,deephit,10.0,ici_smoothnet,0.0074495646305402,0.0024978483551768,0.0146787800195707,0.0033119806696878,0.6938717992504809,64.38565628567348,30,0.0074495646305402,0.0024978483551768,0.0146787800195707,0.0033119806696878,0.6938717992504809,64.38565628567348,30,both,0.0
temporal,deephit,10.0,mean_pred,0.0451670272896687,0.0370724430307745,0.0515755189582705,0.0031402859433056,1.017768590600739,29.44090219664017,30,0.0453855185459057,0.0434353976510465,0.0473363007418811,0.0010228801667272,0.6189674925518011,80.19563899332866,30,both,-0.39880109804893793
temporal,deephit,10.0,nb_all_at_0.01,0.0231927167624235,0.0195261059794575,0.0269283819478005,0.0018741690066556,0.0002143852355178,9326.000643017896,30,0.0231927167624235,0.0195261059794575,0.0269283819478005,0.0018741690066556,0.0002143852355178,9326.000643017896,30,both,0.0
temporal,deephit,10.0,nb_all_at_0.02,0.0132252965122461,0.0095212692627683,0.0169990793801844,0.0018932932105291,0.0002143852355178,9326.000643017896,30,0.0132252965122461,0.0095212692627683,0.0169990793801844,0.0018932932105291,0.0002143852355178,9326.000643017896,30,both,0.0
temporal,deephit,10.0,nb_all_at_0.03,0.0030523610766977,-0.0006898514184285,0.0068650488974526,0.0019128117405117,0.0002143852355178,9326.000643017896,30,0.0030523610766977,-0.0006898514184285,0.0068650488974526,0.0019128117405117,0.0002143852355178,9326.000643017896,30,both,0.0
temporal,deephit,10.0,nb_all_at_0.05,-0.0179360099136829,-0.0217570055741816,-0.0140430550090968,0.0019530814601843,0.0002143852355178,9326.000643017896,30,-0.0179360099136829,-0.0217570055741816,-0.0140430550090968,0.0019530814601843,0.0002143852355178,9326.000643017896,30,both,0.0
temporal,deephit,10.0,nb_all_at_0.075,-0.0454477928578853,-0.0493720619007945,-0.0414496254175901,0.0020058675221026,0.0002143852355178,9326.000643017896,30,-0.0454477928578853,-0.0493720619007945,-0.0414496254175901,0.0020058675221026,0.0002143852355178,9326.000643017896,30,both,0.0
temporal,deephit,10.0,nb_all_at_0.2,-0.2087990194559097,-0.2133364498615264,-0.2041761230677366,0.0023192840769578,0.0002143852355178,9326.000643017896,30,-0.2087990194559097,-0.2133364498615264,-0.2041761230677366,0.0023192840769578,0.0002143852355178,9326.000643017896,30,both,0.0
temporal,deephit,10.0,nb_at_0.01,0.0262121118605136,0.0225983927492052,0.0298726336564868,0.0018536059779723,0.016358860987018,8478.302152849974,30,0.0262616327653328,0.0226501692552119,0.0298772532027214,0.0018439937228184,0.0051266684386289,9209.179937187557,30,both,-0.011232192548389102
temporal,deephit,10.0,nb_at_0.02,0.0219244137406349,0.0183588121086359,0.0255240341182798,0.0018252619617241,0.0302279609699702,7069.221789098406,30,0.0221860133732358,0.0186604148708283,0.0257578916382044,0.0018104530723554,0.0100669543045354,8957.806109680901,30,both,-0.0201610066654348
temporal,deephit,10.0,nb_at_0.03,0.0183189049984018,0.0148047041147947,0.0218326841015368,0.0017929298592379,0.0334671948456306,6718.41659527124,30,0.0185477196549375,0.0150156394578516,0.0220544988755136,0.001788094664838,0.0183405466402123,8298.749351607337,30,both,-0.0151266482054183
temporal,deephit,10.0,nb_at_0.05,0.0122592027299106,0.0088347563054412,0.0156849046237766,0.0017488435502337,0.0729559553108127,3376.516588488982,30,0.0124499335885047,0.0090548503445461,0.0158466753549873,0.001735041753744,0.0407325497007828,5951.91211189852,30,both,-0.0322234056100299
temporal,deephit,10.0,nb_at_0.075,0.0063713247422128,0.0030436884029768,0.0096329043619334,0.0016763702432864,0.0884652665358433,2612.6324213422145,30,0.0064347377667824,0.0032261903688777,0.0096115233143791,0.0016320333318727,0.0316903680410771,6910.645917484111,30,both,-0.056774898494766204
temporal,deephit,10.0,nb_at_0.2,-0.0012813280171637,-0.0041136087966151,0.0009976962406653,0.0012909613733852,0.4499558453041132,147.79279130682175,30,-0.0008477403927827,-0.0028486609400715,0.0011920607474166,0.0010400526894667,0.129986651179412,1442.269948789526,30,both,-0.3199691941247012
temporal,deephit,10.0,obs_cif,0.0329607911407947,0.0293308441527187,0.0366590986028313,0.0018554273645042,0.0002143852355178,9326.000643017896,30,0.0329607911407947,0.0293308441527187,0.0366590986028313,0.0018554273645042,0.0002143852355178,9326.000643017896,30,both,0.0
temporal,deephit,10.0,obs_concordant,0.0329607911407947,0.0293308441527187,0.0366590986028313,0.0018554273645042,0.0002143852355178,9326.000643017896,30,0.0329607911407947,0.0293308441527187,0.0366590986028313,0.0018554273645042,0.0002143852355178,9326.000643017896,30,both,0.0
temporal,nfg,5.0,at_risk_fraction,1.0,1.0,1.0,0.0,0.0002143852355178,9326.000643017896,30,1.0,1.0,1.0,0.0,0.0002143852355178,9326.000643017896,30,both,0.0
temporal,nfg,5.0,auc,0.849608161052068,0.820820264518261,0.8764206439256668,0.0144474018437219,0.1347532033670073,1358.1630885315262,30,0.8545619865258535,0.8285667195916175,0.8790472343564033,0.013244608599407,0.0566701244977215,4491.869761885795,30,both,-0.07808307886928581
temporal,nfg,5.0,auc_marginal_ipcw,0.849608161052068,0.820820264518261,0.8764206439256668,0.0144474018437219,0.1347532033670073,1358.1630885315262,30,0.8545619865258535,0.8285667195916175,0.8790472343564033,0.013244608599407,0.0566701244977215,4491.869761885795,30,both,-0.07808307886928581
temporal,nfg,5.0,calib_intercept,-0.4096004868547122,-0.7366813108325004,-0.1339103411883115,0.1583517010393777,0.5320316670814804,107.2185656295619,30,-0.3874511837959289,-0.6294174671173096,-0.1799290373921392,0.1150408145856461,0.1056568718236212,2010.0490046775303,30,both,-0.4263747952578592
temporal,nfg,5.0,calib_intercept_concordant,-0.4096004868547122,-0.7366813108325004,-0.1339103411883115,0.1583517010393777,0.5320316670814804,107.2185656295619,30,-0.3874511837959289,-0.6294174671173096,-0.1799290373921392,0.1150408145856461,0.1056568718236212,2010.0490046775303,30,both,-0.4263747952578592
temporal,nfg,5.0,calib_slope,0.8793683489163716,0.6782239139080047,1.2195487648248673,0.1394903926136912,0.2591685820398007,420.80594276273496,30,0.9166666388511656,0.7242139831185341,1.2236039012670517,0.1270822697399855,0.0944779182908341,2377.271954608336,30,both,-0.1646906637489666
temporal,nfg,5.0,calib_slope_concordant,0.8793683489163716,0.6782239139080047,1.2195487648248673,0.1394903926136912,0.2591685820398007,420.80594276273496,30,0.9166666388511656,0.7242139831185341,1.2236039012670517,0.1270822697399855,0.0944779182908341,2377.271954608336,30,both,-0.1646906637489666
temporal,nfg,5.0,cindex,0.8469806710879008,0.8184237092733383,0.873617322742939,0.0143457837421163,0.1358275149683136,1340.1738447301975,30,0.851891839504242,0.8261257752776145,0.8762516498565673,0.0131439402312692,0.0574270719351736,4431.718685737253,30,both,-0.07840044303314
temporal,nfg,5.0,cindex_marginal_ipcw,0.8469806710879008,0.8184237092733383,0.873617322742939,0.0143457837421163,0.1358275149683136,1340.1738447301975,30,0.851891839504242,0.8261257752776145,0.8762516498565673,0.0131439402312692,0.0574270719351736,4431.718685737253,30,both,-0.07840044303314
temporal,nfg,5.0,e50,0.0008678889396833,0.0001698400246823,0.0028912136913277,0.0008420240128696,0.5706909168555087,93.72226795971264,30,0.0009380915532043,0.0001876678030384,0.0024543896201066,0.0006475223723946,0.2255455609397462,544.7699827202381,30,both,-0.34514535591576245
temporal,nfg,5.0,e50_concordant,0.0008678889396833,0.0001698400246823,0.0028912136913277,0.0008420240128696,0.5706909168555087,93.72226795971264,30,0.0009380915532043,0.0001876678030384,0.0024543896201066,0.0006475223723946,0.2255455609397462,544.7699827202381,30,both,-0.34514535591576245
temporal,nfg,5.0,e90,0.0179082039976492,0.0040327790891751,0.0363096127286553,0.009774577390299,0.8693129237317087,41.58107529373821,30,0.0179653731174767,0.0082547555677592,0.0278042391873896,0.0050612254631813,0.2975076240920842,324.7288851703434,30,both,-0.5718052996396245
temporal,nfg,5.0,e90_concordant,0.0179082039976492,0.0040327790891751,0.0363096127286553,0.009774577390299,0.8693129237317087,41.58107529373821,30,0.0179653731174767,0.0082547555677592,0.0278042391873896,0.0050612254631813,0.2975076240920842,324.7288851703434,30,both,-0.5718052996396245
temporal,nfg,5.0,eo,1.396164894104004,1.0771042346954345,1.8330641090869904,0.200532480992306,0.640603046043474,75.07414291734048,30,1.4052264968554178,1.1806111693382264,1.7023328870534895,0.1342462441692814,0.1423465936496529,1237.981910618097,30,both,-0.49825645239382105
temporal,nfg,5.0,eo_concordant,1.396164894104004,1.0771042346954345,1.8330641090869904,0.200532480992306,0.640603046043474,75.07414291734048,30,1.4052264968554178,1.1806111693382264,1.7023328870534895,0.1342462441692814,0.1423465936496529,1237.981910618097,30,both,-0.49825645239382105
temporal,nfg,5.0,frac_above_0.01,0.3398077666759491,0.2917783260345459,0.4000428915023803,0.0291937880610389,1.0380332527292784,27.42142084598576,30,0.3466788132985433,0.3231857717037201,0.3663843870162964,0.0112511972383204,0.8567515585950366,42.790223138639966,30,both,-0.18128169413424178
temporal,nfg,5.0,frac_above_0.02,0.2420623848835627,0.2032372206449508,0.2999249696731567,0.0253766327926287,1.033188074761213,27.960769281399845,30,0.2470825736721356,0.2277843356132507,0.2654089331626892,0.0098581897949363,0.8279772507851522,45.74942684385639,30,both,-0.20521082397606083
temporal,nfg,5.0,frac_above_0.03,0.191245935857296,0.155750885605812,0.2381820082664489,0.0221704982443541,1.0285878188787796,28.434070012776665,30,0.1954800426959991,0.1782613396644592,0.2117054313421249,0.0088585093721658,0.8143755115692228,47.24976417157893,30,both,-0.21421230730955676
temporal,nfg,5.0,frac_above_0.05,0.1273841423292954,0.094865471124649,0.1583235114812851,0.0197798721289456,1.033022763057887,27.978377786595843,30,0.1307678565382957,0.1159824207425117,0.1459963619709015,0.0078712675689706,0.835441898335942,44.95479229283682,30,both,-0.19758086472194503
temporal,nfg,5.0,frac_above_0.075,0.0766856038322051,0.048665452748537,0.1055847331881523,0.0174969716556279,1.0414111565215602,27.01496792681596,30,0.0767927964528401,0.0661378502845764,0.0875763744115829,0.0058736628690664,0.8183629606866621,46.802705318255725,30,both,-0.2230481958348981
temporal,nfg,5.0,frac_above_0.2,0.000603851788522,0.0,0.0034301639534533,0.0009499468395461,0.9879308675796008,31.845115796200417,30,0.0002322506843484,0.0,0.0008575409883633,0.0002533268204417,0.6528132692380569,72.39915221873085,30,both,-0.33511759834154387
temporal,nfg,5.0,ici,0.0055095440009608,0.0022825002903118,0.0104420292424038,0.0023320359924182,0.8050746498754693,48.316793381863214,30,0.0054061793566991,0.0029987882066052,0.0081834445241838,0.0013792976052617,0.2851537085558219,351.74914723406016,30,both,-0.5199209413196474
temporal,nfg,5.0,ici_concordant,0.0055095440009608,0.0022825002903118,0.0104420292424038,0.0023320359924182,0.8050746498754693,48.316793381863214,30,0.0054061793566991,0.0029987882066052,0.0081834445241838,0.0013792976052617,0.2851537085558219,351.74914723406016,30,both,-0.5199209413196474
temporal,nfg,5.0,mean_pred,0.019305956736207,0.0159561350010335,0.0237135746516287,0.0022006477691298,1.043731896716852,26.718787512424864,30,0.0194312594210108,0.0179901309311389,0.0207606919575482,0.0007715698564274,0.8584773755292433,42.621288657109424,30,both,-0.18525452118760877
temporal,nfg,5.0,nb_all_at_0.01,0.0038665137253701,0.0015927308704704,0.0063568474724888,0.0012345803469536,0.0002143852355178,9326.000643017896,30,0.0038665137253701,0.0015927308704704,0.0063568474724888,0.0012345803469536,0.0002143852355178,9326.000643017896,30,both,0.0
temporal,nfg,5.0,nb_all_at_0.02,-0.0062981136143207,-0.0085950987413525,-0.0037823682650923,0.0012471780929677,0.0002143852355178,9326.000643017896,30,-0.0062981136143207,-0.0085950987413525,-0.0037823682650923,0.0012471780929677,0.0002143852355178,9326.000643017896,30,both,0.0
temporal,nfg,5.0,nb_all_at_0.03,-0.0166723206639289,-0.0189929865300655,-0.0141306398436427,0.0012600356266929,0.0002143852355178,9326.000643017896,30,-0.0166723206639289,-0.0189929865300655,-0.0141306398436427,0.0012600356266929,0.0002143852355178,9326.000643017896,30,both,0.0
temporal,nfg,5.0,nb_all_at_0.05,-0.0380759499967098,-0.0404454693198204,-0.035480760037899,0.0012865626773271,0.0002143852355178,9326.000643017896,30,-0.0380759499967098,-0.0404454693198204,-0.035480760037899,0.0012865626773271,0.0002143852355178,9326.000643017896,30,both,0.0
temporal,nfg,5.0,nb_all_at_0.075,-0.066132053732872,-0.0685656145215034,-0.063466727733612,0.0013213347802227,0.0002143852355178,9326.000643017896,30,-0.066132053732872,-0.0685656145215034,-0.063466727733612,0.0013213347802227,0.0002143852355178,9326.000643017896,30,both,0.0
temporal,nfg,5.0,nb_all_at_0.2,-0.2327151894569397,-0.2355289906263351,-0.2296334058046341,0.0015277938449685,0.0002143852355178,9326.000643017896,30,-0.2327151894569397,-0.2355289906263351,-0.2296334058046341,0.0015277938449685,0.0002143852355178,9326.000643017896,30,both,0.0
temporal,nfg,5.0,nb_at_0.01,0.0087016591181357,0.0064835296943783,0.0110191851854324,0.0011788360639754,0.0601815555747253,4219.972561243815,30,0.0087766218309601,0.0065712328068912,0.0110387020511552,0.0011603550833994,0.0155852415229113,8545.175541736886,30,both,-0.044596314051813996
temporal,nfg,5.0,nb_at_0.02,0.0057099396673341,0.0035745459608733,0.0079038152471184,0.0011132783400339,0.0734223480073308,3349.723423197159,30,0.0057788492490847,0.0036445492878556,0.0079519422724843,0.0011040596525306,0.0420254188026795,5820.691629119138,30,both,-0.0313969292046513
temporal,nfg,5.0,nb_at_0.03,0.0037325135044132,0.0016355162952095,0.0058845435269176,0.001092850516375,0.134962121544982,1354.637922807418,30,0.0038741477299481,0.0018068035133183,0.0059840284870006,0.0010670782957209,0.0587072734825793,4331.9182431590725,30,both,-0.0762548480624027
temporal,nfg,5.0,nb_at_0.05,0.0014158829483979,-0.0006995729054324,0.0034752977080643,0.0010757797572495,0.252866443339547,440.60417974507726,30,0.0014935505770457,-0.0004400539328344,0.0034640142694115,0.0009974132230267,0.1045858109757345,2041.742357877096,30,both,-0.1482806323638125
temporal,nfg,5.0,nb_at_0.075,0.0001867662506811,-0.0019265701994299,0.0020656308624893,0.0010232396004339,0.3452428673588807,244.9736211705884,30,0.0004214311888366,-0.0012834144290536,0.0021641321945935,0.0008915321741841,0.0927394247262172,2442.325890219695,30,both,-0.2525034426326635
temporal,nfg,5.0,nb_at_0.2,-0.0001464965874523,-0.0008575409883633,0.0,0.0002361665801722,0.97916083133237,32.5132770708373,30,-5.806267108710017e-05,-0.0002143852470908,0.0,6.333170511043762e-05,0.6528132692380569,72.39915221873085,30,both,-0.32634756209431304
temporal,nfg,5.0,obs_cif,0.0138278482481837,0.0115768034011125,0.016293279826641,0.001222234562529,0.0002143852355178,9326.000643017896,30,0.0138278482481837,0.0115768034011125,0.016293279826641,0.001222234562529,0.0002143852355178,9326.000643017896,30,both,0.0
temporal,nfg,5.0,obs_concordant,0.0138278482481837,0.0115768034011125,0.016293279826641,0.001222234562529,0.0002143852355178,9326.000643017896,30,0.0138278482481837,0.0115768034011125,0.016293279826641,0.001222234562529,0.0002143852355178,9326.000643017896,30,both,0.0
temporal,nfg,10.0,at_risk_fraction,0.7793976068496704,0.7709293365478516,0.7878658175468445,0.0042967326153523,0.0002143852355178,9326.000643017896,30,0.7793976068496704,0.7709293365478516,0.7878658175468445,0.0042967326153523,0.0002143852355178,9326.000643017896,30,both,0.0
temporal,nfg,10.0,auc,0.824087131023407,0.8007400363683701,0.8434681311249733,0.0108685549261748,0.089030391091379,2589.2331723617626,30,0.8289760470390319,0.8068426012992859,0.8472507074475288,0.0102226532961875,0.0253013097360341,7598.871469851151,30,both,-0.0637290813553449
temporal,nfg,10.0,auc_marginal_ipcw,0.8248459796110789,0.801687340438366,0.8441004112362862,0.0107934098103502,0.0902647388579124,2539.076115572207,30,0.8297947963078817,0.8079587504267692,0.8478054985404014,0.0101359562432422,0.025809784868492,7544.932563901273,30,both,-0.0644549539894204
temporal,nfg,10.0,calib_intercept,-0.3283155004183451,-0.5568316578865051,-0.1154327621683477,0.1201765285504593,0.7073632950444378,62.04238721164001,30,-0.3080504884322484,-0.4582638382911682,-0.1739370543509721,0.0730149158702333,0.1467804069353594,1174.7476964377036,30,both,-0.5605828881090784
temporal,nfg,10.0,calib_intercept_concordant,-0.3283155004183451,-0.5568316578865051,-0.1154327621683477,0.1201765285504593,0.7073632950444378,62.04238721164001,30,-0.3080504884322484,-0.4582638382911682,-0.1739370543509721,0.0730149158702333,0.1467804069353594,1174.7476964377036,30,both,-0.5605828881090784
temporal,nfg,10.0,calib_slope,0.8731291572252909,0.7116261318325996,1.1280998677015306,0.1077675066847182,0.3403644125245942,251.68669393012004,30,0.9092654645442962,0.7581001564860343,1.133373138308525,0.0955210997767829,0.1392704836683889,1284.7600683187045,30,both,-0.2010939288562053
temporal,nfg,10.0,calib_slope_concordant,0.8731291572252909,0.7116261318325996,1.1280998677015306,0.1077675066847182,0.3403644125245942,251.68669393012004,30,0.9092654645442962,0.7581001564860343,1.133373138308525,0.0955210997767829,0.1392704836683889,1284.7600683187045,30,both,-0.2010939288562053
temporal,nfg,10.0,cindex,0.8238568941752116,0.8013237699866295,0.8427066549658775,0.010519034671405,0.0941578627231635,2389.073085932535,30,0.8287020206451416,0.8075745925307274,0.8463937535881996,0.009851398116333,0.0256420226221489,7562.755752015448,30,both,-0.0685158401010146
temporal,nfg,10.0,cindex_marginal_ipcw,0.8234744191169738,0.8011810049414635,0.8422196850180625,0.0104441060729001,0.0954960921994965,2340.244617727028,30,0.8283493399620057,0.8074343144893646,0.8457863926887512,0.0097660133904842,0.0256648025049897,7560.337119674044,30,both,-0.06983128969450679
temporal,nfg,10.0,e50,0.0014883057456851,0.0003201903011358,0.0049668354797177,0.0013503648606113,0.5069859975237866,117.60099980193267,30,0.0015541339220362,0.0003531585207383,0.0043608170351944,0.0011455335938793,0.2927676949751981,334.7156796978333,30,both,-0.21421830254858848
temporal,nfg,10.0,e50_concordant,0.0014883057456851,0.0003201903011358,0.0049668354797177,0.0013503648606113,0.5069859975237866,117.60099980193267,30,0.0015541339220362,0.0003531585207383,0.0043608170351944,0.0011455335938793,0.2927676949751981,334.7156796978333,30,both,-0.21421830254858848
temporal,nfg,10.0,e50_smoothcsh,0.0025308367158836,0.00070837892433,0.0055351552994478,0.0013033218771013,0.6534755341995367,72.2582017749545,30,0.0025308367158836,0.00070837892433,0.0055351552994478,0.0013033218771013,0.6534755341995367,72.2582017749545,30,both,0.0
temporal,nfg,10.0,e50_smoothfg,0.0025044753839155,0.0007574772003468,0.0051013490958518,0.0011979699185475,0.6294282379126248,77.65551349568885,30,0.0025044753839155,0.0007574772003468,0.0051013490958518,0.0011979699185475,0.6294282379126248,77.65551349568885,30,both,0.0
temporal,nfg,10.0,e50_smoothnet,0.0024634452732286,0.0007048090483695,0.0052544108716718,0.0012441123927138,0.6431702397456859,74.4994605533603,30,0.0024634452732286,0.0007048090483695,0.0052544108716718,0.0012441123927138,0.6431702397456859,74.4994605533603,30,both,0.0
temporal,nfg,10.0,e90,0.0355266063163677,0.0101599755696952,0.0640564272180199,0.0161027959437702,0.8937532481763082,39.35506140551807,30,0.0335873890047272,0.0190226297359913,0.0489048339426517,0.0077304454331973,0.3255364690924424,273.882331527955,30,both,-0.5682167790838658
temporal,nfg,10.0,e90_concordant,0.0355266063163677,0.0101599755696952,0.0640564272180199,0.0161027959437702,0.8937532481763082,39.35506140551807,30,0.0335873890047272,0.0190226297359913,0.0489048339426517,0.0077304454331973,0.3255364690924424,273.882331527955,30,both,-0.5682167790838658
temporal,nfg,10.0,e90_smoothcsh,0.0333548321026974,0.0102264892797504,0.0624655895117121,0.0161427835049921,0.8941095053667544,39.32375480726786,30,0.0333548321026974,0.0102264892797504,0.0624655895117121,0.0161427835049921,0.8941095053667544,39.32375480726786,30,both,0.0
temporal,nfg,10.0,e90_smoothfg,0.0350751179260929,0.0117715938999367,0.0642484528667727,0.0161033981573163,0.8942647514910891,39.31012201591022,30,0.0350751179260929,0.0117715938999367,0.0642484528667727,0.0161033981573163,0.8942647514910891,39.31012201591022,30,both,0.0
temporal,nfg,10.0,e90_smoothnet,0.0185934772002801,0.0041140093389406,0.0449988538863136,0.0125439664268915,0.7860551654421488,50.61066823261901,30,0.0185934772002801,0.0041140093389406,0.0449988538863136,0.0125439664268915,0.7860551654421488,50.61066823261901,30,both,0.0
temporal,nfg,10.0,eo,1.276936368147532,1.04787780046463,1.5567211210727692,0.1382264156764231,0.7765247264985532,51.820500912900165,30,1.2831350048383077,1.1399975299835206,1.4527127116918563,0.0808560830262077,0.2451918404582232,466.64713682525576,30,both,-0.53133288604033
temporal,nfg,10.0,eo_concordant,1.276936368147532,1.04787780046463,1.5567211210727692,0.1382264156764231,0.7765247264985532,51.820500912900165,30,1.2831350048383077,1.1399975299835206,1.4527127116918563,0.0808560830262077,0.2451918404582232,466.64713682525576,30,both,-0.53133288604033
temporal,nfg,10.0,frac_above_0.01,0.5280808995167414,0.4553542733192444,0.5884875059127808,0.0324860036564771,1.0420399944187706,26.936152956939143,30,0.540508093436559,0.5089505910873413,0.5699431896209717,0.0153561596203578,0.9421113886478978,35.353078294757175,30,both,-0.09992860577087281
temporal,nfg,10.0,frac_above_0.02,0.3848322451114654,0.3451602458953857,0.4367027580738067,0.02418589788921,1.0197791794432944,29.26266591752067,30,0.3938221335411072,0.3718512058258056,0.4129059910774231,0.0103724822737425,0.806638839160769,48.13492013457597,30,both,-0.2131403402825255
temporal,nfg,10.0,frac_above_0.03,0.3236681312322617,0.2843820452690124,0.3783899545669555,0.024110561180053,1.022613443580819,29.00526647056257,30,0.3303462316592534,0.3086075782775879,0.3485904037952423,0.0101740461695082,0.8153973438863957,47.13461610179956,30,both,-0.20721609969442323
temporal,nfg,10.0,frac_above_0.05,0.2533569152156512,0.2179226130247116,0.3067852854728699,0.0231822886351976,1.0241450053105077,28.862823833817377,30,0.2577732503414154,0.2392539381980896,0.2762354016304016,0.0098172635921651,0.8216076925205246,46.44338900971312,30,both,-0.2025373127899831
temporal,nfg,10.0,frac_above_0.075,0.1984385614593823,0.1629327833652496,0.2428984940052032,0.0220831029733226,1.0269520055637575,28.59483337296101,30,0.2002393965919812,0.1836209595203399,0.2163147181272506,0.0087421879198411,0.8026124410937374,48.60510903164047,30,both,-0.22433956447002013
temporal,nfg,10.0,frac_above_0.2,0.0392110620625317,0.0157573167234659,0.0658162683248519,0.0148175966802158,1.051492041934479,25.60977223351021,30,0.0358309214934706,0.0266909636557102,0.0449137091636657,0.0047447420852811,0.8809073597981787,40.5052482599872,30,both,-0.1705846821363004
temporal,nfg,10.0,ici,0.0097844757450123,0.0042078909114934,0.0175427972339093,0.0038540192125853,0.8440864052234274,44.05869841640815,30,0.0092470284861822,0.0057164654601365,0.0137559523573145,0.0021809141716354,0.3790168168833877,205.1033269526166,30,both,-0.4650695883400397
temporal,nfg,10.0,ici_concordant,0.0097844757450123,0.0042078909114934,0.0175427972339093,0.0038540192125853,0.8440864052234274,44.05869841640815,30,0.0092470284861822,0.0057164654601365,0.0137559523573145,0.0021809141716354,0.3790168168833877,205.1033269526166,30,both,-0.4650695883400397
temporal,nfg,10.0,ici_smoothcsh,0.0101379439483511,0.0054386628154786,0.0175447041118244,0.0034011193023394,0.8223838385096034,46.35802618889426,30,0.0101379439483511,0.0054386628154786,0.0175447041118244,0.0034011193023394,0.8223838385096034,46.35802618889426,30,both,0.0
temporal,nfg,10.0,ici_smoothfg,0.01036315014408,0.0058118854926994,0.01756246281639,0.0032807815246724,0.8124342573054981,47.469639685808325,30,0.01036315014408,0.0058118854926994,0.01756246281639,0.0032807815246724,0.8124342573054981,47.469639685808325,30,both,0.0
temporal,nfg,10.0,ici_smoothnet,0.0063957770443551,0.0025826026692272,0.0130961309386857,0.0029436934253445,0.7035313370006202,62.694737131150966,30,0.0063957770443551,0.0025826026692272,0.0130961309386857,0.0029436934253445,0.7035313370006202,62.694737131150966,30,both,0.0
temporal,nfg,10.0,mean_pred,0.0420888315886259,0.0357965374365448,0.0496341181918978,0.0039707782311425,1.040721683245111,27.100202653111715,30,0.0422931437691052,0.0396485604345798,0.0448499762453138,0.0014505993529328,0.8569421438045748,42.77152238475362,30,both,-0.18377953944053615
temporal,nfg,10.0,nb_all_at_0.01,0.0231927167624235,0.0195261059794575,0.0269283819478005,0.0018741690066556,0.0002143852355178,9326.000643017896,30,0.0231927167624235,0.0195261059794575,0.0269283819478005,0.0018741690066556,0.0002143852355178,9326.000643017896,30,both,0.0
temporal,nfg,10.0,nb_all_at_0.02,0.0132252965122461,0.0095212692627683,0.0169990793801844,0.0018932932105291,0.0002143852355178,9326.000643017896,30,0.0132252965122461,0.0095212692627683,0.0169990793801844,0.0018932932105291,0.0002143852355178,9326.000643017896,30,both,0.0
temporal,nfg,10.0,nb_all_at_0.03,0.0030523610766977,-0.0006898514184285,0.0068650488974526,0.0019128117405117,0.0002143852355178,9326.000643017896,30,0.0030523610766977,-0.0006898514184285,0.0068650488974526,0.0019128117405117,0.0002143852355178,9326.000643017896,30,both,0.0
temporal,nfg,10.0,nb_all_at_0.05,-0.0179360099136829,-0.0217570055741816,-0.0140430550090968,0.0019530814601843,0.0002143852355178,9326.000643017896,30,-0.0179360099136829,-0.0217570055741816,-0.0140430550090968,0.0019530814601843,0.0002143852355178,9326.000643017896,30,both,0.0
temporal,nfg,10.0,nb_all_at_0.075,-0.0454477928578853,-0.0493720619007945,-0.0414496254175901,0.0020058675221026,0.0002143852355178,9326.000643017896,30,-0.0454477928578853,-0.0493720619007945,-0.0414496254175901,0.0020058675221026,0.0002143852355178,9326.000643017896,30,both,0.0
temporal,nfg,10.0,nb_all_at_0.2,-0.2087990194559097,-0.2133364498615264,-0.2041761230677366,0.0023192840769578,0.0002143852355178,9326.000643017896,30,-0.2087990194559097,-0.2133364498615264,-0.2041761230677366,0.0023192840769578,0.0002143852355178,9326.000643017896,30,both,0.0
temporal,nfg,10.0,nb_at_0.01,0.0262321574613451,0.0226730491034686,0.0298383792396634,0.001829212496032,0.0132248683965199,8736.448091414806,30,0.0264599389086167,0.0228700057137757,0.0300544742960482,0.001829852695509,0.0050157970340868,9213.34405317733,30,both,-0.0082090713624331
temporal,nfg,10.0,nb_at_0.02,0.021909058218201,0.0183868916239589,0.0254580516833812,0.0018022774969321,0.0361442925214033,6431.308718548167,30,0.0222965930278102,0.0187961894553154,0.0258104107808321,0.0017945986863699,0.0154546275551419,8556.27331059425,30,both,-0.020689664966261397
temporal,nfg,10.0,nb_at_0.03,0.0182531179860234,0.0147810794878751,0.0217502805404365,0.0017834626782113,0.0564039493431512,4513.223901202653,30,0.0185343961541851,0.0150940799154341,0.0219567370600998,0.0017603767115605,0.0151097542628544,8585.299610982855,30,both,-0.041294195080296796
temporal,nfg,10.0,nb_at_0.05,0.0120407957583665,0.008690280187875,0.0153787369141355,0.0017063219768137,0.0669469592226187,3746.021376855937,30,0.0122520329430699,0.0089092679088935,0.015541606885381,0.0016907475071076,0.0373757283304448,6300.804834520561,30,both,-0.0295712308921739
temporal,nfg,10.0,nb_at_0.075,0.0065553510251144,0.0032070875051431,0.0098291049245744,0.0016964146383967,0.1561823813937317,1055.1962060453106,30,0.0065979124822964,0.0034261514141689,0.0097300527850165,0.0016030282149911,0.036717676419062,6370.398612031838,30,both,-0.1194647049746697
temporal,nfg,10.0,nb_at_0.2,-0.0013902655402489,-0.0044924827641807,0.0009827451460296,0.0014106410438846,0.5452083440579918,102.30487932962644,30,-0.0006373622495933,-0.0026776203187182,0.0014031966158654,0.0010473376824883,0.1663019931357358,945.2489621048488,30,both,-0.378906350922256
temporal,nfg,10.0,obs_cif,0.0329607911407947,0.0293308441527187,0.0366590986028313,0.0018554273645042,0.0002143852355178,9326.000643017896,30,0.0329607911407947,0.0293308441527187,0.0366590986028313,0.0018554273645042,0.0002143852355178,9326.000643017896,30,both,0.0
temporal,nfg,10.0,obs_concordant,0.0329607911407947,0.0293308441527187,0.0366590986028313,0.0018554273645042,0.0002143852355178,9326.000643017896,30,0.0329607911407947,0.0293308441527187,0.0366590986028313,0.0018554273645042,0.0002143852355178,9326.000643017896,30,both,0.0
