model,cfg_id,seed,seed_used,imp,cfg,mean_pred,obs_cif,eo,calib_intercept,calib_slope,ici,e50,e90,auc,cindex,at_risk_fraction,brier
deephit,deephit_039,2,20264539,1,"{""alpha"": 0.0, ""batch_size"": 256, ""dropout"": 0.0, ""head"": [64], ""lr"": 0.01, ""num_durations"": 40, ""sigma"": 0.25, ""trunk"": [64]}",0.2004127755541141,0.041509174627173406,4.8281561210064785,-1.6480299190644312,2.33567018236842,0.1607510163775603,0.15205099321357973,0.3339742990467224,0.8332717235589604,0.826504646160887,1.0,0.08050747933253057
deephit,deephit_039,1,20263548,1,"{""alpha"": 0.0, ""batch_size"": 256, ""dropout"": 0.0, ""head"": [64], ""lr"": 0.01, ""num_durations"": 40, ""sigma"": 0.25, ""trunk"": [64]}",0.20969396342771032,0.041509174627173406,5.051749771252668,-1.7094249958773302,2.063603997455083,0.16907368448409799,0.16013317241948177,0.3553496476943363,0.8310842797971697,0.8245323942421238,1.0,0.08559657991627474
deephit,deephit_019,2,20264199,1,"{""alpha"": 0.0, ""batch_size"": 256, ""dropout"": 0.4, ""head"": [64], ""lr"": 0.01, ""num_durations"": 40, ""sigma"": 0.05, ""trunk"": [64]}",0.17579272294153395,0.041509174627173406,4.235032966096456,-1.530589519410103,1.1402616154962557,0.134516574768958,0.14217520705535958,0.18598533376417403,0.5993738357651981,0.5971541371152348,1.0,0.059695510833621665
deephit,deephit_036,1,20263497,1,"{""alpha"": 0.1, ""batch_size"": 256, ""dropout"": 0.0, ""head"": [64], ""lr"": 0.001, ""num_durations"": 20, ""sigma"": 0.5, ""trunk"": [64, 64, 64]}",0.07431022917274335,0.041509174627173406,1.7902121600870664,-0.6387404540713739,0.9021790032848762,0.03327288748631995,0.016882270805307707,0.0878046360177118,0.833613960513714,0.8270113500509203,1.0,0.039422316563028435
deephit,deephit_037,2,20264505,1,"{""alpha"": 0.9, ""batch_size"": 256, ""dropout"": 0.0, ""head"": [32, 32], ""lr"": 0.001, ""num_durations"": 20, ""sigma"": 0.5, ""trunk"": [64, 64]}",0.05782137956745744,0.041509174627173406,1.392978301467008,-0.2469373420418328,0.9929940535025479,0.0187045385568369,0.01669455195267655,0.027202438483739266,0.8332520179278508,0.8269121011697074,1.0,0.037304744226779624
deephit,deephit_039,0,20262557,1,"{""alpha"": 0.0, ""batch_size"": 256, ""dropout"": 0.0, ""head"": [64], ""lr"": 0.01, ""num_durations"": 40, ""sigma"": 0.25, ""trunk"": [64]}",0.2120276388416491,0.041509174627173406,5.107970484743104,-1.767208511970545,1.8006357173958198,0.17205377035494168,0.14588164827386685,0.38089204951822675,0.8210515019726998,0.8144342273364192,1.0,0.08983021245080305
deephit,deephit_029,1,20263378,1,"{""alpha"": 0.5, ""batch_size"": 256, ""dropout"": 0.0, ""head"": [32], ""lr"": 0.01, ""num_durations"": 20, ""sigma"": 0.1, ""trunk"": [128, 64]}",0.05529289125763374,0.041509174627173406,1.332064338890444,-0.22767647949261122,1.1112049734095182,0.013398209413317836,0.00944566593413957,0.030123956393058482,0.8362705407462594,0.8295754925458163,1.0,0.03683712401610356
deephit,deephit_040,2,20264556,1,"{""alpha"": 0.0, ""batch_size"": 256, ""dropout"": 0.1, ""head"": [64], ""lr"": 0.003, ""num_durations"": 80, ""sigma"": 0.05, ""trunk"": [32]}",0.1997206322923801,0.041509174627173406,4.811481656434473,-1.4869838873787196,5.516115167359095,0.15818302620872482,0.16608812317204624,0.18108186767087142,0.8158308155234789,0.8095069387635565,1.0,0.06293713359519479
deephit,deephit_000,1,20262885,1,"{""alpha"": 0.2, ""batch_size"": 256, ""dropout"": 0.1, ""head"": [32], ""lr"": 0.01, ""num_durations"": 40, ""sigma"": 0.1, ""trunk"": [64, 64]}",0.05850378350370579,0.041509174627173406,1.4094181353682493,-0.26188135605571966,1.6347901618768208,0.01901007241424129,0.01473153491441459,0.04324322500043465,0.8385751499171177,0.8321549756171996,1.0,0.03700421857243349
deephit,deephit_000,2,20263876,1,"{""alpha"": 0.2, ""batch_size"": 256, ""dropout"": 0.1, ""head"": [32], ""lr"": 0.01, ""num_durations"": 40, ""sigma"": 0.1, ""trunk"": [64, 64]}",0.0610594054757641,0.041509174627173406,1.4709857766189454,-0.3080295184488446,1.8112274387300284,0.02216825320834916,0.017571582202207003,0.050319283026902695,0.8369944259179857,0.8305431691376423,1.0,0.03730417433869563
deephit,deephit_037,0,20262523,1,"{""alpha"": 0.9, ""batch_size"": 256, ""dropout"": 0.0, ""head"": [32, 32], ""lr"": 0.001, ""num_durations"": 20, ""sigma"": 0.5, ""trunk"": [64, 64]}",0.058407252276326344,0.041509174627173406,1.4070925958159342,-0.20775894143078844,1.2255233815667759,0.017946628870708185,0.02019752935445529,0.02199848938172365,0.8292451271298107,0.822987237918744,1.0,0.03697361740411298
deephit,deephit_014,2,20264114,1,"{""alpha"": 0.5, ""batch_size"": 128, ""dropout"": 0.0, ""head"": [64], ""lr"": 0.003, ""num_durations"": 80, ""sigma"": 0.5, ""trunk"": [64, 64]}",0.054730299399311705,0.041509174627173406,1.3185109048996428,-0.14645918962200583,1.2980143921284628,0.0137133774662885,0.014477997836237266,0.0202202082596028,0.8314685396038076,0.8248799396511018,1.0,0.036786055001280064
deephit,deephit_037,1,20263514,1,"{""alpha"": 0.9, ""batch_size"": 256, ""dropout"": 0.0, ""head"": [32, 32], ""lr"": 0.001, ""num_durations"": 20, ""sigma"": 0.5, ""trunk"": [64, 64]}",0.062280580233831394,0.041509174627173406,1.500405170500795,-0.29566427368401266,1.1493836431403877,0.021253869112357698,0.021222032675422643,0.033202034055932694,0.828132352515222,0.8217709742579316,1.0,0.03735900358197713
deephit,deephit_011,0,20262081,1,"{""alpha"": 0.2, ""batch_size"": 128, ""dropout"": 0.0, ""head"": [32], ""lr"": 0.003, ""num_durations"": 20, ""sigma"": 0.25, ""trunk"": [128, 128]}",0.0659329715130754,0.041509174627173406,1.5883951465012578,-0.5173218944689821,0.9926045788273579,0.02429644551430953,0.007610193394160431,0.07825465350710914,0.8356271400196676,0.828911780179766,1.0,0.038188146979185204
deephit,deephit_000,0,20261894,1,"{""alpha"": 0.2, ""batch_size"": 256, ""dropout"": 0.1, ""head"": [32], ""lr"": 0.01, ""num_durations"": 40, ""sigma"": 0.1, ""trunk"": [64, 64]}",0.06353227461631433,0.041509174627173406,1.5305598144734924,-0.3431843565414397,1.65306508976531,0.022970174882354408,0.01895365861082221,0.050851526530061864,0.8404760310674707,0.8340667368536779,1.0,0.03736691941890862
deephit,deephit_014,0,20262132,1,"{""alpha"": 0.5, ""batch_size"": 128, ""dropout"": 0.0, ""head"": [64], ""lr"": 0.003, ""num_durations"": 80, ""sigma"": 0.5, ""trunk"": [64, 64]}",0.05642508624460611,0.041509174627173406,1.359340115803416,-0.22377365499331986,1.1187604849004096,0.014639320252336817,0.012701541873149758,0.026444597540343673,0.8272622183222483,0.8208608829361771,1.0,0.03702072575691482
deephit,deephit_015,1,20263140,1,"{""alpha"": 1.0, ""batch_size"": 256, ""dropout"": 0.0, ""head"": [32, 32], ""lr"": 0.01, ""num_durations"": 80, ""sigma"": 0.1, ""trunk"": [64, 64, 64]}",0.04826271612979137,0.041509174627173406,1.162699970868533,-0.11818421172424806,1.0330822837844955,0.00625794030376047,0.004029675089096019,0.014528431544087894,0.8340309838997871,0.8275742446131624,1.0,0.03668229747061795
deephit,deephit_011,1,20263072,1,"{""alpha"": 0.2, ""batch_size"": 128, ""dropout"": 0.0, ""head"": [32], ""lr"": 0.003, ""num_durations"": 20, ""sigma"": 0.25, ""trunk"": [128, 128]}",0.06992717236052312,0.041509174627173406,1.684619677182072,-0.6028466902369938,0.9379009673111879,0.028352220926923813,0.008465394671633222,0.089994035780748,0.8367283998980055,0.8304345648291019,1.0,0.038824787986132495
deephit,deephit_015,0,20262149,1,"{""alpha"": 1.0, ""batch_size"": 256, ""dropout"": 0.0, ""head"": [32, 32], ""lr"": 0.01, ""num_durations"": 80, ""sigma"": 0.1, ""trunk"": [64, 64, 64]}",0.04361691755813193,0.041509174627173406,1.0507777605767838,0.018903825747685808,1.1880364327796238,0.004502516298349506,0.0033218163957968727,0.008673068876943857,0.8295269413964027,0.8231895127170473,1.0,0.036557179736440196
deephit,deephit_040,0,20262574,1,"{""alpha"": 0.0, ""batch_size"": 256, ""dropout"": 0.1, ""head"": [64], ""lr"": 0.003, ""num_durations"": 80, ""sigma"": 0.05, ""trunk"": [32]}",0.1994564606298951,0.041509174627173406,4.8051174811682165,-1.4946940668801592,5.090099043660667,0.15802398562013742,0.16577830406338934,0.17795288212539462,0.8003583338437804,0.7945588253581124,1.0,0.06296321522584497
deephit,deephit_031,1,20263412,1,"{""alpha"": 0.2, ""batch_size"": 128, ""dropout"": 0.0, ""head"": [32, 32], ""lr"": 0.003, ""num_durations"": 80, ""sigma"": 0.1, ""trunk"": [32]}",0.06785120921701861,0.041509174627173406,1.6346075253590022,-0.36422746949814144,1.5820423143045341,0.026045786284655578,0.02540839619995683,0.0487586279042862,0.837227332232667,0.8307541601725862,1.0,0.03760669068610255
deephit,deephit_036,0,20262506,1,"{""alpha"": 0.1, ""batch_size"": 256, ""dropout"": 0.0, ""head"": [64], ""lr"": 0.001, ""num_durations"": 20, ""sigma"": 0.5, ""trunk"": [64, 64, 64]}",0.07354394539853143,0.041509174627173406,1.7717515720099841,-0.6327223393696814,0.8860466039828953,0.03295318797229023,0.01787225752795532,0.08387196084521914,0.8255124532466096,0.8189470879111492,1.0,0.039557740668028654
deephit,deephit_002,2,20263910,1,"{""alpha"": 0.5, ""batch_size"": 512, ""dropout"": 0.0, ""head"": [64], ""lr"": 0.003, ""num_durations"": 80, ""sigma"": 0.25, ""trunk"": [64]}",0.05920613646170834,0.041509174627173406,1.4263385623415856,-0.28951039355932934,1.0828553660282438,0.017374669325858228,0.013366226153338379,0.036086446545431805,0.835146370104041,0.828686552624976,1.0,0.037060534102374365
deephit,deephit_029,0,20262387,1,"{""alpha"": 0.5, ""batch_size"": 256, ""dropout"": 0.0, ""head"": [32], ""lr"": 0.01, ""num_durations"": 20, ""sigma"": 0.1, ""trunk"": [128, 64]}",0.04945376688860067,0.041509174627173406,1.1913936456887881,-0.17608571588823696,1.007492747218328,0.00751217311025103,0.002870900691498486,0.0229059189943297,0.8383491287024626,0.8316902839877736,1.0,0.03662855526134869
deephit,deephit_031,2,20264403,1,"{""alpha"": 0.2, ""batch_size"": 128, ""dropout"": 0.0, ""head"": [32, 32], ""lr"": 0.003, ""num_durations"": 80, ""sigma"": 0.1, ""trunk"": [32]}",0.06686970219811395,0.041509174627173406,1.6109619812661518,-0.36678500801379527,1.5826886956469643,0.02528203958459357,0.0233023112118933,0.0519640564363365,0.8364684280177037,0.8301340289897382,1.0,0.03750093710282387
deephit,deephit_005,0,20261979,1,"{""alpha"": 0.7, ""batch_size"": 512, ""dropout"": 0.0, ""head"": [64], ""lr"": 0.01, ""num_durations"": 40, ""sigma"": 0.05, ""trunk"": [128, 64]}",0.06988860545509246,0.041509174627173406,1.6836905595646523,-0.377874578153804,1.6393146036942192,0.03291648555610184,0.028379296883038974,0.057691757727821646,0.8002506651244042,0.7941853636721901,1.0,0.03861218074959687
deephit,deephit_015,2,20264131,1,"{""alpha"": 1.0, ""batch_size"": 256, ""dropout"": 0.0, ""head"": [32, 32], ""lr"": 0.01, ""num_durations"": 80, ""sigma"": 0.1, ""trunk"": [64, 64, 64]}",0.04476073817151134,0.041509174627173406,1.0783336111484458,-0.022427794492139927,1.031309014661455,0.002924055405223865,0.0034723132277121316,0.0044016376283047,0.835496560536411,0.8289955722680031,1.0,0.036630338176178896
deephit,deephit_030,2,20264386,1,"{""alpha"": 0.1, ""batch_size"": 512, ""dropout"": 0.0, ""head"": [32], ""lr"": 0.003, ""num_durations"": 20, ""sigma"": 0.25, ""trunk"": [128, 64]}",0.09193377286836456,0.041509174627173406,2.2147820016681656,-0.8287955303364839,1.11448601104109,0.049912673008451695,0.022420559459998532,0.14560106501693304,0.8408676508086194,0.834349026704341,1.0,0.04223054333149919
deephit,deephit_018,0,20262200,1,"{""alpha"": 0.5, ""batch_size"": 128, ""dropout"": 0.1, ""head"": [64], ""lr"": 0.01, ""num_durations"": 40, ""sigma"": 0.25, ""trunk"": [128, 64]}",0.04651675189284344,0.041509174627173406,1.1206378423721268,-0.14177922480928862,0.9616269270831531,0.0049901422252598615,0.00034025414414795563,0.017525806585039105,0.8389844572428166,0.832431977617634,1.0,0.036523806099922236
deephit,deephit_011,2,20264063,1,"{""alpha"": 0.2, ""batch_size"": 128, ""dropout"": 0.0, ""head"": [32], ""lr"": 0.003, ""num_durations"": 20, ""sigma"": 0.25, ""trunk"": [128, 128]}",0.0659460499887254,0.041509174627173406,1.5887102208376538,-0.48218313009086045,1.0502119802223435,0.024220232321986244,0.009147200050485034,0.07325520609561342,0.8385553255773869,0.8318997642083664,1.0,0.037789031268311735
deephit,deephit_030,0,20262404,1,"{""alpha"": 0.1, ""batch_size"": 512, ""dropout"": 0.0, ""head"": [32], ""lr"": 0.003, ""num_durations"": 20, ""sigma"": 0.25, ""trunk"": [128, 64]}",0.09326973934395583,0.041509174627173406,2.246966849658776,-0.8353986471233413,1.2806520842082714,0.052299884588563106,0.024459191360613475,0.1500242097557845,0.8384115694371834,0.8316695974528134,1.0,0.04244484673576066
deephit,deephit_027,1,20263344,1,"{""alpha"": 0.2, ""batch_size"": 512, ""dropout"": 0.1, ""head"": [64], ""lr"": 0.01, ""num_durations"": 80, ""sigma"": 0.25, ""trunk"": [128, 64]}",0.06625169086712425,0.041509174627173406,1.5960734334561666,-0.4981255710285779,1.1099730360100188,0.025213100882206286,0.007951087201164553,0.07911611470826396,0.8406708319147653,0.8341919601200796,1.0,0.03794153131495746
deephit,deephit_027,2,20264335,1,"{""alpha"": 0.2, ""batch_size"": 512, ""dropout"": 0.1, ""head"": [64], ""lr"": 0.01, ""num_durations"": 80, ""sigma"": 0.25, ""trunk"": [128, 64]}",0.06578653472945173,0.041509174627173406,1.58486732921896,-0.47608069884755677,1.1158955560770065,0.02421569080184451,0.008100789181344381,0.07455864454256145,0.8400650618210758,0.8335363247999827,1.0,0.03771109782975053
deephit,deephit_023,0,20262285,1,"{""alpha"": 0.9, ""batch_size"": 256, ""dropout"": 0.4, ""head"": [32], ""lr"": 0.01, ""num_durations"": 40, ""sigma"": 0.1, ""trunk"": [64]}",0.04405990996212217,0.041509174627173406,1.0614499169848335,-0.021788859542612404,1.0954455938350034,0.002745626806471069,0.0018703551815361132,0.006498522451130362,0.840337972941082,0.8338007754196548,1.0,0.03645400737915816
deephit,deephit_032,2,20264420,1,"{""alpha"": 0.9, ""batch_size"": 128, ""dropout"": 0.1, ""head"": [64], ""lr"": 0.003, ""num_durations"": 20, ""sigma"": 0.25, ""trunk"": [64, 64, 64]}",0.04240168134219065,0.041509174627173406,1.021501432467245,0.04118274980443062,1.0707844551682209,0.0028154173914114932,0.0023068355162565654,0.004439149814194049,0.8367339792031993,0.8303465308390331,1.0,0.03642705416824465
deephit,deephit_002,0,20261928,1,"{""alpha"": 0.5, ""batch_size"": 512, ""dropout"": 0.0, ""head"": [64], ""lr"": 0.003, ""num_durations"": 80, ""sigma"": 0.25, ""trunk"": [64]}",0.057388262428298885,0.041509174627173406,1.3825440506526105,-0.23197485502087542,1.1673956772283733,0.01591689841450936,0.014496959264052034,0.028647441811639696,0.836848058188117,0.8304623986781072,1.0,0.03690986957157298
deephit,deephit_031,0,20262421,1,"{""alpha"": 0.2, ""batch_size"": 128, ""dropout"": 0.0, ""head"": [32, 32], ""lr"": 0.003, ""num_durations"": 80, ""sigma"": 0.1, ""trunk"": [32]}",0.06910214542813153,0.041509174627173406,1.6647439041800356,-0.3864541779325772,1.6474568505932405,0.027396307888803414,0.025594577079128822,0.05510661024750574,0.8418397557071544,0.8352476707019744,1.0,0.0375836583109337
deephit,deephit_040,1,20263565,1,"{""alpha"": 0.0, ""batch_size"": 256, ""dropout"": 0.1, ""head"": [64], ""lr"": 0.003, ""num_durations"": 80, ""sigma"": 0.05, ""trunk"": [32]}",0.19818378570781928,0.041509174627173406,4.774457393765691,-1.4765572453054454,4.652373931607962,0.1583609149248172,0.16257196535377105,0.18464113578776187,0.8117359616371723,0.8054565617049703,1.0,0.06255441899730668
deephit,deephit_029,2,20264369,1,"{""alpha"": 0.5, ""batch_size"": 256, ""dropout"": 0.0, ""head"": [32], ""lr"": 0.01, ""num_durations"": 20, ""sigma"": 0.1, ""trunk"": [128, 64]}",0.049907598337118476,0.041509174627173406,1.2023269261645873,-0.12290863558305401,1.1648823655308886,0.008192479729766644,0.006425611462529939,0.017519322426405137,0.8410122379091708,0.8345404352609659,1.0,0.036484289115283154
deephit,deephit_017,0,20262183,1,"{""alpha"": 0.5, ""batch_size"": 512, ""dropout"": 0.1, ""head"": [32], ""lr"": 0.01, ""num_durations"": 40, ""sigma"": 0.1, ""trunk"": [128, 128]}",0.053346337962267024,0.041509174627173406,1.2851698074320317,-0.19150357039127341,1.147011464286365,0.01145502639866576,0.008385280043092469,0.025659982319475277,0.8391851935211684,0.8327298404777613,1.0,0.036685524848852416
deephit,deephit_023,2,20264267,1,"{""alpha"": 0.9, ""batch_size"": 256, ""dropout"": 0.4, ""head"": [32], ""lr"": 0.01, ""num_durations"": 40, ""sigma"": 0.1, ""trunk"": [64]}",0.04465735524241382,0.041509174627173406,1.0758430068416611,-0.0386613408589832,1.1150020645121144,0.003676884030300505,0.001956420060270636,0.008918251201948557,0.8414610752057101,0.8349669497739066,1.0,0.03638099930873159
deephit,deephit_018,1,20263191,1,"{""alpha"": 0.5, ""batch_size"": 128, ""dropout"": 0.1, ""head"": [64], ""lr"": 0.01, ""num_durations"": 40, ""sigma"": 0.25, ""trunk"": [128, 64]}",0.04640485949979016,0.041509174627173406,1.1179422360619973,-0.10760427494594955,1.086635860382515,0.005873876031907309,0.0019389558700973301,0.01539114757467519,0.8371521896754839,0.8308242387151756,1.0,0.03647202932657406
deephit,deephit_023,1,20263276,1,"{""alpha"": 0.9, ""batch_size"": 256, ""dropout"": 0.4, ""head"": [32], ""lr"": 0.01, ""num_durations"": 40, ""sigma"": 0.1, ""trunk"": [64]}",0.044284549507133786,0.041509174627173406,1.0668617216528202,-0.02640240394588332,1.1825821579025093,0.0047555653478679434,0.0023010663023454343,0.01120830369331205,0.8418949552159856,0.8354140927135632,1.0,0.03637960384031161
deephit,deephit_027,0,20262353,1,"{""alpha"": 0.2, ""batch_size"": 512, ""dropout"": 0.1, ""head"": [64], ""lr"": 0.01, ""num_durations"": 80, ""sigma"": 0.25, ""trunk"": [128, 64]}",0.06517010739659859,0.041509174627173406,1.570016941602493,-0.49644070400747264,1.0421230590202635,0.02382223306952538,0.006198247813436142,0.07625880801519269,0.8386209714448786,0.8321424823446816,1.0,0.037984199199020484
deephit,deephit_004,1,20262953,1,"{""alpha"": 0.7, ""batch_size"": 128, ""dropout"": 0.2, ""head"": [32, 32], ""lr"": 0.01, ""num_durations"": 40, ""sigma"": 0.5, ""trunk"": [32]}",0.043890485166526876,0.041509174627173406,1.0573682941359805,-0.044805249479941425,1.025618373649651,0.0021485933290038496,0.0008219652497151175,0.005950191314841868,0.8388290676577412,0.8322497501636038,1.0,0.03656251499017547
deephit,deephit_002,1,20262919,1,"{""alpha"": 0.5, ""batch_size"": 512, ""dropout"": 0.0, ""head"": [64], ""lr"": 0.003, ""num_durations"": 80, ""sigma"": 0.25, ""trunk"": [64]}",0.05648100393709776,0.041509174627173406,1.3606872322660748,-0.21055256095276204,1.1709696838617856,0.01473930968868718,0.013685128152220671,0.026431806608585573,0.8397482285112466,0.8331859901952797,1.0,0.036689257356208885
deephit,deephit_036,2,20264488,1,"{""alpha"": 0.1, ""batch_size"": 256, ""dropout"": 0.0, ""head"": [64], ""lr"": 0.001, ""num_durations"": 20, ""sigma"": 0.5, ""trunk"": [64, 64, 64]}",0.07736208433370755,0.041509174627173406,1.8637345846685067,-0.6680028761933993,0.9427092876622566,0.036033893275320826,0.016655341098223003,0.0961187744491292,0.8278917301401664,0.8214621870478815,1.0,0.03986255859620406
deephit,deephit_030,1,20263395,1,"{""alpha"": 0.1, ""batch_size"": 512, ""dropout"": 0.0, ""head"": [32], ""lr"": 0.003, ""num_durations"": 20, ""sigma"": 0.25, ""trunk"": [128, 64]}",0.09181046468225561,0.041509174627173406,2.2118113768071206,-0.8311616874642701,1.1185623948169052,0.04977532208409594,0.021522831299718187,0.1442675569210603,0.8385600739222325,0.8319880887396566,1.0,0.04223054581022156
deephit,deephit_028,2,20264352,1,"{""alpha"": 0.3, ""batch_size"": 256, ""dropout"": 0.1, ""head"": [64], ""lr"": 0.01, ""num_durations"": 20, ""sigma"": 0.05, ""trunk"": [128, 64]}",0.09393740367659806,0.041509174627173406,2.2630515908910227,-0.8672960495440644,0.8773115931801893,0.05384589473115588,0.042795019032493054,0.12170534427261248,0.7376072947872195,0.7327557102681103,1.0,0.04306108857381688
deephit,deephit_004,0,20261962,1,"{""alpha"": 0.7, ""batch_size"": 128, ""dropout"": 0.2, ""head"": [32, 32], ""lr"": 0.01, ""num_durations"": 40, ""sigma"": 0.5, ""trunk"": [32]}",0.041237653566979476,0.041509174627173406,0.9934587699554935,0.03664532426862897,1.0936603877965185,0.002291115877700778,0.0008936950083788279,0.003637743182927422,0.8364058685743617,0.8298184431151086,1.0,0.03654498611091786
deephit,deephit_034,0,20262472,1,"{""alpha"": 1.0, ""batch_size"": 512, ""dropout"": 0.4, ""head"": [64], ""lr"": 0.01, ""num_durations"": 80, ""sigma"": 0.1, ""trunk"": [32]}",0.041897181544755455,0.041509174627173406,1.0093474977777093,0.07286836526543544,1.220572906034621,0.004618687369846716,0.0027509379650926258,0.006818712122409476,0.8358056777858658,0.8292479363728671,1.0,0.03664510539446766
deephit,deephit_017,2,20264165,1,"{""alpha"": 0.5, ""batch_size"": 512, ""dropout"": 0.1, ""head"": [32], ""lr"": 0.01, ""num_durations"": 40, ""sigma"": 0.1, ""trunk"": [128, 128]}",0.054273976424539905,0.041509174627173406,1.3075176009163574,-0.20945415197099457,1.2077180833940546,0.012650676493695844,0.00893889905737355,0.030020313369690688,0.8420688633459592,0.835605036404234,1.0,0.036530749298735746
deephit,deephit_032,0,20262438,1,"{""alpha"": 0.9, ""batch_size"": 128, ""dropout"": 0.1, ""head"": [64], ""lr"": 0.003, ""num_durations"": 20, ""sigma"": 0.25, ""trunk"": [64, 64, 64]}",0.04589572649028889,0.041509174627173406,1.1056766823844262,-0.03518031492273996,1.0759578310506281,0.004326235030110001,0.004546745614647983,0.005462916308495592,0.8373345261175585,0.8309635822849347,1.0,0.03644764902477807
deephit,deephit_018,2,20264182,1,"{""alpha"": 0.5, ""batch_size"": 128, ""dropout"": 0.1, ""head"": [64], ""lr"": 0.01, ""num_durations"": 40, ""sigma"": 0.25, ""trunk"": [128, 64]}",0.04709734507623253,0.041509174627173406,1.1346249473580452,-0.18568658686324696,0.8858663516790795,0.0056003178154561285,0.0006842566962991237,0.019539068889994682,0.8363538741983013,0.8298003133428964,1.0,0.03675189734535397
deephit,deephit_010,2,20264046,1,"{""alpha"": 0.7, ""batch_size"": 512, ""dropout"": 0.1, ""head"": [32], ""lr"": 0.01, ""num_durations"": 80, ""sigma"": 0.05, ""trunk"": [32]}",0.05015276899819716,0.041509174627173406,1.2082333471734545,-0.031628363026327724,1.761440898302616,0.014112915458968062,0.01299682383164158,0.02382169322138028,0.8282002538465154,0.8218602866293744,1.0,0.03717301562416155
deephit,deephit_014,1,20263123,1,"{""alpha"": 0.5, ""batch_size"": 128, ""dropout"": 0.0, ""head"": [64], ""lr"": 0.003, ""num_durations"": 80, ""sigma"": 0.5, ""trunk"": [64, 64]}",0.054882064071940975,0.041509174627173406,1.3221670766735312,-0.17574903495964736,1.117147950926947,0.01446892630801328,0.014666894525651841,0.018059240378038965,0.830764360063191,0.8243114085891655,1.0,0.036964617452499945
deephit,deephit_017,1,20263174,1,"{""alpha"": 0.5, ""batch_size"": 512, ""dropout"": 0.1, ""head"": [32], ""lr"": 0.01, ""num_durations"": 40, ""sigma"": 0.1, ""trunk"": [128, 128]}",0.051622695527119004,0.041509174627173406,1.2436454347932258,-0.1385717865766635,1.255352032669989,0.010319248325613173,0.008336964699393396,0.02276316049874061,0.8418264603415865,0.8353437236297524,1.0,0.036433106737599634
deephit,deephit_032,1,20263429,1,"{""alpha"": 0.9, ""batch_size"": 128, ""dropout"": 0.1, ""head"": [64], ""lr"": 0.003, ""num_durations"": 20, ""sigma"": 0.25, ""trunk"": [64, 64, 64]}",0.04335084635465968,0.041509174627173406,1.0443678233553855,-0.028596076319300532,0.9598511015321898,0.0030196723061016177,0.002934681571177368,0.0035746204132692805,0.8386904159882469,0.8322909489087911,1.0,0.03635984681316345
deephit,deephit_026,1,20263327,1,"{""alpha"": 0.3, ""batch_size"": 128, ""dropout"": 0.1, ""head"": [32, 32], ""lr"": 0.001, ""num_durations"": 80, ""sigma"": 0.5, ""trunk"": [64]}",0.05743996979165499,0.041509174627173406,1.3837897358251183,-0.2379969019797196,1.2316415791428277,0.015359539228761137,0.011880171170409515,0.031535151021034435,0.839827763287412,0.8332165551317656,1.0,0.03684147677083352
deephit,deephit_019,1,20263208,1,"{""alpha"": 0.0, ""batch_size"": 256, ""dropout"": 0.4, ""head"": [64], ""lr"": 0.01, ""num_durations"": 40, ""sigma"": 0.05, ""trunk"": [64]}",0.15761980734165956,0.041509174627173406,3.7972281732259727,-1.3394300059395605,2.0902036182937636,0.11587973413124858,0.12637678270179487,0.14657383013411096,0.6740826316466738,0.6697929870554589,1.0,0.053694741877605055
deephit,deephit_026,2,20264318,1,"{""alpha"": 0.3, ""batch_size"": 128, ""dropout"": 0.1, ""head"": [32, 32], ""lr"": 0.001, ""num_durations"": 80, ""sigma"": 0.5, ""trunk"": [64]}",0.05776120567520669,0.041509174627173406,1.391528648642272,-0.26553347213436224,1.181164333665642,0.015911405182249053,0.011225973401881029,0.035980501297277256,0.8356907678405999,0.8292158606220301,1.0,0.037026441886467545
deephit,deephit_034,2,20264454,1,"{""alpha"": 1.0, ""batch_size"": 512, ""dropout"": 0.4, ""head"": [64], ""lr"": 0.01, ""num_durations"": 80, ""sigma"": 0.1, ""trunk"": [32]}",0.04158076586671124,0.041509174627173406,1.0017247088187335,0.07776512553413964,1.2600467202110188,0.005229725099715417,0.0027896797335194012,0.008212481751149636,0.8371753378566066,0.8305787313831354,1.0,0.03658128098475362
deephit,deephit_016,2,20264148,1,"{""alpha"": 0.9, ""batch_size"": 256, ""dropout"": 0.2, ""head"": [64], ""lr"": 0.001, ""num_durations"": 80, ""sigma"": 0.25, ""trunk"": [128, 128]}",0.05214819039565791,0.041509174627173406,1.2563051629920827,-0.10241731096811425,1.329108336458796,0.011171097603671153,0.010432793368597593,0.0196666420665228,0.840430446956952,0.8338845093996478,1.0,0.036617034995546756
deephit,deephit_005,2,20263961,1,"{""alpha"": 0.7, ""batch_size"": 512, ""dropout"": 0.0, ""head"": [64], ""lr"": 0.01, ""num_durations"": 40, ""sigma"": 0.05, ""trunk"": [128, 64]}",0.07239516257448331,0.041509174627173406,1.7440761765253414,-0.5130090111585852,1.2674043914202833,0.030782498047648776,0.030419527713772765,0.055013487830685937,0.7684571725410815,0.7632241289603238,1.0,0.039512246113729166
deephit,deephit_008,1,20263021,1,"{""alpha"": 1.0, ""batch_size"": 128, ""dropout"": 0.2, ""head"": [64], ""lr"": 0.003, ""num_durations"": 20, ""sigma"": 0.25, ""trunk"": [64, 64, 64]}",0.042315455711689876,0.041509174627173406,1.0194241656635747,0.02007678016354102,1.0016702775981026,0.002355609339194353,0.0025494605798500602,0.0035586556036800443,0.8417120252308051,0.8351940367925133,1.0,0.03641064109912037
deephit,deephit_016,1,20263157,1,"{""alpha"": 0.9, ""batch_size"": 256, ""dropout"": 0.2, ""head"": [64], ""lr"": 0.001, ""num_durations"": 80, ""sigma"": 0.25, ""trunk"": [128, 128]}",0.056633922882647875,0.041509174627173406,1.364371211697697,-0.1999917476678444,1.3034287562980058,0.015088286613040592,0.01440576245590719,0.025809467745413817,0.8338593312336152,0.8275514661814086,1.0,0.03696852716103454
deephit,deephit_042,0,20262608,1,"{""alpha"": 0.5, ""batch_size"": 128, ""dropout"": 0.0, ""head"": [32, 32], ""lr"": 0.001, ""num_durations"": 20, ""sigma"": 0.05, ""trunk"": [128, 64]}",0.07499733096495535,0.041509174627173406,1.8067651703163325,-0.4362283474190768,1.8668941478916006,0.03363187017008815,0.036695688230763635,0.05024715246717423,0.8070618096796909,0.8011212218164846,1.0,0.03870041035278231
deephit,deephit_044,0,20262642,1,"{""alpha"": 1.0, ""batch_size"": 256, ""dropout"": 0.2, ""head"": [64], ""lr"": 0.01, ""num_durations"": 40, ""sigma"": 0.5, ""trunk"": [64]}",0.04088800746972503,0.041509174627173406,0.985035424986703,0.07214729934088503,1.0761035077717533,0.0028535435599279808,0.0013355022047609744,0.00756990596994031,0.8409733014814361,0.8343213671800686,1.0,0.03642358099330357
deephit,deephit_004,2,20263944,1,"{""alpha"": 0.7, ""batch_size"": 128, ""dropout"": 0.2, ""head"": [32, 32], ""lr"": 0.01, ""num_durations"": 40, ""sigma"": 0.5, ""trunk"": [32]}",0.04212653270604317,0.041509174627173406,1.0148728102742284,-0.012122021199046963,0.9822815566653045,0.0004749566763501538,0.00011163571515671045,0.0010216528763565824,0.8425134271321374,0.8360180116962599,1.0,0.036362661147461846
deephit,deephit_001,0,20261911,1,"{""alpha"": 0.1, ""batch_size"": 128, ""dropout"": 0.0, ""head"": [64], ""lr"": 0.01, ""num_durations"": 20, ""sigma"": 0.05, ""trunk"": [64, 64, 64]}",0.12864895335581927,0.041509174627173406,3.0992896031134527,-1.1681127650611889,1.004945992885434,0.08742203617795773,0.07108731522881007,0.15594796929912902,0.694906497967471,0.6906407142851332,1.0,0.04858685242442555
deephit,deephit_016,0,20262166,1,"{""alpha"": 0.9, ""batch_size"": 256, ""dropout"": 0.2, ""head"": [64], ""lr"": 0.001, ""num_durations"": 80, ""sigma"": 0.25, ""trunk"": [128, 128]}",0.052510877953298715,0.041509174627173406,1.2650426905603465,-0.11291038364834245,1.3842774250135514,0.01199573320564573,0.010393130197955402,0.023415722975275055,0.8403670565532619,0.8339490676590315,1.0,0.03654202417762739
deephit,deephit_033,2,20264437,1,"{""alpha"": 0.3, ""batch_size"": 512, ""dropout"": 0.0, ""head"": [32], ""lr"": 0.001, ""num_durations"": 40, ""sigma"": 0.25, ""trunk"": [64]}",0.06829411991082367,0.041509174627173406,1.6452777132821106,-0.4647307093960754,1.086367675267233,0.026353314188997504,0.015379250630351726,0.0663208002959571,0.837067313011367,0.8305446799519933,1.0,0.037852995086263476
deephit,deephit_007,1,20263004,1,"{""alpha"": 0.3, ""batch_size"": 512, ""dropout"": 0.0, ""head"": [64], ""lr"": 0.001, ""num_durations"": 80, ""sigma"": 0.1, ""trunk"": [64, 64]}",0.07225370530383868,0.041509174627173406,1.7406683209870135,-0.4261592099751478,1.5634020993387063,0.030265580438485356,0.028160656145145402,0.05756078342468951,0.8350135351569826,0.8287286811020717,1.0,0.03788797696594778
deephit,deephit_045,1,20263650,1,"{""alpha"": 1.0, ""batch_size"": 128, ""dropout"": 0.0, ""head"": [32, 32], ""lr"": 0.003, ""num_durations"": 40, ""sigma"": 0.25, ""trunk"": [32]}",0.052129658877238694,0.041509174627173406,1.2558587190773178,-0.1738008555763852,0.9899058403948805,0.011082733423273946,0.00994745419641152,0.015137537308804516,0.8329571457129331,0.8262809875286924,1.0,0.03697235205378608
deephit,deephit_033,1,20263446,1,"{""alpha"": 0.3, ""batch_size"": 512, ""dropout"": 0.0, ""head"": [32], ""lr"": 0.001, ""num_durations"": 40, ""sigma"": 0.25, ""trunk"": [64]}",0.0686170962079901,0.041509174627173406,1.65305855450739,-0.47579317326072335,1.047620342703935,0.027136254393595013,0.01707425493551229,0.0658384592738126,0.8357170024458724,0.8290404899408237,1.0,0.03800723090727
deephit,deephit_048,1,20263701,1,"{""alpha"": 0.5, ""batch_size"": 256, ""dropout"": 0.0, ""head"": [32], ""lr"": 0.01, ""num_durations"": 80, ""sigma"": 0.5, ""trunk"": [64, 64, 64]}",0.045328501483511856,0.041509174627173406,1.0920116309380477,-0.09125322730951257,0.9875169275951851,0.0036519180140318647,0.0013541061131275844,0.010764541722304677,0.8371374698064622,0.8307685129089208,1.0,0.036534388980667375
deephit,deephit_024,2,20264284,1,"{""alpha"": 0.0, ""batch_size"": 128, ""dropout"": 0.2, ""head"": [32], ""lr"": 0.01, ""num_durations"": 20, ""sigma"": 0.05, ""trunk"": [128, 64]}",0.2055798376032474,0.041509174627173406,4.952636120802735,-1.5146101556985156,6.773346135010959,0.16463796778391285,0.17294076620142929,0.19167098742489896,0.8291695097381431,0.822658229039688,1.0,0.0646374871167719
deephit,deephit_045,2,20264641,1,"{""alpha"": 1.0, ""batch_size"": 128, ""dropout"": 0.0, ""head"": [32, 32], ""lr"": 0.003, ""num_durations"": 40, ""sigma"": 0.25, ""trunk"": [32]}",0.05149243926287811,0.041509174627173406,1.24050742336778,-0.12930757173079566,1.0854406927651963,0.0109069563636932,0.010926685678679826,0.013714431282827455,0.8323081656811477,0.8257329105687391,1.0,0.036713188260717275
deephit,deephit_007,2,20263995,1,"{""alpha"": 0.3, ""batch_size"": 512, ""dropout"": 0.0, ""head"": [64], ""lr"": 0.001, ""num_durations"": 80, ""sigma"": 0.1, ""trunk"": [64, 64]}",0.07287589644184801,0.041509174627173406,1.7556575647770365,-0.4219384805912049,1.5286227385567002,0.03104216235899898,0.02991821971462627,0.05632418672551609,0.8399330578343653,0.8335930965546343,1.0,0.03775215089070332
deephit,deephit_026,0,20262336,1,"{""alpha"": 0.3, ""batch_size"": 128, ""dropout"": 0.1, ""head"": [32, 32], ""lr"": 0.001, ""num_durations"": 80, ""sigma"": 0.5, ""trunk"": [64]}",0.05632087468127832,0.041509174627173406,1.3568295488200008,-0.2482266597670198,1.0886091337561672,0.014652026229378461,0.010792174594361992,0.03186931610894406,0.8374653430180575,0.8308216819524277,1.0,0.03685794186710545
deephit,deephit_010,1,20263055,1,"{""alpha"": 0.7, ""batch_size"": 512, ""dropout"": 0.1, ""head"": [32], ""lr"": 0.01, ""num_durations"": 80, ""sigma"": 0.05, ""trunk"": [32]}",0.05205227270447024,0.041509174627173406,1.2539944041767321,-0.17936017244145921,1.2949443121640645,0.010792610900885078,0.012005805202795816,0.019540121217062167,0.7710930974735482,0.7653917407963223,1.0,0.038256590506556144
deephit,deephit_034,1,20263463,1,"{""alpha"": 1.0, ""batch_size"": 512, ""dropout"": 0.4, ""head"": [64], ""lr"": 0.01, ""num_durations"": 80, ""sigma"": 0.1, ""trunk"": [32]}",0.040756717707379625,0.041509174627173406,0.9818725154968223,0.08155695977766195,1.1352275241687506,0.0032169116676739706,0.0014452364759635072,0.007632924218546,0.8361438786475004,0.8296553332734431,1.0,0.03663194897965561
deephit,deephit_008,2,20264012,1,"{""alpha"": 1.0, ""batch_size"": 128, ""dropout"": 0.2, ""head"": [64], ""lr"": 0.003, ""num_durations"": 20, ""sigma"": 0.25, ""trunk"": [64, 64, 64]}",0.042908934135794746,0.041509174627173406,1.0337216897515713,-0.021078402482475393,1.0097150144232894,0.0009738457466225583,0.0003842751164381906,0.0028290076309628043,0.8350160280380267,0.8285736483063597,1.0,0.03647792436043492
deephit,deephit_008,0,20262030,1,"{""alpha"": 1.0, ""batch_size"": 128, ""dropout"": 0.2, ""head"": [64], ""lr"": 0.003, ""num_durations"": 20, ""sigma"": 0.25, ""trunk"": [64, 64, 64]}",0.04440787536949104,0.041509174627173406,1.0698327723534171,-0.026148753293734613,1.0466478242633943,0.002491674268889852,0.0025394284390749047,0.003549397838143023,0.8397568942405901,0.8332036551015377,1.0,0.03640539765787837
deephit,deephit_005,1,20262970,1,"{""alpha"": 0.7, ""batch_size"": 512, ""dropout"": 0.0, ""head"": [64], ""lr"": 0.01, ""num_durations"": 40, ""sigma"": 0.05, ""trunk"": [128, 64]}",0.051752608279803464,0.041509174627173406,1.2467751706612913,-0.07251797194116608,1.5287045716845231,0.013158243070784515,0.012864972924246043,0.020833036303574082,0.8237288562139452,0.8172930367380077,1.0,0.03716189598732172
deephit,deephit_009,2,20264029,1,"{""alpha"": 0.3, ""batch_size"": 256, ""dropout"": 0.0, ""head"": [64], ""lr"": 0.003, ""num_durations"": 20, ""sigma"": 0.05, ""trunk"": [32]}",0.06596357672016763,0.041509174627173406,1.5891324583694681,-0.2933059285734775,1.8163147477272141,0.0258945425385849,0.028417247033188313,0.035653812220694414,0.8064222076289758,0.8005039960458502,1.0,0.03816155499523159
deephit,deephit_048,0,20262710,1,"{""alpha"": 0.5, ""batch_size"": 256, ""dropout"": 0.0, ""head"": [32], ""lr"": 0.01, ""num_durations"": 80, ""sigma"": 0.5, ""trunk"": [64, 64, 64]}",0.0454064123632714,0.041509174627173406,1.0938885865860295,-0.04270087130839818,1.0116849431391655,0.003973506751873555,0.004402681814336895,0.005660484681599298,0.8341822186831225,0.8277062084358993,1.0,0.036536794891475
deephit,deephit_009,1,20263038,1,"{""alpha"": 0.3, ""batch_size"": 256, ""dropout"": 0.0, ""head"": [64], ""lr"": 0.003, ""num_durations"": 20, ""sigma"": 0.05, ""trunk"": [32]}",0.07720420599098778,0.041509174627173406,1.8599311281040773,-0.529327986902151,1.4667782872411863,0.03608827992543977,0.03903846887675394,0.05400510241749373,0.776176081922244,0.7708654211900545,1.0,0.03955441417342829
deephit,deephit_001,1,20262902,1,"{""alpha"": 0.1, ""batch_size"": 128, ""dropout"": 0.0, ""head"": [64], ""lr"": 0.01, ""num_durations"": 20, ""sigma"": 0.05, ""trunk"": [64, 64, 64]}",0.11108879948198716,0.041509174627173406,2.6762468895072757,-0.8534598372936503,2.399341545484572,0.0714857150332059,0.0790317624555252,0.0873949634330079,0.7852813892897283,0.779462710254513,1.0,0.04314243121804122
deephit,deephit_007,0,20262013,1,"{""alpha"": 0.3, ""batch_size"": 512, ""dropout"": 0.0, ""head"": [64], ""lr"": 0.001, ""num_durations"": 80, ""sigma"": 0.1, ""trunk"": [64, 64]}",0.07316643778859475,0.041509174627173406,1.762657013678546,-0.445126965902143,1.4983527738529407,0.03118149030326373,0.02927145418563115,0.05867491594339369,0.8337529683090716,0.8272665033515092,1.0,0.03803819796779643
deephit,deephit_053,1,20263786,1,"{""alpha"": 0.5, ""batch_size"": 256, ""dropout"": 0.2, ""head"": [64], ""lr"": 0.01, ""num_durations"": 40, ""sigma"": 0.5, ""trunk"": [64, 64, 64]}",0.045378689430955646,0.041509174627173406,1.0932207117712507,-0.07514357192509512,1.0734747753255036,0.004120145081691356,0.001588961126027022,0.01105300702328893,0.8385657719360474,0.8320143536660666,1.0,0.03640146445665984
deephit,deephit_042,1,20263599,1,"{""alpha"": 0.5, ""batch_size"": 128, ""dropout"": 0.0, ""head"": [32, 32], ""lr"": 0.001, ""num_durations"": 20, ""sigma"": 0.05, ""trunk"": [128, 64]}",0.07127609731405528,0.041509174627173406,1.7171167086371157,-0.34076037410124305,1.9173057965868132,0.03392340177869377,0.0339285762165371,0.05570485058407605,0.8212889192149846,0.8152798766152785,1.0,0.03818091714472602
deephit,deephit_048,2,20264692,1,"{""alpha"": 0.5, ""batch_size"": 256, ""dropout"": 0.0, ""head"": [32], ""lr"": 0.01, ""num_durations"": 80, ""sigma"": 0.5, ""trunk"": [64, 64, 64]}",0.05097636368340485,0.041509174627173406,1.228074615823218,-0.1670412317291906,1.058930379638971,0.00913134315652729,0.006012100664487763,0.021866019537469583,0.8362282804771327,0.8297531875567935,1.0,0.03663676471867046
deephit,deephit_044,2,20264624,1,"{""alpha"": 1.0, ""batch_size"": 256, ""dropout"": 0.2, ""head"": [64], ""lr"": 0.01, ""num_durations"": 40, ""sigma"": 0.5, ""trunk"": [64]}",0.04399188668518195,0.041509174627173406,1.059811164165699,-0.036517822996727595,0.9886626844180535,0.0024522473696530485,0.0024684613832236177,0.0031194312440859934,0.8363357117792666,0.8299256528257865,1.0,0.036561204276818624
deephit,deephit_041,2,20264573,1,"{""alpha"": 0.1, ""batch_size"": 256, ""dropout"": 0.0, ""head"": [32], ""lr"": 0.001, ""num_durations"": 20, ""sigma"": 0.05, ""trunk"": [64]}",0.10824388331154688,0.041509174627173406,2.607709844480659,-0.7634518275729707,3.1920486484905553,0.06786226767210843,0.07407844535374598,0.0883241469837909,0.8293011575989899,0.8227871131254786,1.0,0.04191002109070793
deephit,deephit_044,1,20263633,1,"{""alpha"": 1.0, ""batch_size"": 256, ""dropout"": 0.2, ""head"": [64], ""lr"": 0.01, ""num_durations"": 40, ""sigma"": 0.5, ""trunk"": [64]}",0.044325849699966016,0.041509174627173406,1.0678566870599424,-0.06745393684005202,0.9305085422413939,0.0034575475499281764,0.002455869403161115,0.00393481704930454,0.8357237688372775,0.8292664729027892,1.0,0.03658936741262188
deephit,deephit_006,1,20262987,1,"{""alpha"": 0.0, ""batch_size"": 128, ""dropout"": 0.1, ""head"": [64], ""lr"": 0.01, ""num_durations"": 20, ""sigma"": 0.05, ""trunk"": [64]}",0.1793470530750679,0.041509174627173406,4.320660545190914,-1.3828988557186694,3.8752212066950915,0.13819288352728465,0.14946217323594635,0.16113481663844983,0.782278892135174,0.7765983805697187,1.0,0.057710533705490265
deephit,deephit_051,2,20264743,1,"{""alpha"": 0.3, ""batch_size"": 512, ""dropout"": 0.0, ""head"": [64], ""lr"": 0.003, ""num_durations"": 80, ""sigma"": 0.25, ""trunk"": [128, 64]}",0.06446856354575788,0.041509174627173406,1.5531160068780174,-0.3997887123121911,1.157188960003342,0.022600444118148343,0.013163007766541557,0.05832823465712533,0.8379023094524826,0.8313898643648984,1.0,0.03746827657839298
deephit,deephit_024,0,20262302,1,"{""alpha"": 0.0, ""batch_size"": 128, ""dropout"": 0.2, ""head"": [32], ""lr"": 0.01, ""num_durations"": 20, ""sigma"": 0.05, ""trunk"": [128, 64]}",0.20315898964103268,0.041509174627173406,4.894315328256068,-1.502636114791087,6.579129600962397,0.16377130705918014,0.1709421663101013,0.19697927833185325,0.8303285807149773,0.8238710643140885,1.0,0.06400045726451177
deephit,deephit_060,2,20264896,1,"{""alpha"": 0.5, ""batch_size"": 256, ""dropout"": 0.1, ""head"": [32], ""lr"": 0.003, ""num_durations"": 20, ""sigma"": 0.1, ""trunk"": [64, 64]}",0.05656925971498745,0.041509174627173406,1.3628134074714935,-0.23408610143330652,1.2167793944604073,0.014674999665671122,0.011298703588786988,0.03173546750415274,0.839011522808437,0.8327255404676853,1.0,0.036776544860299236
deephit,deephit_045,0,20262659,1,"{""alpha"": 1.0, ""batch_size"": 128, ""dropout"": 0.0, ""head"": [32, 32], ""lr"": 0.003, ""num_durations"": 40, ""sigma"": 0.25, ""trunk"": [32]}",0.04973492823828003,0.041509174627173406,1.198167120521875,-0.1039137702862874,1.053863669317858,0.009346729590735578,0.009281660053794827,0.013100459862934621,0.8337940414919869,0.8272311154307489,1.0,0.03674316872670219
deephit,deephit_066,1,20264007,1,"{""alpha"": 0.9, ""batch_size"": 256, ""dropout"": 0.0, ""head"": [64], ""lr"": 0.003, ""num_durations"": 40, ""sigma"": 0.1, ""trunk"": [32]}",0.05296920094224766,0.041509174627173406,1.2760841770043798,-0.1492674446348395,1.0985123487626363,0.012496640812351719,0.012575700286014735,0.015912162265101615,0.8360639877454716,0.8296650373502362,1.0,0.036650695330720115
deephit,deephit_052,0,20262778,1,"{""alpha"": 0.9, ""batch_size"": 128, ""dropout"": 0.2, ""head"": [32, 32], ""lr"": 0.01, ""num_durations"": 80, ""sigma"": 0.05, ""trunk"": [64]}",0.046042921867204725,0.041509174627173406,1.10922277498294,0.005606449180641833,1.5932978197128413,0.010784571601965194,0.0075387301124012485,0.0221821246763082,0.8405504613729269,0.8339856758529215,1.0,0.03656502327941417
deephit,deephit_050,1,20263735,1,"{""alpha"": 0.1, ""batch_size"": 256, ""dropout"": 0.2, ""head"": [32], ""lr"": 0.003, ""num_durations"": 20, ""sigma"": 0.25, ""trunk"": [64, 64, 64]}",0.08395132274269569,0.041509174627173406,2.022476319915504,-0.7396783324427114,1.350765908633083,0.04424827451908377,0.017884333847316025,0.132626040713187,0.8428651607765824,0.8362156378350216,1.0,0.04077730347241605
deephit,deephit_003,0,20261945,1,"{""alpha"": 0.2, ""batch_size"": 512, ""dropout"": 0.4, ""head"": [64], ""lr"": 0.003, ""num_durations"": 40, ""sigma"": 0.25, ""trunk"": [128, 128]}",0.06448225135848593,0.041509174627173406,1.5534457607902787,-0.4633348038028245,1.1796359021093359,0.024050601784490446,0.007774664315725821,0.07462634989362948,0.8441260837503567,0.8375379490416265,1.0,0.03769686091854207
deephit,deephit_003,1,20262936,1,"{""alpha"": 0.2, ""batch_size"": 512, ""dropout"": 0.4, ""head"": [64], ""lr"": 0.003, ""num_durations"": 40, ""sigma"": 0.25, ""trunk"": [128, 128]}",0.06257540427346545,0.041509174627173406,1.5075077940119128,-0.4539604484818973,1.1227972491821452,0.022649184048286312,0.005537898444595332,0.07308633350163929,0.8426658490016843,0.8361943121093746,1.0,0.03760205863071747
deephit,deephit_052,1,20263769,1,"{""alpha"": 0.9, ""batch_size"": 128, ""dropout"": 0.2, ""head"": [32, 32], ""lr"": 0.01, ""num_durations"": 80, ""sigma"": 0.05, ""trunk"": [64]}",0.0483403277702123,0.041509174627173406,1.164569717523773,-0.06104988901546357,1.562012021957154,0.011031638542755445,0.008191206500626547,0.02401390715028162,0.8334104939370759,0.8270970016029741,1.0,0.036793797993235705
deephit,deephit_009,0,20262047,1,"{""alpha"": 0.3, ""batch_size"": 256, ""dropout"": 0.0, ""head"": [64], ""lr"": 0.003, ""num_durations"": 20, ""sigma"": 0.05, ""trunk"": [32]}",0.06059709196187617,0.041509174627173406,1.4598481542007613,-0.18959394045315905,1.8698651625677916,0.02227919872857568,0.0238247902622246,0.03234020903896162,0.8194992680426421,0.813378226213303,1.0,0.03775657415956682
deephit,deephit_012,2,20264080,1,"{""alpha"": 1.0, ""batch_size"": 256, ""dropout"": 0.4, ""head"": [32, 32], ""lr"": 0.003, ""num_durations"": 80, ""sigma"": 0.25, ""trunk"": [64]}",0.04289359461445228,0.041509174627173406,1.033352144428634,0.03134932009695594,1.1442434259740957,0.0032112950814652767,0.0020983557557155974,0.00563096282855724,0.8411037622560716,0.8345923840313432,1.0,0.036460065506909556
deephit,deephit_051,1,20263752,1,"{""alpha"": 0.3, ""batch_size"": 512, ""dropout"": 0.0, ""head"": [64], ""lr"": 0.003, ""num_durations"": 80, ""sigma"": 0.25, ""trunk"": [128, 64]}",0.06946319291205479,0.041509174627173406,1.6734419206346172,-0.5066813761908863,1.0486188735675843,0.02771254438908363,0.014306259548487965,0.07333128121677812,0.8374000532764292,0.8310050715713434,1.0,0.03806432747794912
deephit,deephit_065,0,20262999,1,"{""alpha"": 0.2, ""batch_size"": 128, ""dropout"": 0.1, ""head"": [32, 32], ""lr"": 0.01, ""num_durations"": 20, ""sigma"": 0.5, ""trunk"": [64]}",0.049617838860753716,0.041509174627173406,1.1953463133490514,-0.2469507482749705,0.8963749023855441,0.008617325768496626,0.001066278580324007,0.0307046442417801,0.8372942838949913,0.8305618799922971,1.0,0.03682169835266001
deephit,deephit_024,1,20263293,1,"{""alpha"": 0.0, ""batch_size"": 128, ""dropout"": 0.2, ""head"": [32], ""lr"": 0.01, ""num_durations"": 20, ""sigma"": 0.05, ""trunk"": [128, 64]}",0.19924956640093097,0.041509174627173406,4.800133179966797,-1.4693680581144886,4.929217212958872,0.16237503586346613,0.16167272102898395,0.20392758983660725,0.82820488348274,0.821606353601915,1.0,0.06263450827647805
deephit,deephit_068,1,20264041,1,"{""alpha"": 0.1, ""batch_size"": 256, ""dropout"": 0.0, ""head"": [32, 32], ""lr"": 0.003, ""num_durations"": 40, ""sigma"": 0.5, ""trunk"": [64, 64, 64]}",0.06695960772882947,0.041509174627173406,1.6131279007652273,-0.6266019786615105,0.7791036345349699,0.02581960911365848,0.008723307542621336,0.0777706296069757,0.8315720535214438,0.825158161924666,1.0,0.03934976401016614
deephit,deephit_028,0,20262370,1,"{""alpha"": 0.3, ""batch_size"": 256, ""dropout"": 0.1, ""head"": [64], ""lr"": 0.01, ""num_durations"": 20, ""sigma"": 0.05, ""trunk"": [128, 64]}",0.06227344731036665,0.041509174627173406,1.5002333308164648,-0.2859339826588927,1.69725569014284,0.020765605814200238,0.02344879666925047,0.029890157703172715,0.7838313634824741,0.7778366091468653,1.0,0.03852725250871301
deephit,deephit_052,2,20264760,1,"{""alpha"": 0.9, ""batch_size"": 128, ""dropout"": 0.2, ""head"": [32, 32], ""lr"": 0.01, ""num_durations"": 80, ""sigma"": 0.05, ""trunk"": [64]}",0.045308756252050976,0.041509174627173406,1.0915359473900554,0.019050950963566307,1.6271923476707146,0.010670357073481497,0.00761049975537853,0.021646952935468255,0.8373553001262585,0.8308759550525757,1.0,0.03667139562314205
deephit,deephit_033,0,20262455,1,"{""alpha"": 0.3, ""batch_size"": 512, ""dropout"": 0.0, ""head"": [32], ""lr"": 0.001, ""num_durations"": 40, ""sigma"": 0.25, ""trunk"": [64]}",0.0685993994090171,0.041509174627173406,1.6526322198685555,-0.4692485748696541,1.0558124019427995,0.02721945917265372,0.017453131175122816,0.06480325285151667,0.8343789188683555,0.8278609506903899,1.0,0.03790328528737648
deephit,deephit_051,0,20262761,1,"{""alpha"": 0.3, ""batch_size"": 512, ""dropout"": 0.0, ""head"": [64], ""lr"": 0.003, ""num_durations"": 80, ""sigma"": 0.25, ""trunk"": [128, 64]}",0.06600793655071788,0.041509174627173406,1.5902011336912176,-0.4358810132927761,1.0711498038384515,0.02411690323745256,0.01349147112343363,0.06219573663336242,0.8409037382294466,0.8343786619089186,1.0,0.03751970825475505
deephit,deephit_012,1,20263089,1,"{""alpha"": 1.0, ""batch_size"": 256, ""dropout"": 0.4, ""head"": [32, 32], ""lr"": 0.003, ""num_durations"": 80, ""sigma"": 0.25, ""trunk"": [64]}",0.04315507128071336,0.041509174627173406,1.0396513943802315,0.023141285638446207,1.1752745897875176,0.0036873857577729577,0.0023459401619920772,0.007364532873804008,0.8390771686759287,0.8325247183754887,1.0,0.03655774722301426
deephit,deephit_062,0,20262948,1,"{""alpha"": 1.0, ""batch_size"": 256, ""dropout"": 0.1, ""head"": [32], ""lr"": 0.001, ""num_durations"": 80, ""sigma"": 0.25, ""trunk"": [64, 64]}",0.05299538107947477,0.041509174627173406,1.2767148842507237,-0.1094483092228688,1.2646493108499965,0.011679313405254502,0.012276997232231524,0.016544272526759385,0.8411878079598404,0.8346374179206523,1.0,0.036614697411276265
deephit,deephit_010,0,20262064,1,"{""alpha"": 0.7, ""batch_size"": 512, ""dropout"": 0.1, ""head"": [32], ""lr"": 0.01, ""num_durations"": 80, ""sigma"": 0.05, ""trunk"": [32]}",0.04560748600338193,0.041509174627173406,1.0987326636344539,0.07258407160359587,1.8602358882916255,0.013934706908184229,0.010838136746940341,0.022758372793222792,0.8378543511695411,0.8313404142490247,1.0,0.036777443679170414
deephit,deephit_020,0,20262234,1,"{""alpha"": 0.0, ""batch_size"": 128, ""dropout"": 0.4, ""head"": [64], ""lr"": 0.001, ""num_durations"": 80, ""sigma"": 0.5, ""trunk"": [64, 64]}",0.16863256629151585,0.041509174627173406,4.062537205476566,-1.6138004810069368,1.6960899478761118,0.13059767866272165,0.047673024682450604,0.33151262310024776,0.8134092783607954,0.8066308131051756,1.0,0.07481708665375356
deephit,deephit_047,1,20263684,1,"{""alpha"": 0.9, ""batch_size"": 512, ""dropout"": 0.2, ""head"": [32, 32], ""lr"": 0.01, ""num_durations"": 20, ""sigma"": 0.5, ""trunk"": [64, 64]}",0.041870816162909434,0.041509174627173406,1.00871232779221,0.010608515115184059,1.064809459794844,0.0017056405891648703,0.0007803705543853018,0.003615402060745329,0.8419709287335168,0.835422227867761,1.0,0.0362850049585346
deephit,deephit_006,2,20263978,1,"{""alpha"": 0.0, ""batch_size"": 128, ""dropout"": 0.1, ""head"": [64], ""lr"": 0.01, ""num_durations"": 20, ""sigma"": 0.05, ""trunk"": [64]}",0.17940111080244342,0.041509174627173406,4.321962853123101,-1.486966273631449,2.860785390360726,0.13880105753534422,0.1556516619780059,0.18169943674104935,0.6886645612505621,0.6844410875957377,1.0,0.0604699949404933
deephit,deephit_062,2,20264930,1,"{""alpha"": 1.0, ""batch_size"": 256, ""dropout"": 0.1, ""head"": [32], ""lr"": 0.001, ""num_durations"": 80, ""sigma"": 0.25, ""trunk"": [64, 64]}",0.0536970483495265,0.041509174627173406,1.293618792274768,-0.11596019406512441,1.3594178144135332,0.012750525354435905,0.012374036250654474,0.02090929986914214,0.8422288825672591,0.8357131177385759,1.0,0.036623419184238254
deephit,deephit_053,2,20264777,1,"{""alpha"": 0.5, ""batch_size"": 256, ""dropout"": 0.2, ""head"": [64], ""lr"": 0.01, ""num_durations"": 40, ""sigma"": 0.5, ""trunk"": [64, 64, 64]}",0.04834624810534213,0.041509174627173406,1.1647123446702534,-0.13129298576046436,1.1602537507742037,0.00777226562686325,0.003475084088695235,0.020392956698821685,0.8400083191001697,0.8335922830392146,1.0,0.0363871494503131
deephit,deephit_064,0,20262982,1,"{""alpha"": 0.5, ""batch_size"": 512, ""dropout"": 0.0, ""head"": [32, 32], ""lr"": 0.001, ""num_durations"": 40, ""sigma"": 0.5, ""trunk"": [32]}",0.057202935062195245,0.041509174627173406,1.3780793180298059,-0.23657743591993002,1.0789988671163027,0.01698667982778593,0.01637195975229,0.025231731267150725,0.8330232664149094,0.8264320108555497,1.0,0.03713236598426464
deephit,deephit_012,0,20262098,1,"{""alpha"": 1.0, ""batch_size"": 256, ""dropout"": 0.4, ""head"": [32, 32], ""lr"": 0.003, ""num_durations"": 80, ""sigma"": 0.25, ""trunk"": [64]}",0.04424725848664006,0.041509174627173406,1.0659633414554623,0.004968427552032923,1.258454431082345,0.005434069906171225,0.003502851457003797,0.011740212035330155,0.838766389505778,0.8321314998865146,1.0,0.03660823830858308
deephit,deephit_041,1,20263582,1,"{""alpha"": 0.1, ""batch_size"": 256, ""dropout"": 0.0, ""head"": [32], ""lr"": 0.001, ""num_durations"": 20, ""sigma"": 0.05, ""trunk"": [64]}",0.09686399769144295,0.041509174627173406,2.333556341735407,-0.6487466104013939,2.8372557760181474,0.05683493655431904,0.061927943426708154,0.07610461369298403,0.8258428193392489,0.8196208530034582,1.0,0.04051834778462198
deephit,deephit_055,2,20264811,1,"{""alpha"": 1.0, ""batch_size"": 512, ""dropout"": 0.4, ""head"": [64], ""lr"": 0.01, ""num_durations"": 40, ""sigma"": 0.1, ""trunk"": [128, 64]}",0.04126654943238696,0.041509174627173406,0.9941549019712954,0.04093444778082523,1.0587063099877239,0.0015065494958620186,0.0005475063115196743,0.0038628903496480405,0.8393735841029213,0.8328889989588165,1.0,0.03648838786608626
deephit,deephit_072,2,20265100,1,"{""alpha"": 0.5, ""batch_size"": 256, ""dropout"": 0.0, ""head"": [32, 32], ""lr"": 0.003, ""num_durations"": 80, ""sigma"": 0.5, ""trunk"": [128, 128]}",0.05915970894243598,0.041509174627173406,1.425220074207592,-0.29206694721317733,1.0493361331465796,0.018186318839726743,0.01644245275481082,0.03387351649454917,0.8344038476787954,0.8278661223241299,1.0,0.03725960097625037
deephit,deephit_028,1,20263361,1,"{""alpha"": 0.3, ""batch_size"": 256, ""dropout"": 0.1, ""head"": [64], ""lr"": 0.01, ""num_durations"": 20, ""sigma"": 0.05, ""trunk"": [128, 64]}",0.06342016191568153,0.041509174627173406,1.5278589007203338,-0.3610576576034149,1.5208373539537745,0.022270630276411022,0.026478366548061405,0.0333610972368229,0.744531687367076,0.7396336926011121,1.0,0.03902216981119049
deephit,deephit_049,0,20262727,1,"{""alpha"": 1.0, ""batch_size"": 512, ""dropout"": 0.2, ""head"": [32], ""lr"": 0.003, ""num_durations"": 20, ""sigma"": 0.25, ""trunk"": [64]}",0.04412118181602779,0.041509174627173406,1.0629260208692386,-0.024533308927052775,0.9869379554351184,0.003250895945021553,0.003315136703713528,0.004664050075190954,0.8404309217914365,0.8339069391819358,1.0,0.036493480840873775
deephit,deephit_050,2,20264726,1,"{""alpha"": 0.1, ""batch_size"": 256, ""dropout"": 0.2, ""head"": [32], ""lr"": 0.003, ""num_durations"": 20, ""sigma"": 0.25, ""trunk"": [64, 64, 64]}",0.0802449178722484,0.041509174627173406,1.93318509927001,-0.7280996205833543,1.442201494254452,0.04246513033235268,0.013473622890892933,0.13197687452805823,0.8399229676015683,0.8334987868741843,1.0,0.04058979437480654
deephit,deephit_047,2,20264675,1,"{""alpha"": 0.9, ""batch_size"": 512, ""dropout"": 0.2, ""head"": [32, 32], ""lr"": 0.01, ""num_durations"": 20, ""sigma"": 0.5, ""trunk"": [64, 64]}",0.04285380007785315,0.041509174627173406,1.0323934518755644,-0.005714338578905839,1.0669665553790701,0.0018199269984374316,0.0008745266622842973,0.004375651189328908,0.8388015272576361,0.8323537058126025,1.0,0.03639193785662648
deephit,deephit_053,0,20262795,1,"{""alpha"": 0.5, ""batch_size"": 256, ""dropout"": 0.2, ""head"": [64], ""lr"": 0.01, ""num_durations"": 40, ""sigma"": 0.5, ""trunk"": [64, 64, 64]}",0.04378632866283036,0.041509174627173406,1.0548590535974243,-0.013271177447214252,1.1157957837516308,0.0030754218264009,0.001989785697284807,0.007347927881842131,0.8394093153978852,0.8328977733037012,1.0,0.03639840689269503
deephit,deephit_022,2,20264250,1,"{""alpha"": 0.0, ""batch_size"": 128, ""dropout"": 0.4, ""head"": [64], ""lr"": 0.003, ""num_durations"": 80, ""sigma"": 0.1, ""trunk"": [32]}",0.19147329187523665,0.041509174627173406,4.612794486881734,-1.4043126477943189,4.559562830002762,0.14990780293688136,0.16301473657326893,0.21141058808346325,0.8367367688557961,0.8301409438708063,1.0,0.062039775211125706
deephit,deephit_066,2,20264998,1,"{""alpha"": 0.9, ""batch_size"": 256, ""dropout"": 0.0, ""head"": [64], ""lr"": 0.003, ""num_durations"": 40, ""sigma"": 0.1, ""trunk"": [32]}",0.05393965387374963,0.041509174627173406,1.2994634164187593,-0.1769061165555616,1.1047306997851163,0.01275392589528193,0.013653504327683197,0.019736003382859912,0.8400394207589089,0.8334073244977036,1.0,0.03674684375911578
deephit,deephit_022,1,20263259,1,"{""alpha"": 0.0, ""batch_size"": 128, ""dropout"": 0.4, ""head"": [64], ""lr"": 0.003, ""num_durations"": 80, ""sigma"": 0.1, ""trunk"": [32]}",0.1882594883089313,0.041509174627173406,4.5353705536146665,-1.383350595133335,4.688082800734023,0.14733109378811166,0.1583197942506681,0.20832150587587084,0.8345505715345274,0.8280796701218216,1.0,0.060881337780823136
deephit,deephit_068,0,20263050,1,"{""alpha"": 0.1, ""batch_size"": 256, ""dropout"": 0.0, ""head"": [32, 32], ""lr"": 0.003, ""num_durations"": 40, ""sigma"": 0.5, ""trunk"": [64, 64, 64]}",0.07033026578769577,0.041509174627173406,1.6943306249615244,-0.6395833666661954,0.8630052357294115,0.028747835301871458,0.008780842500792141,0.0910075131677558,0.830033233665575,0.8234359497809959,1.0,0.03940774471045887
deephit,deephit_066,0,20263016,1,"{""alpha"": 0.9, ""batch_size"": 256, ""dropout"": 0.0, ""head"": [64], ""lr"": 0.003, ""num_durations"": 40, ""sigma"": 0.1, ""trunk"": [32]}",0.05426027955248284,0.041509174627173406,1.3071876287552606,-0.2154143589131999,1.0156253294880369,0.0131645415833581,0.011155732079989766,0.02214264440003788,0.8349132263721173,0.8282536462051656,1.0,0.036810127604525275
deephit,deephit_060,0,20262914,1,"{""alpha"": 0.5, ""batch_size"": 256, ""dropout"": 0.1, ""head"": [32], ""lr"": 0.003, ""num_durations"": 20, ""sigma"": 0.1, ""trunk"": [64, 64]}",0.054813053238808515,0.041509174627173406,1.3205045325793086,-0.21186426197541805,1.2385163743036598,0.013265520783773884,0.009539784647922989,0.03026004052979192,0.8385057053737494,0.8320377131802631,1.0,0.036668308180236135
deephit,deephit_022,0,20262268,1,"{""alpha"": 0.0, ""batch_size"": 128, ""dropout"": 0.4, ""head"": [64], ""lr"": 0.003, ""num_durations"": 80, ""sigma"": 0.1, ""trunk"": [32]}",0.18763941649842653,0.041509174627173406,4.520432366669873,-1.3727255162608025,4.01397912679273,0.1457334235255142,0.15776984740428834,0.20249929798917554,0.8378507899109068,0.8311279705079742,1.0,0.06053316360087611
deephit,deephit_062,1,20263939,1,"{""alpha"": 1.0, ""batch_size"": 256, ""dropout"": 0.1, ""head"": [32], ""lr"": 0.001, ""num_durations"": 80, ""sigma"": 0.25, ""trunk"": [64, 64]}",0.05298191132393414,0.041509174627173406,1.2763903835671613,-0.1276450467414747,1.2071424966154192,0.01145954786151791,0.012523916352674247,0.015295826935767698,0.834872153189202,0.8284291912111048,1.0,0.03678517541509868
deephit,deephit_050,0,20262744,1,"{""alpha"": 0.1, ""batch_size"": 256, ""dropout"": 0.2, ""head"": [32], ""lr"": 0.003, ""num_durations"": 20, ""sigma"": 0.25, ""trunk"": [64, 64, 64]}",0.0805374515915783,0.041509174627173406,1.9402325465381711,-0.7150598950747756,1.3527375267568147,0.041433863499017135,0.014499711729487302,0.12616920105620621,0.8419743712835298,0.8354113035178382,1.0,0.04045995698285357
deephit,deephit_060,1,20263905,1,"{""alpha"": 0.5, ""batch_size"": 256, ""dropout"": 0.1, ""head"": [32], ""lr"": 0.003, ""num_durations"": 20, ""sigma"": 0.1, ""trunk"": [64, 64]}",0.05487001294851866,0.041509174627173406,1.3218767523408854,-0.1627039109866457,1.3149747050898455,0.013521420720510388,0.012430574786317039,0.02478375357817486,0.8399224927670838,0.8333628716908372,1.0,0.0365556474882038
deephit,deephit_019,0,20262217,1,"{""alpha"": 0.0, ""batch_size"": 256, ""dropout"": 0.4, ""head"": [64], ""lr"": 0.01, ""num_durations"": 40, ""sigma"": 0.05, ""trunk"": [64]}",0.18215279324888525,0.041509174627173406,4.388253798947894,-1.473341594686205,2.7289369781494943,0.14101577907243312,0.14676033529734356,0.16028346006037564,0.6948951019398413,0.6908787837619068,1.0,0.05930881784526359
deephit,deephit_057,1,20263854,1,"{""alpha"": 0.2, ""batch_size"": 128, ""dropout"": 0.0, ""head"": [32, 32], ""lr"": 0.01, ""num_durations"": 80, ""sigma"": 0.05, ""trunk"": [64]}",0.05076083106535344,0.041509174627173406,1.2228822066754264,-0.018999627494387033,2.073122032642349,0.018368296583677186,0.01857950965882149,0.02644916862850699,0.8258691726531424,0.8199215050593105,1.0,0.037480464715916685
deephit,deephit_065,1,20263990,1,"{""alpha"": 0.2, ""batch_size"": 128, ""dropout"": 0.1, ""head"": [32, 32], ""lr"": 0.01, ""num_durations"": 20, ""sigma"": 0.5, ""trunk"": [64]}",0.048189109132096224,0.041509174627173406,1.1609267002998873,-0.20089375512760504,0.9049496729424327,0.006288407168752736,0.0001097309293208999,0.022730805652208724,0.8429249899216381,0.8360428820248074,1.0,0.03659475603755289
deephit,deephit_003,2,20263927,1,"{""alpha"": 0.2, ""batch_size"": 512, ""dropout"": 0.4, ""head"": [64], ""lr"": 0.003, ""num_durations"": 40, ""sigma"": 0.25, ""trunk"": [128, 128]}",0.061532264835370006,0.041509174627173406,1.4823774596348818,-0.4295230672949165,1.1252883056655532,0.021316076685279028,0.005688219516799875,0.06821243218782075,0.8428675349490051,0.8362468419621946,1.0,0.037456271657910316
deephit,deephit_068,2,20265032,1,"{""alpha"": 0.1, ""batch_size"": 256, ""dropout"": 0.0, ""head"": [32, 32], ""lr"": 0.003, ""num_durations"": 40, ""sigma"": 0.5, ""trunk"": [64, 64, 64]}",0.07345141754647048,0.041509174627173406,1.7695224780110788,-0.6970869705049625,0.8397673782326337,0.0329919728855528,0.012488835625384387,0.10062399628974172,0.8341970572607653,0.8276282852803334,1.0,0.039969586014796374
deephit,deephit_047,0,20262693,1,"{""alpha"": 0.9, ""batch_size"": 512, ""dropout"": 0.2, ""head"": [32, 32], ""lr"": 0.01, ""num_durations"": 20, ""sigma"": 0.5, ""trunk"": [64, 64]}",0.04225097068410014,0.041509174627173406,1.017870653020432,0.0019056813278074277,0.9882551283648717,0.0012991979611883466,0.0014128063346335838,0.0018484887699050656,0.8400366904606227,0.833416447492054,1.0,0.03645004107366384
deephit,deephit_057,0,20262863,1,"{""alpha"": 0.2, ""batch_size"": 128, ""dropout"": 0.0, ""head"": [32, 32], ""lr"": 0.01, ""num_durations"": 80, ""sigma"": 0.05, ""trunk"": [64]}",0.050609832214377655,0.041509174627173406,1.2192444843566375,0.0020622694103191166,2.1086238188777555,0.0177681572366371,0.016030594686967214,0.02693128940997125,0.8383957811905715,0.8317732625605909,1.0,0.03714889263082388
deephit,deephit_055,0,20262829,1,"{""alpha"": 1.0, ""batch_size"": 512, ""dropout"": 0.4, ""head"": [64], ""lr"": 0.01, ""num_durations"": 40, ""sigma"": 0.1, ""trunk"": [128, 64]}",0.04034094435868012,0.041509174627173406,0.9718560949721096,0.07486483187014206,1.1270669697513822,0.0031151004734261234,0.0009742079465698827,0.00665482175333143,0.8422312567396819,0.8356624473495726,1.0,0.036354556338241195
deephit,deephit_079,2,20265219,1,"{""alpha"": 0.5, ""batch_size"": 256, ""dropout"": 0.2, ""head"": [64], ""lr"": 0.01, ""num_durations"": 40, ""sigma"": 0.05, ""trunk"": [64]}",0.12263980294553789,0.041509174627173406,2.954522802418081,-1.041468602260759,1.551285938324222,0.08298424408643214,0.0873007410958122,0.10491841863160523,0.7277833254273391,0.7231135768634355,1.0,0.04611307856746187
deephit,deephit_063,1,20263956,1,"{""alpha"": 0.7, ""batch_size"": 512, ""dropout"": 0.2, ""head"": [64], ""lr"": 0.001, ""num_durations"": 40, ""sigma"": 0.25, ""trunk"": [64, 64]}",0.04947073936708917,0.041509174627173406,1.1918025306796594,-0.08278887472701343,1.1305012232805236,0.007704003922207023,0.008120925844336074,0.010129381093984313,0.8396493442298351,0.8331833172160433,1.0,0.03644770220845413
deephit,deephit_079,1,20264228,1,"{""alpha"": 0.5, ""batch_size"": 256, ""dropout"": 0.2, ""head"": [64], ""lr"": 0.01, ""num_durations"": 40, ""sigma"": 0.05, ""trunk"": [64]}",0.06544408143971206,0.041509174627173406,1.5766172666047182,-0.31850031717148913,1.9448347829971586,0.02670606810673428,0.026998387460528295,0.04529809263885287,0.797386166741928,0.7910290400599398,1.0,0.0385374274338514
deephit,deephit_072,1,20264109,1,"{""alpha"": 0.5, ""batch_size"": 256, ""dropout"": 0.0, ""head"": [32, 32], ""lr"": 0.003, ""num_durations"": 80, ""sigma"": 0.5, ""trunk"": [128, 128]}",0.05682609835673047,0.041509174627173406,1.369000922497988,-0.22419219227922726,1.1917136136435345,0.01518074255302268,0.013329302079013172,0.02846824518044644,0.8331511155998798,0.8266214437318695,1.0,0.03689001449502697
deephit,deephit_070,2,20265066,1,"{""alpha"": 0.9, ""batch_size"": 512, ""dropout"": 0.2, ""head"": [32, 32], ""lr"": 0.01, ""num_durations"": 20, ""sigma"": 0.1, ""trunk"": [128, 128]}",0.04342887728602628,0.041509174627173406,1.0462476711737883,-0.03612199950902419,1.03615754697603,0.002114655660068393,0.0007345523041442752,0.005523994890341277,0.8404497964621982,0.8340197853923079,1.0,0.036376719254081286
nfg,nfg_001,1,20262902,1,"{""batch_size"": 256, ""dropout"": 0.1, ""layers"": [32], ""layers_surv"": [100], ""lr"": 0.0005, ""weight_decay"": 0.01}",0.055969097803080875,0.041509174627173406,1.3483548710805124,-0.16884633425320245,1.1070474739646645,0.01404721002701256,0.015157793639550277,0.015594399511321577,0.8175063283565931,0.8115047002015543,1.0,0.03683071343576689
deephit,deephit_046,0,20262676,1,"{""alpha"": 0.9, ""batch_size"": 512, ""dropout"": 0.2, ""head"": [64], ""lr"": 0.001, ""num_durations"": 80, ""sigma"": 0.25, ""trunk"": [64, 64, 64]}",0.047809801658017,0.041509174627173406,1.1517887813341143,-0.02753741603791671,1.1892638934992683,0.007131186589353291,0.0075338789457067845,0.009479287903318312,0.8391886360711814,0.8327675527282925,1.0,0.03656072372261664
deephit,deephit_071,1,20264092,1,"{""alpha"": 0.7, ""batch_size"": 256, ""dropout"": 0.1, ""head"": [32], ""lr"": 0.001, ""num_durations"": 20, ""sigma"": 0.25, ""trunk"": [64, 64]}",0.05216187283046431,0.041509174627173406,1.2566347873445132,-0.17447625564898084,1.008365743975,0.010770170912871522,0.008933889045493937,0.017287621670133646,0.8357691155305539,0.8292293998429451,1.0,0.036700885603315365
deephit,deephit_065,2,20264981,1,"{""alpha"": 0.2, ""batch_size"": 128, ""dropout"": 0.1, ""head"": [32, 32], ""lr"": 0.01, ""num_durations"": 20, ""sigma"": 0.5, ""trunk"": [64]}",0.0489122109638046,0.041509174627173406,1.1783469896263585,-0.2384678920212715,0.8728747166377602,0.007774430021182377,0.0007796468571714676,0.02851097536554703,0.8377128504931394,0.8310926406954581,1.0,0.03684027058559411
deephit,deephit_073,0,20263135,1,"{""alpha"": 0.7, ""batch_size"": 128, ""dropout"": 0.4, ""head"": [64], ""lr"": 0.003, ""num_durations"": 80, ""sigma"": 0.25, ""trunk"": [128, 64]}",0.04523982082095896,0.041509174627173406,1.0898752198108834,-0.016641157261521402,1.1586032950817797,0.004394054963130173,0.0033979209997039295,0.008874356538482897,0.8422236593879289,0.8356630284320152,1.0,0.036355451532508354
deephit,deephit_006,0,20261996,1,"{""alpha"": 0.0, ""batch_size"": 128, ""dropout"": 0.1, ""head"": [64], ""lr"": 0.01, ""num_durations"": 20, ""sigma"": 0.05, ""trunk"": [64]}",0.1753735791443998,0.041509174627173406,4.224935347897617,-1.4765787957971823,3.933989725526044,0.13792063838046953,0.15408911743419684,0.18211859861571095,0.6910666301993783,0.6867809903759964,1.0,0.059799176530105275
deephit,deephit_042,2,20264590,1,"{""alpha"": 0.5, ""batch_size"": 128, ""dropout"": 0.0, ""head"": [32, 32], ""lr"": 0.001, ""num_durations"": 20, ""sigma"": 0.05, ""trunk"": [128, 64]}",0.06349335734602704,0.041509174627173406,1.529622256195429,-0.1983398117151818,1.8215050795607315,0.027517050139352333,0.027121727467246615,0.04759593505699802,0.8368155320259241,0.8304761703319992,1.0,0.03743283941803757
deephit,deephit_041,0,20262591,1,"{""alpha"": 0.1, ""batch_size"": 256, ""dropout"": 0.0, ""head"": [32], ""lr"": 0.001, ""num_durations"": 20, ""sigma"": 0.05, ""trunk"": [64]}",0.09318324985155269,0.041509174627173406,2.244883226142289,-0.6032592275760639,2.8649897412469403,0.053398481893354194,0.05816704844976503,0.0704769465136531,0.8253405631631954,0.8192397791375365,1.0,0.040096575843325065
deephit,deephit_063,0,20262965,1,"{""alpha"": 0.7, ""batch_size"": 512, ""dropout"": 0.2, ""head"": [64], ""lr"": 0.001, ""num_durations"": 40, ""sigma"": 0.25, ""trunk"": [64, 64]}",0.05190638504186891,0.041509174627173406,1.2504798158017123,-0.12108321996126874,1.1866526343674313,0.010289079810616114,0.00993746014317709,0.016299857170203547,0.841448373383248,0.8348976266384927,1.0,0.036436377227112425
deephit,deephit_079,0,20263237,1,"{""alpha"": 0.5, ""batch_size"": 256, ""dropout"": 0.2, ""head"": [64], ""lr"": 0.01, ""num_durations"": 40, ""sigma"": 0.05, ""trunk"": [64]}",0.0828727437868008,0.041509174627173406,1.9964922100028775,-0.767637533893654,0.9202874353348541,0.043135868663027155,0.043482435248586526,0.07661620121711987,0.6403442170145541,0.6375903278130114,1.0,0.041851187157224655
deephit,deephit_055,1,20263820,1,"{""alpha"": 1.0, ""batch_size"": 512, ""dropout"": 0.4, ""head"": [64], ""lr"": 0.01, ""num_durations"": 40, ""sigma"": 0.1, ""trunk"": [128, 64]}",0.04115679339588571,0.041509174627173406,0.9915107627541933,0.05834050870283733,1.1727010317585167,0.003788124272019291,0.0015061597926065984,0.006143297392787628,0.8386570588657059,0.8321532904781158,1.0,0.03645702821573854
deephit,deephit_073,1,20264126,1,"{""alpha"": 0.7, ""batch_size"": 128, ""dropout"": 0.4, ""head"": [64], ""lr"": 0.003, ""num_durations"": 80, ""sigma"": 0.25, ""trunk"": [128, 64]}",0.04571326861055862,0.041509174627173406,1.1012810787288712,-0.017949544600721345,1.2010907124382277,0.005202740739669365,0.004154608418441841,0.010690648505283784,0.8396952844662172,0.8331576914803203,1.0,0.0364359819247879
deephit,deephit_071,2,20265083,1,"{""alpha"": 0.7, ""batch_size"": 256, ""dropout"": 0.1, ""head"": [32], ""lr"": 0.001, ""num_durations"": 20, ""sigma"": 0.25, ""trunk"": [64, 64]}",0.05265777777177329,0.041509174627173406,1.2685816628428357,-0.20589027392716006,0.9906096627532933,0.011004981326806268,0.007948772952646468,0.022237834299139947,0.8295722880896791,0.8231910816396426,1.0,0.03688145866087863
nfg,nfg_001,2,20263893,1,"{""batch_size"": 256, ""dropout"": 0.1, ""layers"": [32], ""layers_surv"": [100], ""lr"": 0.0005, ""weight_decay"": 0.01}",0.05373506688830068,0.041509174627173406,1.2945346991583824,-0.1602724205602412,1.000344808642348,0.015043106993781218,0.016692005535837273,0.01760198595287865,0.8254145779884776,0.819094101769152,1.0,0.03695059428560272
deephit,deephit_049,1,20263718,1,"{""alpha"": 1.0, ""batch_size"": 512, ""dropout"": 0.2, ""head"": [32], ""lr"": 0.003, ""num_durations"": 20, ""sigma"": 0.25, ""trunk"": [64]}",0.044865190113925424,0.041509174627173406,1.0808499691187559,-0.02904906775502081,1.0034778544043021,0.0035022447185109203,0.003937642541701954,0.005301586818235438,0.8405857178334062,0.8340702233483341,1.0,0.036427837819470135
deephit,deephit_054,0,20262812,1,"{""alpha"": 0.9, ""batch_size"": 128, ""dropout"": 0.4, ""head"": [32], ""lr"": 0.01, ""num_durations"": 20, ""sigma"": 0.05, ""trunk"": [32]}",0.06080448414556578,0.041509174627173406,1.4648444516591512,-0.3839872911269781,1.0614065611788877,0.01937687204301853,0.016494555502976065,0.04098958392577806,0.7596083945038858,0.7542946931716189,1.0,0.03900252513380343
deephit,deephit_075,0,20263169,1,"{""alpha"": 0.0, ""batch_size"": 256, ""dropout"": 0.2, ""head"": [64], ""lr"": 0.01, ""num_durations"": 80, ""sigma"": 0.5, ""trunk"": [128, 64]}",0.15916738271518413,0.041509174627173406,3.8345109037891447,-1.5778147310215918,1.0481649019608332,0.1204108994755393,0.02921581192754319,0.31799268510077694,0.7975632206503618,0.7906947433306554,1.0,0.07080726116737177
deephit,deephit_072,0,20263118,1,"{""alpha"": 0.5, ""batch_size"": 256, ""dropout"": 0.0, ""head"": [32, 32], ""lr"": 0.003, ""num_durations"": 80, ""sigma"": 0.5, ""trunk"": [128, 128]}",0.055976549079515915,0.041509174627173406,1.3485343802252248,-0.24377096855381855,1.0749037337818539,0.014467764800177795,0.011434969623055902,0.02920711963341649,0.8276425607443886,0.8212173189065284,1.0,0.03720857423743118
deephit,deephit_075,2,20265151,1,"{""alpha"": 0.0, ""batch_size"": 256, ""dropout"": 0.2, ""head"": [64], ""lr"": 0.01, ""num_durations"": 80, ""sigma"": 0.5, ""trunk"": [128, 64]}",0.16338366094746834,0.041509174627173406,3.9360855139844553,-1.6071521119599048,1.0064158088779065,0.12407717752649641,0.03289913076299644,0.32918908470263175,0.8025292177529217,0.7957726484726655,1.0,0.07291423770138865
deephit,deephit_049,2,20264709,1,"{""alpha"": 1.0, ""batch_size"": 512, ""dropout"": 0.2, ""head"": [32], ""lr"": 0.003, ""num_durations"": 20, ""sigma"": 0.25, ""trunk"": [64]}",0.04686686114730044,0.041509174627173406,1.1290723452886895,-0.08253137926516663,0.9878798814040347,0.005722037876821898,0.005372807711138572,0.007258704049022537,0.8400522412899923,0.833515289615557,1.0,0.03650416890355475
deephit,deephit_020,1,20263225,1,"{""alpha"": 0.0, ""batch_size"": 128, ""dropout"": 0.4, ""head"": [64], ""lr"": 0.001, ""num_durations"": 80, ""sigma"": 0.5, ""trunk"": [64, 64]}",0.16620201830275783,0.041509174627173406,4.003982729012298,-1.587941511761028,2.04565988001986,0.12859134380184398,0.04916037576001475,0.32108292815698836,0.8171048557998896,0.8101150415398406,1.0,0.07329280962741931
deephit,deephit_070,0,20263084,1,"{""alpha"": 0.9, ""batch_size"": 512, ""dropout"": 0.2, ""head"": [32, 32], ""lr"": 0.01, ""num_durations"": 20, ""sigma"": 0.1, ""trunk"": [128, 128]}",0.044487677967525494,0.041509174627173406,1.0717553014991112,-0.04988579299271097,1.0495127228376127,0.0027354215674739676,0.0014814394806497728,0.007268080678091399,0.8416736823461762,0.8351221568943514,1.0,0.03631626412641076
deephit,deephit_054,2,20264794,1,"{""alpha"": 0.9, ""batch_size"": 128, ""dropout"": 0.4, ""head"": [32], ""lr"": 0.01, ""num_durations"": 20, ""sigma"": 0.05, ""trunk"": [32]}",0.04552808379223945,0.041509174627173406,1.0968197802332385,0.027783415941832902,1.7111707066484985,0.011628893729698732,0.008558630796473513,0.02226198492992079,0.8368214674569812,0.8302686657917114,1.0,0.03676652636615975
deephit,deephit_073,2,20265117,1,"{""alpha"": 0.7, ""batch_size"": 128, ""dropout"": 0.4, ""head"": [64], ""lr"": 0.003, ""num_durations"": 80, ""sigma"": 0.25, ""trunk"": [128, 64]}",0.047625772926962,0.041509174627173406,1.1473553342056684,-0.07390059650857314,1.1827389801770942,0.0061659979253442364,0.004721386390712623,0.013958717224822226,0.8387868073886146,0.8321621229312448,1.0,0.036463978298160664
deephit,deephit_071,0,20263101,1,"{""alpha"": 0.7, ""batch_size"": 256, ""dropout"": 0.1, ""head"": [32], ""lr"": 0.001, ""num_durations"": 20, ""sigma"": 0.25, ""trunk"": [64, 64]}",0.0515355858243064,0.041509174627173406,1.2415468697507983,-0.15293925259210148,1.0321578577202075,0.00962579078708424,0.008146332124219832,0.01675802386456593,0.8407928643772997,0.8342181088300009,1.0,0.03656830139371303
deephit,deephit_058,2,20264862,1,"{""alpha"": 0.0, ""batch_size"": 128, ""dropout"": 0.4, ""head"": [32, 32], ""lr"": 0.01, ""num_durations"": 80, ""sigma"": 0.5, ""trunk"": [128, 128]}",0.16538473863873931,0.041509174627173406,3.9842935959143952,-1.5877600091788298,1.9928038701626574,0.12809584303295637,0.04869723553193295,0.3155139076558263,0.8128677889854544,0.8058448409931814,1.0,0.07290062592182132
deephit,deephit_056,2,20264828,1,"{""alpha"": 0.7, ""batch_size"": 128, ""dropout"": 0.4, ""head"": [64], ""lr"": 0.003, ""num_durations"": 40, ""sigma"": 0.1, ""trunk"": [128, 64]}",0.04656155876659872,0.041509174627173406,1.1217172874383736,-0.04503621072506287,1.3913849499993496,0.008663192834930906,0.005374144803712122,0.020317474131157254,0.8425696950185589,0.8360397441796168,1.0,0.03635040995947844
deephit,deephit_054,1,20263803,1,"{""alpha"": 0.9, ""batch_size"": 128, ""dropout"": 0.4, ""head"": [32], ""lr"": 0.01, ""num_durations"": 20, ""sigma"": 0.05, ""trunk"": [32]}",0.04938927560473827,0.041509174627173406,1.1898399823254078,-0.04404786406491827,1.856094047443478,0.01366978537179835,0.012027454689361006,0.02653191719071657,0.8291365087414655,0.8226543938955663,1.0,0.037185461686581565
deephit,deephit_064,2,20264964,1,"{""alpha"": 0.5, ""batch_size"": 512, ""dropout"": 0.0, ""head"": [32, 32], ""lr"": 0.001, ""num_durations"": 40, ""sigma"": 0.5, ""trunk"": [32]}",0.05846852589212574,0.041509174627173406,1.4085687421462274,-0.2573050701980888,1.1048272598045328,0.01732596784785239,0.016422217826958158,0.02949178535351793,0.8323200365432619,0.8259612759687196,1.0,0.03706588583519291
deephit,deephit_059,1,20263888,1,"{""alpha"": 0.0, ""batch_size"": 512, ""dropout"": 0.4, ""head"": [32], ""lr"": 0.001, ""num_durations"": 20, ""sigma"": 0.5, ""trunk"": [128, 128]}",0.16122332980684337,0.041509174627173406,3.8840408477142003,-1.5295290966856692,1.8274103692487298,0.12284428921275503,0.04793669004494467,0.3016820004324962,0.8144416872388707,0.8073958662492325,1.0,0.06914689572122266
deephit,deephit_056,0,20262846,1,"{""alpha"": 0.7, ""batch_size"": 128, ""dropout"": 0.4, ""head"": [64], ""lr"": 0.003, ""num_durations"": 40, ""sigma"": 0.1, ""trunk"": [128, 64]}",0.04748583853650302,0.041509174627173406,1.1439841664646608,-0.08383032047707033,1.2945858117265225,0.00802800394339558,0.004777712626079622,0.019685965285192508,0.8422736357174297,0.8357171272074305,1.0,0.03641294241535248
deephit,deephit_064,1,20263973,1,"{""alpha"": 0.5, ""batch_size"": 512, ""dropout"": 0.0, ""head"": [32, 32], ""lr"": 0.001, ""num_durations"": 40, ""sigma"": 0.5, ""trunk"": [32]}",0.05933831288712615,0.041509174627173406,1.4295228324843912,-0.26915819163607657,1.0906624370040996,0.019623511216275043,0.019197884021382894,0.027541215153166432,0.8300446296932047,0.82353589596114,1.0,0.03733507871970261
deephit,deephit_074,0,20263152,1,"{""alpha"": 0.5, ""batch_size"": 256, ""dropout"": 0.4, ""head"": [32], ""lr"": 0.01, ""num_durations"": 40, ""sigma"": 0.5, ""trunk"": [64, 64]}",0.044439371212767184,0.041509174627173406,1.0705915405910182,-0.033020523557649686,1.2014533555723228,0.005337222922565009,0.0023369185304250584,0.01261737208458244,0.8400089126432754,0.8334955909207495,1.0,0.03636926463194707
deephit,deephit_046,2,20264658,1,"{""alpha"": 0.9, ""batch_size"": 512, ""dropout"": 0.2, ""head"": [64], ""lr"": 0.001, ""num_durations"": 80, ""sigma"": 0.25, ""trunk"": [64, 64, 64]}",0.049984670705183344,0.041509174627173406,1.2041836811773552,-0.05763411504856004,1.2702909826978894,0.009304797450797486,0.009018686983042312,0.01424317198061964,0.8384992951082076,0.8320738565081989,1.0,0.036552218371111646
deephit,deephit_046,1,20263667,1,"{""alpha"": 0.9, ""batch_size"": 512, ""dropout"": 0.2, ""head"": [64], ""lr"": 0.001, ""num_durations"": 80, ""sigma"": 0.25, ""trunk"": [64, 64, 64]}",0.0479952445334319,0.041509174627173406,1.1562562966986214,-0.02251271710518649,1.2147234823700241,0.00789532784147743,0.00811406968735151,0.01042031341899008,0.8381661987172822,0.8317636165920421,1.0,0.03645904384280115
deephit,deephit_025,0,20262319,1,"{""alpha"": 0.3, ""batch_size"": 256, ""dropout"": 0.4, ""head"": [32, 32], ""lr"": 0.001, ""num_durations"": 80, ""sigma"": 0.1, ""trunk"": [32]}",0.056872175950304214,0.041509174627173406,1.3701109805511198,-0.23054099450431545,1.9756210069460987,0.01988896758192251,0.015436020376998538,0.045890688547763236,0.8385207813686344,0.8321209822943018,1.0,0.037046520723103576
deephit,deephit_075,1,20264160,1,"{""alpha"": 0.0, ""batch_size"": 256, ""dropout"": 0.2, ""head"": [64], ""lr"": 0.01, ""num_durations"": 80, ""sigma"": 0.5, ""trunk"": [128, 64]}",0.16589972413868814,0.041509174627173406,3.9967001422881627,-1.6370566547144503,1.0997745644603574,0.12748067745619465,0.03011090179094711,0.3281683379636364,0.7973186808908085,0.790877493758884,1.0,0.07479735526639479
deephit,deephit_056,1,20263837,1,"{""alpha"": 0.7, ""batch_size"": 128, ""dropout"": 0.4, ""head"": [64], ""lr"": 0.003, ""num_durations"": 40, ""sigma"": 0.1, ""trunk"": [128, 64]}",0.04645972252322074,0.041509174627173406,1.119263944429445,-0.07169565885063278,1.1963455179921678,0.005884739038698622,0.0033116272462829777,0.014797545772234952,0.8417478752343902,0.8352721923810562,1.0,0.03645215125253765
deephit,deephit_020,2,20264216,1,"{""alpha"": 0.0, ""batch_size"": 128, ""dropout"": 0.4, ""head"": [64], ""lr"": 0.001, ""num_durations"": 80, ""sigma"": 0.5, ""trunk"": [64, 64]}",0.16947932338311783,0.041509174627173406,4.082936481039315,-1.6310548736405102,1.5827923002034492,0.13149423173922095,0.040289246051889216,0.33211281411555693,0.8069841742414637,0.8003590159763969,1.0,0.07561630139280373
deephit,deephit_061,1,20263922,1,"{""alpha"": 0.0, ""batch_size"": 256, ""dropout"": 0.4, ""head"": [32], ""lr"": 0.001, ""num_durations"": 40, ""sigma"": 0.25, ""trunk"": [128, 64]}",0.20889262190509045,0.041509174627173406,5.032444604869156,-1.6848317514714433,4.214140747358016,0.17275617460598952,0.16960446969490384,0.3473218737193089,0.839892696903177,0.8331628050058161,1.0,0.08420273682705626
deephit,deephit_076,1,20264177,1,"{""alpha"": 0.9, ""batch_size"": 256, ""dropout"": 0.4, ""head"": [64], ""lr"": 0.001, ""num_durations"": 20, ""sigma"": 0.25, ""trunk"": [64]}",0.040689435640279034,0.041509174627173406,0.9802516192081125,0.03477391319864078,0.9301526649956715,0.004401832930923348,0.003478321345487397,0.009351763526685847,0.8395238692172876,0.8328948097832435,1.0,0.03661651050091108
deephit,deephit_057,2,20264845,1,"{""alpha"": 0.2, ""batch_size"": 128, ""dropout"": 0.0, ""head"": [32, 32], ""lr"": 0.01, ""num_durations"": 80, ""sigma"": 0.05, ""trunk"": [64]}",0.062299021984285025,0.041509174627173406,1.5008494518101507,-0.21590227808416154,1.918178938884199,0.029326085310250452,0.028133805003547452,0.05784225603649662,0.8210900822745711,0.8147449321185302,1.0,0.03783710925906617
deephit,deephit_059,0,20262897,1,"{""alpha"": 0.0, ""batch_size"": 512, ""dropout"": 0.4, ""head"": [32], ""lr"": 0.001, ""num_durations"": 20, ""sigma"": 0.5, ""trunk"": [128, 128]}",0.15873675828489597,0.041509174627173406,3.824136704972716,-1.5121806837776766,1.88272464156669,0.12048764009443387,0.04277953938114358,0.2995051884939849,0.8184876331732667,0.8114775055432359,1.0,0.06834566465644909
deephit,deephit_070,1,20264075,1,"{""alpha"": 0.9, ""batch_size"": 512, ""dropout"": 0.2, ""head"": [32, 32], ""lr"": 0.01, ""num_durations"": 20, ""sigma"": 0.1, ""trunk"": [128, 128]}",0.043819484652872484,0.041509174627173406,1.055657816529714,-0.05311795647773055,1.0276220470706028,0.002810768740813934,0.001199884503202451,0.007516603758231599,0.8388376146784634,0.8323347625249705,1.0,0.036403113597820363
deephit,deephit_078,2,20265202,1,"{""alpha"": 0.0, ""batch_size"": 128, ""dropout"": 0.4, ""head"": [32], ""lr"": 0.01, ""num_durations"": 20, ""sigma"": 0.5, ""trunk"": [32]}",0.15944023925348638,0.041509174627173406,3.8410843069163567,-1.5420287504347825,1.4951820491344645,0.12099365422858842,0.05322408869231979,0.3007346759785789,0.8026881092423208,0.7960062436146303,1.0,0.06911484362823336
deephit,deephit_074,1,20264143,1,"{""alpha"": 0.5, ""batch_size"": 256, ""dropout"": 0.4, ""head"": [32], ""lr"": 0.01, ""num_durations"": 40, ""sigma"": 0.5, ""trunk"": [64, 64]}",0.04399245840669287,0.041509174627173406,1.059824937542695,-0.02680286580812943,1.1724927535384901,0.004643306757223465,0.0022436467595865007,0.010966925794791194,0.8415873811786057,0.8349627078720749,1.0,0.036364138915572344
deephit,deephit_063,2,20264947,1,"{""alpha"": 0.7, ""batch_size"": 512, ""dropout"": 0.2, ""head"": [64], ""lr"": 0.001, ""num_durations"": 40, ""sigma"": 0.25, ""trunk"": [64, 64]}",0.04920290862150723,0.041509174627173406,1.1853502042244228,-0.06723185922903467,1.158489063508816,0.0074319840755901435,0.007613234120024015,0.01044792148088624,0.8397922694096905,0.8333110391369485,1.0,0.0364694734389427
deephit,deephit_076,2,20265168,1,"{""alpha"": 0.9, ""batch_size"": 256, ""dropout"": 0.4, ""head"": [64], ""lr"": 0.001, ""num_durations"": 20, ""sigma"": 0.25, ""trunk"": [64]}",0.042470946857710704,0.041509174627173406,1.0231701121300467,0.019128667876320633,1.04073350173472,0.0018240020697022261,0.0017533621335690495,0.002109589569509046,0.8418414176278504,0.835160392119081,1.0,0.036327704461339774
deephit,deephit_061,0,20262931,1,"{""alpha"": 0.0, ""batch_size"": 256, ""dropout"": 0.4, ""head"": [32], ""lr"": 0.001, ""num_durations"": 40, ""sigma"": 0.25, ""trunk"": [128, 64]}",0.20235643207763335,0.041509174627173406,4.874980866161659,-1.645693407094309,3.9081073085089986,0.16559192282838858,0.1584728110115231,0.3360425751751639,0.8419151356815798,0.8352990964981531,1.0,0.08100336249408449
deephit,deephit_061,2,20264913,1,"{""alpha"": 0.0, ""batch_size"": 256, ""dropout"": 0.4, ""head"": [32], ""lr"": 0.001, ""num_durations"": 40, ""sigma"": 0.25, ""trunk"": [128, 64]}",0.20193121794795368,0.041509174627173406,4.864737007219657,-1.6348236331595225,3.6679111027376408,0.16493590294946261,0.1547977015622115,0.3315596458841399,0.8393352412182923,0.8328240920499671,1.0,0.08003604854854644
deephit,deephit_078,1,20264211,1,"{""alpha"": 0.0, ""batch_size"": 128, ""dropout"": 0.4, ""head"": [32], ""lr"": 0.01, ""num_durations"": 20, ""sigma"": 0.5, ""trunk"": [32]}",0.16442913343100532,0.041509174627173406,3.961272053898274,-1.5984671297851785,1.2959429569496952,0.1258144029086324,0.04241542162683583,0.3293575753494761,0.8049453536733433,0.7981994811863519,1.0,0.07299358428362428
deephit,deephit_038,1,20263531,1,"{""alpha"": 0.1, ""batch_size"": 512, ""dropout"": 0.4, ""head"": [32, 32], ""lr"": 0.003, ""num_durations"": 80, ""sigma"": 0.1, ""trunk"": [128, 64]}",0.0721477314049056,0.041509174627173406,1.7381152974714917,-0.4520804655030166,2.6240013004297387,0.03491711137448166,0.030773061652990097,0.07675853132918542,0.842689828143155,0.8361962296814355,1.0,0.0381561603361792
deephit,deephit_078,0,20263220,1,"{""alpha"": 0.0, ""batch_size"": 128, ""dropout"": 0.4, ""head"": [32], ""lr"": 0.01, ""num_durations"": 20, ""sigma"": 0.5, ""trunk"": [32]}",0.16222059625974242,0.041509174627173406,3.9080660532707134,-1.5776199238458273,1.4263045096524098,0.12396271904296115,0.04188902519722405,0.311920119195208,0.8007010456330185,0.7940098767744951,1.0,0.07139023951371566
deephit,deephit_038,2,20264522,1,"{""alpha"": 0.1, ""batch_size"": 512, ""dropout"": 0.4, ""head"": [32, 32], ""lr"": 0.003, ""num_durations"": 80, ""sigma"": 0.1, ""trunk"": [128, 64]}",0.07337300121904634,0.041509174627173406,1.767633345593283,-0.4704939873235871,2.778935286164722,0.036614796301322215,0.03341784534571035,0.08066430304683558,0.8417813510655523,0.8353136235592206,1.0,0.03832704672843376
deephit,deephit_038,0,20262540,1,"{""alpha"": 0.1, ""batch_size"": 512, ""dropout"": 0.4, ""head"": [32, 32], ""lr"": 0.003, ""num_durations"": 80, ""sigma"": 0.1, ""trunk"": [128, 64]}",0.07252484631021563,0.041509174627173406,1.7472003951323631,-0.456537213401321,2.5589876567275596,0.03514075863894737,0.030718315394030138,0.07786942018983678,0.8443481875805141,0.8379505756841868,1.0,0.038118364967287405
deephit,deephit_074,2,20265134,1,"{""alpha"": 0.5, ""batch_size"": 256, ""dropout"": 0.4, ""head"": [32], ""lr"": 0.01, ""num_durations"": 40, ""sigma"": 0.5, ""trunk"": [64, 64]}",0.04270004300276876,0.041509174627173406,1.0286892810153774,-0.02643376543880387,1.0755348169575851,0.0030661544669188393,0.0022070443687345342,0.006792788231246849,0.8398486560047331,0.8332770458140506,1.0,0.036388699139801035
deephit,deephit_058,0,20262880,1,"{""alpha"": 0.0, ""batch_size"": 128, ""dropout"": 0.4, ""head"": [32, 32], ""lr"": 0.01, ""num_durations"": 80, ""sigma"": 0.5, ""trunk"": [128, 128]}",0.16595926085543303,0.041509174627173406,3.9981344448798097,-1.6281169982204893,1.0427645128769576,0.12709505187675418,0.03238391707825383,0.33438985400088983,0.7965033900808026,0.7898893630650751,1.0,0.0746739490536937
deephit,deephit_058,1,20263871,1,"{""alpha"": 0.0, ""batch_size"": 128, ""dropout"": 0.4, ""head"": [32, 32], ""lr"": 0.01, ""num_durations"": 80, ""sigma"": 0.5, ""trunk"": [128, 128]}",0.1642491959173826,0.041509174627173406,3.9569371685328365,-1.5899471518060877,1.9078957856618823,0.12754725248410503,0.04550917030356072,0.3314465085292535,0.8179050112606998,0.8110265855677019,1.0,0.07329116864495798
deephit,deephit_025,1,20263310,1,"{""alpha"": 0.3, ""batch_size"": 256, ""dropout"": 0.4, ""head"": [32, 32], ""lr"": 0.001, ""num_durations"": 80, ""sigma"": 0.1, ""trunk"": [32]}",0.05630036877770653,0.041509174627173406,1.3563355398748467,-0.2265970080420284,1.888738117669838,0.0187264711908042,0.014571639929519264,0.04294699725257012,0.8368866384899883,0.8304073120625394,1.0,0.037078567695692254
deephit,deephit_067,0,20263033,1,"{""alpha"": 0.7, ""batch_size"": 256, ""dropout"": 0.2, ""head"": [32], ""lr"": 0.001, ""num_durations"": 20, ""sigma"": 0.05, ""trunk"": [64]}",0.06367137906136727,0.041509174627173406,1.5339109879502564,-0.2387715229000481,2.28463190228092,0.025753566980892827,0.025179621198530705,0.04449915561635473,0.8322746898499855,0.8258351810786541,1.0,0.03754893772557952
deephit,deephit_067,2,20265015,1,"{""alpha"": 0.7, ""batch_size"": 256, ""dropout"": 0.2, ""head"": [32], ""lr"": 0.001, ""num_durations"": 20, ""sigma"": 0.05, ""trunk"": [64]}",0.06661015188089757,0.041509174627173406,1.6047091391042057,-0.2819715849332163,2.2224744483363175,0.027708161186114248,0.028170851052291182,0.04557218353309206,0.8279395697144868,0.8216047265710755,1.0,0.03778389218830891
deephit,deephit_043,2,20264607,1,"{""alpha"": 0.9, ""batch_size"": 512, ""dropout"": 0.4, ""head"": [32, 32], ""lr"": 0.003, ""num_durations"": 40, ""sigma"": 0.05, ""trunk"": [32]}",0.08940410093016267,0.041509174627173406,2.1538395242297956,-0.7797776224245093,1.082929634841485,0.04801737433592498,0.04615775353342688,0.09476077557376816,0.7414520296087791,0.7365052609461115,1.0,0.041991876691583406
nfg,nfg_001,0,20261911,1,"{""batch_size"": 256, ""dropout"": 0.1, ""layers"": [32], ""layers_surv"": [100], ""lr"": 0.0005, ""weight_decay"": 0.01}",0.05368918653365634,0.041509174627173406,1.2934293928000549,-0.15003301418183235,1.0706696158753999,0.013574650080986189,0.014168907548993914,0.01743150066177923,0.8173701102138322,0.8110776627144151,1.0,0.03660590561882733
deephit,deephit_043,0,20262625,1,"{""alpha"": 0.9, ""batch_size"": 512, ""dropout"": 0.4, ""head"": [32, 32], ""lr"": 0.003, ""num_durations"": 40, ""sigma"": 0.05, ""trunk"": [32]}",0.09340329979404075,0.041509174627173406,2.2501844624223284,-0.7331162541447142,1.6523290304629503,0.055011423351444745,0.06527028558818371,0.07698998967365966,0.7800274644265875,0.774733687011099,1.0,0.04146345718130862
deephit,deephit_077,0,20263203,1,"{""alpha"": 0.5, ""batch_size"": 128, ""dropout"": 0.4, ""head"": [32], ""lr"": 0.001, ""num_durations"": 80, ""sigma"": 0.05, ""trunk"": [128, 128]}",0.062283965286961354,0.041509174627173406,1.5004867200175072,-0.22811955228948214,3.5725097871951865,0.031826404314706264,0.03179520676006231,0.05577125076733491,0.827662978627225,0.8214765978924604,1.0,0.037826978969553365
deephit,deephit_001,2,20263893,1,"{""alpha"": 0.1, ""batch_size"": 128, ""dropout"": 0.0, ""head"": [64], ""lr"": 0.01, ""num_durations"": 20, ""sigma"": 0.05, ""trunk"": [64, 64, 64]}",0.08549176613087402,0.041509174627173406,2.059587233394615,-0.8690374541874492,1.9862571613520357,0.05079077527156721,0.05913880551822015,0.09038858780141934,0.6616735446441756,0.6581437948937031,1.0,0.042916204100525844
deephit,deephit_035,0,20262489,1,"{""alpha"": 1.0, ""batch_size"": 512, ""dropout"": 0.4, ""head"": [32, 32], ""lr"": 0.001, ""num_durations"": 40, ""sigma"": 0.05, ""trunk"": [64, 64]}",0.04537641729491533,0.041509174627173406,1.093165973606478,0.024515634498699333,1.4336825254028964,0.008881683097862652,0.006427313071773577,0.017744044435038075,0.8416074429355788,0.8351100703795433,1.0,0.03642883055621633
deephit,deephit_021,0,20262251,1,"{""alpha"": 0.0, ""batch_size"": 512, ""dropout"": 0.2, ""head"": [32, 32], ""lr"": 0.001, ""num_durations"": 40, ""sigma"": 0.05, ""trunk"": [32]}",0.21549771160149458,0.041509174627173406,5.19156821442607,-1.684542545637275,5.969104719568783,0.17381314723181746,0.18079196368267847,0.18358838632083796,0.6776009177600918,0.6739024601984676,1.0,0.0694308278776107
deephit,deephit_025,2,20264301,1,"{""alpha"": 0.3, ""batch_size"": 256, ""dropout"": 0.4, ""head"": [32, 32], ""lr"": 0.001, ""num_durations"": 80, ""sigma"": 0.1, ""trunk"": [32]}",0.055647959252657475,0.041509174627173406,1.340618303121554,-0.21136541380433288,1.7697813966341713,0.017294509354657504,0.012800446647514119,0.04022511085294067,0.8395910582968542,0.8331504279497866,1.0,0.03693025320532052
deephit,deephit_069,0,20263067,1,"{""alpha"": 0.9, ""batch_size"": 512, ""dropout"": 0.4, ""head"": [32], ""lr"": 0.001, ""num_durations"": 80, ""sigma"": 0.5, ""trunk"": [128, 128]}",0.05095327399938413,0.041509174627173406,1.2275183608692686,-0.10733407979005188,1.2149839151665918,0.009366738984575141,0.009011780977789874,0.016119129953110267,0.8413870010261173,0.8348983820456682,1.0,0.036527281862696666
deephit,deephit_059,2,20264879,1,"{""alpha"": 0.0, ""batch_size"": 512, ""dropout"": 0.4, ""head"": [32], ""lr"": 0.001, ""num_durations"": 20, ""sigma"": 0.5, ""trunk"": [128, 128]}",0.1616838587639767,0.041509174627173406,3.8951354782692453,-1.5452334084182966,1.5163882534421291,0.1227803341011327,0.04327828537576321,0.30903509527249967,0.8147359659106826,0.8076951237072223,1.0,0.07006662218197497
deephit,deephit_069,2,20265049,1,"{""alpha"": 0.9, ""batch_size"": 512, ""dropout"": 0.4, ""head"": [32], ""lr"": 0.001, ""num_durations"": 80, ""sigma"": 0.5, ""trunk"": [128, 128]}",0.04904842589980853,0.041509174627173406,1.1816285517684002,-0.06021270524847388,1.334640085314713,0.008824443547908288,0.007465844304181957,0.018007530303017272,0.8436171798915193,0.8370523384442633,1.0,0.036464153601024514
deephit,deephit_076,0,20263186,1,"{""alpha"": 0.9, ""batch_size"": 256, ""dropout"": 0.4, ""head"": [64], ""lr"": 0.001, ""num_durations"": 20, ""sigma"": 0.25, ""trunk"": [64]}",0.04146176985754216,0.041509174627173406,0.9988579688693637,0.01992709510277015,0.9615185052699458,0.0025895363558836324,0.0021699990247630203,0.005327384025633597,0.8422045472999249,0.835582432297213,1.0,0.03644999268513236
deephit,deephit_021,1,20263242,1,"{""alpha"": 0.0, ""batch_size"": 512, ""dropout"": 0.2, ""head"": [32, 32], ""lr"": 0.001, ""num_durations"": 40, ""sigma"": 0.05, ""trunk"": [32]}",0.2086018568506412,0.041509174627173406,5.025439766612051,-1.5741047251441476,6.967388050561687,0.166945621262603,0.174976020221154,0.18926442711162883,0.7837905277168011,0.7784929417658932,1.0,0.0662018586979149
deephit,deephit_077,2,20265185,1,"{""alpha"": 0.5, ""batch_size"": 128, ""dropout"": 0.4, ""head"": [32], ""lr"": 0.001, ""num_durations"": 80, ""sigma"": 0.05, ""trunk"": [128, 128]}",0.0620675659229281,0.041509174627173406,1.4952734300406068,-0.21402560207821844,2.4208438602460975,0.02520043701832579,0.0260530058004248,0.043024481929280656,0.8329247382593612,0.8265113867172224,1.0,0.03761462095784985
deephit,deephit_035,1,20263480,1,"{""alpha"": 1.0, ""batch_size"": 512, ""dropout"": 0.4, ""head"": [32, 32], ""lr"": 0.001, ""num_durations"": 40, ""sigma"": 0.05, ""trunk"": [64, 64]}",0.04261546277389759,0.041509174627173406,1.0266516536804364,0.06300693541287697,1.2936250639776983,0.00603670759257089,0.0036818122338037884,0.010737736184710828,0.8400734901331768,0.8335836830190626,1.0,0.03646423913688632
deephit,deephit_035,2,20264471,1,"{""alpha"": 1.0, ""batch_size"": 512, ""dropout"": 0.4, ""head"": [32, 32], ""lr"": 0.001, ""num_durations"": 40, ""sigma"": 0.05, ""trunk"": [64, 64]}",0.04440007562425823,0.041509174627173406,1.069644868226128,0.04127479937752649,1.4166895656490766,0.00823185137511824,0.005910154316940308,0.015879003699562855,0.8407534531150804,0.8342446642976323,1.0,0.036483857463617445
deephit,deephit_069,1,20264058,1,"{""alpha"": 0.9, ""batch_size"": 512, ""dropout"": 0.4, ""head"": [32], ""lr"": 0.001, ""num_durations"": 80, ""sigma"": 0.5, ""trunk"": [128, 128]}",0.04746617650154315,0.041509174627173406,1.1435104872085333,-0.05142942223866711,1.1550727518160018,0.005963337016060136,0.005975031822169741,0.009558850138257857,0.8404635666622507,0.8339953799297146,1.0,0.03655369594584336
deephit,deephit_077,1,20264194,1,"{""alpha"": 0.5, ""batch_size"": 128, ""dropout"": 0.4, ""head"": [32], ""lr"": 0.001, ""num_durations"": 80, ""sigma"": 0.05, ""trunk"": [128, 128]}",0.052269889404765436,0.041509174627173406,1.2592370210740755,-0.061001116446987094,2.208094875533482,0.018509319501754332,0.01719002255699642,0.03261237857386057,0.834342712738907,0.8281234256297568,1.0,0.03720966372010809
deephit,deephit_067,1,20264024,1,"{""alpha"": 0.7, ""batch_size"": 256, ""dropout"": 0.2, ""head"": [32], ""lr"": 0.001, ""num_durations"": 20, ""sigma"": 0.05, ""trunk"": [64]}",0.05417948588377298,0.041509174627173406,1.3052412236668547,-0.11723298751604462,1.7369918204045978,0.015545322362439596,0.015105257199651816,0.027354110040737678,0.8235783336823367,0.817391297779068,1.0,0.037342203267148294
nfg,nfg_024,0,20262302,1,"{""batch_size"": 512, ""dropout"": 0.1, ""layers"": [32, 32], ""layers_surv"": [32], ""lr"": 0.005, ""weight_decay"": 0.0001}",0.04209376520813216,0.041509174627173406,1.0140834065290245,-0.07384775791513645,0.9175796451674995,0.003778150225784592,0.002454921659545861,0.007750081361828864,0.8375135387182413,0.8310374378634017,1.0,0.03638154489771193
deephit,deephit_043,1,20263616,1,"{""alpha"": 0.9, ""batch_size"": 512, ""dropout"": 0.4, ""head"": [32, 32], ""lr"": 0.003, ""num_durations"": 40, ""sigma"": 0.05, ""trunk"": [32]}",0.06181887588503222,0.041509174627173406,1.489282223515072,-0.2739134026881009,2.025553487376064,0.021791281780664994,0.020219734068289474,0.04329857461572473,0.8198969419234691,0.8135352346893202,1.0,0.037789490658808614
nfg,nfg_024,2,20264284,1,"{""batch_size"": 512, ""dropout"": 0.1, ""layers"": [32, 32], ""layers_surv"": [32], ""lr"": 0.005, ""weight_decay"": 0.0001}",0.039608470680049065,0.041509174627173406,0.9542100279228373,-0.00406899666800041,0.9036543106657207,0.0033098078387774144,0.002344683375801848,0.005700702468391272,0.838265320415936,0.83183421810883,1.0,0.03634283750173357
nfg,nfg_000,2,20263876,1,"{""batch_size"": 256, ""dropout"": 0.1, ""layers"": [32, 32], ""layers_surv"": [32], ""lr"": 0.001, ""weight_decay"": 0.001}",0.039484781793154816,0.041509174627173406,0.9512302315764827,0.03613864643575897,0.9511737902408356,0.0024308476842092768,0.0012877073405500594,0.005711004486700033,0.8378800515860184,0.8313910265297838,1.0,0.03631624192047534
nfg,nfg_000,0,20261894,1,"{""batch_size"": 256, ""dropout"": 0.1, ""layers"": [32, 32], ""layers_surv"": [32], ""lr"": 0.001, ""weight_decay"": 0.001}",0.03942622831567771,0.041509174627173406,0.9498196162606393,0.031243865352628495,0.9119374929941012,0.003104194895399371,0.0006360675884643507,0.008977489707131192,0.8372474533439507,0.8306964005777819,1.0,0.036472934162193445
nfg,nfg_027,0,20262353,1,"{""batch_size"": 512, ""dropout"": 0.1, ""layers"": [64, 64], ""layers_surv"": [64], ""lr"": 0.001, ""weight_decay"": 0.01}",0.048037518681128606,0.041509174627173406,1.1572747257104339,-0.16799575838749453,0.889450243803877,0.009638372887035833,0.00880464620054755,0.00907754641182279,0.8154976597782428,0.8092578868286159,1.0,0.03706108489118282
nfg,nfg_004,1,20262953,1,"{""batch_size"": 128, ""dropout"": 0.1, ""layers"": [50, 50, 50], ""layers_surv"": [100], ""lr"": 0.0005, ""weight_decay"": 0.01}",0.050134846579969215,0.041509174627173406,1.2078015771277015,-0.17569083820394654,0.9122993152941431,0.014645275890397966,0.012698841197814614,0.017029635593776793,0.787810595171788,0.7823434264641912,1.0,0.0373163893006192
nfg,nfg_042,0,20262608,1,"{""batch_size"": 128, ""dropout"": 0.25, ""layers"": [64, 64], ""layers_surv"": [50, 50], ""lr"": 0.001, ""weight_decay"": 0.01}",0.06989740841890217,0.041509174627173406,1.683902632290472,-0.5192884144996158,0.964694412012186,0.028161841512031688,0.022758597166152028,0.024424422667932766,0.749673610646169,0.7450311349783623,1.0,0.03874969817077711
nfg,nfg_024,1,20263293,1,"{""batch_size"": 512, ""dropout"": 0.1, ""layers"": [32, 32], ""layers_surv"": [32], ""lr"": 0.005, ""weight_decay"": 0.0001}",0.041547779452750074,0.041509174627173406,1.0009300311539173,-0.06606625230311089,0.8804092711601099,0.0038935297455072056,0.0023000160355751698,0.0047186545943678215,0.8393889568693592,0.8329016665560673,1.0,0.036444891883941975
nfg,nfg_002,2,20263910,1,"{""batch_size"": 128, ""dropout"": 0.0, ""layers"": [32], ""layers_surv"": [32], ""lr"": 0.0001, ""weight_decay"": 0.01}",0.05449140155110537,0.041509174627173406,1.3127556025995595,-0.239924533429568,0.9798743797374684,0.01388205572156248,0.013020924567919367,0.015177292593010039,0.7901515885350264,0.7843416527681432,1.0,0.037242228386762194
nfg,nfg_014,1,20263123,1,"{""batch_size"": 256, ""dropout"": 0.25, ""layers"": [100, 100], ""layers_surv"": [100], ""lr"": 0.001, ""weight_decay"": 0.01}",0.05052050497175183,0.041509174627173406,1.2170924964303984,-0.07764603460680031,1.065257557926315,0.012296420987726786,0.013877830413861592,0.01684013536400586,0.8264634280105813,0.8201843286481431,1.0,0.03650385764775467
nfg,nfg_042,1,20263599,1,"{""batch_size"": 128, ""dropout"": 0.25, ""layers"": [64, 64], ""layers_surv"": [50, 50], ""lr"": 0.001, ""weight_decay"": 0.01}",0.06865894767704117,0.041509174627173406,1.6540668007427577,-0.5557830268859004,0.9018787832716388,0.028094688185562197,0.022303353510736534,0.02396342659281292,0.7611969532720132,0.7564827591096004,1.0,0.03907821881739906
nfg,nfg_012,0,20262098,1,"{""batch_size"": 512, ""dropout"": 0.25, ""layers"": [64, 64], ""layers_surv"": [32], ""lr"": 0.0001, ""weight_decay"": 0.0001}",0.05711809765620248,0.041509174627173406,1.3760354950255,-0.2929638573997045,0.9292958866310935,0.020413053892652317,0.02000890834558644,0.0209729484525647,0.7967040670048438,0.7911431646516858,1.0,0.03735983937386847
nfg,nfg_000,1,20262885,1,"{""batch_size"": 256, ""dropout"": 0.1, ""layers"": [32, 32], ""layers_surv"": [32], ""lr"": 0.001, ""weight_decay"": 0.001}",0.03999467087624999,0.041509174627173406,0.9635139998680685,0.007252131127558383,0.8972974774133298,0.0033637064092924204,0.0007215946359182546,0.00900453320155914,0.8445633469563347,0.8377845604303078,1.0,0.0361468836650512
nfg,nfg_006,1,20262987,1,"{""batch_size"": 256, ""dropout"": 0.1, ""layers"": [32, 32], ""layers_surv"": [64], ""lr"": 0.005, ""weight_decay"": 0.001}",0.041817514790328414,0.041509174627173406,1.0074282412484579,-0.010566396037413823,1.0895713678957637,0.0033556258604699307,0.002368369580031171,0.007314240018367113,0.8407265062580811,0.8341176977839027,1.0,0.036214926459082204
nfg,nfg_042,2,20264590,1,"{""batch_size"": 128, ""dropout"": 0.25, ""layers"": [64, 64], ""layers_surv"": [50, 50], ""lr"": 0.001, ""weight_decay"": 0.01}",0.06713695402877445,0.041509174627173406,1.6174003610475112,-0.47398782625578795,0.9470697180998036,0.02789293537131541,0.022537133522087416,0.026610812399034955,0.7595204314156193,0.7547638591358538,1.0,0.03854300754155639
nfg,nfg_029,1,20263378,1,"{""batch_size"": 512, ""dropout"": 0.25, ""layers"": [32, 32], ""layers_surv"": [64], ""lr"": 0.0001, ""weight_decay"": 0.001}",0.041288674978652344,0.041509174627173406,0.9946879298251159,0.0788672651693972,0.9625447054745918,0.012980934972493065,0.00981792046633767,0.032840357514970164,0.8052664011392229,0.7992920323951137,1.0,0.03668724534388091
nfg,nfg_023,1,20263276,1,"{""batch_size"": 512, ""dropout"": 0.1, ""layers"": [64, 64], ""layers_surv"": [50, 50], ""lr"": 0.0001, ""weight_decay"": 0.01}",0.05863378597734642,0.041509174627173406,1.4125500327092175,-0.2215369380836488,1.0688990888305785,0.020999392894555553,0.022199265734183404,0.02449722582360414,0.7843138546731073,0.7789395036231072,1.0,0.03710832031274995
nfg,nfg_012,1,20263089,1,"{""batch_size"": 512, ""dropout"": 0.25, ""layers"": [64, 64], ""layers_surv"": [32], ""lr"": 0.0001, ""weight_decay"": 0.0001}",0.05411428518428683,0.041509174627173406,1.3036704697293995,-0.24596874199723895,0.919115623438078,0.016464675521664328,0.01464496716005792,0.01747274578187219,0.7996501775643555,0.7940763526059398,1.0,0.03714402823343263
nfg,nfg_027,2,20264335,1,"{""batch_size"": 512, ""dropout"": 0.1, ""layers"": [64, 64], ""layers_surv"": [64], ""lr"": 0.001, ""weight_decay"": 0.01}",0.0505386245830863,0.041509174627173406,1.2175290170670339,-0.19708157317038558,0.9174019151006612,0.013420507768916226,0.011560507262182274,0.015834639671989392,0.815119335402662,0.8087584464691164,1.0,0.03706551690630464
nfg,nfg_028,2,20264352,1,"{""batch_size"": 512, ""dropout"": 0.0, ""layers"": [50, 50, 50], ""layers_surv"": [32], ""lr"": 0.005, ""weight_decay"": 0.01}",0.04534853259635055,0.041509174627173406,1.092494201671352,-0.013671113344494617,1.0962995279664038,0.003948792106695322,0.0039074403331109675,0.004851536781232735,0.8390759815897174,0.832553423848158,1.0,0.03642062416064703
deephit,deephit_021,2,20264233,1,"{""alpha"": 0.0, ""batch_size"": 512, ""dropout"": 0.2, ""head"": [32, 32], ""lr"": 0.001, ""num_durations"": 40, ""sigma"": 0.05, ""trunk"": [32]}",0.20319390494630588,0.041509174627173406,4.895156474956449,-1.5042571609575845,7.456014383552218,0.16158521193771028,0.16649318851220485,0.1896660962242901,0.8300661159536314,0.8236668719437242,1.0,0.06380473844644943
nfg,nfg_002,0,20261928,1,"{""batch_size"": 128, ""dropout"": 0.0, ""layers"": [32], ""layers_surv"": [32], ""lr"": 0.0001, ""weight_decay"": 0.01}",0.05567424298453424,0.041509174627173406,1.3412515060727772,-0.2744109807102007,0.9861913299205101,0.014418866403894953,0.01083770644956128,0.024441257242129533,0.7977497118941765,0.7918455771084199,1.0,0.03727965321410239
nfg,nfg_018,0,20262200,1,"{""batch_size"": 512, ""dropout"": 0.1, ""layers"": [100, 100], ""layers_surv"": [32], ""lr"": 0.001, ""weight_decay"": 0.01}",0.04857972362845011,0.041509174627173406,1.1703370174132075,-0.1299752953771154,0.9734591853696318,0.007362290613905451,0.006633664988546895,0.00999233634522001,0.8158980639573561,0.8097793502126936,1.0,0.03674456408086325
nfg,nfg_029,2,20264369,1,"{""batch_size"": 512, ""dropout"": 0.25, ""layers"": [32, 32], ""layers_surv"": [64], ""lr"": 0.0001, ""weight_decay"": 0.001}",0.04322951260547691,0.041509174627173406,1.0414447647720104,0.04605329157476592,0.9678807114180104,0.014532680161405022,0.011362344596373641,0.03275865842677783,0.8068417238960929,0.8010211013116076,1.0,0.0368869191022114
nfg,nfg_006,0,20261996,1,"{""batch_size"": 256, ""dropout"": 0.1, ""layers"": [32, 32], ""layers_surv"": [64], ""lr"": 0.005, ""weight_decay"": 0.001}",0.04226196657264802,0.041509174627173406,1.018135555626823,-0.06578040321160614,0.9104113101754459,0.0032585672980259,0.001827467852034026,0.007044229436866223,0.8400275498967947,0.8335756640813534,1.0,0.03652371256399562
nfg,nfg_047,0,20262693,1,"{""batch_size"": 256, ""dropout"": 0.0, ""layers"": [32], ""layers_surv"": [50, 50], ""lr"": 0.0005, ""weight_decay"": 0.01}",0.05830799065240721,0.041509174627173406,1.4047012781178427,-0.2699096535679713,1.0394372297664485,0.017487940506394642,0.017914236683728157,0.01934393403585577,0.7649780009183299,0.7600148106292995,1.0,0.03764402891772166
nfg,nfg_014,0,20262132,1,"{""batch_size"": 256, ""dropout"": 0.25, ""layers"": [100, 100], ""layers_surv"": [100], ""lr"": 0.001, ""weight_decay"": 0.01}",0.05050166960482159,0.041509174627173406,1.216638732483044,-0.08811329785156588,1.0896941932789768,0.009776439797039118,0.011321347061184261,0.012462350473426365,0.82330435418474,0.8169881427803237,1.0,0.03641448989193668
nfg,nfg_047,1,20263684,1,"{""batch_size"": 256, ""dropout"": 0.0, ""layers"": [32], ""layers_surv"": [50, 50], ""lr"": 0.0005, ""weight_decay"": 0.01}",0.06097607347897518,0.041509174627173406,1.4689782205174957,-0.26547812291235695,1.0997843854735252,0.022129920997559685,0.024813392637760945,0.028284243138351095,0.7591241226839355,0.7544017866658083,1.0,0.03792501204381581
nfg,nfg_006,2,20263978,1,"{""batch_size"": 256, ""dropout"": 0.1, ""layers"": [32, 32], ""layers_surv"": [64], ""lr"": 0.005, ""weight_decay"": 0.001}",0.04212363725465886,0.041509174627173406,1.0148030557823524,-0.04882241078469545,0.9715374244925721,0.0027113052873359474,0.0019114254430879773,0.006680264734989949,0.8429205977026558,0.8363697990070695,1.0,0.036358201483736016
nfg,nfg_023,0,20262285,1,"{""batch_size"": 512, ""dropout"": 0.1, ""layers"": [64, 64], ""layers_surv"": [50, 50], ""lr"": 0.0001, ""weight_decay"": 0.01}",0.061392422656244325,0.041509174627173406,1.4790085133626008,-0.2309208630185901,1.1400558788971458,0.02134941781177255,0.0245514098964833,0.025207765387648018,0.7733825712952108,0.7683990167620204,1.0,0.03684556181720123
nfg,nfg_012,2,20264080,1,"{""batch_size"": 512, ""dropout"": 0.25, ""layers"": [64, 64], ""layers_surv"": [32], ""lr"": 0.0001, ""weight_decay"": 0.0001}",0.05614634659748945,0.041509174627173406,1.352624982351107,-0.2313448879208826,1.007625972711186,0.014522238938947794,0.01350114369463462,0.01387845543474897,0.8089961666612061,0.8030598290618156,1.0,0.036795031698990475
nfg,nfg_018,1,20263191,1,"{""batch_size"": 512, ""dropout"": 0.1, ""layers"": [100, 100], ""layers_surv"": [32], ""lr"": 0.001, ""weight_decay"": 0.01}",0.05069170499584984,0.041509174627173406,1.2212168864149184,-0.19715020455773502,0.926876616529624,0.009032442045823454,0.006657703262910153,0.017297897341829294,0.8218006720807295,0.8153568119306918,1.0,0.036955356912009164
nfg,nfg_028,1,20263361,1,"{""batch_size"": 512, ""dropout"": 0.0, ""layers"": [50, 50, 50], ""layers_surv"": [32], ""lr"": 0.005, ""weight_decay"": 0.01}",0.04985231688224684,0.041509174627173406,1.2009951373403533,-0.12064239905989822,1.1882052570889763,0.008530754909269618,0.005018072866922685,0.01991531374251765,0.8385286161376299,0.8320485794219415,1.0,0.036358067185790266
nfg,nfg_014,2,20264114,1,"{""batch_size"": 256, ""dropout"": 0.25, ""layers"": [100, 100], ""layers_surv"": [100], ""lr"": 0.001, ""weight_decay"": 0.01}",0.05281672457863034,0.041509174627173406,1.2724108598404797,-0.15613526578004214,1.018150396830093,0.013220655410628656,0.013511484169283605,0.016255068477568302,0.8239660953932982,0.8179873721487882,1.0,0.0367129310494705
nfg,nfg_047,2,20264675,1,"{""batch_size"": 256, ""dropout"": 0.0, ""layers"": [32], ""layers_surv"": [50, 50], ""lr"": 0.0005, ""weight_decay"": 0.01}",0.06652877251265718,0.041509174627173406,1.6027486238935005,-0.3661159238170782,1.0694346063204998,0.025507453896935154,0.025932632267835043,0.027531579901245218,0.7884253871206844,0.7831503756523668,1.0,0.03806431090432757
nfg,nfg_029,0,20262387,1,"{""batch_size"": 512, ""dropout"": 0.25, ""layers"": [32, 32], ""layers_surv"": [64], ""lr"": 0.0001, ""weight_decay"": 0.001}",0.0443661445957473,0.041509174627173406,1.0688274337958918,0.009795709438237148,0.9689939007332942,0.014272985802055518,0.011122680470978641,0.031041265958613118,0.805902976120099,0.8001556371214524,1.0,0.0366980533348003
nfg,nfg_009,2,20264029,1,"{""batch_size"": 256, ""dropout"": 0.0, ""layers"": [100, 100], ""layers_surv"": [32], ""lr"": 0.0005, ""weight_decay"": 0.01}",0.057011727032631694,0.041509174627173406,1.3734729139930852,-0.2830505117443314,1.001174067054283,0.017559568657523422,0.015377036453444015,0.019493145455653615,0.7911054123059055,0.7855265960852941,1.0,0.03716596958569241
nfg,nfg_013,2,20264097,1,"{""batch_size"": 512, ""dropout"": 0.0, ""layers"": [100, 100], ""layers_surv"": [64], ""lr"": 0.0001, ""weight_decay"": 0.001}",0.05132189422423907,0.041509174627173406,1.2363988126769907,-0.837207212205823,0.5887564104623884,0.0184915878590085,0.004345778565070679,0.017235619657430035,0.730987983363699,0.7261860502792044,1.0,0.04120331753125787
nfg,nfg_013,1,20263106,1,"{""batch_size"": 512, ""dropout"": 0.0, ""layers"": [100, 100], ""layers_surv"": [64], ""lr"": 0.0001, ""weight_decay"": 0.001}",0.052131976064664055,0.041509174627173406,1.2559145425776927,-0.9063455943142504,0.5761664237025506,0.01946449251722954,0.004701964702147232,0.018163609755170396,0.7402560402507696,0.7351726645802708,1.0,0.0416818278805326
nfg,nfg_005,2,20263961,1,"{""batch_size"": 512, ""dropout"": 0.25, ""layers"": [100, 100], ""layers_surv"": [50, 50], ""lr"": 0.005, ""weight_decay"": 0.0001}",0.04126405784727242,0.041509174627173406,0.9940948770457959,0.01595791008015985,1.070969222689511,0.0023427302156870584,0.0016246017134314839,0.004149159711239081,0.8402634239270046,0.8337027468115716,1.0,0.03630261288299749
nfg,nfg_028,0,20262370,1,"{""batch_size"": 512, ""dropout"": 0.0, ""layers"": [50, 50, 50], ""layers_surv"": [32], ""lr"": 0.005, ""weight_decay"": 0.01}",0.04785529636371771,0.041509174627173406,1.1528847970007552,-0.08488689333262131,1.105311664988461,0.006237115728005531,0.004593719711583288,0.011553869990209131,0.8375048136345873,0.8309472538682948,1.0,0.036404679066035665
nfg,nfg_005,1,20262970,1,"{""batch_size"": 512, ""dropout"": 0.25, ""layers"": [100, 100], ""layers_surv"": [50, 50], ""lr"": 0.005, ""weight_decay"": 0.0001}",0.03999843028886728,0.041509174627173406,0.9636045681015025,0.01967300688837391,0.9844567163782109,0.0017490369636243618,0.0017392884384140883,0.002057523550414775,0.8399610137146444,0.8333737960407599,1.0,0.03624494297460319
nfg,nfg_005,0,20261979,1,"{""batch_size"": 512, ""dropout"": 0.25, ""layers"": [100, 100], ""layers_surv"": [50, 50], ""lr"": 0.005, ""weight_decay"": 0.0001}",0.043009729064894836,0.041509174627173406,1.0361499463961663,-0.03389671421804409,1.052650471554599,0.0026606511644023563,0.0013026094198101967,0.0066594786162306185,0.8393306709363784,0.8328666272847726,1.0,0.03626637213279887
nfg,nfg_018,2,20264182,1,"{""batch_size"": 512, ""dropout"": 0.1, ""layers"": [100, 100], ""layers_surv"": [32], ""lr"": 0.001, ""weight_decay"": 0.01}",0.0525757731709133,0.041509174627173406,1.2666060851158263,-0.2687341092688527,0.9271974981473073,0.010954145398882236,0.0050978526269411795,0.027964871495791077,0.819069067999622,0.8128016762136575,1.0,0.03713337791953566
nfg,nfg_010,2,20264046,1,"{""batch_size"": 256, ""dropout"": 0.25, ""layers"": [64, 64], ""layers_surv"": [32], ""lr"": 0.0005, ""weight_decay"": 0.001}",0.03843114358968336,0.041509174627173406,0.9258469708170237,0.0695758056641245,0.935503164699639,0.0035434108262851413,0.0009588629803647386,0.01052552406467866,0.8391286882175046,0.8325988644951771,1.0,0.03633076102107866
nfg,nfg_013,0,20262115,1,"{""batch_size"": 512, ""dropout"": 0.0, ""layers"": [100, 100], ""layers_surv"": [64], ""lr"": 0.0001, ""weight_decay"": 0.001}",0.052072541539079344,0.041509174627173406,1.2544827018793763,-0.8914778952155539,0.587801216063902,0.018337938636901904,0.002765316417093766,0.018599173807034575,0.7299363436889986,0.7251998952657005,1.0,0.04147520904472383
nfg,nfg_010,0,20262064,1,"{""batch_size"": 256, ""dropout"": 0.25, ""layers"": [64, 64], ""layers_surv"": [32], ""lr"": 0.0005, ""weight_decay"": 0.001}",0.040907243193632585,0.041509174627173406,0.9854988339578601,0.012988956339903069,0.969357764418237,0.0012030359048251671,0.0006506154189587221,0.0027928873144468236,0.8361029241732063,0.8298253579961767,1.0,0.036353001632805165
nfg,nfg_027,1,20263344,1,"{""batch_size"": 512, ""dropout"": 0.1, ""layers"": [64, 64], ""layers_surv"": [64], ""lr"": 0.001, ""weight_decay"": 0.01}",0.05145005429245681,0.041509174627173406,1.239486324519104,-0.18285815529846705,1.0030718032108004,0.009632876831444773,0.006402421589370877,0.01908261797142552,0.8295635036517146,0.8232054343759773,1.0,0.036530533583699364
nfg,nfg_023,2,20264267,1,"{""batch_size"": 512, ""dropout"": 0.1, ""layers"": [64, 64], ""layers_surv"": [50, 50], ""lr"": 0.0001, ""weight_decay"": 0.01}",0.058971277448136745,0.041509174627173406,1.420680559847413,-0.2677832831548185,1.0007469092121932,0.02329608863495445,0.022576365356566708,0.025375289532179268,0.7630403794497334,0.7580535992769475,1.0,0.037302212060490794
nfg,nfg_019,2,20264199,1,"{""batch_size"": 128, ""dropout"": 0.0, ""layers"": [100, 100], ""layers_surv"": [50, 50], ""lr"": 0.001, ""weight_decay"": 0.01}",0.05868073255410061,0.041509174627173406,1.413681025487943,-0.2771022255218786,0.9951413766128707,0.02061596556145995,0.02374104451069836,0.029444315469688176,0.800347175233393,0.7946993892010011,1.0,0.03718580030262347
nfg,nfg_010,1,20263055,1,"{""batch_size"": 256, ""dropout"": 0.25, ""layers"": [64, 64], ""layers_surv"": [32], ""lr"": 0.0005, ""weight_decay"": 0.001}",0.040854418814391225,0.041509174627173406,0.9842262386890835,0.005491786106054325,0.9687207122509836,0.0012749405173245775,0.0010871707631967542,0.0018810683756818047,0.8366230459967416,0.8303919133778078,1.0,0.03627202178028215
nfg,nfg_004,0,20261962,1,"{""batch_size"": 128, ""dropout"": 0.1, ""layers"": [50, 50, 50], ""layers_surv"": [100], ""lr"": 0.0005, ""weight_decay"": 0.01}",0.04979225215865178,0.041509174627173406,1.1995481145042082,-0.19078377993177725,0.8948067822264373,0.014804933935140336,0.012929661522652292,0.016898773752051954,0.8042541727267418,0.7983731086202303,1.0,0.03712367663890712
nfg,nfg_002,1,20262919,1,"{""batch_size"": 128, ""dropout"": 0.0, ""layers"": [32], ""layers_surv"": [32], ""lr"": 0.0001, ""weight_decay"": 0.01}",0.05569243632656913,0.041509174627173406,1.3416898029601112,-0.2767170490880384,0.9573084104723538,0.014460303488018562,0.01184112235153778,0.02139186747988664,0.8060405594120029,0.7996890279199654,1.0,0.03725559229374342
nfg,nfg_017,2,20264165,1,"{""batch_size"": 256, ""dropout"": 0.25, ""layers"": [64, 64], ""layers_surv"": [64], ""lr"": 0.005, ""weight_decay"": 0.0001}",0.04202222080301817,0.041509174627173406,1.0123598260011875,-0.05177089728879821,0.9833635899313375,0.0034193658928560852,0.002842539726825688,0.0072662341378388895,0.838522502643641,0.8319942482135492,1.0,0.036385454614211936
nfg,nfg_009,1,20263038,1,"{""batch_size"": 256, ""dropout"": 0.0, ""layers"": [100, 100], ""layers_surv"": [32], ""lr"": 0.0005, ""weight_decay"": 0.01}",0.055432088113497244,0.041509174627173406,1.335417738641553,-0.38907702652307435,0.8516625309937249,0.01469946653099832,0.007902658537133789,0.03279773550928844,0.7745872857368743,0.7687284905070304,1.0,0.03816881429505481
nfg,nfg_054,1,20263803,1,"{""batch_size"": 512, ""dropout"": 0.1, ""layers"": [100, 100], ""layers_surv"": [50, 50], ""lr"": 0.0005, ""weight_decay"": 0.01}",0.06188009771941477,0.041509174627173406,1.4907571223761655,-0.30977291780712285,1.025869225328603,0.03292603407729217,0.032572098441544406,0.036118262447671134,0.7448615786252307,0.7406681355656042,1.0,0.037610492590348314
nfg,nfg_009,0,20262047,1,"{""batch_size"": 256, ""dropout"": 0.0, ""layers"": [100, 100], ""layers_surv"": [32], ""lr"": 0.0005, ""weight_decay"": 0.01}",0.056090434920319475,0.041509174627173406,1.351278010803921,-0.33881135144818586,0.9206944126883219,0.015767085811825246,0.011999621351061363,0.023946063487553904,0.7819041290182275,0.7762598419386026,1.0,0.037795231285379614
nfg,nfg_007,2,20263995,1,"{""batch_size"": 256, ""dropout"": 0.0, ""layers"": [100, 100], ""layers_surv"": [50, 50], ""lr"": 0.0001, ""weight_decay"": 0.001}",0.04608629491645258,0.041509174627173406,1.1102676776975187,-0.5402923032846078,0.6193292798857299,0.016752389352503665,0.0054425650131354475,0.025144146756244545,0.784494529194486,0.7787765681061745,1.0,0.03922967876345302
nfg,nfg_017,1,20263174,1,"{""batch_size"": 256, ""dropout"": 0.25, ""layers"": [64, 64], ""layers_surv"": [64], ""lr"": 0.005, ""weight_decay"": 0.0001}",0.03951278434591229,0.041509174627173406,0.9519048427439892,0.021469299588778076,1.0388837721168687,0.0027879953710027434,0.0030154086908174005,0.003285043989486147,0.84344683302018,0.8369143313641224,1.0,0.036241090254079684
nfg,nfg_011,0,20262081,1,"{""batch_size"": 128, ""dropout"": 0.0, ""layers"": [100, 100], ""layers_surv"": [32], ""lr"": 0.0005, ""weight_decay"": 0.0001}",0.05091277324251531,0.041509174627173406,1.2265426547215894,-0.3911937605529803,0.7750031405412303,0.010932264837913215,0.0016529239811681196,0.03130264561223062,0.8166823718172438,0.8105729926129314,1.0,0.037704396221079864
nfg,nfg_036,2,20264488,1,"{""batch_size"": 256, ""dropout"": 0.0, ""layers"": [32], ""layers_surv"": [50, 50], ""lr"": 0.001, ""weight_decay"": 0.0001}",0.044438871359047574,0.041509174627173406,1.0705794985852666,-0.2098825238735457,0.7849151650788826,0.007643056399228853,0.0014487982267740174,0.011729427481382504,0.8301590054496754,0.8237352653472299,1.0,0.03692115848882379
nfg,nfg_054,2,20264794,1,"{""batch_size"": 512, ""dropout"": 0.1, ""layers"": [100, 100], ""layers_surv"": [50, 50], ""lr"": 0.0005, ""weight_decay"": 0.01}",0.05875221323401853,0.041509174627173406,1.4154030708082836,-0.21033409684931675,1.0925485291032055,0.024853965604499834,0.026759574712376444,0.029682211438549877,0.7589365630625304,0.7540445952882814,1.0,0.03733839939975543
nfg,nfg_036,0,20262506,1,"{""batch_size"": 256, ""dropout"": 0.0, ""layers"": [32], ""layers_surv"": [50, 50], ""lr"": 0.001, ""weight_decay"": 0.0001}",0.04051902352024802,0.041509174627173406,0.9761462106674317,-0.11568419989666494,0.7686085448020645,0.007935327582588326,0.0014434581391515877,0.018260105541287763,0.8319027757399464,0.8252793757222129,1.0,0.03686821120780964
deephit,deephit_013,1,20263106,1,"{""alpha"": 0.0, ""batch_size"": 128, ""dropout"": 0.4, ""head"": [64], ""lr"": 0.001, ""num_durations"": 20, ""sigma"": 0.05, ""trunk"": [64, 64, 64]}",0.20750747825466398,0.041509174627173406,4.999075026628501,-1.5346464750567517,6.834944129460734,0.16626042541239375,0.17124488159573326,0.19059313330238414,0.8266128821645995,0.8200082606680054,1.0,0.06528782564814681
nfg,nfg_033,0,20262455,1,"{""batch_size"": 512, ""dropout"": 0.25, ""layers"": [100, 100], ""layers_surv"": [64], ""lr"": 0.0005, ""weight_decay"": 0.0001}",0.040333897289431264,0.041509174627173406,0.9716863236068114,-0.01214481509949832,0.91915820338137,0.0026474734426481044,0.0018866240425464698,0.004418241421482727,0.8403877712076513,0.8340561611532209,1.0,0.036265347484818994
nfg,nfg_017,0,20262183,1,"{""batch_size"": 256, ""dropout"": 0.25, ""layers"": [64, 64], ""layers_surv"": [64], ""lr"": 0.005, ""weight_decay"": 0.0001}",0.039608072467743644,0.041509174627173406,0.9542004345664529,-0.0035403112115570366,0.9342283256728747,0.0026971260011317017,0.0027687324889921205,0.0031933827432629736,0.8387999840455613,0.8323489409365724,1.0,0.03634713952924317
nfg,nfg_016,2,20264148,1,"{""batch_size"": 512, ""dropout"": 0.25, ""layers"": [100, 100], ""layers_surv"": [50, 50], ""lr"": 0.005, ""weight_decay"": 0.001}",0.039722220795164985,0.041509174627173406,0.9569503887259031,0.06131425823768335,1.0780012328001145,0.0026728614034061656,0.001345519840045939,0.005507012846416748,0.8401746892327007,0.8336141317390601,1.0,0.03634995486167915
nfg,nfg_030,2,20264386,1,"{""batch_size"": 256, ""dropout"": 0.25, ""layers"": [64, 64], ""layers_surv"": [100], ""lr"": 0.0005, ""weight_decay"": 0.0001}",0.038324567807379216,0.041509174627173406,0.9232794472933357,0.0642798111387035,0.9565174541783822,0.0036005453981960496,0.002065319792166065,0.00825162640048438,0.8382130886226333,0.8316817420758659,1.0,0.036328524149635215
nfg,nfg_015,1,20263140,1,"{""batch_size"": 128, ""dropout"": 0.25, ""layers"": [32, 32], ""layers_surv"": [64], ""lr"": 0.0001, ""weight_decay"": 0.0001}",0.038936999216763225,0.041509174627173406,0.9380335688793402,0.08784755528705165,1.0204200539240889,0.002849185374452743,0.00024398763746991126,0.009927362559948083,0.8348732215667923,0.8285590050288036,1.0,0.036363609871984344
nfg,nfg_003,2,20263927,1,"{""batch_size"": 256, ""dropout"": 0.25, ""layers"": [50, 50, 50], ""layers_surv"": [50, 50], ""lr"": 0.005, ""weight_decay"": 0.001}",0.04105529347861649,0.041509174627173406,0.9890655221975966,0.024918676951308016,1.140956019035337,0.00370264557980136,0.0019020985204782903,0.00821652979267451,0.8363168371085049,0.8299438407062429,1.0,0.03648329655732288
nfg,nfg_003,0,20261945,1,"{""batch_size"": 256, ""dropout"": 0.25, ""layers"": [50, 50, 50], ""layers_surv"": [50, 50], ""lr"": 0.005, ""weight_decay"": 0.001}",0.04209939419695824,0.041509174627173406,1.0142190148343362,0.01158196367029923,1.153069473607884,0.003533822863955347,0.0012465813135927872,0.00921076147822164,0.8394203552996514,0.8327441351058518,1.0,0.036451498753555
nfg,nfg_025,1,20263310,1,"{""batch_size"": 256, ""dropout"": 0.25, ""layers"": [50, 50, 50], ""layers_surv"": [64], ""lr"": 0.005, ""weight_decay"": 0.001}",0.04024453110963816,0.041509174627173406,0.9695333976429547,0.046896554777866487,1.1547170712707195,0.0040294877628241675,0.0021723802903758083,0.00791155451508152,0.8402134475975037,0.8336623615818041,1.0,0.036369896117317176
nfg,nfg_044,0,20262642,1,"{""batch_size"": 512, ""dropout"": 0.1, ""layers"": [32, 32], ""layers_surv"": [100], ""lr"": 0.001, ""weight_decay"": 0.001}",0.039379979862039574,0.041509174627173406,0.9487054420075126,0.013681419561010693,0.9100377727097073,0.003100683168799549,0.0017579967258024576,0.007619820231349661,0.8364330528486033,0.8298888121989194,1.0,0.036338439669681866
nfg,nfg_033,1,20263446,1,"{""batch_size"": 512, ""dropout"": 0.25, ""layers"": [100, 100], ""layers_surv"": [64], ""lr"": 0.0005, ""weight_decay"": 0.0001}",0.03987307024069789,0.041509174627173406,0.9605845117092628,0.006556191603227293,0.9115762361822406,0.002920872925433871,0.0014766264335629442,0.006612357415192727,0.8383961373164349,0.8318563573498968,1.0,0.03632214430955211
nfg,nfg_036,1,20263497,1,"{""batch_size"": 256, ""dropout"": 0.0, ""layers"": [32], ""layers_surv"": [50, 50], ""lr"": 0.001, ""weight_decay"": 0.0001}",0.04397715163964324,0.041509174627173406,1.0594561813053784,-0.19775221257451817,0.7885230072731677,0.007040798183140739,0.001312983670020862,0.010257214533506032,0.8310638619143332,0.8242990315331361,1.0,0.03686225695689852
nfg,nfg_030,1,20263395,1,"{""batch_size"": 256, ""dropout"": 0.25, ""layers"": [64, 64], ""layers_surv"": [100], ""lr"": 0.0005, ""weight_decay"": 0.0001}",0.038336983084904866,0.041509174627173406,0.9235785444841895,0.05481026845278502,0.9469221788025206,0.003629129414203407,0.002531364783773582,0.007077578876935164,0.8389076527649375,0.8324059451242012,1.0,0.03636929550328692
nfg,nfg_016,0,20262166,1,"{""batch_size"": 512, ""dropout"": 0.25, ""layers"": [100, 100], ""layers_surv"": [50, 50], ""lr"": 0.005, ""weight_decay"": 0.001}",0.04037397346901098,0.041509174627173406,0.9726518012377129,0.04434998131780835,1.08101970438896,0.0024927162586351383,0.0013991980002433513,0.0037596562857283855,0.8374128738075125,0.8310010039942445,1.0,0.03639706698596863
nfg,nfg_039,0,20262557,1,"{""batch_size"": 256, ""dropout"": 0.25, ""layers"": [32], ""layers_surv"": [100], ""lr"": 0.005, ""weight_decay"": 0.0001}",0.03974932525783862,0.041509174627173406,0.9576033639516714,0.010956158388355825,0.9848253544793911,0.0019472278033826895,0.002629576706594916,0.0028631757039779826,0.8363442587999887,0.8298321566607563,1.0,0.036415802926747426
nfg,nfg_043,1,20263616,1,"{""batch_size"": 512, ""dropout"": 0.0, ""layers"": [32], ""layers_surv"": [50, 50], ""lr"": 0.0005, ""weight_decay"": 0.0001}",0.04279599949093314,0.041509174627173406,1.0310009744910065,-0.20273976591254436,0.7495555014936124,0.0088987481765876,0.002014578056433347,0.01765897959990348,0.831331312437767,0.8245713267657846,1.0,0.03709893689904613
nfg,nfg_019,1,20263208,1,"{""batch_size"": 128, ""dropout"": 0.0, ""layers"": [100, 100], ""layers_surv"": [50, 50], ""lr"": 0.001, ""weight_decay"": 0.01}",0.0553282668202,0.041509174627173406,1.332916573676705,-0.16697984303359095,1.0871443701965557,0.021287749740616212,0.024542240697975504,0.033944196989228015,0.8027858064375211,0.7968160982150193,1.0,0.03718127416580285
nfg,nfg_016,1,20263157,1,"{""batch_size"": 512, ""dropout"": 0.25, ""layers"": [100, 100], ""layers_surv"": [50, 50], ""lr"": 0.005, ""weight_decay"": 0.001}",0.0423743548784286,0.041509174627173406,1.0208431090000236,-0.03301255633167248,0.9850282712861196,0.0017122417937538248,0.0010523342695355486,0.004562262712114129,0.8392177790376719,0.8326466875802112,1.0,0.0364118363695964
nfg,nfg_044,1,20263633,1,"{""batch_size"": 512, ""dropout"": 0.1, ""layers"": [32, 32], ""layers_surv"": [100], ""lr"": 0.001, ""weight_decay"": 0.001}",0.04001370802238066,0.041509174627173406,0.9639726248901669,0.0033074737050170842,0.8959032114833859,0.0033437580945234542,0.0005720652475083021,0.009298910127928939,0.8377459701984381,0.8311749800775885,1.0,0.03633312998296137
nfg,nfg_025,0,20262319,1,"{""batch_size"": 256, ""dropout"": 0.25, ""layers"": [50, 50, 50], ""layers_surv"": [64], ""lr"": 0.005, ""weight_decay"": 0.001}",0.04200474485070631,0.041509174627173406,1.0119388117924293,0.0030627961369862505,1.1437664665031992,0.0037580963495700897,0.001953550304617413,0.009461086418297793,0.8394163192065326,0.8329426328682775,1.0,0.036414482411278724
nfg,nfg_044,2,20264624,1,"{""batch_size"": 512, ""dropout"": 0.1, ""layers"": [32, 32], ""layers_surv"": [100], ""lr"": 0.001, ""weight_decay"": 0.001}",0.03902874576058786,0.041509174627173406,0.9402438403349566,0.025521758536704072,0.880228819601528,0.004409086842773506,0.0010809020434421335,0.012784110167892382,0.8356427502033479,0.8291329401574571,1.0,0.03639594599785557
nfg,nfg_034,2,20264454,1,"{""batch_size"": 256, ""dropout"": 0.1, ""layers"": [50, 50, 50], ""layers_surv"": [32], ""lr"": 0.0005, ""weight_decay"": 0.01}",0.04995140488317402,0.041509174627173406,1.2033822722765974,-0.19563583629339504,0.9232736482649435,0.008274033261308085,0.005280176082506083,0.016812322342373287,0.8219264438648298,0.8156929100155486,1.0,0.036714877791677016
nfg,nfg_033,2,20264437,1,"{""batch_size"": 512, ""dropout"": 0.25, ""layers"": [100, 100], ""layers_surv"": [64], ""lr"": 0.0005, ""weight_decay"": 0.0001}",0.040618861127468056,0.041509174627173406,0.9785514044135554,-0.03146268768131412,0.8863174984064401,0.0034472863848597326,0.0019019678424068154,0.00639282695948884,0.834929608161835,0.8287051472631424,1.0,0.036369958957500385
nfg,nfg_039,2,20264539,1,"{""batch_size"": 256, ""dropout"": 0.25, ""layers"": [32], ""layers_surv"": [100], ""lr"": 0.005, ""weight_decay"": 0.0001}",0.04064582883928867,0.041509174627173406,0.9792010851663728,-0.0030448053048223577,1.0708807363937929,0.003400005720708818,0.003163117745361932,0.006075197521639986,0.8376111172048203,0.8311466232543847,1.0,0.03632583593370741
nfg,nfg_030,0,20262404,1,"{""batch_size"": 256, ""dropout"": 0.25, ""layers"": [64, 64], ""layers_surv"": [100], ""lr"": 0.0005, ""weight_decay"": 0.0001}",0.03778837520723396,0.041509174627173406,0.9103619994047369,0.09204741912310656,0.9932416964806903,0.004090347949706374,0.0018979101199914084,0.010274651708729654,0.8403025977719817,0.833864752596596,1.0,0.03627479244545392
nfg,nfg_032,0,20262438,1,"{""batch_size"": 128, ""dropout"": 0.0, ""layers"": [32], ""layers_surv"": [64], ""lr"": 0.005, ""weight_decay"": 0.0001}",0.04316314709475305,0.041509174627173406,1.0398459492976018,-0.11744136880782535,0.8547908368560437,0.00455208562805927,0.0016541712712642154,0.008180644913973079,0.8388332818137918,0.8321990216663562,1.0,0.036525746094476196
nfg,nfg_054,0,20262812,1,"{""batch_size"": 512, ""dropout"": 0.1, ""layers"": [100, 100], ""layers_surv"": [50, 50], ""lr"": 0.0005, ""weight_decay"": 0.01}",0.05744489771979396,0.041509174627173406,1.3839084548356317,-0.23167415317789763,1.0031099950780746,0.021158633726840577,0.021976989019729665,0.02400563446172188,0.782893327958207,0.777310729536223,1.0,0.03726212916451968
nfg,nfg_032,2,20264420,1,"{""batch_size"": 128, ""dropout"": 0.0, ""layers"": [32], ""layers_surv"": [64], ""lr"": 0.005, ""weight_decay"": 0.0001}",0.04436078022440015,0.041509174627173406,1.0686982004060368,-0.1509713145718038,0.8857919698128369,0.005701203730888791,0.002283893684596028,0.014693654381962684,0.8399493802697725,0.8332903526019884,1.0,0.036403752730134235
deephit,deephit_013,2,20264097,1,"{""alpha"": 0.0, ""batch_size"": 128, ""dropout"": 0.4, ""head"": [64], ""lr"": 0.001, ""num_durations"": 20, ""sigma"": 0.05, ""trunk"": [64, 64, 64]}",0.2142265169350723,0.041509174627173406,5.160943787950722,-1.5767900185136399,12.867081903077498,0.17412352253771674,0.179349966468138,0.21299205845363384,0.8362762387600742,0.8297170442288577,1.0,0.06764198883520252
nfg,nfg_043,2,20264607,1,"{""batch_size"": 512, ""dropout"": 0.0, ""layers"": [32], ""layers_surv"": [50, 50], ""lr"": 0.0005, ""weight_decay"": 0.0001}",0.04323896317153007,0.041509174627173406,1.041672438922076,-0.25455195415574783,0.7111258931986097,0.01036585441120343,0.001627605333174631,0.01969725684010082,0.8304571421516744,0.8238394534292057,1.0,0.03731597048374678
nfg,nfg_003,1,20262936,1,"{""batch_size"": 256, ""dropout"": 0.25, ""layers"": [50, 50, 50], ""layers_surv"": [50, 50], ""lr"": 0.005, ""weight_decay"": 0.001}",0.044442127739559426,0.041509174627173406,1.0706579482422665,-0.05435423335701344,1.1888409962104303,0.005313722929598838,0.0017012439333913276,0.015211232319939816,0.8409359676200868,0.8343727929762473,1.0,0.03642786531109698
nfg,nfg_015,0,20262149,1,"{""batch_size"": 128, ""dropout"": 0.25, ""layers"": [32, 32], ""layers_surv"": [64], ""lr"": 0.0001, ""weight_decay"": 0.0001}",0.039201590842344716,0.041509174627173406,0.9444078615015856,0.09135763135127603,1.0558627430651772,0.0025015387879193988,0.00015851916749243244,0.009021900352930268,0.8362829457971688,0.8299428528660904,1.0,0.036251264169668146
nfg,nfg_032,1,20263429,1,"{""batch_size"": 128, ""dropout"": 0.0, ""layers"": [32], ""layers_surv"": [64], ""lr"": 0.005, ""weight_decay"": 0.0001}",0.04380233685138202,0.041509174627173406,1.055244707821953,-0.14626093012994967,0.8654581094953417,0.005716997854061562,0.0025255945277025127,0.013702893629707336,0.8403160712004812,0.8337457469123313,1.0,0.036425757518359754
nfg,nfg_007,0,20262013,1,"{""batch_size"": 256, ""dropout"": 0.0, ""layers"": [100, 100], ""layers_surv"": [50, 50], ""lr"": 0.0001, ""weight_decay"": 0.001}",0.04412019571861531,0.041509174627173406,1.0629022647377004,-0.5268432135208505,0.6221365960882019,0.016236870073703367,0.0038543449241483785,0.027393915117246204,0.7925676651011374,0.7867114812942008,1.0,0.039088893709166336
nfg,nfg_022,2,20264250,1,"{""batch_size"": 128, ""dropout"": 0.1, ""layers"": [32, 32], ""layers_surv"": [64], ""lr"": 0.001, ""weight_decay"": 0.01}",0.048991412497489326,0.041509174627173406,1.1802550384949784,-0.09534381606179879,1.058321207789753,0.007172364220896502,0.006261696824358398,0.010272250714335573,0.8410305783911373,0.8343515253588446,1.0,0.03629899409563009
nfg,nfg_046,0,20262676,1,"{""batch_size"": 512, ""dropout"": 0.1, ""layers"": [64, 64], ""layers_surv"": [64], ""lr"": 0.0001, ""weight_decay"": 0.01}",0.05775818340985347,0.041509174627173406,1.3914558390675125,-0.17285135873270474,1.1223438159850319,0.017424739668799392,0.02061611941843522,0.021467016904436087,0.7967489982179462,0.7913049380037331,1.0,0.036790694828178296
nfg,nfg_043,0,20262625,1,"{""batch_size"": 512, ""dropout"": 0.0, ""layers"": [32], ""layers_surv"": [50, 50], ""lr"": 0.0005, ""weight_decay"": 0.0001}",0.04536365025052596,0.041509174627173406,1.092858401979144,-0.21956162136291335,0.8096238806213497,0.006989062281518532,0.0009396332684019626,0.013936207061469807,0.827404549958998,0.8209251506543395,1.0,0.0368513658774158
nfg,nfg_025,2,20264301,1,"{""batch_size"": 256, ""dropout"": 0.25, ""layers"": [50, 50, 50], ""layers_surv"": [64], ""lr"": 0.005, ""weight_decay"": 0.001}",0.04271252708190444,0.041509174627173406,1.0289900357099193,-0.03731939292208963,1.0992991802104035,0.0039427173017443275,0.002317802077653308,0.00994973223392559,0.8372668028491969,0.8306633369867924,1.0,0.03649563795822267
nfg,nfg_039,1,20263548,1,"{""batch_size"": 256, ""dropout"": 0.25, ""layers"": [32], ""layers_surv"": [100], ""lr"": 0.005, ""weight_decay"": 0.0001}",0.03917433498884158,0.041509174627173406,0.9437512391103207,0.035235584439571775,1.0102992648274727,0.0024861191627633143,0.0027945239118646326,0.0031499993054712183,0.8412951205533531,0.8347525303525508,1.0,0.0363350651153171
nfg,nfg_041,2,20264573,1,"{""batch_size"": 256, ""dropout"": 0.0, ""layers"": [32], ""layers_surv"": [50, 50], ""lr"": 0.005, ""weight_decay"": 0.001}",0.043198827932061215,0.041509174627173406,1.040705538475865,-0.15754303504678505,0.7938652299880395,0.006445411809350965,0.0017953111856409132,0.01008007428547486,0.8382540430969275,0.8314368158262684,1.0,0.03674096156620473
nfg,nfg_034,1,20263463,1,"{""batch_size"": 256, ""dropout"": 0.1, ""layers"": [50, 50, 50], ""layers_surv"": [32], ""lr"": 0.0005, ""weight_decay"": 0.01}",0.04992352324477086,0.041509174627173406,1.2027105740640074,-0.153289357473326,0.9980839204529738,0.008181844673610494,0.006002794613400586,0.015011741802644751,0.8203735570373557,0.8142476417640687,1.0,0.036747863999745674
nfg,nfg_022,1,20263259,1,"{""batch_size"": 128, ""dropout"": 0.1, ""layers"": [32, 32], ""layers_surv"": [64], ""lr"": 0.001, ""weight_decay"": 0.01}",0.04710145673372294,0.041509174627173406,1.1347240015437123,-0.05052413809030024,1.1205694157930017,0.005593909203907404,0.004522161228478372,0.008772975585001563,0.8372867458975488,0.8309147132515038,1.0,0.03624450281727027
nfg,nfg_041,0,20262591,1,"{""batch_size"": 256, ""dropout"": 0.0, ""layers"": [32], ""layers_surv"": [50, 50], ""lr"": 0.005, ""weight_decay"": 0.001}",0.04229862844138855,0.041509174627173406,1.0190187788917955,-0.12531266374283112,0.8044601481704341,0.005808849391408718,0.0016994244754657828,0.010356587685527496,0.8378139902383527,0.8311297137553022,1.0,0.03667272600702552
nfg,nfg_034,0,20262472,1,"{""batch_size"": 256, ""dropout"": 0.1, ""layers"": [50, 50, 50], ""layers_surv"": [32], ""lr"": 0.0005, ""weight_decay"": 0.01}",0.04946258287233956,0.041509174627173406,1.1916060320784978,-0.1974479216979932,0.9102551119111444,0.008171131058725726,0.005404420679741895,0.014671733129001718,0.8134338510453719,0.8073222431037427,1.0,0.03695627425538147
nfg,nfg_041,1,20263582,1,"{""batch_size"": 256, ""dropout"": 0.0, ""layers"": [32], ""layers_surv"": [50, 50], ""lr"": 0.005, ""weight_decay"": 0.001}",0.0454764365871144,0.041509174627173406,1.0955755443362605,-0.17568740155199516,0.839502510027818,0.005664590361209366,0.0007630622483730809,0.015767708436604688,0.8362427035746015,0.8296742765610751,1.0,0.03678638537296922
nfg,nfg_046,1,20263667,1,"{""batch_size"": 512, ""dropout"": 0.1, ""layers"": [64, 64], ""layers_surv"": [64], ""lr"": 0.0001, ""weight_decay"": 0.01}",0.057709150452115304,0.041509174627173406,1.3902745831601482,-0.2504359041019066,0.9744072489747592,0.020412720165915794,0.020184726035151423,0.021408810020039915,0.8075266726400845,0.8015975350947646,1.0,0.037075264600363034
nfg,nfg_015,2,20264131,1,"{""batch_size"": 128, ""dropout"": 0.25, ""layers"": [32, 32], ""layers_surv"": [64], ""lr"": 0.0001, ""weight_decay"": 0.0001}",0.03798086812452044,0.041509174627173406,0.9149993577481733,0.1336553760950197,1.0703990917717736,0.0036899727337286344,0.00010298242783624012,0.013721514050664463,0.836004692789211,0.8297415077996954,1.0,0.03639479878806661
nfg,nfg_031,0,20262421,1,"{""batch_size"": 256, ""dropout"": 0.1, ""layers"": [50, 50, 50], ""layers_surv"": [100], ""lr"": 0.0001, ""weight_decay"": 0.0001}",0.03843899109096218,0.041509174627173406,0.9260360254380637,0.061218034188670785,0.8820785567182756,0.005585032917616054,0.001666670446836438,0.015883660140735723,0.838227808491655,0.8317976680231842,1.0,0.03647235609972692
nfg,nfg_035,0,20262489,1,"{""batch_size"": 256, ""dropout"": 0.0, ""layers"": [100, 100], ""layers_surv"": [100], ""lr"": 0.005, ""weight_decay"": 0.001}",0.04157360154559475,0.041509174627173406,1.0015521127317035,-0.04711481696276679,0.9759305828717925,0.003324345511453238,0.0029054663977632345,0.0067382554565212915,0.8377015731741309,0.8309391187140971,1.0,0.03634350399990548
nfg,nfg_004,2,20263944,1,"{""batch_size"": 128, ""dropout"": 0.1, ""layers"": [50, 50, 50], ""layers_surv"": [100], ""lr"": 0.0005, ""weight_decay"": 0.01}",0.04815693195231791,0.041509174627173406,1.1601515179440027,-0.07542443141932557,1.0355646212977665,0.008133654762069745,0.009746665901427698,0.01073494097990857,0.8116220607151862,0.8056550013591518,1.0,0.03644058421979345
nfg,nfg_022,0,20262268,1,"{""batch_size"": 128, ""dropout"": 0.1, ""layers"": [32, 32], ""layers_surv"": [64], ""lr"": 0.001, ""weight_decay"": 0.01}",0.0461198002703819,0.041509174627173406,1.1110748571760376,-0.01789249126122886,1.1047685924631703,0.004621369817233881,0.005170339371409538,0.005380674938570418,0.8350009520431415,0.8286045618923112,1.0,0.03634379491124468
nfg,nfg_046,2,20264658,1,"{""batch_size"": 512, ""dropout"": 0.1, ""layers"": [64, 64], ""layers_surv"": [64], ""lr"": 0.0001, ""weight_decay"": 0.01}",0.05649868532725575,0.041509174627173406,1.3611131956902287,-0.17155372130090368,1.0986183407248191,0.01643865400297155,0.01948300553998017,0.02005107378870752,0.784234735377116,0.778940317138527,1.0,0.036870799485171024
nfg,nfg_007,1,20263004,1,"{""batch_size"": 256, ""dropout"": 0.0, ""layers"": [100, 100], ""layers_surv"": [50, 50], ""lr"": 0.0001, ""weight_decay"": 0.001}",0.04780697613424486,0.041509174627173406,1.151720711472511,-0.6331842799611141,0.602188085591477,0.017565145329283875,0.003019469823693055,0.02161497801680845,0.7873647255907772,0.7813665106615263,1.0,0.039791414272451496
nfg,nfg_031,2,20264403,1,"{""batch_size"": 256, ""dropout"": 0.1, ""layers"": [50, 50, 50], ""layers_surv"": [100], ""lr"": 0.0001, ""weight_decay"": 0.0001}",0.03842702580358856,0.041509174627173406,0.925747768986783,0.02850474780784032,0.8333615777911771,0.00739751668751691,0.0026714198876329753,0.019697683891498285,0.8336189462758019,0.8273022399217351,1.0,0.036698414533861294
nfg,nfg_038,1,20263531,1,"{""batch_size"": 512, ""dropout"": 0.0, ""layers"": [100, 100], ""layers_surv"": [50, 50], ""lr"": 0.0001, ""weight_decay"": 0.001}",0.0473214982829287,0.041509174627173406,1.1400250356206874,-0.8470970298059985,0.5330924229815579,0.02225898808629323,0.004869187241999473,0.0348414460333879,0.7866406030018086,0.7808413864580597,1.0,0.04119529985914799
nfg,nfg_035,1,20263480,1,"{""batch_size"": 256, ""dropout"": 0.0, ""layers"": [100, 100], ""layers_surv"": [100], ""lr"": 0.005, ""weight_decay"": 0.001}",0.041275656579377915,0.041509174627173406,0.9943743027922646,-0.06792698470236457,0.8789645548177226,0.004023066184785682,0.0024003207643322755,0.005672700143552034,0.8334962015615407,0.8271581895841902,1.0,0.03664176643762536
nfg,nfg_038,0,20262540,1,"{""batch_size"": 512, ""dropout"": 0.0, ""layers"": [100, 100], ""layers_surv"": [50, 50], ""lr"": 0.0001, ""weight_decay"": 0.001}",0.04912458421706358,0.041509174627173406,1.183463286328629,-0.8755055379703175,0.5505874454470319,0.020939319666493053,0.0036437411036430722,0.025135778099890316,0.7669972345639618,0.7619447597462343,1.0,0.041379495995776054
nfg,nfg_035,2,20264471,1,"{""batch_size"": 256, ""dropout"": 0.0, ""layers"": [100, 100], ""layers_surv"": [100], ""lr"": 0.005, ""weight_decay"": 0.001}",0.043061891274529134,0.041509174627173406,1.0374065892974722,-0.08939736352425473,0.8891821628762121,0.0033412735437471277,0.0005480236541107741,0.00535998643022062,0.8350316975760175,0.8286040970263571,1.0,0.036523122157889845
nfg,nfg_031,1,20263412,1,"{""batch_size"": 256, ""dropout"": 0.1, ""layers"": [50, 50, 50], ""layers_surv"": [100], ""lr"": 0.0001, ""weight_decay"": 0.0001}",0.038812035080957666,0.041509174627173406,0.935023050435455,0.03609296526429121,0.8798630227745126,0.005358528166044352,0.0014837285969566683,0.015115506228384645,0.8332891143719577,0.8269435377298573,1.0,0.03647627998267148
deephit,deephit_013,0,20262115,1,"{""alpha"": 0.0, ""batch_size"": 128, ""dropout"": 0.4, ""head"": [64], ""lr"": 0.001, ""num_durations"": 20, ""sigma"": 0.05, ""trunk"": [64, 64, 64]}",0.20987854811435722,0.041509174627173406,5.056196611940415,-1.544953935680505,11.453809024720295,0.16966917795069575,0.17342679374681874,0.20915186062487678,0.834763772218099,0.8284685886007198,1.0,0.06611704340525648
nfg,nfg_019,0,20262217,1,"{""batch_size"": 128, ""dropout"": 0.0, ""layers"": [100, 100], ""layers_surv"": [50, 50], ""lr"": 0.001, ""weight_decay"": 0.01}",0.052391807533323155,0.041509174627173406,1.2621741579758028,-0.1422488689381754,1.1159651308337066,0.015248542098452464,0.01558278057112783,0.023604808191643123,0.7911830477441326,0.7856694261497094,1.0,0.037449647276426926
nfg,nfg_053,2,20264777,1,"{""batch_size"": 512, ""dropout"": 0.25, ""layers"": [64, 64], ""layers_surv"": [64], ""lr"": 0.0001, ""weight_decay"": 0.0001}",0.04638330550721869,0.041509174627173406,1.117422977542283,-0.04337853924892558,0.9842426389623674,0.007332381331748893,0.007513078804276985,0.008950077682038926,0.82338228639452,0.817327553035104,1.0,0.036434152330557516
nfg,nfg_053,0,20262795,1,"{""batch_size"": 512, ""dropout"": 0.25, ""layers"": [64, 64], ""layers_surv"": [64], ""lr"": 0.0001, ""weight_decay"": 0.0001}",0.045565991156526646,0.041509174627173406,1.0977330088056605,-0.04740708734547607,0.9446421437467731,0.00952988543088385,0.008375108475659143,0.01646847683015129,0.8240395166754748,0.8176642322024036,1.0,0.03658874907030646
nfg,nfg_053,1,20263786,1,"{""batch_size"": 512, ""dropout"": 0.25, ""layers"": [64, 64], ""layers_surv"": [64], ""lr"": 0.0001, ""weight_decay"": 0.0001}",0.04665579396730773,0.041509174627173406,1.123987513275322,-0.06857155687557571,0.9412857626419171,0.011072773627187444,0.00925779690062134,0.018485366140404524,0.8178806166390551,0.8118853092015218,1.0,0.036720237914808836
nfg,nfg_011,2,20264063,1,"{""batch_size"": 128, ""dropout"": 0.0, ""layers"": [100, 100], ""layers_surv"": [32], ""lr"": 0.0005, ""weight_decay"": 0.0001}",0.05171933610887906,0.041509174627173406,1.2459736088084419,-0.425830510371956,0.7579869368772143,0.011812873930660923,0.0011941616705695157,0.038580526557252415,0.7986148603250622,0.7927132494118574,1.0,0.03805068198306973
nfg,nfg_038,2,20264522,1,"{""batch_size"": 512, ""dropout"": 0.0, ""layers"": [100, 100], ""layers_surv"": [50, 50], ""lr"": 0.0001, ""weight_decay"": 0.001}",0.046617432309458896,0.041509174627173406,1.1230633402896293,-0.8504803417616246,0.5410146061638128,0.020835230167477348,0.005383220292926261,0.02800164308082842,0.7757573966154747,0.7701544668214128,1.0,0.041142605434982
nfg,nfg_045,2,20264641,1,"{""batch_size"": 256, ""dropout"": 0.0, ""layers"": [50, 50, 50], ""layers_surv"": [100], ""lr"": 0.0005, ""weight_decay"": 0.001}",0.050659922005803035,0.041509174627173406,1.2204512005073505,-0.3818182129452365,0.7629419443755687,0.011499054968024789,0.004225891975668916,0.020710501782848945,0.8095374779736153,0.803584430291084,1.0,0.03791722800789512
nfg,nfg_045,1,20263650,1,"{""batch_size"": 256, ""dropout"": 0.0, ""layers"": [50, 50, 50], ""layers_surv"": [100], ""lr"": 0.0005, ""weight_decay"": 0.001}",0.049750437695293824,0.041509174627173406,1.198540759775199,-0.33545458068850326,0.7726761397391995,0.010947214975696014,0.004306097598592351,0.02263963681060044,0.8042891917699788,0.7984121573603795,1.0,0.03784179884834786
nfg,nfg_045,0,20262659,1,"{""batch_size"": 256, ""dropout"": 0.0, ""layers"": [50, 50, 50], ""layers_surv"": [100], ""lr"": 0.0005, ""weight_decay"": 0.001}",0.048655276782420376,0.041509174627173406,1.1721571729486733,-0.391249987756588,0.7087525038502567,0.012943592317430115,0.004742916645955941,0.015371032423269648,0.806327478149304,0.8000276246593259,1.0,0.038224373662332
nfg,nfg_037,0,20262523,1,"{""batch_size"": 128, ""dropout"": 0.1, ""layers"": [32, 32], ""layers_surv"": [100], ""lr"": 0.001, ""weight_decay"": 0.001}",0.04165198718816358,0.041509174627173406,1.0034405059188214,-0.028386765210943927,0.9719301843133954,0.0019229628284618964,0.001671166745648489,0.0034937145930896696,0.8380432165857786,0.831563549907021,1.0,0.036335829099120906
nfg,nfg_049,1,20263718,1,"{""batch_size"": 256, ""dropout"": 0.1, ""layers"": [64, 64], ""layers_surv"": [32], ""lr"": 0.0005, ""weight_decay"": 0.0001}",0.04121063309087378,0.041509174627173406,0.9928078180551393,-0.04547164392330225,0.8668016034084065,0.0037923792287427576,0.0007535430417963118,0.0088756150331597,0.8413529316518494,0.8348224926786517,1.0,0.036373819181188254
nfg,nfg_049,0,20262727,1,"{""batch_size"": 256, ""dropout"": 0.1, ""layers"": [64, 64], ""layers_surv"": [32], ""lr"": 0.0005, ""weight_decay"": 0.0001}",0.04046859583434375,0.041509174627173406,0.9749313542806882,-0.0703151145470506,0.8343351297765568,0.005054132154099881,0.0018130495713222228,0.010178924514531396,0.8348545249589624,0.8284857305327794,1.0,0.036509595063783984
nfg,nfg_058,0,20262880,1,"{""batch_size"": 512, ""dropout"": 0.1, ""layers"": [50, 50, 50], ""layers_surv"": [64], ""lr"": 0.001, ""weight_decay"": 0.0001}",0.03833896021870442,0.041509174627173406,0.923626175732397,0.03515854165090921,0.8721164055040238,0.004544176419445232,0.001176242692612628,0.013002602200474778,0.8365324119644995,0.8301002680998174,1.0,0.03636092320558287
nfg,nfg_058,1,20263871,1,"{""batch_size"": 512, ""dropout"": 0.1, ""layers"": [50, 50, 50], ""layers_surv"": [64], ""lr"": 0.001, ""weight_decay"": 0.0001}",0.039131874666449594,0.041509174627173406,0.9427283249528275,-0.00969892311835657,0.8410389526999544,0.005085863606096162,0.0016601907220579193,0.013113335639608481,0.8335852330273975,0.8272402384250992,1.0,0.03661381648174555
nfg,nfg_020,2,20264216,1,"{""batch_size"": 128, ""dropout"": 0.25, ""layers"": [50, 50, 50], ""layers_surv"": [64], ""lr"": 0.0005, ""weight_decay"": 0.0001}",0.03683450817828602,0.041509174627173406,0.8873823319573504,0.10116050223656989,0.9925155128902137,0.004868310571487732,0.002866669124597765,0.011287511949094498,0.838064762200516,0.8316569298555626,1.0,0.03629574044808327
nfg,nfg_049,2,20264709,1,"{""batch_size"": 256, ""dropout"": 0.1, ""layers"": [64, 64], ""layers_surv"": [32], ""lr"": 0.0005, ""weight_decay"": 0.0001}",0.039323653616842126,0.041509174627173406,0.9473484830772675,-0.0635115189811154,0.8088017458061927,0.006332963075188499,0.003328109994189532,0.011386476568648995,0.8312168773269858,0.8246641837401278,1.0,0.036655823140628825
nfg,nfg_011,1,20263072,1,"{""batch_size"": 128, ""dropout"": 0.0, ""layers"": [100, 100], ""layers_surv"": [32], ""lr"": 0.0005, ""weight_decay"": 0.0001}",0.05005338787440258,0.041509174627173406,1.2058391505967412,-0.3435739954149517,0.8108967887864958,0.009375744905979793,0.0009601923620441433,0.030849909010529974,0.8078572167956555,0.801798299078717,1.0,0.03754907303447548
nfg,nfg_055,1,20263820,1,"{""batch_size"": 128, ""dropout"": 0.0, ""layers"": [64, 64], ""layers_surv"": [100], ""lr"": 0.0001, ""weight_decay"": 0.01}",0.056757254303012095,0.041509174627173406,1.3673423962965707,-0.38907004764683384,0.8468293013400218,0.018939020140144404,0.01512165894893669,0.017298261269536597,0.7771920496562911,0.7718163626075307,1.0,0.03814432127249709
nfg,nfg_037,2,20264505,1,"{""batch_size"": 128, ""dropout"": 0.1, ""layers"": [32, 32], ""layers_surv"": [100], ""lr"": 0.001, ""weight_decay"": 0.001}",0.03866972267756967,0.041509174627173406,0.9315945938432385,0.030802246896135744,0.9185993193198105,0.0034917963363027384,0.002595445030899146,0.006413179896124888,0.8380108684865173,0.8315055578792396,1.0,0.03634747726602982
nfg,nfg_008,0,20262030,1,"{""batch_size"": 128, ""dropout"": 0.25, ""layers"": [100, 100], ""layers_surv"": [50, 50], ""lr"": 0.005, ""weight_decay"": 0.01}",0.06224556732710384,0.041509174627173406,1.4995616724779597,-0.3343864638455864,1.6530119820839144,0.024143346713310622,0.02878495911397061,0.031997544778654574,0.5845224969456272,0.5827996575332516,1.0,0.039599825868626294
nfg,nfg_057,1,20263854,1,"{""batch_size"": 512, ""dropout"": 0.1, ""layers"": [50, 50, 50], ""layers_surv"": [100], ""lr"": 0.001, ""weight_decay"": 0.001}",0.038552894177903384,0.041509174627173406,0.9287800714944899,0.04107526925162043,0.8752794922698568,0.004837814722753801,0.0014317736683263638,0.013983671604891446,0.8344954313800067,0.828234993458755,1.0,0.03643204746641145
nfg,nfg_057,0,20262863,1,"{""batch_size"": 512, ""dropout"": 0.1, ""layers"": [50, 50, 50], ""layers_surv"": [100], ""lr"": 0.001, ""weight_decay"": 0.001}",0.03931084847796799,0.041509174627173406,0.9470399937134304,-0.017343366495023778,0.8635812848314373,0.00449243665220067,0.0025461471700825022,0.009283326809753856,0.8368473459363902,0.8305191123245146,1.0,0.03631682644336576
nfg,nfg_021,1,20263242,1,"{""batch_size"": 128, ""dropout"": 0.1, ""layers"": [50, 50, 50], ""layers_surv"": [50, 50], ""lr"": 0.0001, ""weight_decay"": 0.0001}",0.03878912899335253,0.041509174627173406,0.9344712185136961,0.04458436735297456,0.9310939720344887,0.0031758712870057063,0.0013360596486153842,0.007923046352389274,0.8368427163001657,0.830402082320555,1.0,0.03628047273774178
nfg,nfg_040,1,20263565,1,"{""batch_size"": 128, ""dropout"": 0.1, ""layers"": [100, 100], ""layers_surv"": [64], ""lr"": 0.0005, ""weight_decay"": 0.01}",0.05317705606722324,0.041509174627173406,1.2810916272088826,-0.22603848309489158,0.9945735404694075,0.011920250585187354,0.007842921551824089,0.023774179531746764,0.823942056897517,0.8176100172104998,1.0,0.036699506600845186
nfg,nfg_040,2,20264556,1,"{""batch_size"": 128, ""dropout"": 0.1, ""layers"": [100, 100], ""layers_surv"": [64], ""lr"": 0.0005, ""weight_decay"": 0.01}",0.05160371617293227,0.041509174627173406,1.2431882020402933,-0.21854664227723714,0.9286741919687351,0.010982972450829452,0.008520769233222869,0.017425071000491843,0.8224240704046587,0.8162556883613021,1.0,0.03690502285170392
nfg,nfg_058,2,20264862,1,"{""batch_size"": 512, ""dropout"": 0.1, ""layers"": [50, 50, 50], ""layers_surv"": [64], ""lr"": 0.001, ""weight_decay"": 0.0001}",0.03698748672068828,0.041509174627173406,0.8910677471402897,0.045525747743223446,0.8514210108858022,0.005581843833062146,0.002577020004609021,0.01411435385221671,0.8384714579365498,0.8320242320675925,1.0,0.03636016092713124
nfg,nfg_057,2,20264845,1,"{""batch_size"": 512, ""dropout"": 0.1, ""layers"": [50, 50, 50], ""layers_surv"": [100], ""lr"": 0.001, ""weight_decay"": 0.001}",0.03901184826284859,0.041509174627173406,0.9398367617097841,0.04981311547582522,0.9095217282023291,0.003934992282794015,0.001227578626293524,0.011447013248869098,0.835358977244507,0.8287849298825248,1.0,0.03641940689255417
nfg,nfg_020,1,20263225,1,"{""batch_size"": 128, ""dropout"": 0.25, ""layers"": [50, 50, 50], ""layers_surv"": [64], ""lr"": 0.0005, ""weight_decay"": 0.0001}",0.03678505468091659,0.041509174627173406,0.8861909448046641,0.09835256846198503,0.935427535926184,0.005157487621454846,0.0029909748150758197,0.012705840905666177,0.839413351491004,0.8329445504403384,1.0,0.0363893517357393
nfg,nfg_037,1,20263514,1,"{""batch_size"": 128, ""dropout"": 0.1, ""layers"": [32, 32], ""layers_surv"": [100], ""lr"": 0.001, ""weight_decay"": 0.001}",0.04072861221567552,0.041509174627173406,0.981195424421017,-0.013274028104543277,0.9238381168388013,0.0023619329348988113,0.0015956673731483129,0.003934410175382097,0.8357189611381213,0.8292601972124081,1.0,0.036478401671973915
nfg,nfg_026,0,20262336,1,"{""batch_size"": 128, ""dropout"": 0.1, ""layers"": [64, 64], ""layers_surv"": [50, 50], ""lr"": 0.0001, ""weight_decay"": 0.001}",0.04158194180229572,0.041509174627173406,1.001753038352988,-0.037560146060109836,0.8806918832699461,0.004281715532008341,0.0016661436590601486,0.009733768118289188,0.8350742546166969,0.8287294365092471,1.0,0.03643013986043754
nfg,nfg_020,0,20262234,1,"{""batch_size"": 128, ""dropout"": 0.25, ""layers"": [50, 50, 50], ""layers_surv"": [64], ""lr"": 0.0005, ""weight_decay"": 0.0001}",0.03629888943177214,0.041509174627173406,0.8744787088107884,0.11535368010104168,0.9939392151555321,0.005239208120419929,0.002837215884800681,0.013290664177482703,0.8377056686215603,0.8312205950493403,1.0,0.036361825198870996
nfg,nfg_026,1,20263327,1,"{""batch_size"": 128, ""dropout"": 0.1, ""layers"": [64, 64], ""layers_surv"": [50, 50], ""lr"": 0.0001, ""weight_decay"": 0.001}",0.042072492986532366,0.041509174627173406,1.0135709361705831,-0.05676507215352638,0.8827782677829129,0.0038171732480148015,0.0013079101345965238,0.008135060532248772,0.833186668831912,0.8270291311736668,1.0,0.03651377961114831
nfg,nfg_059,2,20264879,1,"{""batch_size"": 256, ""dropout"": 0.0, ""layers"": [50, 50, 50], ""layers_surv"": [50, 50], ""lr"": 0.001, ""weight_decay"": 0.001}",0.04522270087608582,0.041509174627173406,1.0894627821985505,-0.25108664381716495,0.7537927938762223,0.009882152964012913,0.003350284185228536,0.01648462318802635,0.8215655696565569,0.8152394332772667,1.0,0.03731702096816016
nfg,nfg_026,2,20264318,1,"{""batch_size"": 128, ""dropout"": 0.1, ""layers"": [64, 64], ""layers_surv"": [50, 50], ""lr"": 0.0001, ""weight_decay"": 0.001}",0.04250041442393995,0.041509174627173406,1.0238800170244204,-0.06016688888739055,0.8699076662367053,0.00463565939676743,0.001797952721881102,0.009740224138518161,0.838953118166835,0.8322972245991722,1.0,0.036512271680738874
nfg,nfg_055,2,20264811,1,"{""batch_size"": 128, ""dropout"": 0.0, ""layers"": [64, 64], ""layers_surv"": [100], ""lr"": 0.0001, ""weight_decay"": 0.01}",0.054429629326155006,0.041509174627173406,1.311267444246492,-0.28063705253207705,0.9068547446684808,0.016003743979081456,0.013635744527941807,0.01600262054466861,0.7879649163792731,0.7823745143748756,1.0,0.03734512934329328
nfg,nfg_059,1,20263888,1,"{""batch_size"": 256, ""dropout"": 0.0, ""layers"": [50, 50, 50], ""layers_surv"": [50, 50], ""lr"": 0.001, ""weight_decay"": 0.001}",0.04857116141280502,0.041509174627173406,1.170130744565771,-0.2984522908677498,0.7958164143670075,0.010010033182027853,0.003556812948044441,0.01493587298067578,0.8188571731108829,0.8127268327950379,1.0,0.037271940217437974
nfg,nfg_051,2,20264743,1,"{""batch_size"": 128, ""dropout"": 0.25, ""layers"": [32, 32], ""layers_surv"": [32], ""lr"": 0.0005, ""weight_decay"": 0.001}",0.04056662354861627,0.041509174627173406,0.9772929457879388,0.017112086638818257,0.9857352342054643,0.0012701236528233325,0.0011125085384935396,0.002015276761684226,0.8383129225730142,0.83175065845357,1.0,0.036342871500565484
nfg,nfg_008,2,20264012,1,"{""batch_size"": 128, ""dropout"": 0.25, ""layers"": [100, 100], ""layers_surv"": [50, 50], ""lr"": 0.005, ""weight_decay"": 0.01}",0.06088506558717329,0.041509174627173406,1.466785743971785,-0.6466068388167805,-2.9762093950152777,0.048545288937656805,0.05156388313846372,0.07305343034625977,0.3110492322638636,0.31498875431148643,1.0,0.04124792195232993
nfg,nfg_008,1,20263021,1,"{""batch_size"": 128, ""dropout"": 0.25, ""layers"": [100, 100], ""layers_surv"": [50, 50], ""lr"": 0.005, ""weight_decay"": 0.01}",0.05810213216582259,0.041509174627173406,1.3997419290478215,-0.5004730602691222,-3.0921941145624654,0.043700768078436626,0.03838201323593671,0.09348045785006709,0.37549323432084664,0.377764601410566,1.0,0.040681607102782354
nfg,nfg_051,1,20263752,1,"{""batch_size"": 128, ""dropout"": 0.25, ""layers"": [32, 32], ""layers_surv"": [32], ""lr"": 0.0005, ""weight_decay"": 0.001}",0.03881778326880572,0.041509174627173406,0.9351615303715097,0.06115057504078281,0.9751968084168494,0.003088114425465368,0.0018125670200481725,0.0075724080463766,0.834000416429843,0.8275634945879724,1.0,0.0364145695952211
nfg,nfg_021,0,20262251,1,"{""batch_size"": 128, ""dropout"": 0.1, ""layers"": [50, 50, 50], ""layers_surv"": [50, 50], ""lr"": 0.0001, ""weight_decay"": 0.0001}",0.04033256104364306,0.041509174627173406,0.9716541320298839,-0.030395963822859775,0.8689710149479357,0.004283608070645645,0.0011823914041464434,0.010442874496464971,0.8365065334850904,0.8300827775182922,1.0,0.0363036309197826
nfg,nfg_051,0,20262761,1,"{""batch_size"": 128, ""dropout"": 0.25, ""layers"": [32, 32], ""layers_surv"": [32], ""lr"": 0.0005, ""weight_decay"": 0.001}",0.037115543840257025,0.041509174627173406,0.8941527788403638,0.1295769326582384,1.0749389372474556,0.004358167304162205,0.001979572522181283,0.0140232990189596,0.8404592931518896,0.8339451162984212,1.0,0.036286351252497656
nfg,nfg_059,0,20262897,1,"{""batch_size"": 256, ""dropout"": 0.0, ""layers"": [50, 50, 50], ""layers_surv"": [50, 50], ""lr"": 0.001, ""weight_decay"": 0.001}",0.0483189494439367,0.041509174627173406,1.1640546909912626,-0.22156914996265664,0.8293083375431051,0.009944406033461608,0.0061353626639742975,0.010488279218687335,0.8319374980116306,0.825371361072892,1.0,0.03684904321860966
nfg,nfg_055,0,20262829,1,"{""batch_size"": 128, ""dropout"": 0.0, ""layers"": [64, 64], ""layers_surv"": [100], ""lr"": 0.0001, ""weight_decay"": 0.01}",0.05681585748417922,0.041509174627173406,1.3687542090269726,-0.2826180887127491,0.9575419021189353,0.016996532585022574,0.01649012414157336,0.01794140343965267,0.7793294577342703,0.7739058188549863,1.0,0.03735453061678083
nfg,nfg_021,2,20264233,1,"{""batch_size"": 128, ""dropout"": 0.1, ""layers"": [50, 50, 50], ""layers_surv"": [50, 50], ""lr"": 0.0001, ""weight_decay"": 0.0001}",0.03826237939910017,0.041509174627173406,0.9217812626428913,0.041905316697168994,0.8797927233376596,0.004415582175511284,0.0006096075985425609,0.01321960755838636,0.8356775318293426,0.8291282914979154,1.0,0.036355457217428985
nfg,nfg_052,0,20262778,1,"{""batch_size"": 128, ""dropout"": 0.25, ""layers"": [64, 64], ""layers_surv"": [32], ""lr"": 0.0001, ""weight_decay"": 0.0001}",0.041812909029370356,0.041509174627173406,1.0073172835867017,0.000431611557944777,0.9935232447429316,0.00018481221727665952,7.066226225549421e-05,0.00045623663974436734,0.8393953077805903,0.8329716288821682,1.0,0.036272111537466116
nfg,nfg_050,1,20263735,1,"{""batch_size"": 128, ""dropout"": 0.1, ""layers"": [64, 64], ""layers_surv"": [50, 50], ""lr"": 0.005, ""weight_decay"": 0.0001}",0.04431692828940557,0.041509174627173406,1.067641760826391,-0.09934548681319892,0.9800009305347492,0.004384331487397964,0.0017930253764540938,0.01325464973424939,0.8365895701655796,0.8301390262987454,1.0,0.03636437318712722
nfg,nfg_040,0,20262574,1,"{""batch_size"": 128, ""dropout"": 0.1, ""layers"": [100, 100], ""layers_surv"": [64], ""lr"": 0.0005, ""weight_decay"": 0.01}",0.04979602680919267,0.041509174627173406,1.199639049835368,-0.15081006837145267,0.9646746189730859,0.008429081372521196,0.007613923043714332,0.012121481882341412,0.8224227052555155,0.8160387121771986,1.0,0.036678916761114254
nfg,nfg_052,2,20264760,1,"{""batch_size"": 128, ""dropout"": 0.25, ""layers"": [64, 64], ""layers_surv"": [32], ""lr"": 0.0001, ""weight_decay"": 0.0001}",0.04215180505804598,0.041509174627173406,1.0154816480126272,-0.01973443360863924,0.9812793423039505,0.0007352425709062505,0.00028395544874815215,0.0017921390257212844,0.837805918052115,0.8313904454473411,1.0,0.0362513785159746
nfg,nfg_052,1,20263769,1,"{""batch_size"": 128, ""dropout"": 0.25, ""layers"": [64, 64], ""layers_surv"": [32], ""lr"": 0.0001, ""weight_decay"": 0.0001}",0.04043791689237621,0.041509174627173406,0.974192266061202,0.020231475925941777,0.9673717001933276,0.0014977308276765374,0.0007736635149915294,0.0033802246488097154,0.8385866052990579,0.8320617118851465,1.0,0.036384986865671154
nfg,nfg_050,2,20264726,1,"{""batch_size"": 128, ""dropout"": 0.1, ""layers"": [64, 64], ""layers_surv"": [50, 50], ""lr"": 0.005, ""weight_decay"": 0.0001}",0.041575347852907174,0.041509174627173406,1.0015941831252517,-0.03281514999217099,0.995397721233162,0.002554303503707529,0.0023825811176088063,0.005030308499503033,0.8383034258833227,0.8317579800923479,1.0,0.03627629027735145
nfg,nfg_056,1,20263837,1,"{""batch_size"": 128, ""dropout"": 0.25, ""layers"": [100, 100], ""layers_surv"": [32], ""lr"": 0.0001, ""weight_decay"": 0.01}",0.05167647967471089,0.041509174627173406,1.2449411518985394,-0.05958653007273786,1.207804376981998,0.01012666336088886,0.012379717818563951,0.01256530465561112,0.8270838586189819,0.8207749989511461,1.0,0.03652953399974224
nfg,nfg_056,0,20262846,1,"{""batch_size"": 128, ""dropout"": 0.25, ""layers"": [100, 100], ""layers_surv"": [32], ""lr"": 0.0001, ""weight_decay"": 0.01}",0.055392578830940786,0.041509174627173406,1.3344659181606275,-0.10289372055584432,1.333605426444364,0.014376494197940917,0.014821349293322572,0.018026416690795743,0.8317775381446413,0.8252831527580904,1.0,0.03650502805228883
nfg,nfg_048,2,20264692,1,"{""batch_size"": 128, ""dropout"": 0.0, ""layers"": [100, 100], ""layers_surv"": [50, 50], ""lr"": 0.005, ""weight_decay"": 0.001}",0.03999814144924093,0.041509174627173406,0.9635976096488486,0.03929770872858703,1.083916105117761,0.0030668687042074688,0.002075680414340031,0.004920325244981538,0.8393307302906889,0.8328235690757686,1.0,0.03625451499704873
nfg,nfg_056,2,20264828,1,"{""batch_size"": 128, ""dropout"": 0.25, ""layers"": [100, 100], ""layers_surv"": [32], ""lr"": 0.0001, ""weight_decay"": 0.01}",0.052264103849840836,0.041509174627173406,1.2590976409255525,-0.07471600882123065,1.1724735817076266,0.010415728726836762,0.013247780917640117,0.01331884450769405,0.8234623553594805,0.8172199365667162,1.0,0.03658450980023346
nfg,nfg_048,0,20262710,1,"{""batch_size"": 128, ""dropout"": 0.0, ""layers"": [100, 100], ""layers_surv"": [50, 50], ""lr"": 0.005, ""weight_decay"": 0.001}",0.03936361287187641,0.041509174627173406,0.9483111438719759,0.02958004203701514,0.9757294645922474,0.0022644266135694027,0.001980517145727445,0.003350530420957898,0.8410375228454742,0.8345696637078336,1.0,0.03626163568394982
nfg,nfg_050,0,20262744,1,"{""batch_size"": 128, ""dropout"": 0.1, ""layers"": [64, 64], ""layers_surv"": [50, 50], ""lr"": 0.005, ""weight_decay"": 0.0001}",0.04184745834754136,0.041509174627173406,1.0081496132699903,-0.07308775133159075,0.8699820893837586,0.003981896615548309,0.0019364338190576147,0.005149307709789386,0.8366327207493648,0.8300507598756995,1.0,0.03656604813186448
nfg,nfg_048,1,20263701,1,"{""batch_size"": 128, ""dropout"": 0.0, ""layers"": [100, 100], ""layers_surv"": [50, 50], ""lr"": 0.005, ""weight_decay"": 0.001}",0.03979634810416758,0.041509174627173406,0.9587361941452686,0.028533786770300138,1.015776621028052,0.0017789429576245909,0.0017215003584963862,0.0021145155574014973,0.8416299382192852,0.8352957843282298,1.0,0.03628485538404862
