split,model,family,horizon_y,metric,est,lo,hi,lo_rubin,hi_rubin,se,fmi,df,m,concordant_smoother,interval_valid,interval_note
cv,logistic,naive,5.0,mean_pred,0.0201697929451862,0.019767107674852,0.0205474624410271,0.019779264850409,0.0205603210399635,0.0001990681846163,0.1476814659701578,1307.0921695383784,30,,True,
cv,logistic,naive,5.0,obs_cif,0.015860853716731,0.0146436920156702,0.017109671421349,0.0146278047107564,0.0170939027227056,0.0006290996904501,4.860149189361204e-05,41148.00014579739,30,,True,
cv,logistic,naive,5.0,eo,1.2716713150342305,1.179171547293663,1.3777111768722532,1.1739806171763916,1.3693620128920694,0.0498414501339166,0.0093228962954366,36374.57452197396,30,,True,
cv,logistic,naive,5.0,calib_intercept,-0.4177971333265304,-0.5390283718705178,-0.3035342089831829,-0.5375193432959628,-0.298074923357098,0.0610784101871071,0.0377540351977255,13510.202058788223,30,,True,
cv,logistic,naive,5.0,calib_slope,0.7821970065434773,0.7070567309856415,0.874863688647747,0.699741016372668,0.8646529967142867,0.0420654824697465,0.0440519079436704,10895.924400811436,30,,True,
cv,logistic,naive,5.0,ici,0.0050047209796806,0.003762681299122,0.006600075145252,0.0035359362566865,0.0064735057026747,0.0007493019571184,0.0470509880026881,9883.398690508073,30,,True,
cv,logistic,naive,5.0,e50,0.002153679934175,0.0006032666467945,0.0034406831604428,0.0006804133679529,0.0036269465003972,0.0007515854770704,0.0480247888983087,9581.877224885846,30,,True,
cv,logistic,naive,5.0,e90,0.0071177465685953,0.0045402966323308,0.0124294450273737,0.0030788225024562,0.0111566706347345,0.0020603523316013,0.0590217560368171,6907.660654547627,30,,True,
cv,logistic,naive,5.0,obs_concordant,0.0161766298115253,0.0149396675173193,0.0174562618136405,0.0149175846628729,0.0174356749601777,0.0006423628821256,4.860149189361204e-05,41148.00014579739,30,,True,
cv,logistic,naive,5.0,eo_concordant,1.246847641468048,1.1561259478330612,1.3509665578603745,1.1510098451029531,1.342685437833143,0.0488961067271042,0.0093123972158008,36383.78249572188,30,,True,
cv,logistic,naive,5.0,calib_intercept_concordant,-0.3847047547499339,-0.5053161054849624,-0.2708215095102787,-0.5037606505666226,-0.2656488589332451,0.060738558248652,0.0373339409719857,13711.905829909145,30,,True,
cv,logistic,naive,5.0,calib_slope_concordant,0.7865905622641246,0.7120928362011909,0.8784644827246665,0.7050094292562837,0.8681716952719655,0.04161910000961,0.0444956174876586,10737.667804137924,30,,True,
cv,logistic,naive,5.0,ici_concordant,0.0047911330591887,0.0035370477533433,0.0063602261361666,0.0033315161613398,0.0062507499570375,0.0007446083901086,0.0524353213359684,8362.091111173899,30,,True,
cv,logistic,naive,5.0,e50_concordant,0.0021150717007306,0.0007897828560089,0.0034704924910329,0.0007512839771348,0.0034788594243265,0.0006957607406535,0.0376492730390074,13560.15142450539,30,,True,
cv,logistic,naive,5.0,e90_concordant,0.0056358262896537,0.0038720486569218,0.0111202391097322,0.0020373542250448,0.0092342983542626,0.0018357406200675,0.050201858216479,8951.444601435789,30,,True,
cv,logistic,naive,5.0,auc,0.8379632989565532,0.8235470458865166,0.8535433873534203,0.8232475589823846,0.8526790389307218,0.0075078585594899,0.0165807866892512,29314.51773066757,30,,True,
cv,logistic,naive,5.0,cindex,0.8371541221936544,0.8213987529277802,0.853099773824215,0.8217416143879612,0.8525666299993475,0.0078633508190226,0.0159714270837596,29924.069095784955,30,,True,
cv,logistic,naive,5.0,auc_marginal_ipcw,0.8370235145092011,0.8226137042045594,0.8528766095638275,0.8222047105297375,0.8518423184886647,0.0075604832600511,0.0119824987498316,33900.372876559624,30,,True,
cv,logistic,naive,5.0,cindex_marginal_ipcw,0.8342301865418752,0.8199081391096115,0.8499103561043739,0.8195076568500282,0.8489527162337221,0.0075113533944486,0.0133597280614978,32543.47048496673,30,,True,
cv,logistic,naive,5.0,at_risk_fraction,0.7978907227516174,0.7939290881156922,0.801730215549469,0.7940450630526071,0.8017363824506277,0.001962049614007,4.860149189361204e-05,41148.00014579739,30,,True,
cv,logistic,naive,5.0,nb_at_0.01,0.0101881748065352,0.0089979840209707,0.0113671934232115,0.0089909550909398,0.0113853945221306,0.0006108193008503,0.0033714324591855,40381.13781666266,30,,True,
cv,logistic,naive,5.0,nb_at_0.02,0.0073191616839418,0.0062355452799238,0.0084461253136396,0.0061915381491205,0.0084467852187631,0.0005753033948739,0.0184025005648814,27516.448904227625,30,,True,
cv,logistic,naive,5.0,nb_at_0.03,0.005388615389044,0.0043674581684172,0.0064668698934838,0.0043172748279934,0.0064599559500946,0.0005465884805636,0.0182216176848156,27692.854135458834,30,,True,
cv,logistic,naive,5.0,nb_at_0.05,0.0030712540416667,0.0021790116967167,0.0040155376889742,0.0021272638125107,0.0040152442708228,0.0004815599984398,0.0555846492357659,7618.357220967382,30,,True,
cv,logistic,naive,5.0,nb_at_0.075,0.0011869356657067,0.0004121566205867,0.0019989326130598,0.0003975395636589,0.0019763317677546,0.0004026743040179,0.0664887097880392,5654.620333118271,30,,True,
cv,logistic,naive,5.0,nb_at_0.2,-0.0007364309800323,-0.0011176702886587,-0.000336221105681,-0.0011265494971193,-0.0003463124629452,0.0001989589968368,0.0977474200943405,2843.633927462117,30,,True,
cv,logistic,naive,5.0,frac_above_0.01,0.4140412380297978,0.4077341258525848,0.4206783175468445,0.4074815362885075,0.4206009397710882,0.0033228897548209,0.4243442390159918,169.05864647444258,30,,True,
cv,logistic,naive,5.0,frac_above_0.02,0.2690843184789022,0.2639709115028381,0.274355411529541,0.2638113614131261,0.2743572755446782,0.002679934937478,0.3089901752355439,313.12134087389387,30,,True,
cv,logistic,naive,5.0,frac_above_0.03,0.1900110438466072,0.1855522006750107,0.1942844688892364,0.1855451046911985,0.1944769830020159,0.0022726746796557,0.2516143597991365,466.82260991096274,30,,True,
cv,logistic,naive,5.0,frac_above_0.05,0.108155600229899,0.1050440222024917,0.1113543225452303,0.1049635636591773,0.1113476368006208,0.0016273940361644,0.1324862345410811,1607.859163732962,30,,True,
cv,logistic,naive,5.0,frac_above_0.075,0.0605509790281454,0.0579572804272174,0.06306853890419,0.0580059785266497,0.0630959795296412,0.0012956095764724,0.2323470998919491,544.9477133946039,30,,True,
cv,logistic,naive,5.0,frac_above_0.2,0.0075853428648163,0.006318193860352,0.0086024636402726,0.0064498981237149,0.0087207876059178,0.0005738283560504,0.4904789180493152,127.6782995350095,30,,True,
cv,logistic,naive,5.0,nb_all_at_0.01,0.0059200543910264,0.0046905977185815,0.0071814869646914,0.0046745503315151,0.0071655584505378,0.0006354542394474,4.860149189361204e-05,41148.00014579739,30,,True,
cv,logistic,naive,5.0,nb_all_at_0.02,-0.0042236186563968,-0.00546562083764,-0.0029493141395505,-0.0054818319070352,-0.0029654054057584,0.0006419384490491,4.860149189361204e-05,41148.00014579739,30,,True,
cv,logistic,naive,5.0,nb_all_at_0.03,-0.0145764397457242,-0.0158312449697405,-0.0132889978354796,-0.0158476242494008,-0.0133052552420475,0.0006485563622315,4.860149189361204e-05,41148.00014579739,30,,True,
cv,logistic,naive,5.0,nb_all_at_0.05,-0.0359359420835971,-0.0372171682305634,-0.0346213974058628,-0.0372338883838875,-0.0346379957833067,0.0006622101893576,4.860149189361204e-05,41148.00014579739,30,,True,
cv,logistic,naive,5.0,nb_all_at_0.075,-0.063934214413166,-0.0652500601485371,-0.062584138661623,-0.0652672404432622,-0.0626011883830699,0.0006801078130975,4.860149189361204e-05,41148.00014579739,30,,True,
cv,logistic,naive,5.0,nb_all_at_0.2,-0.2301739305257797,-0.2316953845322132,-0.2286129038780927,-0.2317152418164544,-0.228632619235105,0.0007863746300046,4.860149189361204e-05,41148.00014579739,30,,True,
cv,logistic,naive,10.0,mean_pred,0.0603233262896537,0.059363118186593,0.0612672484479844,0.0593587374177774,0.0612879151615301,0.0004921032751394,0.037010480022507,13869.791599043532,30,,True,
cv,logistic,naive,10.0,obs_cif,0.0367828086018562,0.0347764777950942,0.0389350767247378,0.0346059341122686,0.0389596830914438,0.0011106379883628,4.860149189361204e-05,41148.00014579739,30,,True,
cv,logistic,naive,10.0,eo,1.6399868766466776,1.54839945435524,1.7318162441253662,1.545553772396797,1.7344199808965584,0.0481796030375969,0.0028919384300925,40567.22782253721,30,,True,
cv,logistic,naive,10.0,calib_intercept,-0.7364616235097249,-0.8196454957127571,-0.6561627134680749,-0.8193472633014058,-0.6535759837180439,0.0422878284848256,0.0126666831903639,33230.39237890477,30,,True,
cv,logistic,naive,10.0,calib_slope,0.7258658945560456,0.6782921120524407,0.7802206546068191,0.6747783281001677,0.7769534610119234,0.0260643669149755,0.0196068071316388,26357.178603463333,30,,True,
cv,logistic,naive,10.0,ici,0.0248340181385477,0.0224076235201209,0.0271222596056759,0.0224119574651533,0.0272560788119421,0.0012357250029726,0.0110155308916989,34828.06777283675,30,,True,
cv,logistic,naive,10.0,e50,0.0095257982301215,0.0047383199445903,0.0147768939379602,0.0044545607894226,0.0145970356708204,0.0025872822960053,0.022331225820188,23853.47946803986,30,,True,
cv,logistic,naive,10.0,e90,0.0669111664096514,0.0584243632853031,0.0741236681118607,0.0589202662997651,0.0749020665195377,0.0040768539137403,0.0228439581365071,23403.404083700872,30,,True,
cv,logistic,naive,10.0,obs_concordant,0.0386035181581974,0.0364839544519782,0.0408451026305555,0.0363050288648722,0.0409020074515225,0.0011726856726112,4.860149189361204e-05,41148.00014579739,30,,True,
cv,logistic,naive,10.0,eo_concordant,1.562637988726298,1.4751892119646073,1.6512720853090286,1.4722615137223969,1.6530144637301991,0.0461099182644147,0.002867054199232,40576.22003463128,30,,True,
cv,logistic,naive,10.0,calib_intercept_concordant,-0.6503258605798086,-0.7331707596778869,-0.5703436076641083,-0.732836654257716,-0.5678150669019011,0.0420966181132956,0.0118919026707921,33988.3351047739,30,,True,
cv,logistic,naive,10.0,calib_slope_concordant,0.7398064057032268,0.693339678645134,0.7928434371948242,0.6900246574593039,0.7895881539471497,0.0253981466486827,0.0197214599620988,26248.31837827884,30,,True,
cv,logistic,naive,10.0,ici_concordant,0.0227454502756396,0.0202682604081928,0.0250690025277435,0.020281884185154,0.0252090163661253,0.0012569023402934,0.0097175689053906,36024.650928764044,30,,True,
cv,logistic,naive,10.0,e50_concordant,0.0095909751951694,0.0059307368472218,0.0133600846631452,0.0058471356716237,0.0133348147187151,0.0019100696321287,0.0195928558969945,26370.443930263504,30,,True,
cv,logistic,naive,10.0,e90_concordant,0.0578644931316375,0.0488864140585064,0.0656444476917386,0.0493489186581523,0.0663800676051228,0.004344549044941,0.021226283343626,24847.00197982676,30,,True,
cv,logistic,naive,10.0,auc,0.8226994653542836,0.8118761673569679,0.8339178517460822,0.8116142840489304,0.8337846466596368,0.0056556113971601,0.0111503461687792,34700.33201764887,30,,True,
cv,logistic,naive,10.0,cindex,0.8317282934983571,0.8193398147821427,0.8445945650339126,0.819216564653171,0.8442400223435431,0.0063834299572343,0.0111181603710124,34730.87927984669,30,,True,
cv,logistic,naive,10.0,auc_marginal_ipcw,0.8298973043759664,0.8189972922205925,0.8408238783478736,0.8187126967511401,0.8410819120007927,0.0057063525499305,0.0081326934488163,37381.405066714426,30,,True,
cv,logistic,naive,10.0,cindex_marginal_ipcw,0.8253006716569264,0.8149025306105614,0.8360580310225486,0.8144346817911806,0.8361666615226723,0.0055437846087134,0.0104218301665106,35383.35574713995,30,,True,
cv,logistic,naive,10.0,at_risk_fraction,0.5525503754615784,0.54790707975626,0.5570222854614257,0.5478463406041338,0.5572544103190229,0.0023999912885427,4.860149189361204e-05,41148.00014579739,30,,True,
cv,logistic,naive,10.0,nb_at_0.01,0.0294756789381305,0.0274575025774538,0.0315735277719795,0.0273151002962833,0.0316362575799777,0.0011023237177589,0.0015612786675474,40953.04514634076,30,,True,
cv,logistic,naive,10.0,nb_at_0.02,0.024823469047745,0.0228657563216984,0.0269746566191315,0.0226726122166512,0.0269743258788389,0.0010973634788504,0.0024452491584383,40718.48396543955,30,,True,
cv,logistic,naive,10.0,nb_at_0.03,0.0211463479946057,0.0192148180212825,0.0233043409418314,0.0190266097049701,0.0232660862842412,0.0010814864113559,0.0038584425163369,40167.6868339884,30,,True,
cv,logistic,naive,10.0,nb_at_0.05,0.0154222837959726,0.0134448177414014,0.0174823336768895,0.013363839489758,0.0174807281021872,0.0010502133049627,0.0060926076516868,38897.32324548492,30,,True,
cv,logistic,naive,10.0,nb_at_0.075,0.0094171296184261,0.0075645230128429,0.0113265456398949,0.0074743568968065,0.0113599023400458,0.0009911947959736,0.0105153454745063,35296.72075953965,30,,True,
cv,logistic,naive,10.0,nb_at_0.2,-0.0030857092623288,-0.0045636309543624,-0.0015657473530154,-0.0046083381004943,-0.0015630804241633,0.000776768754103,0.0476488302741391,9696.795445330708,30,,True,
cv,logistic,naive,10.0,frac_above_0.01,0.6293671766916911,0.6237920522689819,0.6345167756080627,0.6238893820922973,0.6348449712910849,0.0027870376469874,0.2614535294743234,433.2867840638819,30,,True,
cv,logistic,naive,10.0,frac_above_0.02,0.4955200254917145,0.4901703596115112,0.5010085105895996,0.4900081511897441,0.5010318997936848,0.0028100588393987,0.1343386385340052,1565.9633896605555,30,,True,
cv,logistic,naive,10.0,frac_above_0.03,0.4170934170484542,0.4117356538772583,0.4225413799285888,0.4116552373483279,0.4225315967485806,0.0027716334916956,0.160085133316179,1119.8017342037258,30,,True,
cv,logistic,naive,10.0,frac_above_0.05,0.3202433337767918,0.3152859807014465,0.3254031836986542,0.3151500123960349,0.3253366551575488,0.0025961018988904,0.1531285953507137,1219.481193372712,30,,True,
cv,logistic,naive,10.0,frac_above_0.075,0.2433981612324714,0.2391515433788299,0.2477625101804733,0.239000537598383,0.2477957848665598,0.0022428422779114,0.0937521837589691,3070.40679035979,30,,True,
cv,logistic,naive,10.0,frac_above_0.2,0.0811059000591437,0.0785724148154258,0.0838213711977005,0.0784422226037494,0.0837695775145379,0.0013587585973183,0.0657608031837985,5761.883091776381,30,,True,
cv,logistic,naive,10.0,nb_all_at_0.01,0.0270533431321382,0.0250267443247139,0.0292273514904081,0.0248544799664539,0.0292522062978225,0.001121856576804,4.860149189361204e-05,41148.00014579739,30,,True,
cv,logistic,naive,10.0,nb_all_at_0.02,0.0171253159642219,0.0150780365336686,0.0193215080536901,0.0149040154028156,0.0193466165256283,0.0011333041013021,4.860149189361204e-05,41148.00014579739,30,,True,
cv,logistic,naive,10.0,nb_all_at_0.03,0.0069925878196954,0.0049242021050304,0.0092114201048388,0.0047483873560023,0.0092367882833886,0.0011449875959322,4.860149189361204e-05,41148.00014579739,30,,True,
cv,logistic,naive,10.0,nb_all_at_0.05,-0.0139128314331173,-0.0160247615538537,-0.011647286824882,-0.0162042782172722,-0.0116213846489624,0.0011690925953551,4.860149189361204e-05,41148.00014579739,30,,True,
cv,logistic,naive,10.0,nb_all_at_0.075,-0.0413158796727657,-0.0434848912991583,-0.038989104423672,-0.0436692573605995,-0.0389625019849318,0.0012006896463603,4.860149189361204e-05,41148.00014579739,30,,True,
cv,logistic,naive,10.0,nb_all_at_0.2,-0.2040214836597442,-0.2065294098109006,-0.2013311605900526,-0.2067425771729912,-0.2013003901464973,0.001388297690177,4.860149189361204e-05,41148.00014579739,30,,True,
cv,logistic,naive,15.0,mean_pred,0.171388674279054,0.169113852456212,0.173669983446598,0.1690677461109652,0.1737096024471427,0.0011837837766474,0.0843270820970574,3722.704132839466,30,,True,
cv,logistic,naive,15.0,obs_cif,0.0641817897558212,0.0609723340719938,0.0676741149276494,0.0608109494810235,0.0675526300306188,0.0017197974801951,4.860149189361204e-05,41148.00014579739,30,,True,
cv,logistic,naive,15.0,eo,2.670363108317057,2.5368366122245787,2.8128179371356965,2.5331599503372377,2.807566266296877,0.0700007274920044,0.0058683128440342,39044.86516112959,30,,True,
cv,logistic,naive,15.0,calib_intercept,-1.426548918088277,-1.5000103384256362,-1.3523952126502992,-1.4992538938954594,-1.3538439422810948,0.0370930959845412,0.023433213817861,22895.04699880467,30,,True,
cv,logistic,naive,15.0,calib_slope,0.6712034543355306,0.6314357906579972,0.7187986105680465,0.6277637370252651,0.7146431716457962,0.0221624063411396,0.0222683909593492,23909.12252837897,30,,True,
cv,logistic,naive,15.0,ici,0.1102413691580295,0.1059816233813762,0.1143277997151017,0.1060558452620333,0.1144268930540257,0.00213536361148,0.0304863269685468,17582.747469432612,30,,True,
cv,logistic,naive,15.0,e50,0.0454615705957015,0.0337324980646371,0.0572479050606489,0.0326357595167331,0.0582873816746699,0.0065435337964789,0.0250558322971471,21545.81480290374,30,,True,
cv,logistic,naive,15.0,e90,0.3477326840162277,0.3336608365178108,0.3602489925920963,0.3343652330371223,0.361100134995333,0.0068195666006594,0.0411271000634171,12019.942354548582,30,,True,
cv,logistic,naive,15.0,obs_concordant,0.0699984654784202,0.0664432492107152,0.0738160520792006,0.0662527298511895,0.073744201105651,0.0019110685075623,4.860149189361204e-05,41148.00014579739,30,,True,
cv,logistic,naive,15.0,eo_concordant,2.448463225364685,2.325435680150986,2.5812271893024445,2.32065244754021,2.57627400318916,0.0652087633013209,0.0056868108761509,39161.19147102338,30,,True,
cv,logistic,naive,15.0,calib_intercept_concordant,-1.2641294876734417,-1.3379593282938005,-1.1870162695646287,-1.3384007547358578,-1.189858220611025,0.0378923401768907,0.0214289273515847,24662.444346586915,30,,True,
cv,logistic,naive,15.0,calib_slope_concordant,0.7032821277777354,0.6645602792501449,0.7497063249349594,0.6609907722817334,0.7455734832737373,0.0215764801373921,0.0233822255552459,22938.6541827194,30,,True,
cv,logistic,naive,15.0,ici_concordant,0.1035069460670153,0.0992503294721245,0.1075298121199011,0.0993069933065058,0.1077068988275247,0.0021427277671228,0.0299593406625998,17930.583332007485,30,,True,
cv,logistic,naive,15.0,e50_concordant,0.0512329080452521,0.0395202409476041,0.0591101635247468,0.0410071181835682,0.061458697906936,0.0052169079370041,0.0352569586702476,14766.164587056652,30,,True,
cv,logistic,naive,15.0,e90_concordant,0.3183924744526545,0.3027785152196884,0.3325313627719879,0.3035223408811507,0.3332626080241582,0.0075863030833379,0.0360211472879077,14366.972802440549,30,,True,
cv,logistic,naive,15.0,auc,0.7817159434159596,0.7708038568496705,0.7926866620779037,0.7708122186311945,0.7926196682007247,0.0055630417948962,0.0093685932264846,36334.43479553313,30,,True,
cv,logistic,naive,15.0,cindex,0.820963994661967,0.8103372305631638,0.8319728672504425,0.8101565144007735,0.8317714749231605,0.0055138996472918,0.0158617223093071,30034.072078906127,30,,True,
cv,logistic,naive,15.0,auc_marginal_ipcw,0.8284907023111979,0.8175133809447288,0.8389210388064384,0.8176955391650707,0.8392858654573252,0.0055076679533614,0.0054350265739066,39317.90869252778,30,,True,
cv,logistic,naive,15.0,cindex_marginal_ipcw,0.8145479043324788,0.8039552375674248,0.8242191702127457,0.8044337627324493,0.8246620459325084,0.0051602114077157,0.0057826207316761,39100.13183929705,30,,True,
cv,logistic,naive,15.0,at_risk_fraction,0.3379504680633545,0.3334062397480011,0.3425196222960948,0.3333655061929572,0.3425354299337518,0.0023392404352275,4.860149189361204e-05,41148.00014579739,30,,True,
cv,logistic,naive,15.0,nb_at_0.01,0.0560912939409414,0.0527694374322891,0.0595586529932916,0.0526905022620749,0.059492085619808,0.0017350786018116,0.0005041569469114,41117.15635093665,30,,True,
cv,logistic,naive,15.0,nb_at_0.02,0.0501792172590891,0.0467900170944631,0.0536569613032043,0.0467627083532723,0.0535957261649059,0.0017430973395398,0.001412717902678,40983.84618959134,30,,True,
cv,logistic,naive,15.0,nb_at_0.03,0.0448657325158516,0.0414634275250136,0.0483994763344526,0.0414401526844431,0.0482913123472601,0.0017477253341765,0.0013182395779718,41002.12728808761,30,,True,
cv,logistic,naive,15.0,nb_at_0.05,0.0356841101000706,0.0322993518784642,0.039102030172944,0.0322343180144148,0.0391339021857264,0.0017600777503392,0.0030582033308008,40505.45116001402,30,,True,
cv,logistic,naive,15.0,nb_at_0.075,0.0258079916238784,0.0224685227498412,0.0293322527781128,0.0223331313316666,0.0292828519160903,0.0017728668067538,0.004249659715894,39978.92216416344,30,,True,
cv,logistic,naive,15.0,nb_at_0.2,-0.0102478597313165,-0.0139305166434496,-0.0064596281270496,-0.0139386345492453,-0.0065570849133877,0.0018830111967903,0.0141514240470198,31752.001734608453,30,,True,
cv,logistic,naive,15.0,frac_above_0.01,0.8032722314198811,0.7986035346984863,0.8078135251998901,0.7985615952920433,0.807982867547719,0.0023928596475799,0.3302099512048007,275.1858963467295,30,,True,
cv,logistic,naive,15.0,frac_above_0.02,0.6896597643693289,0.6846168041229248,0.6944586038589478,0.6846674551411557,0.694652073597502,0.0025431906504952,0.1931099648374643,779.945418762386,30,,True,
cv,logistic,naive,15.0,frac_above_0.03,0.620300296942393,0.6151086091995239,0.6250314116477966,0.6152016227756721,0.6253989711091138,0.0025993675249667,0.1355272862426158,1539.9305539479426,30,,True,
cv,logistic,naive,15.0,frac_above_0.05,0.5357258796691895,0.530614709854126,0.5406835079193115,0.5305857029159287,0.5408660564224503,0.0026220850425606,0.0622658156691971,6319.384283079545,30,,True,
cv,logistic,naive,15.0,frac_above_0.075,0.4697469194730123,0.4645249545574188,0.4750066697597503,0.464472612796218,0.4750212261498065,0.0026905544582094,0.0587374381154206,6962.844034436602,30,,True,
cv,logistic,naive,15.0,frac_above_0.2,0.2983437697092692,0.2937069237232208,0.3030464947223663,0.2936736313094433,0.303013908109095,0.0023823035339237,0.06287679169396,6216.561308719404,30,,True,
cv,logistic,naive,15.0,nb_all_at_0.01,0.0547290779650211,0.0514872060157358,0.0582566836848854,0.0513241889865877,0.0581339669434544,0.0017371690759822,4.860149189361204e-05,41148.00014579739,30,,True,
cv,logistic,naive,15.0,nb_all_at_0.02,0.0450834557414054,0.0418085042387247,0.0486470574513077,0.0416438231053604,0.0485230883774505,0.00175489523621,4.860149189361204e-05,41148.00014579739,30,,True,
cv,logistic,naive,15.0,nb_all_at_0.03,0.0352389551699161,0.0319302387535572,0.0388392942957579,0.0317638621610188,0.0387140481788135,0.0017729870634419,4.860149189361204e-05,41148.00014579739,30,,True,
cv,logistic,naive,15.0,nb_all_at_0.05,0.0149281956255435,0.011549823754467,0.0186043341178446,0.0113799429556544,0.0184764482954327,0.0018103130090129,4.860149189361204e-05,41148.00014579739,30,,True,
cv,logistic,naive,15.0,nb_all_at_0.075,-0.0116953663527965,-0.0151650458574295,-0.0079198737861588,-0.0153395176916668,-0.0080512150139262,0.001859240361193,4.860149189361204e-05,41148.00014579739,30,,True,
cv,logistic,naive,15.0,nb_all_at_0.2,-0.1697727739810943,-0.1737845905125141,-0.165407358109951,-0.1739863238257591,-0.1655592241364295,0.0021497465957405,4.860149189361204e-05,41148.00014579739,30,,True,
cv,cox_naive,naive,5.0,mean_pred,0.0168770561615626,0.0165966401807963,0.0171530869789421,0.0165987320830821,0.017155380240043,0.0001420003607447,0.0047800083910383,39699.29274986136,30,,True,
cv,cox_naive,naive,5.0,obs_cif,0.015860853716731,0.0146436920156702,0.017109671421349,0.0146278047107564,0.0170939027227056,0.0006290996904501,4.860149189361204e-05,41148.00014579739,30,,True,
cv,cox_naive,naive,5.0,eo,1.0640698353449505,0.9864112883806228,1.1518992781639097,0.9826190826224512,1.1455205880674493,0.0415560473609516,0.0002681326079515,41136.155451459,30,,True,
cv,cox_naive,naive,5.0,calib_intercept,-0.1494570593039194,-0.2585663206875324,-0.0461362695321442,-0.2588450191759205,-0.0400690994319183,0.0558093615649123,0.0091077082264978,36562.21227887288,30,,True,
cv,cox_naive,naive,5.0,calib_slope,0.8426230808099111,0.7601726159453392,0.9498278930783272,0.7483671513490916,0.9368790102707306,0.04808662366898,0.0358028914631191,14479.614164128485,30,,True,
cv,cox_naive,naive,5.0,ici,0.0021971873667401,0.0010521838936256,0.0039786437293514,0.0007155831201,0.0036787916133803,0.0007558461789977,0.0455659539277617,10368.28835548332,30,,True,
cv,cox_naive,naive,5.0,e50,0.001234207174275,0.0002675235991773,0.0029055533988866,-0.0002243621626167,0.0026927765111668,0.0007440818891761,0.0499406651640811,9024.044004733236,30,,True,
cv,cox_naive,naive,5.0,e90,0.002560723790278,0.0013525548012694,0.0066091486252844,-0.0001853181126482,0.0053067656932043,0.00140090231499,0.0458772019177376,10264.062555714752,30,,True,
cv,cox_naive,naive,5.0,obs_concordant,0.0161766298115253,0.0149396675173193,0.0174562618136405,0.0149175846628729,0.0174356749601777,0.0006423628821256,4.860149189361204e-05,41148.00014579739,30,,True,
cv,cox_naive,naive,5.0,eo_concordant,1.0432986497879029,0.9670578733086586,1.1296648949384689,0.9633887207460554,1.1232085788297503,0.0407699215160187,0.0002678573454776,41136.1738222621,30,,True,
cv,cox_naive,naive,5.0,calib_intercept_concordant,-0.1171415631969769,-0.2257946509867906,-0.0137855041306466,-0.2260669977728514,-0.0082161286211024,0.0555733907459468,0.0089224451307751,36721.8748359371,30,,True,
cv,cox_naive,naive,5.0,calib_slope_concordant,0.847743668158849,0.7658986657857895,0.9540337026119232,0.7543451778175975,0.9411421585001006,0.0476492108743759,0.0356088171593925,14580.691037056566,30,,True,
cv,cox_naive,naive,5.0,ici_concordant,0.0022595765301957,0.0009519970815745,0.0040419568424113,0.0006984276885072,0.0038207253718843,0.0007964220318159,0.046913119285738,9927.116682986842,30,,True,
cv,cox_naive,naive,5.0,e50_concordant,0.0014577543712221,0.0003231404109101,0.0030293687246739,-2.522450335185099e-05,0.002940733245796,0.0007565422709115,0.0473357113455553,9793.930405753385,30,,True,
cv,cox_naive,naive,5.0,e90_concordant,0.0032966459635645,0.0012464898114558,0.0074247644748538,8.054702748080999e-05,0.0065127448996482,0.001640739041723,0.0398066249654278,12576.954147546883,30,,True,
cv,cox_naive,naive,5.0,auc,0.8363117317358653,0.8224660485982895,0.8521460771560668,0.8218227505826916,0.8508007128890389,0.0073921879163108,0.0145339575577336,31368.043331314067,30,,True,
cv,cox_naive,naive,5.0,cindex,0.835306066274643,0.820233303308487,0.8510052680969238,0.8204276740541427,0.8501844584951432,0.0075908853773545,0.0119205312436636,33960.559791105006,30,,True,
cv,cox_naive,naive,5.0,auc_marginal_ipcw,0.8358613193035126,0.8218574941158294,0.8515462756156922,0.8213053065171448,0.8504173320898804,0.0074264137733728,0.0112603461577115,34595.69348950067,30,,True,
cv,cox_naive,naive,5.0,cindex_marginal_ipcw,0.832918385664622,0.819071863591671,0.848528829216957,0.8184406563155041,0.8473961150137398,0.0073864707649915,0.0116937296290626,34180.05154461033,30,,True,
cv,cox_naive,naive,5.0,at_risk_fraction,0.7978907227516174,0.7939290881156922,0.801730215549469,0.7940450630526071,0.8017363824506277,0.001962049614007,4.860149189361204e-05,41148.00014579739,30,,True,
cv,cox_naive,naive,5.0,nb_at_0.01,0.0103075451838473,0.0091180030722171,0.0114921427331864,0.0091116461759724,0.0115034441917222,0.0006101453751657,0.0038859252199592,40154.923275465895,30,,True,
cv,cox_naive,naive,5.0,nb_at_0.02,0.0071002068929374,0.0060369291808456,0.0082359585445374,0.0059987858244473,0.0082016279614275,0.0005619414829001,0.0085581168414075,37030.51991478335,30,,True,
cv,cox_naive,naive,5.0,nb_at_0.03,0.0052629134152084,0.0042846912168897,0.0063270533457398,0.0042247585517906,0.0063010682786262,0.0005296548054384,0.0211989524484493,24871.972158641183,30,,True,
cv,cox_naive,naive,5.0,nb_at_0.05,0.0029594570786381,0.0021324615343473,0.0038309524359647,0.0020931299456784,0.0038257842115978,0.0004419351701943,0.0586238578028641,6985.0618574048885,30,,True,
cv,cox_naive,naive,5.0,nb_at_0.075,0.0013571809977293,0.0006951851042686,0.0020773052237927,0.000659462814921,0.0020548991805375,0.0003559164991145,0.0625507226829014,6271.139304253241,30,,True,
cv,cox_naive,naive,5.0,nb_at_0.2,-0.0001053147538793,-0.0003636903667938,0.0001680865017988,-0.0003732016241055,0.0001625721163469,0.0001366381467112,0.0809997344761418,4001.7785755200366,30,,True,
cv,cox_naive,naive,5.0,frac_above_0.01,0.3890892336765925,0.3839112818241119,0.3943851225078105,0.383815288704962,0.3943631786482229,0.0026889915758601,0.1261633690328533,1764.163261606976,30,,True,
cv,cox_naive,naive,5.0,frac_above_0.02,0.2497347156206766,0.2453727275133133,0.2541047930717468,0.2453377323550732,0.2541316988862801,0.002242793539818,0.076044125028719,4477.089478922042,30,,True,
cv,cox_naive,naive,5.0,frac_above_0.03,0.1713772306839625,0.1673511415719986,0.175281286239624,0.1673825526663689,0.175371908701556,0.0020370850268478,0.1085301252605328,2341.6964556386897,30,,True,
cv,cox_naive,naive,5.0,frac_above_0.05,0.088023242354393,0.0853766202926635,0.0907875895500183,0.0852930752435196,0.0907534094652663,0.0013927427598074,0.0561931124043453,7485.331448540928,30,,True,
cv,cox_naive,naive,5.0,frac_above_0.075,0.0426089281837145,0.0406875498592853,0.0446080677211284,0.0406313736542955,0.0445864827131335,0.001008713268606,0.0742706186482718,4667.137052471071,30,,True,
cv,cox_naive,naive,5.0,frac_above_0.2,0.0028450773330405,0.002324771368876,0.0033778036013245,0.0023158121698516,0.0033743424962294,0.0002697597339824,0.1562154621455829,1173.6760031507256,30,,True,
cv,cox_naive,naive,5.0,nb_all_at_0.01,0.0059200543910264,0.0046905977185815,0.0071814869646914,0.0046745503315151,0.0071655584505378,0.0006354542394474,4.860149189361204e-05,41148.00014579739,30,,True,
cv,cox_naive,naive,5.0,nb_all_at_0.02,-0.0042236186563968,-0.00546562083764,-0.0029493141395505,-0.0054818319070352,-0.0029654054057584,0.0006419384490491,4.860149189361204e-05,41148.00014579739,30,,True,
cv,cox_naive,naive,5.0,nb_all_at_0.03,-0.0145764397457242,-0.0158312449697405,-0.0132889978354796,-0.0158476242494008,-0.0133052552420475,0.0006485563622315,4.860149189361204e-05,41148.00014579739,30,,True,
cv,cox_naive,naive,5.0,nb_all_at_0.05,-0.0359359420835971,-0.0372171682305634,-0.0346213974058628,-0.0372338883838875,-0.0346379957833067,0.0006622101893576,4.860149189361204e-05,41148.00014579739,30,,True,
cv,cox_naive,naive,5.0,nb_all_at_0.075,-0.063934214413166,-0.0652500601485371,-0.062584138661623,-0.0652672404432622,-0.0626011883830699,0.0006801078130975,4.860149189361204e-05,41148.00014579739,30,,True,
cv,cox_naive,naive,5.0,nb_all_at_0.2,-0.2301739305257797,-0.2316953845322132,-0.2286129038780927,-0.2317152418164544,-0.228632619235105,0.0007863746300046,4.860149189361204e-05,41148.00014579739,30,,True,
cv,cox_naive,naive,10.0,mean_pred,0.042394084483385,0.0417295335792005,0.0430450264364481,0.0417340393330396,0.0430541296337305,0.0003367504824027,0.0155588233593694,30338.093017489733,30,,True,
cv,cox_naive,naive,10.0,obs_cif,0.0367828086018562,0.0347764777950942,0.0389350767247378,0.0346059341122686,0.0389596830914438,0.0011106379883628,4.860149189361204e-05,41148.00014579739,30,,True,
cv,cox_naive,naive,10.0,eo,1.152551523844401,1.0884155750274658,1.2165954798460006,1.086201871805747,1.2189011758830557,0.0338514866211722,0.0011819176551166,41026.70737066356,30,,True,
cv,cox_naive,naive,10.0,calib_intercept,-0.2789409786462783,-0.3613480046391487,-0.2006546352058649,-0.3608969034219564,-0.1969850538706003,0.0418136908102254,0.0070801175423505,38200.59153607611,30,,True,
cv,cox_naive,naive,10.0,calib_slope,0.768275115887324,0.7185423403978348,0.8250547483563423,0.7142917737505246,0.8222584580241235,0.0275414517671468,0.0255435040346808,21155.10380329076,30,,True,
cv,cox_naive,naive,10.0,ici,0.0085971429012715,0.0065896184882149,0.0108439949573948,0.0064628194670662,0.0107314663354769,0.0010888737447981,0.0344800048981647,15186.031242841304,30,,True,
cv,cox_naive,naive,10.0,e50,0.0045731589508553,0.0022995507635641,0.0068048329791054,0.002308335683978,0.0068379822177325,0.0011554359515509,0.0387915958100363,13027.838654859755,30,,True,
cv,cox_naive,naive,10.0,e90,0.0106429086998105,0.0075442251749336,0.0178750187158584,0.0052665252453937,0.0160192921542272,0.0027428489032334,0.0387278969778655,13056.816929551089,30,,True,
cv,cox_naive,naive,10.0,obs_concordant,0.0386035181581974,0.0364839544519782,0.0408451026305555,0.0363050288648722,0.0409020074515225,0.0011726856726112,4.860149189361204e-05,41148.00014579739,30,,True,
cv,cox_naive,naive,10.0,eo_concordant,1.0981921871503195,1.0368245661258697,1.159944301843643,1.0346916180304473,1.1616927562701918,0.0323978891010732,0.0011719653890376,41028.418501740496,30,,True,
cv,cox_naive,naive,10.0,calib_intercept_concordant,-0.1929066851735115,-0.274784629791975,-0.1152475230395794,-0.2743642951856935,-0.1114490751613294,0.041559465417856,0.0065344822817075,38594.79863198696,30,,True,
cv,cox_naive,naive,10.0,calib_slope_concordant,0.7837112069129943,0.7351334631443024,0.8394743651151656,0.7309444543897393,0.8364779594362494,0.0269207442621036,0.0259319311290748,20848.84725667179,30,,True,
cv,cox_naive,naive,10.0,ici_concordant,0.0084876831000049,0.0063163216924294,0.0108058506157249,0.0062574693383102,0.0107178968616997,0.0011377778417104,0.0392004817193374,12843.76300012023,30,,True,
cv,cox_naive,naive,10.0,e50_concordant,0.0056816909151772,0.0034272810036782,0.0076692496659234,0.0035594945361945,0.0078038872941599,0.0010826738937376,0.0384080270900934,13203.578785100211,30,,True,
cv,cox_naive,naive,10.0,e90_concordant,0.0105989475734531,0.0067907021613791,0.0173140881583094,0.0052496471516129,0.0159482479952933,0.0027290899109917,0.0315116755541891,16927.68156125631,30,,True,
cv,cox_naive,naive,10.0,auc,0.8217123289903004,0.8107471823692322,0.8333179995417594,0.8105760442022916,0.8328486137783093,0.0056816853129499,0.0109380550543823,34901.21342374175,30,,True,
cv,cox_naive,naive,10.0,cindex,0.8302590906620025,0.8180988818407059,0.8430531188845635,0.8179437103989375,0.8425744709250675,0.0062832569280496,0.0105755408865891,35240.78349521871,30,,True,
cv,cox_naive,naive,10.0,auc_marginal_ipcw,0.8292073150475819,0.8180514425039291,0.8403799742460251,0.8179634878705074,0.8404511422246564,0.0057365652619035,0.008358193998125,37196.73495097733,30,,True,
cv,cox_naive,naive,10.0,cindex_marginal_ipcw,0.8251117924849193,0.8144876182079315,0.8361214250326157,0.8141778479018444,0.8360457370679941,0.0055784569004545,0.0099991370882147,35770.71989512616,30,,True,
cv,cox_naive,naive,10.0,at_risk_fraction,0.5525503754615784,0.54790707975626,0.5570222854614257,0.5478463406041338,0.5572544103190229,0.0023999912885427,4.860149189361204e-05,41148.00014579739,30,,True,
cv,cox_naive,naive,10.0,nb_at_0.01,0.0297241580983003,0.0277082225307822,0.0318393410183489,0.0275638494166851,0.0318844667799154,0.0011021859748641,0.0016165253394492,40940.951910889664,30,,True,
cv,cox_naive,naive,10.0,nb_at_0.02,0.0250110222026705,0.0231015414465218,0.0271588813513517,0.0228907427649917,0.0271313016403494,0.0010817628416047,0.0028342161298423,40587.98495238434,30,,True,
cv,cox_naive,naive,10.0,nb_at_0.03,0.0215787164246042,0.0196193850133568,0.0236745977308601,0.0195038604210771,0.0236535724281313,0.0010585873400169,0.0044070413304667,39898.74942480994,30,,True,
cv,cox_naive,naive,10.0,nb_at_0.05,0.0154819688759744,0.0135935573140159,0.0173817380331456,0.0135377794642857,0.017426158287663,0.0009919173890353,0.0107328387062733,35093.998768810125,30,,True,
cv,cox_naive,naive,10.0,nb_at_0.075,0.0103033466885487,0.0085605994798243,0.0121176462154835,0.0085032575393657,0.0121034358377317,0.0009183850562007,0.0211728358564627,24895.850266111,30,,True,
cv,cox_naive,naive,10.0,nb_at_0.2,0.0003618733608163,-0.0007057332215481,0.0014210365072358,-0.0007074567594835,0.0014312034811163,0.0005454749339499,0.0647689652551749,5912.758228794346,30,,True,
cv,cox_naive,naive,10.0,frac_above_0.01,0.5854738215605418,0.5803745150566101,0.5902327299118042,0.5803829728664632,0.5905646702546204,0.0025966010832201,0.0828704308501074,3841.277754893529,30,,True,
cv,cox_naive,naive,10.0,frac_above_0.02,0.446160348256429,0.4409206271171569,0.4514837503433227,0.4408542421215982,0.4514664543912598,0.0027062858298016,0.0885161938960958,3409.984398205725,30,,True,
cv,cox_naive,naive,10.0,frac_above_0.03,0.3618818501631419,0.3568726480007171,0.367054671049118,0.3567788634240868,0.3669848369021969,0.0026027815839714,0.0834610894865507,3792.543766001285,30,,True,
cv,cox_naive,naive,10.0,frac_above_0.05,0.2579453974962234,0.2535701990127563,0.2623427510261535,0.2535041558267299,0.262386639165717,0.0022654686976376,0.0686619919289784,5350.812666863109,30,,True,
cv,cox_naive,naive,10.0,frac_above_0.075,0.1774240667621294,0.1733777225017547,0.181283563375473,0.1734442609709632,0.1814038725532957,0.0020299970124065,0.0763969619658988,4440.61578847751,30,,True,
cv,cox_naive,naive,10.0,frac_above_0.2,0.0365399519602457,0.03466886151582,0.0384599789977073,0.0346481406408947,0.0384317632795967,0.0009643058247178,0.1500789269985199,1267.4097162218254,30,,True,
cv,cox_naive,naive,10.0,nb_all_at_0.01,0.0270533431321382,0.0250267443247139,0.0292273514904081,0.0248544799664539,0.0292522062978225,0.001121856576804,4.860149189361204e-05,41148.00014579739,30,,True,
cv,cox_naive,naive,10.0,nb_all_at_0.02,0.0171253159642219,0.0150780365336686,0.0193215080536901,0.0149040154028156,0.0193466165256283,0.0011333041013021,4.860149189361204e-05,41148.00014579739,30,,True,
cv,cox_naive,naive,10.0,nb_all_at_0.03,0.0069925878196954,0.0049242021050304,0.0092114201048388,0.0047483873560023,0.0092367882833886,0.0011449875959322,4.860149189361204e-05,41148.00014579739,30,,True,
cv,cox_naive,naive,10.0,nb_all_at_0.05,-0.0139128314331173,-0.0160247615538537,-0.011647286824882,-0.0162042782172722,-0.0116213846489624,0.0011690925953551,4.860149189361204e-05,41148.00014579739,30,,True,
cv,cox_naive,naive,10.0,nb_all_at_0.075,-0.0413158796727657,-0.0434848912991583,-0.038989104423672,-0.0436692573605995,-0.0389625019849318,0.0012006896463603,4.860149189361204e-05,41148.00014579739,30,,True,
cv,cox_naive,naive,10.0,nb_all_at_0.2,-0.2040214836597442,-0.2065294098109006,-0.2013311605900526,-0.2067425771729912,-0.2013003901464973,0.001388297690177,4.860149189361204e-05,41148.00014579739,30,,True,
cv,cox_naive,naive,15.0,mean_pred,0.0828655471404393,0.0816628221422433,0.0840442778542637,0.0816645635815663,0.0840665306993123,0.0006126976726236,0.0404550557873466,12299.357883491452,30,,True,
cv,cox_naive,naive,15.0,obs_cif,0.0641817897558212,0.0609723340719938,0.0676741149276494,0.0608109494810235,0.0675526300306188,0.0017197974801951,4.860149189361204e-05,41148.00014579739,30,,True,
cv,cox_naive,naive,15.0,eo,1.291106907526652,1.2256264716386795,1.3609474629163745,1.2247608660505878,1.357452949002716,0.0338496297510601,0.003254130389063,40428.89713482428,30,,True,
cv,cox_naive,naive,15.0,calib_intercept,-0.4409516960382461,-0.5200625881552696,-0.361671644449234,-0.5191297143477295,-0.3627736777287628,0.0398861799225229,0.0083281222627717,37221.53618596019,30,,True,
cv,cox_naive,naive,15.0,calib_slope,0.7117199420928955,0.6706566542387009,0.7571769043803215,0.6690024626986604,0.7544374214871306,0.0217941396131275,0.0163615312262438,29533.51758779109,30,,True,
cv,cox_naive,naive,15.0,ici,0.0234861232961217,0.0203413569834083,0.0268021390307694,0.02022398902651,0.0267482575657334,0.0016642716090468,0.0301603056556772,17797.032846188235,30,,True,
cv,cox_naive,naive,15.0,e50,0.0112789658208688,0.0080898433225229,0.0139623448019847,0.0084074103226419,0.0141505213190957,0.0014649693977435,0.0389477776971729,12957.132997777955,30,,True,
cv,cox_naive,naive,15.0,e90,0.0462534599006176,0.033181713707745,0.0586479720659554,0.0333199959774043,0.0591869238238308,0.006598540502511,0.018065907765622,27845.139485059608,30,,True,
cv,cox_naive,naive,15.0,obs_concordant,0.0699984654784202,0.0664432492107152,0.0738160520792006,0.0662527298511895,0.073744201105651,0.0019110685075623,4.860149189361204e-05,41148.00014579739,30,,True,
cv,cox_naive,naive,15.0,eo_concordant,1.1838194290796915,1.1237339049577713,1.248521727323532,1.1220233701351316,1.2456154880242514,0.0315282378506071,0.0031549447863469,40468.15691087951,30,,True,
cv,cox_naive,naive,15.0,calib_intercept_concordant,-0.2681458423535029,-0.346622222661972,-0.1873260911554099,-0.3470310392518518,-0.189260645455154,0.0402470067977655,0.0073560802304758,37993.00348700371,30,,True,
cv,cox_naive,naive,15.0,calib_slope_concordant,0.7489042758941651,0.7078962758183479,0.7948404163122177,0.7059895189873984,0.7918190328009318,0.0218947791414955,0.0166871788145354,29208.402871753515,30,,True,
cv,cox_naive,naive,15.0,ici_concordant,0.0213918326422572,0.0181307236198335,0.024807788664475,0.0180196110695785,0.0247640542149358,0.0017204067448181,0.036238806412738,14255.71574571544,30,,True,
cv,cox_naive,naive,15.0,e50_concordant,0.0141626711313923,0.0103619497036561,0.0169938691426068,0.0108366368913935,0.0174887053713911,0.0016968639712996,0.0319809739588736,16637.253890830216,30,,True,
cv,cox_naive,naive,15.0,e90_concordant,0.0250595382104317,0.0207824738230556,0.0349405285902321,0.0176772884075289,0.0324417880133345,0.0037658645457033,0.058949886567569,6921.551694528151,30,,True,
cv,cox_naive,naive,15.0,auc,0.78070743282636,0.7692452847957612,0.7917558014392853,0.7696559753424811,0.7917588903102389,0.0056384134219386,0.0096018313263695,36128.01432258892,30,,True,
cv,cox_naive,naive,15.0,cindex,0.8222385227680207,0.8112054154276848,0.8336199134588241,0.8111362421508482,0.8333408033851931,0.0056643098045101,0.0151769736579489,30721.77808310312,30,,True,
cv,cox_naive,naive,15.0,auc_marginal_ipcw,0.8267761647701264,0.8155681774020195,0.8373459562659263,0.8158489256481943,0.8377034038920584,0.0055750543127289,0.0048452065004552,39663.08278589208,30,,True,
cv,cox_naive,naive,15.0,cindex_marginal_ipcw,0.8171720564365387,0.8065327286720276,0.8269612193107605,0.8069488600142284,0.827395252858849,0.0052158524224556,0.0051874607986228,39466.59805026802,30,,True,
cv,cox_naive,naive,15.0,at_risk_fraction,0.3379504680633545,0.3334062397480011,0.3425196222960948,0.3333655061929572,0.3425354299337518,0.0023392404352275,4.860149189361204e-05,41148.00014579739,30,,True,
cv,cox_naive,naive,15.0,nb_at_0.01,0.056429535895586,0.0531002378091216,0.0598789949901402,0.0530357018929457,0.0598233698982262,0.0017315286022865,0.0015602469273218,40953.267699515614,30,,True,
cv,cox_naive,naive,15.0,nb_at_0.02,0.0506004482507705,0.047245155647397,0.0540077651850879,0.0472306067703242,0.0539702897312168,0.0017192874755816,0.002144447747856,40808.067366810326,30,,True,
cv,cox_naive,naive,15.0,nb_at_0.03,0.0457157062987486,0.0424508300609886,0.0490316062234342,0.0423532314538686,0.0490781811436286,0.0017155290599596,0.002058824869368,40831.73768997109,30,,True,
cv,cox_naive,naive,15.0,nb_at_0.05,0.0382878794024388,0.035187129676342,0.0416237696073949,0.0349995785186677,0.0415761802862099,0.0016776853550728,0.0027766177148015,40608.3412325054,30,,True,
cv,cox_naive,naive,15.0,nb_at_0.075,0.0307482214644551,0.0276402019429951,0.0339827421121299,0.0275498642918613,0.0339465786370489,0.0016317927267115,0.0075044991939218,37879.17916373613,30,,True,
cv,cox_naive,naive,15.0,nb_at_0.2,0.005776541121304,0.0031723592430353,0.0084552117623388,0.0031898976249867,0.0083631846176213,0.0013196799525366,0.0194980776004435,26460.67021881074,30,,True,
cv,cox_naive,naive,15.0,frac_above_0.01,0.7465027093887329,0.7416425943374634,0.7511927485466003,0.7416629210082497,0.751342497769216,0.0024641856525808,0.2247023126572674,581.5100164315029,30,,True,
cv,cox_naive,naive,15.0,frac_above_0.02,0.5975137650966644,0.5924114942550659,0.6022778153419495,0.5924471413158864,0.6025803888774425,0.0025840023447216,0.095653349165809,2959.306172990672,30,,True,
cv,cox_naive,naive,15.0,frac_above_0.03,0.5148369530836742,0.5095056295394897,0.5199549794197083,0.5095229020837746,0.5201510040835737,0.0027105026640862,0.0797546686397492,4114.055587121213,30,,True,
cv,cox_naive,naive,15.0,frac_above_0.05,0.4094980806112289,0.4044130146503448,0.4147086381912231,0.4042952689040265,0.4147008923184313,0.0026536550264625,0.0857493864079767,3612.0010856313984,30,,True,
cv,cox_naive,naive,15.0,frac_above_0.075,0.3249574035406112,0.3201137185096741,0.3298988342285156,0.3200461029921269,0.3298687040890956,0.0025050135621337,0.0833659039046818,3800.336294436998,30,,True,
cv,cox_naive,naive,15.0,frac_above_0.2,0.1266676391164461,0.1232857853174209,0.1299765855073928,0.1233108155273205,0.1300244627055718,0.0017122466117434,0.0748197392387518,4607.069162461006,30,,True,
cv,cox_naive,naive,15.0,nb_all_at_0.01,0.0547290779650211,0.0514872060157358,0.0582566836848854,0.0513241889865877,0.0581339669434544,0.0017371690759822,4.860149189361204e-05,41148.00014579739,30,,True,
cv,cox_naive,naive,15.0,nb_all_at_0.02,0.0450834557414054,0.0418085042387247,0.0486470574513077,0.0416438231053604,0.0485230883774505,0.00175489523621,4.860149189361204e-05,41148.00014579739,30,,True,
cv,cox_naive,naive,15.0,nb_all_at_0.03,0.0352389551699161,0.0319302387535572,0.0388392942957579,0.0317638621610188,0.0387140481788135,0.0017729870634419,4.860149189361204e-05,41148.00014579739,30,,True,
cv,cox_naive,naive,15.0,nb_all_at_0.05,0.0149281956255435,0.011549823754467,0.0186043341178446,0.0113799429556544,0.0184764482954327,0.0018103130090129,4.860149189361204e-05,41148.00014579739,30,,True,
cv,cox_naive,naive,15.0,nb_all_at_0.075,-0.0116953663527965,-0.0151650458574295,-0.0079198737861588,-0.0153395176916668,-0.0080512150139262,0.001859240361193,4.860149189361204e-05,41148.00014579739,30,,True,
cv,cox_naive,naive,15.0,nb_all_at_0.2,-0.1697727739810943,-0.1737845905125141,-0.165407358109951,-0.1739863238257591,-0.1655592241364295,0.0021497465957405,4.860149189361204e-05,41148.00014579739,30,,True,
cv,rsf_naive,naive,5.0,mean_pred,0.0169518836463491,0.0166675706859678,0.0172257996629923,0.0166720597007723,0.0172317075919258,0.0001427639163068,0.0172238325011455,28674.92246601508,30,,True,
cv,rsf_naive,naive,5.0,obs_cif,0.015860853716731,0.0146436920156702,0.017109671421349,0.0146278047107564,0.0170939027227056,0.0006290996904501,4.860149189361204e-05,41148.00014579739,30,,True,
cv,rsf_naive,naive,5.0,eo,1.0687875787417094,0.9905934050679208,1.159377634525299,0.9870204437728756,1.1505547137105432,0.0417174633532033,0.0008472483316786,41078.001630298815,30,,True,
cv,rsf_naive,naive,5.0,calib_intercept,-0.1174426222840945,-0.2172941539436578,-0.0229550510644912,-0.2167612255780234,-0.0181240189901655,0.0506715512461352,0.0171933591593011,28705.128663460862,30,,True,
cv,rsf_naive,naive,5.0,calib_slope,0.9332461853822072,0.8319365188479424,1.0599513411521913,0.818631236932678,1.0478611338317363,0.0584620062764419,0.0767855008080192,4400.946292854835,30,,True,
cv,rsf_naive,naive,5.0,ici,0.0016386341381197,0.0008727315696887,0.00307297281106,0.0005317514371299,0.0027455168391095,0.0005647152468775,0.0246125663635677,21906.91832129093,30,,True,
cv,rsf_naive,naive,5.0,e50,0.0006423335435101,0.0003727523027919,0.0017447234713472,-6.918066841261807e-05,0.0013538477554329,0.0003629046566441,0.0848958644549422,3677.848267290895,30,,True,
cv,rsf_naive,naive,5.0,e90,0.0040898781036958,0.0014421402738662,0.0082010745769366,0.0006079134068186,0.0075718428005729,0.0017764374010929,0.0271208836295461,19938.70425591381,30,,True,
cv,rsf_naive,naive,5.0,obs_concordant,0.0161766298115253,0.0149396675173193,0.0174562618136405,0.0149175846628729,0.0174356749601777,0.0006423628821256,4.860149189361204e-05,41148.00014579739,30,,True,
cv,rsf_naive,naive,5.0,eo_concordant,1.04792431195577,0.9712657272815703,1.1369830995798111,0.9677095802571468,1.1281390436543932,0.0409254296555183,0.0008463900696791,41078.116580579765,30,,True,
cv,rsf_naive,naive,5.0,calib_intercept_concordant,-0.0856991988917191,-0.1847642697393894,0.0086554759647696,-0.1846531396589481,0.0132547418755097,0.0504855286854161,0.0168455092007698,29050.687676282378,30,,True,
cv,rsf_naive,naive,5.0,calib_slope_concordant,0.9392994085947672,0.8391065120697021,1.0647675961256025,0.8258079392441835,1.052790877945351,0.0578890677583026,0.0764633938569344,4433.7966098267625,30,,True,
cv,rsf_naive,naive,5.0,ici_concordant,0.0012444279661091,0.000656507864187,0.0028179571207147,0.0001469221001521,0.0023419338320661,0.0005599201500405,0.0328846407684197,16094.23717193436,30,,True,
cv,rsf_naive,naive,5.0,e50_concordant,0.0005420905421487,0.0003316248898045,0.0018480440980056,-0.0002167112981897,0.0013008923824873,0.0003870528542496,0.073276189628727,4778.826220666296,30,,True,
cv,rsf_naive,naive,5.0,e90_concordant,0.0026457560791944,0.0011406160891056,0.0069688795018009,-0.0004082322453069,0.0056997444036958,0.001558048703239,0.0372710786242381,13742.412910613912,30,,True,
cv,rsf_naive,naive,5.0,auc,0.8404651621977488,0.8264531821012497,0.8561473309993743,0.8254974460833469,0.8554328783121508,0.0076348159564848,0.0728430004751401,4828.686027847093,30,,True,
cv,rsf_naive,naive,5.0,cindex,0.8384146730105082,0.8229240506887436,0.8541668727993965,0.8227250817143575,0.8541042643066589,0.0080031340685987,0.0707378976998106,5081.958511671992,30,,True,
cv,rsf_naive,naive,5.0,auc_marginal_ipcw,0.8399651567141215,0.8258438885211945,0.8560980245471,0.8247880479888708,0.8551422654393722,0.0077416432554659,0.0724310228006175,4876.80193940785,30,,True,
cv,rsf_naive,naive,5.0,cindex_marginal_ipcw,0.8366007328033447,0.8225622102618217,0.8526199653744697,0.8214969163768393,0.8517045492298501,0.0077042473548244,0.0726575172201752,4850.264161794131,30,,True,
cv,rsf_naive,naive,5.0,at_risk_fraction,0.7978907227516174,0.7939290881156922,0.801730215549469,0.7940450630526071,0.8017363824506277,0.001962049614007,4.860149189361204e-05,41148.00014579739,30,,True,
cv,rsf_naive,naive,5.0,nb_at_0.01,0.0102712822767595,0.009116251533851,0.0114434509072452,0.0090928498605499,0.0114497146929691,0.0006012308018352,0.0116667547440436,34206.07093315578,30,,True,
cv,rsf_naive,naive,5.0,nb_at_0.02,0.0075225020293146,0.0064489514799788,0.0086527824867516,0.006401496989315,0.0086435070693142,0.0005719209996081,0.023976775722644,22434.71207026562,30,,True,
cv,rsf_naive,naive,5.0,nb_at_0.03,0.0056508442231764,0.0046452262904495,0.0067194842617027,0.0045886240307083,0.0067130644156445,0.0005419022136892,0.0423196534917837,11544.094680632208,30,,True,
cv,rsf_naive,naive,5.0,nb_at_0.05,0.0032744340288142,0.0023747734725475,0.0042326767812483,0.0023263744611655,0.0042224935964629,0.0004835477186544,0.0866062024730985,3547.6146872425525,30,,True,
cv,rsf_naive,naive,5.0,nb_at_0.075,0.0013357550798294,0.0005953912361292,0.002110361092491,0.0005693920498278,0.002102118109831,0.0003907777106181,0.1165578102756116,2048.558609869056,30,,True,
cv,rsf_naive,naive,5.0,nb_at_0.2,-3.797613311841512e-05,-0.0001577033235662,0.0001032807214869,-0.0001693371297812,9.338486354446884e-05,6.69128796410445e-05,0.1980995059744426,742.3813028919463,30,,True,
cv,rsf_naive,naive,5.0,frac_above_0.01,0.3775639315446218,0.3711695969104767,0.3845837950706481,0.370746803392044,0.3843810596971996,0.0034438795841233,0.5007129879973984,122.67452689231662,30,,True,
cv,rsf_naive,naive,5.0,frac_above_0.02,0.247952123483022,0.2430641651153564,0.2527196705341339,0.2430361755727581,0.252868071393286,0.0025010213186216,0.2644197306423674,423.8888939667552,30,,True,
cv,rsf_naive,naive,5.0,frac_above_0.03,0.1786118328571319,0.1743902564048767,0.1825553029775619,0.1744457396611182,0.1827779260531456,0.0021211697291081,0.2247805723189935,581.1172025109454,30,,True,
cv,rsf_naive,naive,5.0,frac_above_0.05,0.1012504085898399,0.097948208451271,0.1045580133795738,0.0978774410171662,0.1046233761625136,0.0017144101404643,0.305906425085955,319.2884564527089,30,,True,
cv,rsf_naive,naive,5.0,frac_above_0.075,0.0539255154629548,0.0516795851290226,0.0561752244830131,0.0516751647410801,0.0561758661848295,0.0011464867541249,0.1868912126182586,830.902087367928,30,,True,
cv,rsf_naive,naive,5.0,frac_above_0.2,0.0007257822862205,0.0004536139313131,0.0010773331159725,0.0004044061001196,0.0010471584723214,0.0001620184511269,0.5518310606749193,101.64803711559192,30,,True,
cv,rsf_naive,naive,5.0,nb_all_at_0.01,0.0059200543910264,0.0046905977185815,0.0071814869646914,0.0046745503315151,0.0071655584505378,0.0006354542394474,4.860149189361204e-05,41148.00014579739,30,,True,
cv,rsf_naive,naive,5.0,nb_all_at_0.02,-0.0042236186563968,-0.00546562083764,-0.0029493141395505,-0.0054818319070352,-0.0029654054057584,0.0006419384490491,4.860149189361204e-05,41148.00014579739,30,,True,
cv,rsf_naive,naive,5.0,nb_all_at_0.03,-0.0145764397457242,-0.0158312449697405,-0.0132889978354796,-0.0158476242494008,-0.0133052552420475,0.0006485563622315,4.860149189361204e-05,41148.00014579739,30,,True,
cv,rsf_naive,naive,5.0,nb_all_at_0.05,-0.0359359420835971,-0.0372171682305634,-0.0346213974058628,-0.0372338883838875,-0.0346379957833067,0.0006622101893576,4.860149189361204e-05,41148.00014579739,30,,True,
cv,rsf_naive,naive,5.0,nb_all_at_0.075,-0.063934214413166,-0.0652500601485371,-0.062584138661623,-0.0652672404432622,-0.0626011883830699,0.0006801078130975,4.860149189361204e-05,41148.00014579739,30,,True,
cv,rsf_naive,naive,5.0,nb_all_at_0.2,-0.2301739305257797,-0.2316953845322132,-0.2286129038780927,-0.2317152418164544,-0.228632619235105,0.0007863746300046,4.860149189361204e-05,41148.00014579739,30,,True,
cv,rsf_naive,naive,10.0,mean_pred,0.0429160265872875,0.0422693927772343,0.0435459968633949,0.0422709055090026,0.0435611476655724,0.0003291301281202,0.0262352258329947,20612.76620706075,30,,True,
cv,rsf_naive,naive,10.0,obs_cif,0.0367828086018562,0.0347764777950942,0.0389350767247378,0.0346059341122686,0.0389596830914438,0.0011106379883628,4.860149189361204e-05,41148.00014579739,30,,True,
cv,rsf_naive,naive,10.0,eo,1.1667413552602133,1.102328333258629,1.2313800036907196,1.0996550125636548,1.2338276979567715,0.0342273416354435,0.0018353118005091,40889.67410985765,30,,True,
cv,rsf_naive,naive,10.0,calib_intercept,-0.2355742434660593,-0.3064525544643402,-0.1637160137295723,-0.3076833797719454,-0.1634651071601733,0.0367896922989005,0.0131447922032671,32757.23352400902,30,,True,
cv,rsf_naive,naive,10.0,calib_slope,0.8683211207389832,0.803243450820446,0.9431443482637404,0.7980465192576129,0.9385957222203534,0.0358511433529029,0.0434483682616769,11116.181103717552,30,,True,
cv,rsf_naive,naive,10.0,ici,0.0065048517659306,0.0050410048454068,0.0089550350559875,0.0045341446921364,0.0084755588397248,0.0010054470927953,0.0101756476571337,35609.82860995457,30,,True,
cv,rsf_naive,naive,10.0,e50,0.0009235911498156,0.0006051151794963,0.0040642268024384,-0.0008027474053258,0.0026499297049571,0.0008806447087818,0.0595111898517266,6814.0952593200445,30,,True,
cv,rsf_naive,naive,10.0,e90,0.0219267078364888,0.0140627902001142,0.0286616468336433,0.0146400356923305,0.0292133799806472,0.0037175964959189,0.0180810127002676,27830.34977516851,30,,True,
cv,rsf_naive,naive,10.0,obs_concordant,0.0386035181581974,0.0364839544519782,0.0408451026305555,0.0363050288648722,0.0409020074515225,0.0011726856726112,4.860149189361204e-05,41148.00014579739,30,,True,
cv,rsf_naive,naive,10.0,eo_concordant,1.1117127935091655,1.050002333521843,1.174171009659767,1.0475103225581504,1.175915264460181,0.0327559951078834,0.0018197262813618,40893.50529335093,30,,True,
cv,rsf_naive,naive,10.0,calib_intercept_concordant,-0.1544671689470609,-0.2253088656812906,-0.083169649913907,-0.2264786722141729,-0.0824556656799488,0.0367399079962657,0.0124580372767755,33435.69042944187,30,,True,
cv,rsf_naive,naive,10.0,calib_slope_concordant,0.8857575337092082,0.8223132222890854,0.9586729943752288,0.8174267403381049,0.9540883270803114,0.0348595051580209,0.0433621628224465,11148.119476870312,30,,True,
cv,rsf_naive,naive,10.0,ici_concordant,0.0047167721825341,0.0031695621088147,0.0075089609599672,0.0025525861665536,0.0068809581985146,0.0011040422781905,0.0513275817986955,8647.517206738166,30,,True,
cv,rsf_naive,naive,10.0,e50_concordant,0.0014857394523763,0.0005849750174093,0.0045551203540526,-0.0006360622705342,0.0036075411752869,0.001081959123543,0.1139174880286169,2138.6674399670515,30,,True,
cv,rsf_naive,naive,10.0,e90_concordant,0.0127852209222813,0.00619911798276,0.0202488473150879,0.0055408173176005,0.0200296245269621,0.0036959117174482,0.0331311260432716,15949.766164121742,30,,True,
cv,rsf_naive,naive,10.0,auc,0.8235198458035787,0.8128253906965256,0.8352164819836616,0.8123844704301891,0.8346552211769683,0.0056809024738869,0.0381370350144608,13329.554712885962,30,,True,
cv,rsf_naive,naive,10.0,cindex,0.8318585018316905,0.8202685073018074,0.8436894357204437,0.8202717290133977,0.8434452746499833,0.0059111640395929,0.0395231358803678,12700.8463546224,30,,True,
cv,rsf_naive,naive,10.0,auc_marginal_ipcw,0.8303210596243541,0.8194807007908821,0.8424991592764854,0.8189191838739244,0.8417229353747838,0.0058168888325082,0.0366726566486964,14037.120743365906,30,,True,
cv,rsf_naive,naive,10.0,cindex_marginal_ipcw,0.8259473542372385,0.8152221113443374,0.8377795696258545,0.8148263094207886,0.8370683990536885,0.0056735857230782,0.03845502078178,13181.886530323432,30,,True,
cv,rsf_naive,naive,10.0,at_risk_fraction,0.5525503754615784,0.54790707975626,0.5570222854614257,0.5478463406041338,0.5572544103190229,0.0023999912885427,4.860149189361204e-05,41148.00014579739,30,,True,
cv,rsf_naive,naive,10.0,nb_at_0.01,0.0297094833726684,0.0276838742662221,0.0318581239320337,0.0275568212912722,0.0318621454540645,0.0010982812352165,0.0085922942770042,37001.87685965157,30,,True,
cv,rsf_naive,naive,10.0,nb_at_0.02,0.0250355619316299,0.0230459235608577,0.0271405767649412,0.0229274930556205,0.0271436308076393,0.0010755278041224,0.0109422765235782,34897.232917670735,30,,True,
cv,rsf_naive,naive,10.0,nb_at_0.03,0.0214736947789788,0.0195061153266578,0.0235749301034957,0.0194022327264851,0.0235451568314724,0.0010568423942457,0.0177411758635764,28163.941704943827,30,,True,
cv,rsf_naive,naive,10.0,nb_at_0.05,0.0160269078488151,0.0141407014103606,0.0180666680447757,0.0140382012490844,0.0180156144485457,0.0010145761369037,0.0370697879430801,13840.672923065023,30,,True,
cv,rsf_naive,naive,10.0,nb_at_0.075,0.0109172297331194,0.0091653882525861,0.0127460159827023,0.0090941772889549,0.0127402821772838,0.0009300937154161,0.0250160831349462,21577.964615880894,30,,True,
cv,rsf_naive,naive,10.0,nb_at_0.2,-0.0002036135876399,-0.0012982976069906,0.0009117895795498,-0.0013311689103054,0.0009239417350255,0.000575089950521,0.0884567162925263,3414.151667939175,30,,True,
cv,rsf_naive,naive,10.0,frac_above_0.01,0.5530326008796692,0.5466857552528381,0.5590062737464905,0.5466983568276239,0.5593668449317145,0.0032091064304177,0.420309984520658,172.22118895503078,30,,True,
cv,rsf_naive,naive,10.0,frac_above_0.02,0.4369557629028956,0.4310385286808014,0.4431807994842529,0.4308241129840175,0.4430874128217737,0.0031138112537776,0.3409125140136229,258.64013914890813,30,,True,
cv,rsf_naive,naive,10.0,frac_above_0.03,0.3639455219109853,0.358144199848175,0.3696872591972351,0.3580840809861905,0.3698069628357802,0.0029777346241875,0.3262983230876056,281.6359557466123,30,,True,
cv,rsf_naive,naive,10.0,frac_above_0.05,0.2689269065856933,0.2639952003955841,0.2736833035945892,0.2640024280272726,0.273851385144114,0.0025076269613615,0.2174792598516889,619.562868639338,30,,True,
cv,rsf_naive,naive,10.0,frac_above_0.075,0.1940190464258194,0.1898860335350036,0.198164477944374,0.1898441136493683,0.1981939792022704,0.0021276605796729,0.1652157868961107,1053.8978006482484,30,,True,
cv,rsf_naive,naive,10.0,frac_above_0.2,0.0428681359936793,0.0408819541335105,0.0449239797890186,0.040834523383137,0.0449017486042216,0.0010358350308942,0.2010963456783357,721.1123465637039,30,,True,
cv,rsf_naive,naive,10.0,nb_all_at_0.01,0.0270533431321382,0.0250267443247139,0.0292273514904081,0.0248544799664539,0.0292522062978225,0.001121856576804,4.860149189361204e-05,41148.00014579739,30,,True,
cv,rsf_naive,naive,10.0,nb_all_at_0.02,0.0171253159642219,0.0150780365336686,0.0193215080536901,0.0149040154028156,0.0193466165256283,0.0011333041013021,4.860149189361204e-05,41148.00014579739,30,,True,
cv,rsf_naive,naive,10.0,nb_all_at_0.03,0.0069925878196954,0.0049242021050304,0.0092114201048388,0.0047483873560023,0.0092367882833886,0.0011449875959322,4.860149189361204e-05,41148.00014579739,30,,True,
cv,rsf_naive,naive,10.0,nb_all_at_0.05,-0.0139128314331173,-0.0160247615538537,-0.011647286824882,-0.0162042782172722,-0.0116213846489624,0.0011690925953551,4.860149189361204e-05,41148.00014579739,30,,True,
cv,rsf_naive,naive,10.0,nb_all_at_0.075,-0.0413158796727657,-0.0434848912991583,-0.038989104423672,-0.0436692573605995,-0.0389625019849318,0.0012006896463603,4.860149189361204e-05,41148.00014579739,30,,True,
cv,rsf_naive,naive,10.0,nb_all_at_0.2,-0.2040214836597442,-0.2065294098109006,-0.2013311605900526,-0.2067425771729912,-0.2013003901464973,0.001388297690177,4.860149189361204e-05,41148.00014579739,30,,True,
cv,rsf_naive,naive,15.0,mean_pred,0.0844379487136999,0.0832135576754808,0.0856265226379036,0.0832293666536741,0.0856465307737257,0.0006165264727173,0.0591247759248857,6887.816988775836,30,,True,
cv,rsf_naive,naive,15.0,obs_cif,0.0641817897558212,0.0609723340719938,0.0676741149276494,0.0608109494810235,0.0675526300306188,0.0017197974801951,4.860149189361204e-05,41148.00014579739,30,,True,
cv,rsf_naive,naive,15.0,eo,1.3156060934066771,1.2496279448270795,1.3862980842590331,1.2483598161626512,1.3828523706507034,0.034308911217524,0.0046624029971093,39763.60575706283,30,,True,
cv,rsf_naive,naive,15.0,calib_intercept,-0.4207390268643697,-0.4881427630782127,-0.3529209956526756,-0.4880528018936806,-0.3534252518350587,0.0343427336504755,0.0210171017622102,25038.58618869655,30,,True,
cv,rsf_naive,naive,15.0,calib_slope,0.791174985965093,0.7383016809821129,0.8542772725224494,0.7336371874541417,0.8487127844760441,0.0293520653392761,0.0543137586108464,7907.00573161285,30,,True,
cv,rsf_naive,naive,15.0,ici,0.0209788009524345,0.0179575934074819,0.0246197205968201,0.0177104800832116,0.0242471218216573,0.0016674562325406,0.0224718806938172,23729.30623171084,30,,True,
cv,rsf_naive,naive,15.0,e50,0.0028522931466189,0.0009486250623012,0.0083046942949295,-0.0011228214044034,0.0068274076976413,0.0020271420728416,0.1066608354388719,2418.83520623229,30,,True,
cv,rsf_naive,naive,15.0,e90,0.0757322438061237,0.0642857858911156,0.0863204164430499,0.0646754742568529,0.0867890133553944,0.0056410395358162,0.0210548203566186,25003.9609369198,30,,True,
cv,rsf_naive,naive,15.0,obs_concordant,0.0699984654784202,0.0664432492107152,0.0738160520792006,0.0662527298511895,0.073744201105651,0.0019110685075623,4.860149189361204e-05,41148.00014579739,30,,True,
cv,rsf_naive,naive,15.0,eo_concordant,1.2062828024228414,1.1454062193632126,1.2714762479066848,1.143662618823417,1.2689029860222658,0.0319486896689452,0.0045216702856333,39838.85324378449,30,,True,
cv,rsf_naive,naive,15.0,calib_intercept_concordant,-0.263881895939509,-0.3322382427752018,-0.1946088116616011,-0.3324959498215584,-0.1952678420574597,0.0350062736602577,0.0184039441589458,27515.043261092185,30,,True,
cv,rsf_naive,naive,15.0,calib_slope_concordant,0.8306681374708812,0.7786604210734367,0.8923499330878257,0.7741388834792593,0.8871973914625031,0.0288374801424834,0.0550085582190458,7747.355929527706,30,,True,
cv,rsf_naive,naive,15.0,ici_concordant,0.0146163876789311,0.01160774002783,0.0185362716205418,0.0112579331058956,0.0179748422519666,0.0017133519014286,0.0418471416165651,11729.64348625867,30,,True,
cv,rsf_naive,naive,15.0,e50_concordant,0.0051035590004175,0.0024464479705784,0.0085668147774413,0.0020154053619166,0.0081917126389185,0.0015747190989957,0.1143756135454606,2122.6168183814875,30,,True,
cv,rsf_naive,naive,15.0,e90_concordant,0.0468674107144276,0.0332176885567605,0.0592653983272612,0.0339543555471345,0.0597804658817207,0.0065881202140951,0.0188361189318773,27095.87793288851,30,,True,
cv,rsf_naive,naive,15.0,auc,0.7805589536825815,0.769878126680851,0.7914760679006576,0.769643337570631,0.7914745697945321,0.0055688579790863,0.0340015831463177,15451.781154845092,30,,True,
cv,rsf_naive,naive,15.0,cindex,0.8229791998863221,0.8118312731385231,0.833819942176342,0.8119256925433159,0.8340327072293282,0.0056391587074324,0.036857395409649,13945.30672312216,30,,True,
cv,rsf_naive,naive,15.0,auc_marginal_ipcw,0.8258924782276154,0.8148038357496261,0.8365432128310204,0.8148727629394682,0.8369121935157625,0.0056219174825647,0.0369473646084048,13900.86379211213,30,,True,
cv,rsf_naive,naive,15.0,cindex_marginal_ipcw,0.8155609468619028,0.804814501106739,0.8255686610937119,0.8051785468937819,0.8259433468300238,0.0052967477338379,0.0388090919350448,13019.893532826898,30,,True,
cv,rsf_naive,naive,15.0,at_risk_fraction,0.3379504680633545,0.3334062397480011,0.3425196222960948,0.3333655061929572,0.3425354299337518,0.0023392404352275,4.860149189361204e-05,41148.00014579739,30,,True,
cv,rsf_naive,naive,15.0,nb_at_0.01,0.056754179795583,0.0534005191177129,0.0602471379563212,0.0533489406397399,0.0601594189514262,0.0017373419117133,0.0086678622885238,36938.31362436724,30,,True,
cv,rsf_naive,naive,15.0,nb_at_0.02,0.0512911184380451,0.0479675708338618,0.0547699807211756,0.0479066418148146,0.0546755950612757,0.0017267433637584,0.0122627047223643,33627.13792433768,30,,True,
cv,rsf_naive,naive,15.0,nb_at_0.03,0.0464930463582277,0.0432477099820971,0.0499089040793478,0.0431501569343398,0.0498359357821156,0.0017055249018816,0.0127445359197869,33153.591701136385,30,,True,
cv,rsf_naive,naive,15.0,nb_at_0.05,0.0386839849253495,0.0355055856518447,0.0419949678704142,0.035400077626899,0.0419678922238,0.0016754326674266,0.0126668791169241,33230.199230034654,30,,True,
cv,rsf_naive,naive,15.0,nb_at_0.075,0.0305791057646274,0.027535046916455,0.0338399644941091,0.0273576046369759,0.033800606892279,0.0016435753658264,0.0204633281422393,25550.895423627007,30,,True,
cv,rsf_naive,naive,15.0,nb_at_0.2,0.004520735470578,0.0017988702835282,0.0072486981865949,0.0017713989574171,0.0072700719837389,0.001402562738781,0.0495275186862567,9140.528132507738,30,,True,
cv,rsf_naive,naive,15.0,frac_above_0.01,0.6760073324044545,0.6673551797866821,0.6829400658607483,0.6679511118781222,0.6840635529307869,0.0040293811900173,0.7167566023284957,61.38622909785452,30,,True,
cv,rsf_naive,naive,15.0,frac_above_0.02,0.5586887280146281,0.551999568939209,0.5652758479118347,0.5518597315920664,0.5655177244371898,0.0034499439019213,0.5001955834424878,122.92027296101864,30,,True,
cv,rsf_naive,naive,15.0,frac_above_0.03,0.4887123028437296,0.4821754097938537,0.4945768713951111,0.4823525077828113,0.4950720979046479,0.0032257512823623,0.3836671711475144,205.5849774734479,30,,True,
cv,rsf_naive,naive,15.0,frac_above_0.05,0.4012520283460617,0.3953245282173157,0.4070698916912079,0.3952794812009187,0.4072245754912047,0.0030346687505512,0.319962077144424,292.58132633191593,30,,True,
cv,rsf_naive,naive,15.0,frac_above_0.075,0.3296631127595901,0.3242691457271576,0.3353340923786163,0.3240073911554277,0.3353188343637525,0.0028748058095507,0.3041949050370434,322.7910172816075,30,,True,
cv,rsf_naive,naive,15.0,frac_above_0.2,0.1521990825732549,0.1485909670591354,0.1558408826589584,0.1485636111155777,0.155834554030932,0.0018536959507564,0.1207044752454106,1918.0033554643187,30,,True,
cv,rsf_naive,naive,15.0,nb_all_at_0.01,0.0547290779650211,0.0514872060157358,0.0582566836848854,0.0513241889865877,0.0581339669434544,0.0017371690759822,4.860149189361204e-05,41148.00014579739,30,,True,
cv,rsf_naive,naive,15.0,nb_all_at_0.02,0.0450834557414054,0.0418085042387247,0.0486470574513077,0.0416438231053604,0.0485230883774505,0.00175489523621,4.860149189361204e-05,41148.00014579739,30,,True,
cv,rsf_naive,naive,15.0,nb_all_at_0.03,0.0352389551699161,0.0319302387535572,0.0388392942957579,0.0317638621610188,0.0387140481788135,0.0017729870634419,4.860149189361204e-05,41148.00014579739,30,,True,
cv,rsf_naive,naive,15.0,nb_all_at_0.05,0.0149281956255435,0.011549823754467,0.0186043341178446,0.0113799429556544,0.0184764482954327,0.0018103130090129,4.860149189361204e-05,41148.00014579739,30,,True,
cv,rsf_naive,naive,15.0,nb_all_at_0.075,-0.0116953663527965,-0.0151650458574295,-0.0079198737861588,-0.0153395176916668,-0.0080512150139262,0.001859240361193,4.860149189361204e-05,41148.00014579739,30,,True,
cv,rsf_naive,naive,15.0,nb_all_at_0.2,-0.1697727739810943,-0.1737845905125141,-0.165407358109951,-0.1739863238257591,-0.1655592241364295,0.0021497465957405,4.860149189361204e-05,41148.00014579739,30,,True,
cv,gbs_naive,naive,5.0,mean_pred,0.0171555586780111,0.0168411468621343,0.0174687804188579,0.0168402870445059,0.0174708303115162,0.0001608467969405,0.0250463302294963,21553.49608333302,30,,True,
cv,gbs_naive,naive,5.0,obs_cif,0.015860853716731,0.0146436920156702,0.017109671421349,0.0146278047107564,0.0170939027227056,0.0006290996904501,4.860149189361204e-05,41148.00014579739,30,,True,
cv,gbs_naive,naive,5.0,eo,1.081628954410553,1.0026405483484269,1.1720964848995208,0.9985783027256784,1.164679606095428,0.0423723082848454,0.0014781665935202,40970.58587435648,30,,True,
cv,gbs_naive,naive,5.0,calib_intercept,-0.2389410083492597,-0.3559156447649002,-0.1286532379686832,-0.3540948542304808,-0.1237871624680385,0.0587500936105157,0.0220303458303145,24120.872866739333,30,,True,
cv,gbs_naive,naive,5.0,calib_slope,0.8019330700238546,0.719173078238964,0.9050992533564568,0.708436995556122,0.8954291444915872,0.0476951659938289,0.056533199762244,7412.386176955786,30,,True,
cv,gbs_naive,naive,5.0,ici,0.0027590917112926,0.0018418913823552,0.004214568005409,0.0015585921770864,0.0039595912454988,0.0006123654790246,0.0706423279124953,5093.905941966642,30,,True,
cv,gbs_naive,naive,5.0,e50,0.0007719302608165,0.0003997564344899,0.0021677670418284,-0.0001150940973959,0.0016589546190291,0.0004524324792944,0.0817905667248357,3932.759894274717,30,,True,
cv,gbs_naive,naive,5.0,e90,0.0033503206136325,0.0024847328837495,0.0071579271927475,0.0009875338448982,0.0057131073823669,0.0012053478320288,0.0530561527264093,8207.7714197335,30,,True,
cv,gbs_naive,naive,5.0,obs_concordant,0.0161766298115253,0.0149396675173193,0.0174562618136405,0.0149175846628729,0.0174356749601777,0.0006423628821256,4.860149189361204e-05,41148.00014579739,30,,True,
cv,gbs_naive,naive,5.0,eo_concordant,1.060515010356903,0.983271001279354,1.1495420783758163,0.9790342664236062,1.1419957542901995,0.0415713438979797,0.0014763686859694,40970.95665101804,30,,True,
cv,gbs_naive,naive,5.0,calib_intercept_concordant,-0.2058094973365465,-0.3219856113195419,-0.0959857204928994,-0.3202914373726661,-0.0913275573004271,0.0584073426193369,0.0215908041940492,24515.7605613106,30,,True,
cv,gbs_naive,naive,5.0,calib_slope_concordant,0.8061951915423076,0.7244997218251228,0.9083523377776144,0.7136265026783968,0.8987638804062184,0.0472221410462201,0.0562509521271975,7472.855002756843,30,,True,
cv,gbs_naive,naive,5.0,ici_concordant,0.0026934870130692,0.0016538352560019,0.0042273242026567,0.0013884213138009,0.0039985527123376,0.0006656718832785,0.0784433293997564,4237.317117826108,30,,True,
cv,gbs_naive,naive,5.0,e50_concordant,0.0008358234617238,0.0004060472208948,0.0022999339271336,-0.0001439688484771,0.0018156157719247,0.0004996350405821,0.1107122720966784,2256.160916314478,30,,True,
cv,gbs_naive,naive,5.0,e90_concordant,0.0035864342159281,0.0023080171318724,0.0075637960806488,0.000837266362041,0.0063356020698152,0.0014020859692933,0.0959048105374824,2945.054544050676,30,,True,
cv,gbs_naive,naive,5.0,auc,0.8430010537306468,0.8298025071620941,0.8583051577210427,0.8287409421415404,0.8572611653197533,0.0072749418098702,0.0421708507029329,11602.110928161292,30,,True,
cv,gbs_naive,naive,5.0,cindex,0.8404207130273184,0.826612289249897,0.8556436479091644,0.8261616767373929,0.8546797493172438,0.0072743544525574,0.0436605761492114,11038.072639753776,30,,True,
cv,gbs_naive,naive,5.0,auc_marginal_ipcw,0.8426836868127187,0.8293082997202873,0.8580492556095123,0.8282283265491771,0.8571390470762602,0.0073746038332709,0.0400394461581689,12476.363232275442,30,,True,
cv,gbs_naive,naive,5.0,cindex_marginal_ipcw,0.8395017504692077,0.8261512979865074,0.8547651275992394,0.8251130248491994,0.8538904760892161,0.0073406044358337,0.0402347629544748,12392.77311329508,30,,True,
cv,gbs_naive,naive,5.0,at_risk_fraction,0.7978907227516174,0.7939290881156922,0.801730215549469,0.7940450630526071,0.8017363824506277,0.001962049614007,4.860149189361204e-05,41148.00014579739,30,,True,
cv,gbs_naive,naive,5.0,nb_at_0.01,0.0103575831279158,0.0092059314250946,0.011549126682803,0.0091785197484411,0.0115366465073905,0.0006015543991347,0.0084240200542604,37142.261601670136,30,,True,
cv,gbs_naive,naive,5.0,nb_at_0.02,0.0074461792595684,0.0063987195375375,0.0085821619955822,0.0063444855990366,0.0085478729201002,0.0005620696047061,0.0230794312260443,23199.10690666394,30,,True,
cv,gbs_naive,naive,5.0,nb_at_0.03,0.0057075147206584,0.0047041289741173,0.0067542745149694,0.0046672263503436,0.0067478030909733,0.0005307110524818,0.0435945157267532,11062.309964318987,30,,True,
cv,gbs_naive,naive,5.0,nb_at_0.05,0.003215638299783,0.002358123997692,0.0041136257350444,0.0023208887724725,0.0041103878270935,0.0004564690679883,0.0399698792159037,12506.311111780247,30,,True,
cv,gbs_naive,naive,5.0,nb_at_0.075,0.0013732947098712,0.0006902549997903,0.0020932162646204,0.0006608119442293,0.002085777475513,0.0003634528842153,0.0599777306016732,6726.556274560393,30,,True,
cv,gbs_naive,naive,5.0,nb_at_0.2,-0.0001776398875032,-0.0005073107531643,0.0001621593964955,-0.0005158507949902,0.0001605710199837,0.0001724102927226,0.1426107528216096,1397.3782803819304,30,,True,
cv,gbs_naive,naive,5.0,frac_above_0.01,0.3564984232187271,0.3513968884944916,0.3618786036968231,0.3511770133900814,0.3618198330473727,0.002710307580362,0.2053899473692829,692.2018812832549,30,,True,
cv,gbs_naive,naive,5.0,frac_above_0.02,0.2319757327437401,0.227471187710762,0.2365191578865051,0.2273997448839859,0.2365517206034942,0.0023308927713513,0.1989426059021781,736.3033194999587,30,,True,
cv,gbs_naive,naive,5.0,frac_above_0.03,0.1656468465924263,0.1618510633707046,0.1694168984889984,0.1618198126739685,0.169473880510884,0.0019509635531664,0.1403590277904594,1440.481509424079,30,,True,
cv,gbs_naive,naive,5.0,frac_above_0.05,0.0944451195498307,0.0915490090847015,0.0973082855343818,0.0915043657467224,0.097385873352939,0.0014984192520175,0.1781699353702439,911.2315706142545,30,,True,
cv,gbs_naive,naive,5.0,frac_above_0.075,0.0502372022718191,0.0481802783906459,0.0522952042520046,0.0481490943620764,0.0523253101815617,0.0010645061360206,0.1386598226222292,1474.3345448876896,30,,True,
cv,gbs_naive,naive,5.0,frac_above_0.2,0.0050027135759592,0.0042769312858581,0.0057997782714664,0.0042224079014737,0.0057830192504446,0.0003955513595894,0.4024133405303631,187.39704707770147,30,,True,
cv,gbs_naive,naive,5.0,nb_all_at_0.01,0.0059200543910264,0.0046905977185815,0.0071814869646914,0.0046745503315151,0.0071655584505378,0.0006354542394474,4.860149189361204e-05,41148.00014579739,30,,True,
cv,gbs_naive,naive,5.0,nb_all_at_0.02,-0.0042236186563968,-0.00546562083764,-0.0029493141395505,-0.0054818319070352,-0.0029654054057584,0.0006419384490491,4.860149189361204e-05,41148.00014579739,30,,True,
cv,gbs_naive,naive,5.0,nb_all_at_0.03,-0.0145764397457242,-0.0158312449697405,-0.0132889978354796,-0.0158476242494008,-0.0133052552420475,0.0006485563622315,4.860149189361204e-05,41148.00014579739,30,,True,
cv,gbs_naive,naive,5.0,nb_all_at_0.05,-0.0359359420835971,-0.0372171682305634,-0.0346213974058628,-0.0372338883838875,-0.0346379957833067,0.0006622101893576,4.860149189361204e-05,41148.00014579739,30,,True,
cv,gbs_naive,naive,5.0,nb_all_at_0.075,-0.063934214413166,-0.0652500601485371,-0.062584138661623,-0.0652672404432622,-0.0626011883830699,0.0006801078130975,4.860149189361204e-05,41148.00014579739,30,,True,
cv,gbs_naive,naive,5.0,nb_all_at_0.2,-0.2301739305257797,-0.2316953845322132,-0.2286129038780927,-0.2317152418164544,-0.228632619235105,0.0007863746300046,4.860149189361204e-05,41148.00014579739,30,,True,
cv,gbs_naive,naive,10.0,mean_pred,0.0437381838758786,0.0429800149984657,0.0444895845837891,0.0429849466245405,0.0444914211272167,0.0003842591156126,0.0506374009434227,8832.147574535598,30,,True,
cv,gbs_naive,naive,10.0,obs_cif,0.0367828086018562,0.0347764777950942,0.0389350767247378,0.0346059341122686,0.0389596830914438,0.0011106379883628,4.860149189361204e-05,41148.00014579739,30,,True,
cv,gbs_naive,naive,10.0,eo,1.189093045393626,1.1231961011886598,1.2568926990032196,1.1205774151424188,1.257608675644833,0.0349565340643757,0.004552495335409,39822.532265906186,30,,True,
cv,gbs_naive,naive,10.0,calib_intercept,-0.4260410885016123,-0.5119058668613434,-0.3382098846137525,-0.5130402388081806,-0.3390419381950441,0.0443849119570205,0.0319475335039229,16657.75625372733,30,,True,
cv,gbs_naive,naive,10.0,calib_slope,0.6912615060806274,0.6457276597619057,0.7431448116898536,0.6429851827489326,0.7395378294123223,0.0246279054338424,0.0501424165720557,8967.896330350755,30,,True,
cv,gbs_naive,naive,10.0,ici,0.0110893565230071,0.0094181647989898,0.0130313948262482,0.0092739174561555,0.0129047955898587,0.0009259915924561,0.0793174640916874,4154.567052737099,30,,True,
cv,gbs_naive,naive,10.0,e50,0.003879905755942,0.0018526331172324,0.0060412921709939,0.0017136028413353,0.0060462086705487,0.0011047183076815,0.1072310403559903,2394.911971549059,30,,True,
cv,gbs_naive,naive,10.0,e90,0.0166280077459911,0.0116321704350411,0.0239473315887153,0.009951675772055,0.0233043397199272,0.003405840267393,0.0538381592077208,8018.92782229525,30,,True,
cv,gbs_naive,naive,10.0,obs_concordant,0.0386035181581974,0.0364839544519782,0.0408451026305555,0.0363050288648722,0.0409020074515225,0.0011726856726112,4.860149189361204e-05,41148.00014579739,30,,True,
cv,gbs_naive,naive,10.0,eo_concordant,1.1330102721850075,1.0700030237436295,1.1981555312871932,1.067451196969555,1.1985693474004604,0.033448106256902,0.0045147662785482,39842.496310854905,30,,True,
cv,gbs_naive,naive,10.0,calib_intercept_concordant,-0.335495122273763,-0.420850021392107,-0.2483039826154709,-0.4217577648796662,-0.2492324796678598,0.0440094806519059,0.0291293804629682,18494.06070117044,30,,True,
cv,gbs_naive,naive,10.0,calib_slope_concordant,0.7046320497989654,0.6604861781001091,0.7550134032964706,0.6577137054069491,0.7515503941909818,0.0239350673092299,0.0508635755882515,8771.05394646282,30,,True,
cv,gbs_naive,naive,10.0,ici_concordant,0.0107948216609656,0.0089441656135022,0.0128911623032763,0.0088296966443747,0.0127599466775566,0.0010022904458344,0.0867052505849499,3540.2797842992536,30,,True,
cv,gbs_naive,naive,10.0,e50_concordant,0.0046907219414909,0.0026067925849929,0.0066807599039748,0.0026310828224386,0.0067503610605432,0.0010503424718476,0.1052684341631394,2478.7578076908194,30,,True,
cv,gbs_naive,naive,10.0,e90_concordant,0.0133851727470755,0.0105152156669646,0.0204131299629807,0.008228909881021,0.01854143561313,0.0026301527370068,0.0717314687326149,4960.098000108319,30,,True,
cv,gbs_naive,naive,10.0,auc,0.8256425340970357,0.8153974264860153,0.8365715801715851,0.8148962838308395,0.8363887843632319,0.0054824499151422,0.0341358697747444,15376.62606841148,30,,True,
cv,gbs_naive,naive,10.0,cindex,0.8332037846247355,0.8220929279923439,0.8445223942399025,0.8220483142528893,0.8443592549965818,0.0056911083281951,0.0405934715405496,12241.12719382946,30,,True,
cv,gbs_naive,naive,10.0,auc_marginal_ipcw,0.8336019853750865,0.8232776194810867,0.8446384459733963,0.8227662390182179,0.844437731731955,0.0055281572627388,0.0308920208109322,17320.160007150545,30,,True,
cv,gbs_naive,naive,10.0,cindex_marginal_ipcw,0.8294716080029806,0.8194809406995773,0.8403244614601135,0.8189062329406415,0.8400369830653197,0.00539019420695,0.0326770835931827,16217.093176723198,30,,True,
cv,gbs_naive,naive,10.0,at_risk_fraction,0.5525503754615784,0.54790707975626,0.5570222854614257,0.5478463406041338,0.5572544103190229,0.0023999912885427,4.860149189361204e-05,41148.00014579739,30,,True,
cv,gbs_naive,naive,10.0,nb_at_0.01,0.030027820294102,0.028009665524587,0.0321465686894953,0.0278693865418271,0.0321862540463769,0.0011012286405487,0.0041651790914437,40020.96379744276,30,,True,
cv,gbs_naive,naive,10.0,nb_at_0.02,0.0254661386211713,0.0235348069574683,0.0275691952556371,0.0233633051783871,0.0275689720639554,0.0010728603762418,0.0063642498928578,38713.17225409788,30,,True,
cv,gbs_naive,naive,10.0,nb_at_0.03,0.0218052460501591,0.0199226721655577,0.0238604830577969,0.0197541487604227,0.0238563433398955,0.0010464599219543,0.0121245427995357,33762.077950024766,30,,True,
cv,gbs_naive,naive,10.0,nb_at_0.05,0.01590588906159,0.0140509528806433,0.017846682947129,0.0139696048687806,0.0178421732543994,0.0009878573605258,0.0275268251696022,19637.36244661176,30,,True,
cv,gbs_naive,naive,10.0,nb_at_0.075,0.0109590881193677,0.0092475502518936,0.0127607137663289,0.0091750943761857,0.0127430818625497,0.0009100689568563,0.056540090214234,7410.918509329289,30,,True,
cv,gbs_naive,naive,10.0,nb_at_0.2,-0.0005546275613596,-0.0016356685053324,0.0005638619986712,-0.001682839872444,0.0005735847497247,0.0005754839866625,0.0730819755147652,4801.088049494161,30,,True,
cv,gbs_naive,naive,10.0,frac_above_0.01,0.5452377279599507,0.5393145680427551,0.5511004328727722,0.5392152430293017,0.5512602128905998,0.0030584628586099,0.3398322784525923,260.2407058467123,30,,True,
cv,gbs_naive,naive,10.0,frac_above_0.02,0.4120955616235733,0.4067296981811523,0.4176569283008575,0.4065535004567657,0.4176376227903808,0.0028221660026701,0.2163470444275327,625.8665228827111,30,,True,
cv,gbs_naive,naive,10.0,frac_above_0.03,0.3379059245189031,0.3330498337745666,0.3431267380714416,0.3327865929497907,0.3430252560880155,0.0026090136808421,0.163446110202193,1075.957588666968,30,,True,
cv,gbs_naive,naive,10.0,frac_above_0.05,0.2444341853260994,0.2399455606937408,0.2489854395389557,0.2399028852045155,0.2489654854476832,0.002309808195061,0.1470056838993932,1318.6131223707566,30,,True,
cv,gbs_naive,naive,10.0,frac_above_0.075,0.1752097288767496,0.1713281631469726,0.1791450977325439,0.1712527390377568,0.1791667187157425,0.0020168990250281,0.1533937259784906,1215.4429607577276,30,,True,
cv,gbs_naive,naive,10.0,frac_above_0.2,0.0463291021684805,0.0443002581596374,0.0483422838151454,0.0442824739386921,0.0483757303982689,0.0010428549685376,0.176519589747333,927.7393035957653,30,,True,
cv,gbs_naive,naive,10.0,nb_all_at_0.01,0.0270533431321382,0.0250267443247139,0.0292273514904081,0.0248544799664539,0.0292522062978225,0.001121856576804,4.860149189361204e-05,41148.00014579739,30,,True,
cv,gbs_naive,naive,10.0,nb_all_at_0.02,0.0171253159642219,0.0150780365336686,0.0193215080536901,0.0149040154028156,0.0193466165256283,0.0011333041013021,4.860149189361204e-05,41148.00014579739,30,,True,
cv,gbs_naive,naive,10.0,nb_all_at_0.03,0.0069925878196954,0.0049242021050304,0.0092114201048388,0.0047483873560023,0.0092367882833886,0.0011449875959322,4.860149189361204e-05,41148.00014579739,30,,True,
cv,gbs_naive,naive,10.0,nb_all_at_0.05,-0.0139128314331173,-0.0160247615538537,-0.011647286824882,-0.0162042782172722,-0.0116213846489624,0.0011690925953551,4.860149189361204e-05,41148.00014579739,30,,True,
cv,gbs_naive,naive,10.0,nb_all_at_0.075,-0.0413158796727657,-0.0434848912991583,-0.038989104423672,-0.0436692573605995,-0.0389625019849318,0.0012006896463603,4.860149189361204e-05,41148.00014579739,30,,True,
cv,gbs_naive,naive,10.0,nb_all_at_0.2,-0.2040214836597442,-0.2065294098109006,-0.2013311605900526,-0.2067425771729912,-0.2013003901464973,0.001388297690177,4.860149189361204e-05,41148.00014579739,30,,True,
cv,gbs_naive,naive,15.0,mean_pred,0.0868376394112904,0.0854454031214118,0.0882033672183752,0.0854567360674906,0.0882185427550903,0.0007042949668605,0.0905242702825588,3273.541655710307,30,,True,
cv,gbs_naive,naive,15.0,obs_cif,0.0641817897558212,0.0609723340719938,0.0676741149276494,0.0608109494810235,0.0675526300306188,0.0017197974801951,4.860149189361204e-05,41148.00014579739,30,,True,
cv,gbs_naive,naive,15.0,eo,1.3529950698216755,1.285533756017685,1.4263547778129575,1.2834564505088495,1.4225336891345015,0.0354783771033526,0.0086558678253989,36948.42384580689,30,,True,
cv,gbs_naive,naive,15.0,calib_intercept,-0.6255083739757538,-0.7107434123754501,-0.5413102611899377,-0.710924038073495,-0.5400927098780125,0.0435763134491823,0.0377795288709183,13498.082039479064,30,,True,
cv,gbs_naive,naive,15.0,calib_slope,0.6242966095606486,0.5913326948881149,0.6619821846485138,0.5892017117292255,0.6593915073920716,0.0179020155624777,0.0669020649626086,5594.972464056026,30,,True,
cv,gbs_naive,naive,15.0,ici,0.028080108637611,0.0256155611481517,0.0307286099530756,0.0255066145850175,0.0306536026902045,0.0013125982742133,0.0849951075694282,3670.1024180749614,30,,True,
cv,gbs_naive,naive,15.0,e50,0.0092034104280173,0.0070724004413932,0.0122796044684946,0.0065847793739045,0.0118220414821302,0.001335749776799,0.0698130029708102,5199.294663578908,30,,True,
cv,gbs_naive,naive,15.0,e90,0.0684619344770908,0.0547886444255709,0.0804111203178763,0.0556453529323524,0.0812785160218292,0.0065387198328263,0.0317986919539356,16749.368256022564,30,,True,
cv,gbs_naive,naive,15.0,obs_concordant,0.0699984654784202,0.0664432492107152,0.0738160520792006,0.0662527298511895,0.073744201105651,0.0019110685075623,4.860149189361204e-05,41148.00014579739,30,,True,
cv,gbs_naive,naive,15.0,eo_concordant,1.2405648549397787,1.1776652604341509,1.308791273832321,1.1758275987740203,1.305302111105537,0.0330287435395821,0.0083977582714043,37164.02434250525,30,,True,
cv,gbs_naive,naive,15.0,calib_intercept_concordant,-0.436175192395846,-0.5214291289448738,-0.3508465103805066,-0.5222275185556255,-0.3501228662360666,0.0439022144326238,0.0288198355520031,18709.18217592343,30,,True,
cv,gbs_naive,naive,15.0,calib_slope_concordant,0.6573601682980855,0.6245507732033729,0.694966945052147,0.6224955328846095,0.6922248037115616,0.0177841310657512,0.071106652677724,5036.234495807425,30,,True,
cv,gbs_naive,naive,15.0,ici_concordant,0.0258567268028855,0.0232319343369454,0.028568924870342,0.0231483461113171,0.0285651074944539,0.0013813184635193,0.0927218444338886,3133.1907599100387,30,,True,
cv,gbs_naive,naive,15.0,e50_concordant,0.0126735315658152,0.0100196491461247,0.0149685696465894,0.0101766373292341,0.0151704258023962,0.0012736485679622,0.0703419987718148,5131.714264839428,30,,True,
cv,gbs_naive,naive,15.0,e90_concordant,0.0388607228795687,0.0300627947319299,0.0525876633822917,0.026908031089375,0.0508134146697624,0.0060978586175015,0.0387409918127246,13050.853055594478,30,,True,
cv,gbs_naive,naive,15.0,auc,0.7813625117142995,0.7707938507199288,0.7920730918645859,0.7706926740785979,0.7920323493500011,0.0054435646832396,0.0270881508363453,19963.21091109648,30,,True,
cv,gbs_naive,naive,15.0,cindex,0.8260892828305563,0.8160188108682632,0.8363497525453567,0.8160727492344885,0.8361058164266241,0.0051093408130176,0.0711464021085471,5031.341038610346,30,,True,
cv,gbs_naive,naive,15.0,auc_marginal_ipcw,0.8280146380265554,0.8172316730022431,0.8382804408669472,0.8173563310818158,0.838672944971295,0.0054377566508877,0.0201822901583142,25813.64425442393,30,,True,
cv,gbs_naive,naive,15.0,cindex_marginal_ipcw,0.818740204970042,0.8083702549338341,0.8285451009869576,0.8087420055430258,0.8287384043970581,0.005100903012322,0.0273961816401315,19733.821794693464,30,,True,
cv,gbs_naive,naive,15.0,at_risk_fraction,0.3379504680633545,0.3334062397480011,0.3425196222960948,0.3333655061929572,0.3425354299337518,0.0023392404352275,4.860149189361204e-05,41148.00014579739,30,,True,
cv,gbs_naive,naive,15.0,nb_at_0.01,0.0568012767781813,0.0534601230174303,0.0602596052922308,0.0534034677215553,0.0601990858348074,0.0017335554021381,0.0042762053597991,39965.56786350363,30,,True,
cv,gbs_naive,naive,15.0,nb_at_0.02,0.0511597245931625,0.0478196928277611,0.0545710818842053,0.0477828342761988,0.0545366149101262,0.0017228827271171,0.0042392723716827,39984.12902411456,30,,True,
cv,gbs_naive,naive,15.0,nb_at_0.03,0.0464951428274313,0.0432697892189025,0.0499286929145455,0.0431600656410001,0.0498302200138626,0.0017015495187646,0.004586097813407,39804.6378196026,30,,True,
cv,gbs_naive,naive,15.0,nb_at_0.05,0.0391585943599541,0.0360475954599678,0.0425275097601115,0.0358923492761298,0.0424248394437785,0.0016664281587447,0.0081989570890928,37327.45507394212,30,,True,
cv,gbs_naive,naive,15.0,nb_at_0.075,0.0308404397840301,0.0278146888595074,0.0340466934256255,0.0276668441926469,0.0340140353754132,0.0016191565350163,0.009893415151274,35866.46570510748,30,,True,
cv,gbs_naive,naive,15.0,nb_at_0.2,0.0051333470890919,0.0025648383132647,0.0077400198439136,0.0025245372024403,0.0077421569757435,0.001330896156272,0.0452425503561806,10478.087655885094,30,,True,
cv,gbs_naive,naive,15.0,frac_above_0.01,0.711702968676885,0.7043571472167969,0.7178199529647827,0.7046286360135657,0.7187773013402042,0.0035499892559401,0.6528494589257723,73.48445480400466,30,,True,
cv,gbs_naive,naive,15.0,frac_above_0.02,0.5642465849717458,0.5582041501998901,0.5699415802955627,0.5582237365134854,0.5702694334300062,0.0030577328783332,0.3508539085838272,244.5860618178289,30,,True,
cv,gbs_naive,naive,15.0,frac_above_0.03,0.4849451462427775,0.4792512059211731,0.4906158745288849,0.4792107981571294,0.4906794943284255,0.0029189630453806,0.2374597382937679,522.3962253082358,30,,True,
cv,gbs_naive,naive,15.0,frac_above_0.05,0.3872793684403101,0.3820237278938293,0.392546147108078,0.3819556398468323,0.392603097033788,0.0027126656750242,0.177258353497699,920.2947448408942,30,,True,
cv,gbs_naive,naive,15.0,frac_above_0.075,0.3120375086863836,0.3073313295841217,0.3169384300708771,0.3071484399777178,0.3169265773950493,0.0024927701287271,0.1256610676497343,1777.5384577969864,30,,True,
cv,gbs_naive,naive,15.0,frac_above_0.2,0.1379801760117213,0.1345451325178146,0.1414789408445358,0.1344530819507342,0.1415072700727083,0.0017976798885734,0.1577509192787299,1151.84436032986,30,,True,
cv,gbs_naive,naive,15.0,nb_all_at_0.01,0.0547290779650211,0.0514872060157358,0.0582566836848854,0.0513241889865877,0.0581339669434544,0.0017371690759822,4.860149189361204e-05,41148.00014579739,30,,True,
cv,gbs_naive,naive,15.0,nb_all_at_0.02,0.0450834557414054,0.0418085042387247,0.0486470574513077,0.0416438231053604,0.0485230883774505,0.00175489523621,4.860149189361204e-05,41148.00014579739,30,,True,
cv,gbs_naive,naive,15.0,nb_all_at_0.03,0.0352389551699161,0.0319302387535572,0.0388392942957579,0.0317638621610188,0.0387140481788135,0.0017729870634419,4.860149189361204e-05,41148.00014579739,30,,True,
cv,gbs_naive,naive,15.0,nb_all_at_0.05,0.0149281956255435,0.011549823754467,0.0186043341178446,0.0113799429556544,0.0184764482954327,0.0018103130090129,4.860149189361204e-05,41148.00014579739,30,,True,
cv,gbs_naive,naive,15.0,nb_all_at_0.075,-0.0116953663527965,-0.0151650458574295,-0.0079198737861588,-0.0153395176916668,-0.0080512150139262,0.001859240361193,4.860149189361204e-05,41148.00014579739,30,,True,
cv,gbs_naive,naive,15.0,nb_all_at_0.2,-0.1697727739810943,-0.1737845905125141,-0.165407358109951,-0.1739863238257591,-0.1655592241364295,0.0021497465957405,4.860149189361204e-05,41148.00014579739,30,,True,
cv,logistic_cr,competing,5.0,mean_pred,0.0179354711746176,0.0176224745810031,0.0182335679885,0.0176301497224883,0.0182407926267468,0.0001557466709793,0.0654287951945149,5811.770937428075,30,,True,
cv,logistic_cr,competing,5.0,obs_cif,0.015860853716731,0.0146436920156702,0.017109671421349,0.0146278047107564,0.0170939027227056,0.0006290996904501,4.860149189361204e-05,41148.00014579739,30,,True,
cv,logistic_cr,competing,5.0,eo,1.1308011213938396,1.0489574283361436,1.2250371992588045,1.04422465466268,1.2173775881249993,0.0441711557835386,0.0032659966333034,40424.13112460516,30,,True,
cv,logistic_cr,competing,5.0,calib_intercept,-0.2108361487587293,-0.3241457924246788,-0.1030535578727724,-0.3233545104232536,-0.098317787094205,0.0574058114669543,0.0189059112257451,27028.5050449384,30,,True,
cv,logistic_cr,competing,5.0,calib_slope,0.8373968482017518,0.7575098410248756,0.936845701932907,0.7490863246116906,0.925707371791813,0.0450522914390826,0.043571494395331,11070.772915827449,30,,True,
cv,logistic_cr,competing,5.0,ici,0.0034712713444605,0.0019487906974973,0.0052503420505672,0.0017395859901867,0.0052029566987343,0.0008833647026886,0.0612140505503687,6502.101891306825,30,,True,
cv,logistic_cr,competing,5.0,e50,0.0023124685549798,0.0008094590972177,0.0038898643106222,0.0006614251526834,0.0039635119572761,0.0008421153321542,0.0835283315232628,3787.052892320759,30,,True,
cv,logistic_cr,competing,5.0,e90,0.0041747171354169,0.0021877305058296,0.0083273662021383,0.0008654660995095,0.0074839681713244,0.001687995055806,0.0734441083949566,4759.698113279035,30,,True,
cv,logistic_cr,competing,5.0,obs_concordant,0.015860853716731,0.0146436920156702,0.017109671421349,0.0146278047107564,0.0170939027227056,0.0006290996904501,4.860149189361204e-05,41148.00014579739,30,,True,
cv,logistic_cr,competing,5.0,eo_concordant,1.1308011213938396,1.0489574283361436,1.2250371992588045,1.04422465466268,1.2173775881249993,0.0441711557835386,0.0032659966333034,40424.13112460516,30,,True,
cv,logistic_cr,competing,5.0,calib_intercept_concordant,-0.2108361487587293,-0.3241457924246788,-0.1030535578727724,-0.3233545104232536,-0.098317787094205,0.0574058114669543,0.0189059112257451,27028.5050449384,30,,True,
cv,logistic_cr,competing,5.0,calib_slope_concordant,0.8373968482017518,0.7575098410248756,0.936845701932907,0.7490863246116906,0.925707371791813,0.0450522914390826,0.043571494395331,11070.772915827449,30,,True,
cv,logistic_cr,competing,5.0,ici_concordant,0.0034712713444605,0.0019487906974973,0.0052503420505672,0.0017395859901867,0.0052029566987343,0.0008833647026886,0.0612140505503687,6502.101891306825,30,,True,
cv,logistic_cr,competing,5.0,e50_concordant,0.0023124685549798,0.0008094590972177,0.0038898643106222,0.0006614251526834,0.0039635119572761,0.0008421153321542,0.0835283315232628,3787.052892320759,30,,True,
cv,logistic_cr,competing,5.0,e90_concordant,0.0041747171354169,0.0021877305058296,0.0083273662021383,0.0008654660995095,0.0074839681713244,0.001687995055806,0.0734441083949566,4759.698113279035,30,,True,
cv,logistic_cr,competing,5.0,auc,0.8380238493283589,0.8236849963665008,0.8535516008734703,0.823377485611452,0.8526702130452659,0.0074724576011023,0.017116897371872,28780.96901422495,30,,True,
cv,logistic_cr,competing,5.0,cindex,0.8370942135651906,0.8214670166373252,0.8529031217098236,0.8217932578598431,0.8523951692705382,0.0078064302523275,0.0166644428769113,29231.07065366447,30,,True,
cv,logistic_cr,competing,5.0,auc_marginal_ipcw,0.837178373336792,0.822914457321167,0.8529599204659462,0.8224384312551983,0.8519183154183857,0.0075202454619789,0.0123451613117222,33546.41414585831,30,,True,
cv,logistic_cr,competing,5.0,cindex_marginal_ipcw,0.8343654811382294,0.8201569795608521,0.8499827474355698,0.8197193302049555,0.8490116320715033,0.0074723822226746,0.0137253114912197,32178.677609730235,30,,True,
cv,logistic_cr,competing,5.0,at_risk_fraction,0.7978907227516174,0.7939290881156922,0.801730215549469,0.7940450630526071,0.8017363824506277,0.001962049614007,4.860149189361204e-05,41148.00014579739,30,,True,
cv,logistic_cr,competing,5.0,nb_at_0.01,0.0102019518924256,0.0090074055595323,0.0113782911328598,0.0090032347271421,0.0114006690577091,0.0006115832566757,0.0035800911966844,40292.65622536445,30,,True,
cv,logistic_cr,competing,5.0,nb_at_0.02,0.0072786787680039,0.0062118237139657,0.0083878982113674,0.0061656071494671,0.0083917503865408,0.0005678803130165,0.0170224829627565,28874.709967259245,30,,True,
cv,logistic_cr,competing,5.0,nb_at_0.03,0.0054703638578454,0.0044619297725148,0.0065299894311465,0.0044179893696679,0.006522738346023,0.0005369097704617,0.0209114886570087,25135.72285943545,30,,True,
cv,logistic_cr,competing,5.0,nb_at_0.05,0.0029442929507543,0.0021129718923475,0.0038232024293392,0.0020651460647182,0.0038234398367904,0.000448485243672,0.0536506915165369,8063.646994820068,30,,True,
cv,logistic_cr,competing,5.0,nb_at_0.075,0.0012943322382246,0.0005876440322026,0.0020256707677617,0.0005745346060778,0.0020141298703714,0.0003671358596379,0.082415046417084,3879.4749684094704,30,,True,
cv,logistic_cr,competing,5.0,nb_at_0.2,-0.0002824270282872,-0.0005751199569203,3.052891688639644e-05,-0.0005843151833767,1.9461126802393152e-05,0.0001539477693768,0.1085429779414292,2341.1787197324657,30,,True,
cv,logistic_cr,competing,5.0,frac_above_0.01,0.4128208041191101,0.4069320023059845,0.4188800454139709,0.4067146056599385,0.4189270025782816,0.0031013704708302,0.3350404070177268,267.5251474135208,30,,True,
cv,logistic_cr,competing,5.0,frac_above_0.02,0.2573419282833735,0.2524037361145019,0.2623265385627746,0.2522850885927077,0.2623987679740392,0.0025724066747286,0.2698018992155451,407.6053980746647,30,,True,
cv,logistic_cr,competing,5.0,frac_above_0.03,0.1738321463267008,0.1694732069969177,0.1778976619243621,0.1695257245706181,0.1781385680827835,0.0021909510152304,0.2637641753061799,425.9392076109945,30,,True,
cv,logistic_cr,competing,5.0,frac_above_0.05,0.0904749169945716,0.0876284912228584,0.0934606716036796,0.0875447963576737,0.0934050376314696,0.0014939308542858,0.1281265114296622,1713.2985303400503,30,,True,
cv,logistic_cr,competing,5.0,frac_above_0.075,0.0458744086325168,0.0437089428305625,0.0479696728289127,0.0437300176224543,0.0480187996425793,0.0010924064526187,0.192689666473328,783.2394367312029,30,,True,
cv,logistic_cr,competing,5.0,frac_above_0.2,0.0040355438754583,0.0032562999986112,0.0047548459842801,0.0032808683384023,0.0047902194125143,0.0003826401693181,0.3955895944513844,193.72376150165283,30,,True,
cv,logistic_cr,competing,5.0,nb_all_at_0.01,0.0059200543910264,0.0046905977185815,0.0071814869646914,0.0046745503315151,0.0071655584505378,0.0006354542394474,4.860149189361204e-05,41148.00014579739,30,,True,
cv,logistic_cr,competing,5.0,nb_all_at_0.02,-0.0042236186563968,-0.00546562083764,-0.0029493141395505,-0.0054818319070352,-0.0029654054057584,0.0006419384490491,4.860149189361204e-05,41148.00014579739,30,,True,
cv,logistic_cr,competing,5.0,nb_all_at_0.03,-0.0145764397457242,-0.0158312449697405,-0.0132889978354796,-0.0158476242494008,-0.0133052552420475,0.0006485563622315,4.860149189361204e-05,41148.00014579739,30,,True,
cv,logistic_cr,competing,5.0,nb_all_at_0.05,-0.0359359420835971,-0.0372171682305634,-0.0346213974058628,-0.0372338883838875,-0.0346379957833067,0.0006622101893576,4.860149189361204e-05,41148.00014579739,30,,True,
cv,logistic_cr,competing,5.0,nb_all_at_0.075,-0.063934214413166,-0.0652500601485371,-0.062584138661623,-0.0652672404432622,-0.0626011883830699,0.0006801078130975,4.860149189361204e-05,41148.00014579739,30,,True,
cv,logistic_cr,competing,5.0,nb_all_at_0.2,-0.2301739305257797,-0.2316953845322132,-0.2286129038780927,-0.2317152418164544,-0.228632619235105,0.0007863746300046,4.860149189361204e-05,41148.00014579739,30,,True,
cv,logistic_cr,competing,10.0,mean_pred,0.0452149957418441,0.0445941955782473,0.0458297626115381,0.0445947300122184,0.0458352614714699,0.0003164467637272,0.0297015991748933,18103.505975826967,30,,True,
cv,logistic_cr,competing,10.0,obs_cif,0.0367828086018562,0.0347764777950942,0.0389350767247378,0.0346059341122686,0.0389596830914438,0.0011106379883628,4.860149189361204e-05,41148.00014579739,30,,True,
cv,logistic_cr,competing,10.0,eo,1.2292425553003947,1.1608080565929413,1.2975864887237547,1.1584260763960628,1.300059034204727,0.036130451673242,0.0017266209225274,40915.823021501696,30,,True,
cv,logistic_cr,competing,10.0,calib_intercept,-0.2415665740768114,-0.3155788637697697,-0.1704000625759363,-0.3164942265935309,-0.1666389215600921,0.0382279385283049,0.0042971518145687,39954.98194211664,30,,True,
cv,logistic_cr,competing,10.0,calib_slope,0.870411894718806,0.8146644040942193,0.935034967958927,0.8101042563686788,0.9307195330689332,0.0307684229376499,0.0182397033402424,27675.191699678635,30,,True,
cv,logistic_cr,competing,10.0,ici,0.0098979759030044,0.0076670723152346,0.01226222733967,0.0075372268445061,0.0122587249615026,0.001204444112528,0.010986086170996,34855.889673551486,30,,True,
cv,logistic_cr,competing,10.0,e50,0.0069622112438082,0.0049583907821215,0.0086568769998848,0.0050448482718716,0.0088795742157448,0.0009782213558852,0.0184047133610236,27514.29429524191,30,,True,
cv,logistic_cr,competing,10.0,e90,0.0136491348656515,0.0105576674686744,0.0211790185887366,0.0082907361427151,0.0190075335885879,0.002733747068539,0.0292999255655757,18376.69616968969,30,,True,
cv,logistic_cr,competing,10.0,obs_concordant,0.0367828086018562,0.0347764777950942,0.0389350767247378,0.0346059341122686,0.0389596830914438,0.0011106379883628,4.860149189361204e-05,41148.00014579739,30,,True,
cv,logistic_cr,competing,10.0,eo_concordant,1.2292425553003947,1.1608080565929413,1.2975864887237547,1.1584260763960628,1.300059034204727,0.036130451673242,0.0017266209225274,40915.823021501696,30,,True,
cv,logistic_cr,competing,10.0,calib_intercept_concordant,-0.2415665740768114,-0.3155788637697697,-0.1704000625759363,-0.3164942265935309,-0.1666389215600921,0.0382279385283049,0.0042971518145687,39954.98194211664,30,,True,
cv,logistic_cr,competing,10.0,calib_slope_concordant,0.870411894718806,0.8146644040942193,0.935034967958927,0.8101042563686788,0.9307195330689332,0.0307684229376499,0.0182397033402424,27675.191699678635,30,,True,
cv,logistic_cr,competing,10.0,ici_concordant,0.0098979759030044,0.0076670723152346,0.01226222733967,0.0075372268445061,0.0122587249615026,0.001204444112528,0.010986086170996,34855.889673551486,30,,True,
cv,logistic_cr,competing,10.0,e50_concordant,0.0069622112438082,0.0049583907821215,0.0086568769998848,0.0050448482718716,0.0088795742157448,0.0009782213558852,0.0184047133610236,27514.29429524191,30,,True,
cv,logistic_cr,competing,10.0,e90_concordant,0.0136491348656515,0.0105576674686744,0.0211790185887366,0.0082907361427151,0.0190075335885879,0.002733747068539,0.0292999255655757,18376.69616968969,30,,True,
cv,logistic_cr,competing,10.0,auc,0.8228137731552124,0.8119836926460267,0.8340909108519554,0.8117565531528826,0.8338709931575422,0.0056413364868727,0.0127436089146389,33154.5067813681,30,,True,
cv,logistic_cr,competing,10.0,cindex,0.8312369008858999,0.8188857331871986,0.8441678568720817,0.818743327485203,0.8437304742865968,0.006374159351101,0.0123352237890791,33556.150144270825,30,,True,
cv,logistic_cr,competing,10.0,auc_marginal_ipcw,0.8301674008369446,0.8193516910076142,0.8411482676863671,0.8190180253865373,0.8413167762873519,0.0056883733364784,0.0090490854656495,36612.925997226375,30,,True,
cv,logistic_cr,competing,10.0,cindex_marginal_ipcw,0.8255317032337188,0.8152175709605217,0.836336262524128,0.8146964875831996,0.8363669188842381,0.0055280784127134,0.0114481965117669,34416.1744997942,30,,True,
cv,logistic_cr,competing,10.0,at_risk_fraction,0.5525503754615784,0.54790707975626,0.5570222854614257,0.5478463406041338,0.5572544103190229,0.0023999912885427,4.860149189361204e-05,41148.00014579739,30,,True,
cv,logistic_cr,competing,10.0,nb_at_0.01,0.0294232510651151,0.0274132229853421,0.0315164316445589,0.0272585977437589,0.0315879043864713,0.0011044026140176,0.0015532137988817,40954.78157575428,30,,True,
cv,logistic_cr,competing,10.0,nb_at_0.02,0.024717428907752,0.0227723153773695,0.0268531631212681,0.0225685977972135,0.0268662600182905,0.0010963299619345,0.00243629605649,40721.294011393205,30,,True,
cv,logistic_cr,competing,10.0,nb_at_0.03,0.0211918011928598,0.0192861536517739,0.0233397948089987,0.0190930830032546,0.0232905193824649,0.001070762490195,0.0022020729230692,40791.67891222595,30,,True,
cv,logistic_cr,competing,10.0,nb_at_0.05,0.0156301152581969,0.0137124097906053,0.0176070759538561,0.0136157554590567,0.0176444750573372,0.0010277158629265,0.012827239946655,33071.89470734847,30,,True,
cv,logistic_cr,competing,10.0,nb_at_0.075,0.0104306063614785,0.0086193401832133,0.0122792863752692,0.008577158705695,0.012284054017262,0.0009456156527735,0.0159973614272179,29898.074130625537,30,,True,
cv,logistic_cr,competing,10.0,nb_at_0.2,0.0003166198819902,-0.0007182709581684,0.0013430333347059,-0.0007186046112946,0.001351844375275,0.0005280768635233,0.0649390999076901,5886.481736086164,30,,True,
cv,logistic_cr,competing,10.0,frac_above_0.01,0.6650965770085653,0.6598462462425232,0.6700525879859924,0.6598578189412517,0.6703353350758788,0.0026670934717504,0.2294054484410139,558.5950579137802,30,,True,
cv,logistic_cr,competing,10.0,frac_above_0.02,0.5018284936745961,0.496577650308609,0.5070836544036865,0.4965004149053181,0.5071565724438741,0.0027176433246634,0.0805553212592407,4041.338488897944,30,,True,
cv,logistic_cr,competing,10.0,frac_above_0.03,0.4065963009993235,0.4014319241046905,0.4118978612124919,0.4013174733124534,0.4118751286861937,0.0026916165810876,0.121182460528747,1903.7526403484103,30,,True,
cv,logistic_cr,competing,10.0,frac_above_0.05,0.2886496623357137,0.2839542031288147,0.2935205996036529,0.2838019783230939,0.2934973463483335,0.0024713606423304,0.1373097462223941,1502.0846835717944,30,,True,
cv,logistic_cr,competing,10.0,frac_above_0.075,0.1948174620668093,0.1906474530696869,0.1988368034362793,0.1906773094169151,0.1989576147167035,0.0021114646547138,0.0976200786334202,2850.476677098666,30,,True,
cv,logistic_cr,competing,10.0,frac_above_0.2,0.0338074679176012,0.0320526845753192,0.0356086939573287,0.0320339500660637,0.0355809857691387,0.0009042634080559,0.1249182877913254,1797.5949504867092,30,,True,
cv,logistic_cr,competing,10.0,nb_all_at_0.01,0.0270533431321382,0.0250267443247139,0.0292273514904081,0.0248544799664539,0.0292522062978225,0.001121856576804,4.860149189361204e-05,41148.00014579739,30,,True,
cv,logistic_cr,competing,10.0,nb_all_at_0.02,0.0171253159642219,0.0150780365336686,0.0193215080536901,0.0149040154028156,0.0193466165256283,0.0011333041013021,4.860149189361204e-05,41148.00014579739,30,,True,
cv,logistic_cr,competing,10.0,nb_all_at_0.03,0.0069925878196954,0.0049242021050304,0.0092114201048388,0.0047483873560023,0.0092367882833886,0.0011449875959322,4.860149189361204e-05,41148.00014579739,30,,True,
cv,logistic_cr,competing,10.0,nb_all_at_0.05,-0.0139128314331173,-0.0160247615538537,-0.011647286824882,-0.0162042782172722,-0.0116213846489624,0.0011690925953551,4.860149189361204e-05,41148.00014579739,30,,True,
cv,logistic_cr,competing,10.0,nb_all_at_0.075,-0.0413158796727657,-0.0434848912991583,-0.038989104423672,-0.0436692573605995,-0.0389625019849318,0.0012006896463603,4.860149189361204e-05,41148.00014579739,30,,True,
cv,logistic_cr,competing,10.0,nb_all_at_0.2,-0.2040214836597442,-0.2065294098109006,-0.2013311605900526,-0.2067425771729912,-0.2013003901464973,0.001388297690177,4.860149189361204e-05,41148.00014579739,30,,True,
cv,logistic_cr,competing,15.0,mean_pred,0.0956462167203426,0.0946275789290666,0.0966652773320674,0.094629299719413,0.0966631337212722,0.0005187648836037,0.0544983869611047,7864.140294572821,30,,True,
cv,logistic_cr,competing,15.0,obs_cif,0.0641817897558212,0.0609723340719938,0.0676741149276494,0.0608109494810235,0.0675526300306188,0.0017197974801951,4.860149189361204e-05,41148.00014579739,30,,True,
cv,logistic_cr,competing,15.0,eo,1.4902392466862997,1.4158050179481507,1.5686720341444014,1.413713887618377,1.5667646057542224,0.039043108025871,0.0023738816846223,40740.639506600215,30,,True,
cv,logistic_cr,competing,15.0,calib_intercept,-0.3651636342207591,-0.4281647138297558,-0.3004991255700588,-0.4280511794779315,-0.3022760889635866,0.0320850607998603,0.0067928722799463,38410.876766520494,30,,True,
cv,logistic_cr,competing,15.0,calib_slope,1.0117133617401124,0.9540490314364434,1.078359666466713,0.949754448262882,1.0736722752173429,0.0316102448249039,0.0285767959678663,18879.99219916763,30,,True,
cv,logistic_cr,competing,15.0,ici,0.0348482390244801,0.0308505674824118,0.0386624863371253,0.0308838653540524,0.0388126126949079,0.0020225666449608,0.0242267408841909,22225.82858498217,30,,True,
cv,logistic_cr,competing,15.0,e50,0.0313146997864047,0.0268740235362201,0.0352303922176361,0.0272160299462039,0.0354133696266055,0.0020911103583535,0.0165147990697058,29380.385187726457,30,,True,
cv,logistic_cr,competing,15.0,e90,0.0531889845927556,0.0448798598721623,0.0651296779513359,0.0429076350580045,0.0634703341275067,0.0052453868843197,0.0251750313264654,21449.67872054077,30,,True,
cv,logistic_cr,competing,15.0,obs_concordant,0.0641817897558212,0.0609723340719938,0.0676741149276494,0.0608109494810235,0.0675526300306188,0.0017197974801951,4.860149189361204e-05,41148.00014579739,30,,True,
cv,logistic_cr,competing,15.0,eo_concordant,1.4902392466862997,1.4158050179481507,1.5686720341444014,1.413713887618377,1.5667646057542224,0.039043108025871,0.0023738816846223,40740.639506600215,30,,True,
cv,logistic_cr,competing,15.0,calib_intercept_concordant,-0.3651636342207591,-0.4281647138297558,-0.3004991255700588,-0.4280511794779315,-0.3022760889635866,0.0320850607998603,0.0067928722799463,38410.876766520494,30,,True,
cv,logistic_cr,competing,15.0,calib_slope_concordant,1.0117133617401124,0.9540490314364434,1.078359666466713,0.949754448262882,1.0736722752173429,0.0316102448249039,0.0285767959678663,18879.99219916763,30,,True,
cv,logistic_cr,competing,15.0,ici_concordant,0.0348482390244801,0.0308505674824118,0.0386624863371253,0.0308838653540524,0.0388126126949079,0.0020225666449608,0.0242267408841909,22225.82858498217,30,,True,
cv,logistic_cr,competing,15.0,e50_concordant,0.0313146997864047,0.0268740235362201,0.0352303922176361,0.0272160299462039,0.0354133696266055,0.0020911103583535,0.0165147990697058,29380.385187726457,30,,True,
cv,logistic_cr,competing,15.0,e90_concordant,0.0531889845927556,0.0448798598721623,0.0651296779513359,0.0429076350580045,0.0634703341275067,0.0052453868843197,0.0251750313264654,21449.67872054077,30,,True,
cv,logistic_cr,competing,15.0,auc,0.7819676617781322,0.7705982610583305,0.7931248024106026,0.7709164031703006,0.7930189203859637,0.0056382985115957,0.0121599303702908,33727.55457460076,30,,True,
cv,logistic_cr,competing,15.0,cindex,0.819834570089976,0.8081750437617302,0.8317258849740028,0.8082435376967071,0.8314256024832448,0.0059135930067021,0.0230058035620266,23262.82258013488,30,,True,
cv,logistic_cr,competing,15.0,auc_marginal_ipcw,0.8273589730262756,0.8160925388336182,0.8379011377692223,0.8164534196932913,0.8382645263592599,0.0055639913186182,0.0043856564853835,39909.78386723349,30,,True,
cv,logistic_cr,competing,15.0,cindex_marginal_ipcw,0.8150360504786174,0.8044120222330093,0.8248145252466201,0.8048444378497924,0.8252276631074423,0.005199740071737,0.0044536388967414,39874.55303397296,30,,True,
cv,logistic_cr,competing,15.0,at_risk_fraction,0.3379504680633545,0.3334062397480011,0.3425196222960948,0.3333655061929572,0.3425354299337518,0.0023392404352275,4.860149189361204e-05,41148.00014579739,30,,True,
cv,logistic_cr,competing,15.0,nb_at_0.01,0.055169378593564,0.0519014404155313,0.0586850623600184,0.0517510114646345,0.0585877457224934,0.0017440455271578,0.0008039702810201,41083.69194925193,30,,True,
cv,logistic_cr,competing,15.0,nb_at_0.02,0.0487204915533463,0.0453410296700894,0.052250691037625,0.0452800659836882,0.0521609171230043,0.0017552995800355,0.001424068620553,40981.58140905544,30,,True,
cv,logistic_cr,competing,15.0,nb_at_0.03,0.0439538575708866,0.0405865012668073,0.0474991290830075,0.0405046810124461,0.0474030341293271,0.0017597642727992,0.0016023946451994,40944.07795665333,30,,True,
cv,logistic_cr,competing,15.0,nb_at_0.05,0.035440565397342,0.0320579482242465,0.0388269166462123,0.0319990905450547,0.0388820402496293,0.0017558347436117,0.00202514481708,40840.82497385715,30,,True,
cv,logistic_cr,competing,15.0,nb_at_0.075,0.0275587610900402,0.0243543310090899,0.0310268620494753,0.0241708900580352,0.0309466321220451,0.001728485901741,0.0027053105947187,40633.04768141432,30,,True,
cv,logistic_cr,competing,15.0,nb_at_0.2,0.0049100446359564,0.0019866776885464,0.0077990390011109,0.0020765847806463,0.0077435044912666,0.0014456124961516,0.0151209564039685,30778.08570442697,30,,True,
cv,logistic_cr,competing,15.0,frac_above_0.01,0.946653378009796,0.942447519302368,0.9508476853370668,0.9420706580776572,0.951236097941935,0.0022787393606842,0.8180699408931991,47.5950167820805,30,,True,
cv,logistic_cr,competing,15.0,frac_above_0.02,0.79608407219251,0.7906247973442078,0.8013899922370911,0.7904668162465126,0.8017013281385074,0.0028351865699044,0.5234925666407665,112.55564395919023,30,,True,
cv,logistic_cr,competing,15.0,frac_above_0.03,0.681269520521164,0.6761196851730347,0.6859452724456787,0.6762872398521527,0.6862518011901753,0.0025391619921974,0.1635986255596639,1074.0293143277408,30,,True,
cv,logistic_cr,competing,15.0,frac_above_0.05,0.5368245402971904,0.5316434264183044,0.5416881084442139,0.5316496463150744,0.5419994342793064,0.0026397593666994,0.0648185983068312,5905.075442383932,30,,True,
cv,logistic_cr,competing,15.0,frac_above_0.075,0.4240469386180241,0.4189203448593616,0.4294184744358063,0.4188059127529622,0.4292879644830861,0.002673011312288,0.0926053114635279,3140.409926493281,30,,True,
cv,logistic_cr,competing,15.0,frac_above_0.2,0.1435974285006523,0.1400451958179474,0.1471491158008575,0.1400231942793965,0.1471716627219081,0.0018229189053829,0.0926516424177493,3137.536827878157,30,,True,
cv,logistic_cr,competing,15.0,nb_all_at_0.01,0.0547290779650211,0.0514872060157358,0.0582566836848854,0.0513241889865877,0.0581339669434544,0.0017371690759822,4.860149189361204e-05,41148.00014579739,30,,True,
cv,logistic_cr,competing,15.0,nb_all_at_0.02,0.0450834557414054,0.0418085042387247,0.0486470574513077,0.0416438231053604,0.0485230883774505,0.00175489523621,4.860149189361204e-05,41148.00014579739,30,,True,
cv,logistic_cr,competing,15.0,nb_all_at_0.03,0.0352389551699161,0.0319302387535572,0.0388392942957579,0.0317638621610188,0.0387140481788135,0.0017729870634419,4.860149189361204e-05,41148.00014579739,30,,True,
cv,logistic_cr,competing,15.0,nb_all_at_0.05,0.0149281956255435,0.011549823754467,0.0186043341178446,0.0113799429556544,0.0184764482954327,0.0018103130090129,4.860149189361204e-05,41148.00014579739,30,,True,
cv,logistic_cr,competing,15.0,nb_all_at_0.075,-0.0116953663527965,-0.0151650458574295,-0.0079198737861588,-0.0153395176916668,-0.0080512150139262,0.001859240361193,4.860149189361204e-05,41148.00014579739,30,,True,
cv,logistic_cr,competing,15.0,nb_all_at_0.2,-0.1697727739810943,-0.1737845905125141,-0.165407358109951,-0.1739863238257591,-0.1655592241364295,0.0021497465957405,4.860149189361204e-05,41148.00014579739,30,,True,
cv,csc_cox,competing,5.0,mean_pred,0.0158629094560941,0.0156137770041823,0.0161072145216166,0.015615240514807,0.0161105783973811,0.0001263601738138,0.0047850104814631,39696.52866790885,30,,True,
cv,csc_cox,competing,5.0,obs_cif,0.015860853716731,0.0146436920156702,0.017109671421349,0.0146278047107564,0.0170939027227056,0.0006290996904501,4.860149189361204e-05,41148.00014579739,30,,True,
cv,csc_cox,competing,5.0,eo,1.0001295924186706,0.9274416729807854,1.0828985840082168,0.9235802416340974,1.0766789432032438,0.0390553597563757,0.0002456285291472,41137.62820491862,30,,True,
cv,csc_cox,competing,5.0,calib_intercept,-0.0362113954499363,-0.1392557494342327,0.0624846513383088,-0.140021880130725,0.0675990892308522,0.0529637747945681,0.0085645315485857,37025.148960213264,30,,True,
cv,csc_cox,competing,5.0,calib_slope,0.8968812863032023,0.8080438897013664,1.0119975864887236,0.7957964641160729,0.9979661084903316,0.0515699096164135,0.0395935017857108,12669.949140656716,30,,True,
cv,csc_cox,competing,5.0,ici,0.0015014706800381,0.0004932545722112,0.0034920162055641,-3.793683032807596e-05,0.0030408781904043,0.0007853143412256,0.0519659931988365,8481.415701743448,30,,True,
cv,csc_cox,competing,5.0,e50,0.0009791596909053,0.0002211877883382,0.0028787722345441,-0.0004845698401496,0.0024428892219604,0.0007467089031709,0.0516628440342263,8559.73750978343,30,,True,
cv,csc_cox,competing,5.0,e90,0.0028123871268083,0.000773326359922,0.007118231721688,-0.0004909604537175,0.0061157347073342,0.0016852631723647,0.0374181314092287,13671.18115285533,30,,True,
cv,csc_cox,competing,5.0,obs_concordant,0.015860853716731,0.0146436920156702,0.017109671421349,0.0146278047107564,0.0170939027227056,0.0006290996904501,4.860149189361204e-05,41148.00014579739,30,,True,
cv,csc_cox,competing,5.0,eo_concordant,1.0001295924186706,0.9274416729807854,1.0828985840082168,0.9235802416340974,1.0766789432032438,0.0390553597563757,0.0002456285291472,41137.62820491862,30,,True,
cv,csc_cox,competing,5.0,calib_intercept_concordant,-0.0362113954499363,-0.1392557494342327,0.0624846513383088,-0.140021880130725,0.0675990892308522,0.0529637747945681,0.0085645315485857,37025.148960213264,30,,True,
cv,csc_cox,competing,5.0,calib_slope_concordant,0.8968812863032023,0.8080438897013664,1.0119975864887236,0.7957964641160729,0.9979661084903316,0.0515699096164135,0.0395935017857108,12669.949140656716,30,,True,
cv,csc_cox,competing,5.0,ici_concordant,0.0015014706800381,0.0004932545722112,0.0034920162055641,-3.793683032807596e-05,0.0030408781904043,0.0007853143412256,0.0519659931988365,8481.415701743448,30,,True,
cv,csc_cox,competing,5.0,e50_concordant,0.0009791596909053,0.0002211877883382,0.0028787722345441,-0.0004845698401496,0.0024428892219604,0.0007467089031709,0.0516628440342263,8559.73750978343,30,,True,
cv,csc_cox,competing,5.0,e90_concordant,0.0028123871268083,0.000773326359922,0.007118231721688,-0.0004909604537175,0.0061157347073342,0.0016852631723647,0.0374181314092287,13671.18115285533,30,,True,
cv,csc_cox,competing,5.0,auc,0.8361496865749359,0.8223042979836463,0.8519840061664581,0.8216638761283528,0.8506354970215191,0.0073905678197849,0.0147968218032064,31103.90816681486,30,,True,
cv,csc_cox,competing,5.0,cindex,0.8351725041866302,0.8200695052742958,0.8508817762136459,0.8202675172097025,0.850077491163558,0.0076044529122728,0.0120469292654256,33837.69938200041,30,,True,
cv,csc_cox,competing,5.0,auc_marginal_ipcw,0.83568008740743,0.8216797098517418,0.8513591438531876,0.8211297325765243,0.8502304422383358,0.0074235252547874,0.0115167446835804,34350.41740407981,30,,True,
cv,csc_cox,competing,5.0,cindex_marginal_ipcw,0.8327399551868438,0.8188849046826363,0.848324453830719,0.8182677387932855,0.8472121715804022,0.0073836560317402,0.0119681455624987,33914.32163159919,30,,True,
cv,csc_cox,competing,5.0,at_risk_fraction,0.7978907227516174,0.7939290881156922,0.801730215549469,0.7940450630526071,0.8017363824506277,0.001962049614007,4.860149189361204e-05,41148.00014579739,30,,True,
cv,csc_cox,competing,5.0,nb_at_0.01,0.010315914855649,0.009129064460285,0.0115031487308442,0.0091213636633634,0.0115104660479347,0.0006094576348615,0.0042776641780904,39964.831987926606,30,,True,
cv,csc_cox,competing,5.0,nb_at_0.02,0.0070809162066628,0.0060293129528872,0.0082188249099999,0.0059828068598814,0.0081790255534442,0.0005602489408298,0.0139543359754947,31949.51580612588,30,,True,
cv,csc_cox,competing,5.0,nb_at_0.03,0.0052822081993023,0.0043187514529563,0.0063228334183804,0.0042590724361433,0.0063053439624613,0.000521996141237,0.0164986182816588,29396.542352061795,30,,True,
cv,csc_cox,competing,5.0,nb_at_0.05,0.0029067819627622,0.0020833642862271,0.0037496342847589,0.0020646290338182,0.0037489348917062,0.0004295711532761,0.0724167769369578,4878.478067208414,30,,True,
cv,csc_cox,competing,5.0,nb_at_0.075,0.0012202762067317,0.000609568748041,0.0019070007663685,0.0005655587961523,0.0018749936173112,0.0003339341586654,0.0855534489978612,3626.9643098629695,30,,True,
cv,csc_cox,competing,5.0,nb_at_0.2,1.583648350920915e-05,-0.0001583941626449,0.0002068196834443,-0.0001689533977724,0.0002006263647908,9.420654437498546e-05,0.1370905236582631,1506.6640812390224,30,,True,
cv,csc_cox,competing,5.0,frac_above_0.01,0.3857184499502182,0.3805577754974365,0.3910396933555602,0.3804448580404768,0.3909920418599595,0.002688723845443,0.1292915841066516,1684.1363565331462,30,,True,
cv,csc_cox,competing,5.0,frac_above_0.02,0.2441895559430122,0.2398564666509628,0.2484670281410217,0.2398491111380812,0.2485300007479432,0.0022140774585043,0.0666418998663989,5632.409448861113,30,,True,
cv,csc_cox,competing,5.0,frac_above_0.03,0.1641183281938235,0.1601095199584961,0.1679343581199646,0.1601861665930221,0.1680504897946248,0.002004919914439,0.1234936625002108,1837.0151263852345,30,,True,
cv,csc_cox,competing,5.0,frac_above_0.05,0.0800156064331531,0.077454574406147,0.0826630368828773,0.0773915772766735,0.0826396355896327,0.0013385953033256,0.0567032326068634,7376.287254650084,30,,True,
cv,csc_cox,competing,5.0,frac_above_0.075,0.0359167724847793,0.0341020487248897,0.0377876609563827,0.0340783226756174,0.0377552222939412,0.0009374994064921,0.1106205169736265,2259.663803366844,30,,True,
cv,csc_cox,competing,5.0,frac_above_0.2,0.0012525684627083,0.0009153280989266,0.0016281499993056,0.0008900226589466,0.00161511426647,0.0001845031427888,0.2497247892713866,473.71067562759447,30,,True,
cv,csc_cox,competing,5.0,nb_all_at_0.01,0.0059200543910264,0.0046905977185815,0.0071814869646914,0.0046745503315151,0.0071655584505378,0.0006354542394474,4.860149189361204e-05,41148.00014579739,30,,True,
cv,csc_cox,competing,5.0,nb_all_at_0.02,-0.0042236186563968,-0.00546562083764,-0.0029493141395505,-0.0054818319070352,-0.0029654054057584,0.0006419384490491,4.860149189361204e-05,41148.00014579739,30,,True,
cv,csc_cox,competing,5.0,nb_all_at_0.03,-0.0145764397457242,-0.0158312449697405,-0.0132889978354796,-0.0158476242494008,-0.0133052552420475,0.0006485563622315,4.860149189361204e-05,41148.00014579739,30,,True,
cv,csc_cox,competing,5.0,nb_all_at_0.05,-0.0359359420835971,-0.0372171682305634,-0.0346213974058628,-0.0372338883838875,-0.0346379957833067,0.0006622101893576,4.860149189361204e-05,41148.00014579739,30,,True,
cv,csc_cox,competing,5.0,nb_all_at_0.075,-0.063934214413166,-0.0652500601485371,-0.062584138661623,-0.0652672404432622,-0.0626011883830699,0.0006801078130975,4.860149189361204e-05,41148.00014579739,30,,True,
cv,csc_cox,competing,5.0,nb_all_at_0.2,-0.2301739305257797,-0.2316953845322132,-0.2286129038780927,-0.2317152418164544,-0.228632619235105,0.0007863746300046,4.860149189361204e-05,41148.00014579739,30,,True,
cv,csc_cox,competing,10.0,mean_pred,0.0365816500037908,0.0360696899704635,0.0370863599702715,0.0360700150300345,0.0370932849775471,0.0002610326793087,0.0154271786370446,30470.331781600755,30,,True,
cv,csc_cox,competing,10.0,obs_cif,0.0367828086018562,0.0347764777950942,0.0389350767247378,0.0346059341122686,0.0389596830914438,0.0011106379883628,4.860149189361204e-05,41148.00014579739,30,,True,
cv,csc_cox,competing,10.0,eo,0.9945311347643534,0.9392744779586792,1.0499728977680207,0.9372769665646008,1.051785302964106,0.029210986035179,0.0009553486005395,41062.84349636558,30,,True,
cv,csc_cox,competing,10.0,calib_intercept,-0.012074375199154,-0.0841552762314677,0.0584005378186702,-0.0855737446312049,0.0614249942328968,0.0374992265086265,0.0046221949530453,39785.29564475677,30,,True,
cv,csc_cox,competing,10.0,calib_slope,0.9027473191420238,0.841512143611908,0.9739255174994468,0.836115458958473,0.9693791793255746,0.0339940140314411,0.0318097290042149,16742.55489236847,30,,True,
cv,csc_cox,competing,10.0,ici,0.0041386974820246,0.0018740057392278,0.0071748564369045,0.0014951011261693,0.0067822938378799,0.0013486479728062,0.044179497726084,10850.10238685753,30,,True,
cv,csc_cox,competing,10.0,e50,0.0035886713924507,0.0011478512955363,0.0064628353575244,0.0008607802608511,0.0063165625240502,0.0013916704377078,0.0403188275292926,12357.017909803984,30,,True,
cv,csc_cox,competing,10.0,e90,0.007496440783143,0.0028326436062343,0.0144082358572632,0.0017429155379872,0.0132499660282988,0.002935326615125,0.0301261671697908,17819.640624890115,30,,True,
cv,csc_cox,competing,10.0,obs_concordant,0.0367828086018562,0.0347764777950942,0.0389350767247378,0.0346059341122686,0.0389596830914438,0.0011106379883628,4.860149189361204e-05,41148.00014579739,30,,True,
cv,csc_cox,competing,10.0,eo_concordant,0.9945311347643534,0.9392744779586792,1.0499728977680207,0.9372769665646008,1.051785302964106,0.029210986035179,0.0009553486005395,41062.84349636558,30,,True,
cv,csc_cox,competing,10.0,calib_intercept_concordant,-0.012074375199154,-0.0841552762314677,0.0584005378186702,-0.0855737446312049,0.0614249942328968,0.0374992265086265,0.0046221949530453,39785.29564475677,30,,True,
cv,csc_cox,competing,10.0,calib_slope_concordant,0.9027473191420238,0.841512143611908,0.9739255174994468,0.836115458958473,0.9693791793255746,0.0339940140314411,0.0318097290042149,16742.55489236847,30,,True,
cv,csc_cox,competing,10.0,ici_concordant,0.0041386974820246,0.0018740057392278,0.0071748564369045,0.0014951011261693,0.0067822938378799,0.0013486479728062,0.044179497726084,10850.10238685753,30,,True,
cv,csc_cox,competing,10.0,e50_concordant,0.0035886713924507,0.0011478512955363,0.0064628353575244,0.0008607802608511,0.0063165625240502,0.0013916704377078,0.0403188275292926,12357.017909803984,30,,True,
cv,csc_cox,competing,10.0,e90_concordant,0.007496440783143,0.0028326436062343,0.0144082358572632,0.0017429155379872,0.0132499660282988,0.002935326615125,0.0301261671697908,17819.640624890115,30,,True,
cv,csc_cox,competing,10.0,auc,0.8216023763020833,0.810629577934742,0.8331992849707603,0.810456306039812,0.8327484465643546,0.0056866751187485,0.0114342238682626,34429.56218358184,30,,True,
cv,csc_cox,competing,10.0,cindex,0.83016543785731,0.8179028406739235,0.8431600853800774,0.8177081783785415,0.8426226973360785,0.0063556423084982,0.0107166428903616,35109.152400863815,30,,True,
cv,csc_cox,competing,10.0,auc_marginal_ipcw,0.8290176530679066,0.8178465887904167,0.8401696711778641,0.8177683168194497,0.8402669893163636,0.0057393745580608,0.0086930151516131,36917.08626750068,30,,True,
cv,csc_cox,competing,10.0,cindex_marginal_ipcw,0.8249048729737599,0.814261545240879,0.8358812466263771,0.8139670628794072,0.8358426830681126,0.0055804269784918,0.0104266121260083,35378.93354651201,30,,True,
cv,csc_cox,competing,10.0,at_risk_fraction,0.5525503754615784,0.54790707975626,0.5570222854614257,0.5478463406041338,0.5572544103190229,0.0023999912885427,4.860149189361204e-05,41148.00014579739,30,,True,
cv,csc_cox,competing,10.0,nb_at_0.01,0.0297233251233895,0.0277101611252874,0.0318355122581124,0.027564203294911,0.031882446951868,0.0011015804263787,0.001715581535852,40918.404454081865,30,,True,
cv,csc_cox,competing,10.0,nb_at_0.02,0.0249990407377481,0.0230851980391889,0.0271472683176398,0.0228871997558353,0.0271108817196609,0.0010774576350042,0.0025417591034868,40687.63690096237,30,,True,
cv,csc_cox,competing,10.0,nb_at_0.03,0.0216500137622157,0.0197069329675287,0.0237311844713985,0.0195805284881492,0.0237194990362823,0.0010558475169929,0.0035825636190237,40291.58092442948,30,,True,
cv,csc_cox,competing,10.0,nb_at_0.05,0.0154149533249437,0.013562439288944,0.0172900113277137,0.0135052864918173,0.0173246201580702,0.0009743040923832,0.0107551223603412,35073.134179941335,30,,True,
cv,csc_cox,competing,10.0,nb_at_0.075,0.0101984430725375,0.0085244485875591,0.011914444877766,0.0084743764276607,0.0119225097174143,0.0008795981948638,0.0218263907739681,24303.484307793005,30,,True,
cv,csc_cox,competing,10.0,nb_at_0.2,0.0003062548904305,-0.0004767471640661,0.0010919459484284,-0.0004779184381966,0.0010904282190578,0.0003999861040265,0.0766455925996542,4415.1715629651135,30,,True,
cv,csc_cox,competing,10.0,frac_above_0.01,0.5813788811365763,0.5762678980827332,0.5861663818359375,0.5762800966610876,0.586477665612065,0.0026006390325981,0.0834154891202564,3796.274012368676,30,,True,
cv,csc_cox,competing,10.0,frac_above_0.02,0.4389924337466558,0.4337683022022247,0.4442824423313141,0.4337171715474253,0.4442676959458863,0.0026906886830331,0.0813892092260437,3967.569747390371,30,,True,
cv,csc_cox,competing,10.0,frac_above_0.03,0.3519539147615432,0.3468769490718841,0.3571237623691559,0.346825667277308,0.3570821622457785,0.0026153247131878,0.1006788266802509,2692.56391640936,30,,True,
cv,csc_cox,competing,10.0,frac_above_0.05,0.2427037010590235,0.2383822202682495,0.2469765841960907,0.2383795411321194,0.2470278609859276,0.0022057769098368,0.0661115035237604,5709.846095260806,30,,True,
cv,csc_cox,competing,10.0,frac_above_0.075,0.1571075623234113,0.1532081067562103,0.1608547419309616,0.1532441835170635,0.160970941129759,0.0019697601248125,0.1278945717280911,1719.1936374499137,30,,True,
cv,csc_cox,competing,10.0,frac_above_0.2,0.0191921892265478,0.0178205464035272,0.0205503311008214,0.0178134469649242,0.0205709314881715,0.0007025714011558,0.1728657495278226,965.921895163235,30,,True,
cv,csc_cox,competing,10.0,nb_all_at_0.01,0.0270533431321382,0.0250267443247139,0.0292273514904081,0.0248544799664539,0.0292522062978225,0.001121856576804,4.860149189361204e-05,41148.00014579739,30,,True,
cv,csc_cox,competing,10.0,nb_all_at_0.02,0.0171253159642219,0.0150780365336686,0.0193215080536901,0.0149040154028156,0.0193466165256283,0.0011333041013021,4.860149189361204e-05,41148.00014579739,30,,True,
cv,csc_cox,competing,10.0,nb_all_at_0.03,0.0069925878196954,0.0049242021050304,0.0092114201048388,0.0047483873560023,0.0092367882833886,0.0011449875959322,4.860149189361204e-05,41148.00014579739,30,,True,
cv,csc_cox,competing,10.0,nb_all_at_0.05,-0.0139128314331173,-0.0160247615538537,-0.011647286824882,-0.0162042782172722,-0.0116213846489624,0.0011690925953551,4.860149189361204e-05,41148.00014579739,30,,True,
cv,csc_cox,competing,10.0,nb_all_at_0.075,-0.0413158796727657,-0.0434848912991583,-0.038989104423672,-0.0436692573605995,-0.0389625019849318,0.0012006896463603,4.860149189361204e-05,41148.00014579739,30,,True,
cv,csc_cox,competing,10.0,nb_all_at_0.2,-0.2040214836597442,-0.2065294098109006,-0.2013311605900526,-0.2067425771729912,-0.2013003901464973,0.001388297690177,4.860149189361204e-05,41148.00014579739,30,,True,
cv,csc_cox,competing,15.0,mean_pred,0.0641708652178446,0.0633688108995556,0.0649573784321546,0.0633722473710735,0.0649694830646157,0.0004074193358274,0.0446980540924057,10666.478171701963,30,,True,
cv,csc_cox,competing,15.0,obs_cif,0.0641817897558212,0.0609723340719938,0.0676741149276494,0.0608109494810235,0.0675526300306188,0.0017197974801951,4.860149189361204e-05,41148.00014579739,30,,True,
cv,csc_cox,competing,15.0,eo,0.9998298386732736,0.9495184391736984,1.0527731031179426,0.9485413713088844,1.051118306037663,0.0261672869880687,0.0026686320706396,40645.54223330984,30,,True,
cv,csc_cox,competing,15.0,calib_intercept,0.0172537008921305,-0.0477614821866154,0.082919612340629,-0.0473104676999672,0.0818178694842283,0.0329404931329003,0.0054631880772926,39300.65279055633,30,,True,
cv,csc_cox,competing,15.0,calib_slope,0.9573502957820892,0.8949325278401374,1.0303193002939224,0.8913303348743705,1.0233702566898075,0.0336824576655098,0.0239404490666486,22465.216339807423,30,,True,
cv,csc_cox,competing,15.0,ici,0.008207106248786,0.0037485153938177,0.0141638017725199,0.0026778207636492,0.0137363917339228,0.0028207939920304,0.0448640918947425,10608.556230782402,30,,True,
cv,csc_cox,competing,15.0,e50,0.0085510970093309,0.0034021715051494,0.0137168403947725,0.0030906418902771,0.0140115521283848,0.0027857065576425,0.042220058612363,11582.883282769186,30,,True,
cv,csc_cox,competing,15.0,e90,0.0127509213673571,0.0058878705021925,0.0254696582444012,0.0023324520071409,0.0231693907275733,0.0053152632988558,0.0315038450629371,16932.57704662912,30,,True,
cv,csc_cox,competing,15.0,obs_concordant,0.0641817897558212,0.0609723340719938,0.0676741149276494,0.0608109494810235,0.0675526300306188,0.0017197974801951,4.860149189361204e-05,41148.00014579739,30,,True,
cv,csc_cox,competing,15.0,eo_concordant,0.9998298386732736,0.9495184391736984,1.0527731031179426,0.9485413713088844,1.051118306037663,0.0261672869880687,0.0026686320706396,40645.54223330984,30,,True,
cv,csc_cox,competing,15.0,calib_intercept_concordant,0.0172537008921305,-0.0477614821866154,0.082919612340629,-0.0473104676999672,0.0818178694842283,0.0329404931329003,0.0054631880772926,39300.65279055633,30,,True,
cv,csc_cox,competing,15.0,calib_slope_concordant,0.9573502957820892,0.8949325278401374,1.0303193002939224,0.8913303348743705,1.0233702566898075,0.0336824576655098,0.0239404490666486,22465.216339807423,30,,True,
cv,csc_cox,competing,15.0,ici_concordant,0.008207106248786,0.0037485153938177,0.0141638017725199,0.0026778207636492,0.0137363917339228,0.0028207939920304,0.0448640918947425,10608.556230782402,30,,True,
cv,csc_cox,competing,15.0,e50_concordant,0.0085510970093309,0.0034021715051494,0.0137168403947725,0.0030906418902771,0.0140115521283848,0.0027857065576425,0.042220058612363,11582.883282769186,30,,True,
cv,csc_cox,competing,15.0,e90_concordant,0.0127509213673571,0.0058878705021925,0.0254696582444012,0.0023324520071409,0.0231693907275733,0.0053152632988558,0.0315038450629371,16932.57704662912,30,,True,
cv,csc_cox,competing,15.0,auc,0.7810544927914937,0.7696314096450806,0.7920905485749244,0.7700341371316249,0.7920748484513626,0.0056225393184963,0.0108321006999391,35000.92691081037,30,,True,
cv,csc_cox,competing,15.0,cindex,0.8219862182935079,0.8108799070119858,0.8335123956203461,0.8108181708010056,0.8331542657860103,0.0056978375788709,0.0183910012472419,27527.64718265412,30,,True,
cv,csc_cox,competing,15.0,auc_marginal_ipcw,0.8263481398423512,0.8150794848799705,0.8369133487343788,0.8153916157127208,0.8373046639719817,0.0055899946606076,0.0051686445397473,39477.67625657833,30,,True,
cv,csc_cox,competing,15.0,cindex_marginal_ipcw,0.8167416473229726,0.806105425953865,0.8264625877141952,0.8065049388864104,0.8269783557595348,0.0052227461975067,0.0051979085888108,39460.43313248107,30,,True,
cv,csc_cox,competing,15.0,at_risk_fraction,0.3379504680633545,0.3334062397480011,0.3425196222960948,0.3333655061929572,0.3425354299337518,0.0023392404352275,4.860149189361204e-05,41148.00014579739,30,,True,
cv,csc_cox,competing,15.0,nb_at_0.01,0.0564423664162556,0.0531112179160118,0.059884178917855,0.0530500405011032,0.059834692331408,0.0017307590975871,0.0018396849245817,40888.59422017978,30,,True,
cv,csc_cox,competing,15.0,nb_at_0.02,0.0506334631393353,0.0472691942937672,0.0540329215116798,0.0472654543178647,0.0540014719608058,0.0017183525323072,0.001916716398157,40869.22047876851,30,,True,
cv,csc_cox,competing,15.0,nb_at_0.03,0.0458114878584941,0.042570449784398,0.0491215304471552,0.042463152751703,0.0491598229652851,0.001708314511858,0.0031999266534929,40450.48014970496,30,,True,
cv,csc_cox,competing,15.0,nb_at_0.05,0.038567737241586,0.0355028258636593,0.0419158704578876,0.0353134547632711,0.0418220197199009,0.0016603290457229,0.0031695157063069,40462.45420637048,30,,True,
cv,csc_cox,competing,15.0,nb_at_0.075,0.0307412469759583,0.0276521838735789,0.0339806431904435,0.0275842116752322,0.0338982822766844,0.0016107000309381,0.0143879348131344,31514.685561664475,30,,True,
cv,csc_cox,competing,15.0,nb_at_0.2,0.0063398559577763,0.0043164644972421,0.0084593210369348,0.0042573291797733,0.0084223827357792,0.0010623910726945,0.049849998379907,9049.432911609632,30,,True,
cv,csc_cox,competing,15.0,frac_above_0.01,0.7418512841065724,0.7369847059249878,0.7466323375701904,0.7369690188047594,0.7467335494083854,0.0024854690754082,0.2322589947953694,545.3491260018334,30,,True,
cv,csc_cox,competing,15.0,frac_above_0.02,0.5891969660917918,0.5840603113174438,0.5939669609069824,0.5841085102548509,0.5942854219287328,0.0025952541564139,0.0897228385174403,3327.0221162140906,30,,True,
cv,csc_cox,competing,15.0,frac_above_0.03,0.503646731376648,0.4984731078147888,0.5088252425193787,0.4983758195040296,0.5089176432492662,0.0026888149673111,0.059323482385733,6849.767708133882,30,,True,
cv,csc_cox,competing,15.0,frac_above_0.05,0.3915298382441203,0.3863411605358123,0.3968232810497283,0.3862618264245701,0.3967978500636705,0.0026860183093204,0.1242769758102012,1815.183314752293,30,,True,
cv,csc_cox,competing,15.0,frac_above_0.075,0.3002359867095947,0.2955942749977112,0.3050069749355316,0.295497712364199,0.3049742610549904,0.0024166602413444,0.0892512769450337,3359.0891158737263,30,,True,
cv,csc_cox,competing,15.0,frac_above_0.2,0.0760742954909801,0.0735664591193199,0.0787344202399253,0.0734406590313597,0.0787079319506005,0.0013428746514481,0.120263176488709,1931.301295027475,30,,True,
cv,csc_cox,competing,15.0,nb_all_at_0.01,0.0547290779650211,0.0514872060157358,0.0582566836848854,0.0513241889865877,0.0581339669434544,0.0017371690759822,4.860149189361204e-05,41148.00014579739,30,,True,
cv,csc_cox,competing,15.0,nb_all_at_0.02,0.0450834557414054,0.0418085042387247,0.0486470574513077,0.0416438231053604,0.0485230883774505,0.00175489523621,4.860149189361204e-05,41148.00014579739,30,,True,
cv,csc_cox,competing,15.0,nb_all_at_0.03,0.0352389551699161,0.0319302387535572,0.0388392942957579,0.0317638621610188,0.0387140481788135,0.0017729870634419,4.860149189361204e-05,41148.00014579739,30,,True,
cv,csc_cox,competing,15.0,nb_all_at_0.05,0.0149281956255435,0.011549823754467,0.0186043341178446,0.0113799429556544,0.0184764482954327,0.0018103130090129,4.860149189361204e-05,41148.00014579739,30,,True,
cv,csc_cox,competing,15.0,nb_all_at_0.075,-0.0116953663527965,-0.0151650458574295,-0.0079198737861588,-0.0153395176916668,-0.0080512150139262,0.001859240361193,4.860149189361204e-05,41148.00014579739,30,,True,
cv,csc_cox,competing,15.0,nb_all_at_0.2,-0.1697727739810943,-0.1737845905125141,-0.165407358109951,-0.1739863238257591,-0.1655592241364295,0.0021497465957405,4.860149189361204e-05,41148.00014579739,30,,True,
cv,fine_gray,competing,5.0,mean_pred,0.0159554260472456,0.0157337782904505,0.0161734842229634,0.015735430015733,0.0161754220787582,0.0001122416083283,0.0020666371542761,40829.61179040918,30,,True,
cv,fine_gray,competing,5.0,obs_cif,0.015860853716731,0.0146436920156702,0.017109671421349,0.0146278047107564,0.0170939027227056,0.0006290996904501,4.860149189361204e-05,41148.00014579739,30,,True,
cv,fine_gray,competing,5.0,eo,1.00596262216568,0.9332091063261032,1.0900734096765516,0.9289326349380638,1.082992609393296,0.0393005799311762,0.0001140230932628,41145.05849551862,30,,True,
cv,fine_gray,competing,5.0,calib_intercept,0.0407895154009262,-0.0578352752141654,0.135056073963642,-0.0586700440010671,0.1402490748029197,0.0507439715568056,0.0078763976380242,37587.53330526203,30,,True,
cv,fine_gray,competing,5.0,calib_slope,0.9817483385403952,0.8873284727334976,1.1067150086164474,0.8717222306145319,1.0917744464662584,0.0561313010589361,0.0403254493676509,12354.20709536674,30,,True,
cv,fine_gray,competing,5.0,ici,0.0018886396156934,0.0008539007118088,0.0042019695974886,0.000144690847942,0.0036325883834448,0.000889715317185,0.0344387733048653,15208.71560354662,30,,True,
cv,fine_gray,competing,5.0,e50,0.0019142231515919,0.0006793801541789,0.0039111280813813,0.0001753425027095,0.0036531038004742,0.0008870978727475,0.0452277569412955,10483.147219780773,30,,True,
cv,fine_gray,competing,5.0,e90,0.0033413586827615,0.0012128298083553,0.0085418795933946,-0.0004590827257432,0.0071418000912664,0.0019389608860039,0.0148001250227997,31100.5881093206,30,,True,
cv,fine_gray,competing,5.0,obs_concordant,0.015860853716731,0.0146436920156702,0.017109671421349,0.0146278047107564,0.0170939027227056,0.0006290996904501,4.860149189361204e-05,41148.00014579739,30,,True,
cv,fine_gray,competing,5.0,eo_concordant,1.00596262216568,0.9332091063261032,1.0900734096765516,0.9289326349380638,1.082992609393296,0.0393005799311762,0.0001140230932628,41145.05849551862,30,,True,
cv,fine_gray,competing,5.0,calib_intercept_concordant,0.0407895154009262,-0.0578352752141654,0.135056073963642,-0.0586700440010671,0.1402490748029197,0.0507439715568056,0.0078763976380242,37587.53330526203,30,,True,
cv,fine_gray,competing,5.0,calib_slope_concordant,0.9817483385403952,0.8873284727334976,1.1067150086164474,0.8717222306145319,1.0917744464662584,0.0561313010589361,0.0403254493676509,12354.20709536674,30,,True,
cv,fine_gray,competing,5.0,ici_concordant,0.0018886396156934,0.0008539007118088,0.0042019695974886,0.000144690847942,0.0036325883834448,0.000889715317185,0.0344387733048653,15208.71560354662,30,,True,
cv,fine_gray,competing,5.0,e50_concordant,0.0019142231515919,0.0006793801541789,0.0039111280813813,0.0001753425027095,0.0036531038004742,0.0008870978727475,0.0452277569412955,10483.147219780773,30,,True,
cv,fine_gray,competing,5.0,e90_concordant,0.0033413586827615,0.0012128298083553,0.0085418795933946,-0.0004590827257432,0.0071418000912664,0.0019389608860039,0.0148001250227997,31100.5881093206,30,,True,
cv,fine_gray,competing,5.0,auc,0.8346079925696055,0.8207994490861893,0.8504038423299789,0.8201437903619775,0.8490721947772335,0.0073795300885113,0.0161725352349014,29722.599951612803,30,,True,
cv,fine_gray,competing,5.0,cindex,0.833411169052124,0.8187068372964859,0.8489741012454033,0.8187526930917283,0.8480696450125197,0.0074786694459656,0.0138318844132792,32072.09371538156,30,,True,
cv,fine_gray,competing,5.0,auc_marginal_ipcw,0.8342980126539866,0.8203374803066253,0.8500635862350464,0.8197836421235096,0.8488123831844636,0.0074051524814672,0.0132713693899179,32631.417055073754,30,,True,
cv,fine_gray,competing,5.0,cindex_marginal_ipcw,0.8314225554466248,0.8175441682338714,0.8471045002341271,0.8169816757313016,0.845863435161948,0.0073676540362556,0.0137239268776309,32180.061717058343,30,,True,
cv,fine_gray,competing,5.0,at_risk_fraction,0.7978907227516174,0.7939290881156922,0.801730215549469,0.7940450630526071,0.8017363824506277,0.001962049614007,4.860149189361204e-05,41148.00014579739,30,,True,
cv,fine_gray,competing,5.0,nb_at_0.01,0.0101400159609814,0.0089497952489182,0.0113326727412641,0.0089364026111237,0.0113436293108391,0.0006140814381546,0.0026875772883224,40639.10670180126,30,,True,
cv,fine_gray,competing,5.0,nb_at_0.02,0.0071048913523554,0.006030756374821,0.0082394396420568,0.0059975282736008,0.00821225443111,0.000564971460313,0.011829327099843,34048.97693600051,30,,True,
cv,fine_gray,competing,5.0,nb_at_0.03,0.005146402772516,0.0041838910430669,0.0061788136372342,0.0041315008957625,0.0061613046492694,0.0005177950769498,0.016769292910737,29126.57659809685,30,,True,
cv,fine_gray,competing,5.0,nb_at_0.05,0.0027624537469819,0.0019823318114504,0.0035708273004274,0.0019604755218282,0.0035644319721356,0.0004090837023731,0.0702880092330632,5138.553647611337,30,,True,
cv,fine_gray,competing,5.0,nb_at_0.075,0.001029832449664,0.000482638158428,0.001631978910882,0.0004472244035504,0.0016124404957776,0.0002971801594433,0.0727288638475269,4841.947685572225,30,,True,
cv,fine_gray,competing,5.0,nb_at_0.2,-2.643920756023969e-05,-0.0001235287927556,9.057016031874798e-05,-0.0001341210030522,8.124258793176795e-05,5.488446088436892e-05,0.1556154270816827,1182.3760074316156,30,,True,
cv,fine_gray,competing,5.0,frac_above_0.01,0.4217837284008662,0.4166686832904815,0.4269641041755676,0.416622041423393,0.4269454153783393,0.002633078373803,0.0607293132665756,6588.829613327441,30,,True,
cv,fine_gray,competing,5.0,frac_above_0.02,0.2579737484455108,0.2536512017250061,0.2623184621334076,0.2535961910105482,0.2623513058804735,0.0022331692518325,0.052041013621407,8462.185490307646,30,,True,
cv,fine_gray,competing,5.0,frac_above_0.03,0.1661158502101898,0.1621588766574859,0.1698541194200515,0.1622769475968241,0.1699547528235555,0.0019582326169283,0.0672184501389235,5549.922146689602,30,,True,
cv,fine_gray,competing,5.0,frac_above_0.05,0.0723373807966709,0.0698808431625366,0.0748381987214088,0.069843131490091,0.0748316301032507,0.0012724592452324,0.0438267315299424,10977.420202748164,30,,True,
cv,fine_gray,competing,5.0,frac_above_0.075,0.0272954079012076,0.0257020890712738,0.0288935862481594,0.0256972762485522,0.0288935395538629,0.0008148396169507,0.1248754242708959,1798.7625954649443,30,,True,
cv,fine_gray,competing,5.0,frac_above_0.2,0.0005583771407448,0.0003402104484848,0.0008019246160984,0.0003262067066742,0.0007905475748155,0.0001183210123579,0.1648537098241768,1058.3557821284323,30,,True,
cv,fine_gray,competing,5.0,nb_all_at_0.01,0.0059200543910264,0.0046905977185815,0.0071814869646914,0.0046745503315151,0.0071655584505378,0.0006354542394474,4.860149189361204e-05,41148.00014579739,30,,True,
cv,fine_gray,competing,5.0,nb_all_at_0.02,-0.0042236186563968,-0.00546562083764,-0.0029493141395505,-0.0054818319070352,-0.0029654054057584,0.0006419384490491,4.860149189361204e-05,41148.00014579739,30,,True,
cv,fine_gray,competing,5.0,nb_all_at_0.03,-0.0145764397457242,-0.0158312449697405,-0.0132889978354796,-0.0158476242494008,-0.0133052552420475,0.0006485563622315,4.860149189361204e-05,41148.00014579739,30,,True,
cv,fine_gray,competing,5.0,nb_all_at_0.05,-0.0359359420835971,-0.0372171682305634,-0.0346213974058628,-0.0372338883838875,-0.0346379957833067,0.0006622101893576,4.860149189361204e-05,41148.00014579739,30,,True,
cv,fine_gray,competing,5.0,nb_all_at_0.075,-0.063934214413166,-0.0652500601485371,-0.062584138661623,-0.0652672404432622,-0.0626011883830699,0.0006801078130975,4.860149189361204e-05,41148.00014579739,30,,True,
cv,fine_gray,competing,5.0,nb_all_at_0.2,-0.2301739305257797,-0.2316953845322132,-0.2286129038780927,-0.2317152418164544,-0.228632619235105,0.0007863746300046,4.860149189361204e-05,41148.00014579739,30,,True,
cv,fine_gray,competing,10.0,mean_pred,0.0368858757118384,0.0363875842653214,0.0373751673847436,0.0363932442082728,0.0373785072154039,0.0002513386179791,0.0104510362028676,35356.33354947168,30,,True,
cv,fine_gray,competing,10.0,obs_cif,0.0367828086018562,0.0347764777950942,0.0389350767247378,0.0346059341122686,0.0389596830914438,0.0011106379883628,4.860149189361204e-05,41148.00014579739,30,,True,
cv,fine_gray,competing,10.0,eo,1.0028019905090333,0.9472811236977576,1.058637061715126,0.945064849742058,1.0605391312760086,0.0294573988023892,0.0006079302121392,41106.75299869878,30,,True,
cv,fine_gray,competing,10.0,calib_intercept,0.0067583779105916,-0.0670892473310232,0.0772489797323942,-0.0674770386859566,0.08099379450714,0.0378747718375458,0.0034914228617362,40330.80477873608,30,,True,
cv,fine_gray,competing,10.0,calib_slope,0.9088050146897634,0.8496918514370918,0.9772977501153944,0.8442703243207299,0.9733397050587967,0.0329243606953269,0.0285249663631035,18916.636211241843,30,,True,
cv,fine_gray,competing,10.0,ici,0.0062677476865549,0.0036132108711171,0.0094948719721287,0.0033317093640435,0.0092037860090664,0.0014978276043788,0.0462269213621765,10148.619844599909,30,,True,
cv,fine_gray,competing,10.0,e50,0.006102164213856,0.0033589893602766,0.0087998687056824,0.0033243353460301,0.0088799930816819,0.0014171283414169,0.0440308178284762,10903.523277052394,30,,True,
cv,fine_gray,competing,10.0,e90,0.0106192225279907,0.005415854929015,0.0180631036870181,0.0042945212673328,0.0169439237886486,0.0032267207287849,0.0310663546678203,17208.695182730953,30,,True,
cv,fine_gray,competing,10.0,obs_concordant,0.0367828086018562,0.0347764777950942,0.0389350767247378,0.0346059341122686,0.0389596830914438,0.0011106379883628,4.860149189361204e-05,41148.00014579739,30,,True,
cv,fine_gray,competing,10.0,eo_concordant,1.0028019905090333,0.9472811236977576,1.058637061715126,0.945064849742058,1.0605391312760086,0.0294573988023892,0.0006079302121392,41106.75299869878,30,,True,
cv,fine_gray,competing,10.0,calib_intercept_concordant,0.0067583779105916,-0.0670892473310232,0.0772489797323942,-0.0674770386859566,0.08099379450714,0.0378747718375458,0.0034914228617362,40330.80477873608,30,,True,
cv,fine_gray,competing,10.0,calib_slope_concordant,0.9088050146897634,0.8496918514370918,0.9772977501153944,0.8442703243207299,0.9733397050587967,0.0329243606953269,0.0285249663631035,18916.636211241843,30,,True,
cv,fine_gray,competing,10.0,ici_concordant,0.0062677476865549,0.0036132108711171,0.0094948719721287,0.0033317093640435,0.0092037860090664,0.0014978276043788,0.0462269213621765,10148.619844599909,30,,True,
cv,fine_gray,competing,10.0,e50_concordant,0.006102164213856,0.0033589893602766,0.0087998687056824,0.0033243353460301,0.0088799930816819,0.0014171283414169,0.0440308178284762,10903.523277052394,30,,True,
cv,fine_gray,competing,10.0,e90_concordant,0.0106192225279907,0.005415854929015,0.0180631036870181,0.0042945212673328,0.0169439237886486,0.0032267207287849,0.0310663546678203,17208.695182730953,30,,True,
cv,fine_gray,competing,10.0,auc,0.8210794846216838,0.8100606009364129,0.8326736390590668,0.8099367686965553,0.8322222005468123,0.0056849584594671,0.0123501570199197,33541.51899871991,30,,True,
cv,fine_gray,competing,10.0,cindex,0.829346509774526,0.817253828048706,0.8422122746706009,0.8170315353122227,0.8416614842368292,0.0062830428526752,0.0117477925281368,34127.84741729973,30,,True,
cv,fine_gray,competing,10.0,auc_marginal_ipcw,0.8286287268002828,0.8174940794706345,0.8398456558585167,0.8173907031291557,0.8398667504714098,0.0057335998296924,0.0093845600065334,36320.38597172208,30,,True,
cv,fine_gray,competing,10.0,cindex_marginal_ipcw,0.8248014867305755,0.8141915380954743,0.8358414396643639,0.8138756864658796,0.8357272869952714,0.0055742962835443,0.0110746052829387,34772.16577983885,30,,True,
cv,fine_gray,competing,10.0,at_risk_fraction,0.5525503754615784,0.54790707975626,0.5570222854614257,0.5478463406041338,0.5572544103190229,0.0023999912885427,4.860149189361204e-05,41148.00014579739,30,,True,
cv,fine_gray,competing,10.0,nb_at_0.01,0.0296097373589873,0.0275954926386475,0.0317071489058434,0.0274394743467037,0.0317800003712709,0.0011072646551529,0.0016334848800173,40937.17021961328,30,,True,
cv,fine_gray,competing,10.0,nb_at_0.02,0.0249757544447978,0.0230644874740392,0.0271287009119987,0.022849890823294,0.0271016180663016,0.0010846114436159,0.0041166932023663,40044.7765850258,30,,True,
cv,fine_gray,competing,10.0,nb_at_0.03,0.0215190242355068,0.0195859864354133,0.0236289496999233,0.0194420797303758,0.0235959687406378,0.0010596523240433,0.0056104713865303,39209.28385029396,30,,True,
cv,fine_gray,competing,10.0,nb_at_0.05,0.0155407787921528,0.0136880106525495,0.0174270114395767,0.0136238673374813,0.0174576902468242,0.0009779986073749,0.0124656658198144,33428.19844285139,30,,True,
cv,fine_gray,competing,10.0,nb_at_0.075,0.0102236578861872,0.0085630051093176,0.0119257422164082,0.0085175178002755,0.0119297979720988,0.0008704491365806,0.02370832201039,22661.02076782575,30,,True,
cv,fine_gray,competing,10.0,nb_at_0.2,0.0001168740096583,-0.0006087492292863,0.0008522049974999,-0.0006074795427852,0.0008412275621019,0.0003694359926637,0.0913528371857541,3219.562860855007,30,,True,
cv,fine_gray,competing,10.0,frac_above_0.01,0.6251950164635977,0.6201955676078796,0.6298267245292664,0.6202996551116239,0.6300903778155714,0.0024972015921118,0.062208535679814,6329.147191229857,30,,True,
cv,fine_gray,competing,10.0,frac_above_0.02,0.4622887521982193,0.4571535348892211,0.4675706624984741,0.4570367061467311,0.4675407982497075,0.0026791829923871,0.0599332083084322,6734.841676134879,30,,True,
cv,fine_gray,competing,10.0,frac_above_0.03,0.3651829729477564,0.3601937592029571,0.3702947795391083,0.3601080612159469,0.3702578846795659,0.0025886456527142,0.072429570080499,4876.972824395608,30,,True,
cv,fine_gray,competing,10.0,frac_above_0.05,0.2442014361421267,0.2398240566253662,0.2484994232654571,0.2398515161502793,0.2485513561339741,0.0022188206916788,0.0736405550751727,4737.459966307887,30,,True,
cv,fine_gray,competing,10.0,frac_above_0.075,0.151845371723175,0.1480401456356048,0.155532881617546,0.1480697166916626,0.1556210267546874,0.0019252525768055,0.1165173763950351,2049.895795587675,30,,True,
cv,fine_gray,competing,10.0,frac_above_0.2,0.0164030037199457,0.0151474652811884,0.017618041485548,0.0151679354208934,0.017638072018998,0.0006298356941292,0.1061977445745265,2438.5249612807656,30,,True,
cv,fine_gray,competing,10.0,nb_all_at_0.01,0.0270533431321382,0.0250267443247139,0.0292273514904081,0.0248544799664539,0.0292522062978225,0.001121856576804,4.860149189361204e-05,41148.00014579739,30,,True,
cv,fine_gray,competing,10.0,nb_all_at_0.02,0.0171253159642219,0.0150780365336686,0.0193215080536901,0.0149040154028156,0.0193466165256283,0.0011333041013021,4.860149189361204e-05,41148.00014579739,30,,True,
cv,fine_gray,competing,10.0,nb_all_at_0.03,0.0069925878196954,0.0049242021050304,0.0092114201048388,0.0047483873560023,0.0092367882833886,0.0011449875959322,4.860149189361204e-05,41148.00014579739,30,,True,
cv,fine_gray,competing,10.0,nb_all_at_0.05,-0.0139128314331173,-0.0160247615538537,-0.011647286824882,-0.0162042782172722,-0.0116213846489624,0.0011690925953551,4.860149189361204e-05,41148.00014579739,30,,True,
cv,fine_gray,competing,10.0,nb_all_at_0.075,-0.0413158796727657,-0.0434848912991583,-0.038989104423672,-0.0436692573605995,-0.0389625019849318,0.0012006896463603,4.860149189361204e-05,41148.00014579739,30,,True,
cv,fine_gray,competing,10.0,nb_all_at_0.2,-0.2040214836597442,-0.2065294098109006,-0.2013311605900526,-0.2067425771729912,-0.2013003901464973,0.001388297690177,4.860149189361204e-05,41148.00014579739,30,,True,
cv,fine_gray,competing,15.0,mean_pred,0.0641447581350803,0.0633066546171903,0.0649683650583028,0.0633155662333067,0.0649739500368539,0.0004230348769477,0.0312778111148719,17074.59537283472,30,,True,
cv,fine_gray,competing,15.0,obs_cif,0.0641817897558212,0.0609723340719938,0.0676741149276494,0.0608109494810235,0.0675526300306188,0.0017197974801951,4.860149189361204e-05,41148.00014579739,30,,True,
cv,fine_gray,competing,15.0,eo,0.9994230727354686,0.9485204160213472,1.0529923111200332,0.9481327747062316,1.0507133707647056,0.0261682247125884,0.0020258617726874,40840.63284738278,30,,True,
cv,fine_gray,competing,15.0,calib_intercept,-0.0167540975535909,-0.0872342996299266,0.054106777254492,-0.0862666255877363,0.0527584304805544,0.0354651458601681,0.0047841685069613,39696.99409382465,30,,True,
cv,fine_gray,competing,15.0,calib_slope,0.8512411534786224,0.8005613997578621,0.9069636449217794,0.798524270391742,0.9039580365655028,0.0268956608727568,0.0188550535270841,27077.5907149205,30,,True,
cv,fine_gray,competing,15.0,ici,0.0147541398492952,0.0101576082641258,0.0191324052400886,0.0101852442035753,0.019323035495015,0.0023308405533478,0.045493735823187,10392.673578052005,30,,True,
cv,fine_gray,competing,15.0,e50,0.0134468773379921,0.0089426390826702,0.0168091868981719,0.0094576894411403,0.017436065234844,0.0020350802731288,0.0480216685262513,9582.823424068076,30,,True,
cv,fine_gray,competing,15.0,e90,0.0257089812308549,0.0157587858848273,0.0368383142165839,0.0148990643565034,0.0365188981052064,0.0055150211606011,0.0278352205350108,19411.618829348845,30,,True,
cv,fine_gray,competing,15.0,obs_concordant,0.0641817897558212,0.0609723340719938,0.0676741149276494,0.0608109494810235,0.0675526300306188,0.0017197974801951,4.860149189361204e-05,41148.00014579739,30,,True,
cv,fine_gray,competing,15.0,eo_concordant,0.9994230727354686,0.9485204160213472,1.0529923111200332,0.9481327747062316,1.0507133707647056,0.0261682247125884,0.0020258617726874,40840.63284738278,30,,True,
cv,fine_gray,competing,15.0,calib_intercept_concordant,-0.0167540975535909,-0.0872342996299266,0.054106777254492,-0.0862666255877363,0.0527584304805544,0.0354651458601681,0.0047841685069613,39696.99409382465,30,,True,
cv,fine_gray,competing,15.0,calib_slope_concordant,0.8512411534786224,0.8005613997578621,0.9069636449217794,0.798524270391742,0.9039580365655028,0.0268956608727568,0.0188550535270841,27077.5907149205,30,,True,
cv,fine_gray,competing,15.0,ici_concordant,0.0147541398492952,0.0101576082641258,0.0191324052400886,0.0101852442035753,0.019323035495015,0.0023308405533478,0.045493735823187,10392.673578052005,30,,True,
cv,fine_gray,competing,15.0,e50_concordant,0.0134468773379921,0.0089426390826702,0.0168091868981719,0.0094576894411403,0.017436065234844,0.0020350802731288,0.0480216685262513,9582.823424068076,30,,True,
cv,fine_gray,competing,15.0,e90_concordant,0.0257089812308549,0.0157587858848273,0.0368383142165839,0.0148990643565034,0.0365188981052064,0.0055150211606011,0.0278352205350108,19411.618829348845,30,,True,
cv,fine_gray,competing,15.0,auc,0.7801830510298411,0.7686322122812271,0.7912447050213813,0.769078562592453,0.7912875394672292,0.0056654619930262,0.0111168491731771,34732.12304683167,30,,True,
cv,fine_gray,competing,15.0,cindex,0.8214111447334289,0.8101817384362221,0.8330851048231125,0.8101651643892469,0.8326571250776109,0.0057375971179639,0.0185140880402356,27407.9006675907,30,,True,
cv,fine_gray,competing,15.0,auc_marginal_ipcw,0.8258255441983541,0.8144994378089905,0.8364004015922546,0.814859792290222,0.8367912961064862,0.0055947027157682,0.0051440290411729,39492.12079248573,30,,True,
cv,fine_gray,competing,15.0,cindex_marginal_ipcw,0.8168698628743489,0.8061655178666115,0.826657846570015,0.8066204540556211,0.8271192716930768,0.0052292261902093,0.0050776289166147,39530.8124271529,30,,True,
cv,fine_gray,competing,15.0,at_risk_fraction,0.3379504680633545,0.3334062397480011,0.3425196222960948,0.3333655061929572,0.3425354299337518,0.0023392404352275,4.860149189361204e-05,41148.00014579739,30,,True,
cv,fine_gray,competing,15.0,nb_at_0.01,0.0562782718489567,0.0529388754628598,0.0597344081848859,0.0528834115427668,0.0596731321551466,0.0017320523315898,0.001089390444126,41042.17758917415,30,,True,
cv,fine_gray,competing,15.0,nb_at_0.02,0.0506289730469385,0.0472654732875525,0.0540367739275097,0.0472522296930476,0.0540057164008295,0.0017228087693536,0.0022295640374852,40783.73097969919,30,,True,
cv,fine_gray,competing,15.0,nb_at_0.03,0.0457495978722969,0.0425158968195319,0.0490597445517778,0.0424004673431364,0.0490987284014574,0.0017087207710091,0.0021783932356787,40798.457884336414,30,,True,
cv,fine_gray,competing,15.0,nb_at_0.05,0.0385281478365262,0.0354429893195629,0.0418750217184424,0.035291487187665,0.0417648084853874,0.0016513378388996,0.004223753654546,39991.88846654355,30,,True,
cv,fine_gray,competing,15.0,nb_at_0.075,0.0302257048587004,0.0271956471260637,0.0334017661400139,0.0271396735450529,0.0333117361723479,0.0015744798223099,0.0111249600702527,34724.42841263769,30,,True,
cv,fine_gray,competing,15.0,nb_at_0.2,0.006101287746181,0.0041269467561505,0.0081304002786055,0.004090432514175,0.0081121429781871,0.0010258199045483,0.0517584010967564,8534.942474093355,30,,True,
cv,fine_gray,competing,15.0,frac_above_0.01,0.7721580922603607,0.7672717571258545,0.7768219709396362,0.767359786454104,0.7769563980666174,0.0024407369972696,0.2727248654460478,399.1552738773058,30,,True,
cv,fine_gray,competing,15.0,frac_above_0.02,0.60045658548673,0.5954816937446594,0.6050401568412781,0.595518493972506,0.605394677000954,0.0025190509567299,0.0580674087589583,7095.359771923237,30,,True,
cv,fine_gray,competing,15.0,frac_above_0.03,0.5047486364841461,0.4995504319667816,0.5099432706832886,0.4994812664061303,0.510016006562162,0.002687049189279,0.0561410136034647,7496.594398635678,30,,True,
cv,fine_gray,competing,15.0,frac_above_0.05,0.3825261433919271,0.3774392008781433,0.3876940906047821,0.377393219237726,0.3876590675461281,0.0026179870299597,0.0869507260047086,3522.1964805654447,30,,True,
cv,fine_gray,competing,15.0,frac_above_0.075,0.2852829287449518,0.2807789146900177,0.2898999989032745,0.2807129238409774,0.2898529336489263,0.0023313059980358,0.0557292736007223,7586.442254971835,30,,True,
cv,fine_gray,competing,15.0,frac_above_0.2,0.0718132945398489,0.0693138316273689,0.0743602812290191,0.069282574209162,0.0743440148705359,0.0012908510484551,0.0769574443234418,4383.554407445294,30,,True,
cv,fine_gray,competing,15.0,nb_all_at_0.01,0.0547290779650211,0.0514872060157358,0.0582566836848854,0.0513241889865877,0.0581339669434544,0.0017371690759822,4.860149189361204e-05,41148.00014579739,30,,True,
cv,fine_gray,competing,15.0,nb_all_at_0.02,0.0450834557414054,0.0418085042387247,0.0486470574513077,0.0416438231053604,0.0485230883774505,0.00175489523621,4.860149189361204e-05,41148.00014579739,30,,True,
cv,fine_gray,competing,15.0,nb_all_at_0.03,0.0352389551699161,0.0319302387535572,0.0388392942957579,0.0317638621610188,0.0387140481788135,0.0017729870634419,4.860149189361204e-05,41148.00014579739,30,,True,
cv,fine_gray,competing,15.0,nb_all_at_0.05,0.0149281956255435,0.011549823754467,0.0186043341178446,0.0113799429556544,0.0184764482954327,0.0018103130090129,4.860149189361204e-05,41148.00014579739,30,,True,
cv,fine_gray,competing,15.0,nb_all_at_0.075,-0.0116953663527965,-0.0151650458574295,-0.0079198737861588,-0.0153395176916668,-0.0080512150139262,0.001859240361193,4.860149189361204e-05,41148.00014579739,30,,True,
cv,fine_gray,competing,15.0,nb_all_at_0.2,-0.1697727739810943,-0.1737845905125141,-0.165407358109951,-0.1739863238257591,-0.1655592241364295,0.0021497465957405,4.860149189361204e-05,41148.00014579739,30,,True,
cv,rsf_cr,competing,5.0,mean_pred,0.0159753397728006,0.0157212148420512,0.0162151578813791,0.0157284773597403,0.0162222021858608,0.0001259478675026,0.0131714469339064,32730.756322814123,30,,True,
cv,rsf_cr,competing,5.0,obs_cif,0.015860853716731,0.0146436920156702,0.017109671421349,0.0146278047107564,0.0170939027227056,0.0006290996904501,4.860149189361204e-05,41148.00014579739,30,,True,
cv,rsf_cr,competing,5.0,eo,1.0072181423505149,0.9338539347052576,1.0925482124090196,0.9301771202265828,1.0842591644744464,0.039306208912083,0.0005837338219724,41109.29048073838,30,,True,
cv,rsf_cr,competing,5.0,calib_intercept,-0.0073149379856962,-0.1039185320958495,0.0845088839530944,-0.103516932492737,0.0888870565213446,0.0490814178825976,0.0180758927838165,27835.36244022916,30,,True,
cv,rsf_cr,competing,5.0,calib_slope,1.01284033258756,0.8997227564454079,1.1567731887102126,0.8842442456339517,1.1414364195411686,0.0655877775914311,0.0893242008643719,3354.1007010520007,30,,True,
cv,rsf_cr,competing,5.0,ici,0.0005716544770014,0.0005176353501155,0.0023555825988296,-0.0003777072139957,0.0015210161679986,0.0004842965840688,0.0571600630625853,7280.506718111693,30,,True,
cv,rsf_cr,competing,5.0,e50,0.0005344015361818,0.0003281583769421,0.0018268932006321,-0.0002212781865806,0.0012900812589444,0.0003854064573829,0.0935902185666919,3080.1533028563435,30,,True,
cv,rsf_cr,competing,5.0,e90,0.0009787393112977,0.0008795824629487,0.0053941755089908,-0.0014276600759308,0.0033851386985262,0.0012276735193097,0.0361278676726618,14312.288668448991,30,,True,
cv,rsf_cr,competing,5.0,obs_concordant,0.015860853716731,0.0146436920156702,0.017109671421349,0.0146278047107564,0.0170939027227056,0.0006290996904501,4.860149189361204e-05,41148.00014579739,30,,True,
cv,rsf_cr,competing,5.0,eo_concordant,1.0072181423505149,0.9338539347052576,1.0925482124090196,0.9301771202265828,1.0842591644744464,0.039306208912083,0.0005837338219724,41109.29048073838,30,,True,
cv,rsf_cr,competing,5.0,calib_intercept_concordant,-0.0073149379856962,-0.1039185320958495,0.0845088839530944,-0.103516932492737,0.0888870565213446,0.0490814178825976,0.0180758927838165,27835.36244022916,30,,True,
cv,rsf_cr,competing,5.0,calib_slope_concordant,1.01284033258756,0.8997227564454079,1.1567731887102126,0.8842442456339517,1.1414364195411686,0.0655877775914311,0.0893242008643719,3354.1007010520007,30,,True,
cv,rsf_cr,competing,5.0,ici_concordant,0.0005716544770014,0.0005176353501155,0.0023555825988296,-0.0003777072139957,0.0015210161679986,0.0004842965840688,0.0571600630625853,7280.506718111693,30,,True,
cv,rsf_cr,competing,5.0,e50_concordant,0.0005344015361818,0.0003281583769421,0.0018268932006321,-0.0002212781865806,0.0012900812589444,0.0003854064573829,0.0935902185666919,3080.1533028563435,30,,True,
cv,rsf_cr,competing,5.0,e90_concordant,0.0009787393112977,0.0008795824629487,0.0053941755089908,-0.0014276600759308,0.0033851386985262,0.0012276735193097,0.0361278676726618,14312.288668448991,30,,True,
cv,rsf_cr,competing,5.0,auc,0.8401095747947693,0.8261048555374145,0.8555646479129791,0.8252604534642092,0.8549586961253295,0.007574434213503,0.0703509508375418,5130.581481137618,30,,True,
cv,rsf_cr,competing,5.0,cindex,0.8385097801685333,0.8226390957832337,0.8546724438667297,0.822533511524004,0.8544860488130626,0.0081497925398053,0.0611500734203125,6513.455908685677,30,,True,
cv,rsf_cr,competing,5.0,auc_marginal_ipcw,0.8393356084823609,0.8252435564994812,0.8552347257733345,0.8243031224197918,0.85436809454493,0.0076680022778231,0.0695626126206041,5231.727999834386,30,,True,
cv,rsf_cr,competing,5.0,cindex_marginal_ipcw,0.8361377855141957,0.8221080616116524,0.8519478157162667,0.8211787743109186,0.8510967967174728,0.0076305227603025,0.0695700902905397,5230.755215316029,30,,True,
cv,rsf_cr,competing,5.0,at_risk_fraction,0.7978907227516174,0.7939290881156922,0.801730215549469,0.7940450630526071,0.8017363824506277,0.001962049614007,4.860149189361204e-05,41148.00014579739,30,,True,
cv,rsf_cr,competing,5.0,nb_at_0.01,0.0102495638032754,0.0090878088958561,0.0114286253927275,0.0090664015838419,0.0114327260227089,0.0006036408009014,0.0160546245328707,29840.69140630048,30,,True,
cv,rsf_cr,competing,5.0,nb_at_0.02,0.0074965333100408,0.0064163551665842,0.0086283932207152,0.0063749272043537,0.0086181394157278,0.0005722298710933,0.0219756829704781,24169.70861604228,30,,True,
cv,rsf_cr,competing,5.0,nb_at_0.03,0.0056691744830459,0.0046547665027901,0.0067418190650641,0.0046117709737464,0.0067265779923454,0.00053946351122,0.0310970305036561,17189.166763811336,30,,True,
cv,rsf_cr,competing,5.0,nb_at_0.05,0.0031214949209243,0.0022581160941626,0.0040105712134391,0.0022251053351963,0.0040178845066522,0.0004572592366814,0.0636057521085787,6096.955424772133,30,,True,
cv,rsf_cr,competing,5.0,nb_at_0.075,0.0011856862421457,0.0005288642467348,0.0018920537899248,0.0004950339547579,0.0018763385295336,0.0003520442136121,0.1499305807510646,1269.8125462834282,30,,True,
cv,rsf_cr,competing,5.0,nb_at_0.2,5.006403739571397e-06,-3.240099613321945e-05,5.26516159879975e-05,-3.762417515105525e-05,4.763698263019805e-05,2.17095415973812e-05,0.2139234016038864,639.6892201539094,30,,True,
cv,rsf_cr,competing,5.0,frac_above_0.01,0.3860997021198272,0.3796748518943786,0.3927324712276459,0.379453806865201,0.3927455973744534,0.0033620882827017,0.4629498253058262,142.79459828907883,30,,True,
cv,rsf_cr,competing,5.0,frac_above_0.02,0.2506184543172518,0.2458506524562835,0.2554413378238678,0.2457094453996238,0.2555274632348798,0.0024980136695695,0.2542942445256974,457.3100308662757,30,,True,
cv,rsf_cr,competing,5.0,frac_above_0.03,0.1769942144552866,0.1726486980915069,0.1812187582254409,0.1726000643942913,0.1813883645162819,0.0022330971959517,0.31248633311786,306.34521549203646,30,,True,
cv,rsf_cr,competing,5.0,frac_above_0.05,0.0935117003818353,0.0901719704270362,0.0968143729493021,0.0901165648605593,0.0969068359031112,0.0017227734798337,0.3693322138580978,221.368496885915,30,,True,
cv,rsf_cr,competing,5.0,frac_above_0.075,0.0426699500530958,0.0404931418597698,0.0449968799948692,0.0403921149802413,0.0449477851259502,0.001155561240294,0.3772453324531055,212.4370557945214,30,,True,
cv,rsf_cr,competing,5.0,frac_above_0.2,9.585294258916596e-05,2.4300745280925184e-05,0.0002187067148042,-7.531251366534324e-06,0.0001992371365448,5.207847693377693e-05,0.5704581842239159,95.3327751504092,30,,True,
cv,rsf_cr,competing,5.0,nb_all_at_0.01,0.0059200543910264,0.0046905977185815,0.0071814869646914,0.0046745503315151,0.0071655584505378,0.0006354542394474,4.860149189361204e-05,41148.00014579739,30,,True,
cv,rsf_cr,competing,5.0,nb_all_at_0.02,-0.0042236186563968,-0.00546562083764,-0.0029493141395505,-0.0054818319070352,-0.0029654054057584,0.0006419384490491,4.860149189361204e-05,41148.00014579739,30,,True,
cv,rsf_cr,competing,5.0,nb_all_at_0.03,-0.0145764397457242,-0.0158312449697405,-0.0132889978354796,-0.0158476242494008,-0.0133052552420475,0.0006485563622315,4.860149189361204e-05,41148.00014579739,30,,True,
cv,rsf_cr,competing,5.0,nb_all_at_0.05,-0.0359359420835971,-0.0372171682305634,-0.0346213974058628,-0.0372338883838875,-0.0346379957833067,0.0006622101893576,4.860149189361204e-05,41148.00014579739,30,,True,
cv,rsf_cr,competing,5.0,nb_all_at_0.075,-0.063934214413166,-0.0652500601485371,-0.062584138661623,-0.0652672404432622,-0.0626011883830699,0.0006801078130975,4.860149189361204e-05,41148.00014579739,30,,True,
cv,rsf_cr,competing,5.0,nb_all_at_0.2,-0.2301739305257797,-0.2316953845322132,-0.2286129038780927,-0.2317152418164544,-0.228632619235105,0.0007863746300046,4.860149189361204e-05,41148.00014579739,30,,True,
cv,rsf_cr,competing,10.0,mean_pred,0.0369476925581693,0.0364306144416332,0.0374460946768522,0.0364351934335384,0.0374601916828002,0.0002614716387777,0.0202957036083174,25707.3936413618,30,,True,
cv,rsf_cr,competing,10.0,obs_cif,0.0367828086018562,0.0347764777950942,0.0389350767247378,0.0346059341122686,0.0389596830914438,0.0011106379883628,4.860149189361204e-05,41148.00014579739,30,,True,
cv,rsf_cr,competing,10.0,eo,1.0044825832049051,0.9491242945194244,1.0601585358381271,0.9466453328456128,1.0623198335641977,0.0295084727154564,0.0012220563875902,41019.69094625072,30,,True,
cv,rsf_cr,competing,10.0,calib_intercept,-0.0107894403471921,-0.0790212286636233,0.0576780789531766,-0.080471434752153,0.0588925540577686,0.0355513942311016,0.0127204470238679,33177.366050508914,30,,True,
cv,rsf_cr,competing,10.0,calib_slope,0.984769481420517,0.9042001590132712,1.0765758335590363,0.8978292449002534,1.0717097179407806,0.044348626071593,0.0663155946379886,5679.870711917689,30,,True,
cv,rsf_cr,competing,10.0,ici,0.0007036784479472,0.0006724378443323,0.0037932251871097,-0.0009011283036116,0.002308485199506,0.0008187451942243,0.0266351162305163,20305.58962888637,30,,True,
cv,rsf_cr,competing,10.0,e50,0.0005842585397961,0.0004545360439806,0.0032446939556393,-0.0008236275870046,0.001992144666597,0.0007182776321594,0.0278509037456134,19400.212155451685,30,,True,
cv,rsf_cr,competing,10.0,e90,0.0011287654264985,0.0011149515310535,0.0087254073936492,-0.002790929697993,0.0050484605509901,0.0019998069275392,0.0133121940417009,32590.794534917462,30,,True,
cv,rsf_cr,competing,10.0,obs_concordant,0.0367828086018562,0.0347764777950942,0.0389350767247378,0.0346059341122686,0.0389596830914438,0.0011106379883628,4.860149189361204e-05,41148.00014579739,30,,True,
cv,rsf_cr,competing,10.0,eo_concordant,1.0044825832049051,0.9491242945194244,1.0601585358381271,0.9466453328456128,1.0623198335641977,0.0295084727154564,0.0012220563875902,41019.69094625072,30,,True,
cv,rsf_cr,competing,10.0,calib_intercept_concordant,-0.0107894403471921,-0.0790212286636233,0.0576780789531766,-0.080471434752153,0.0588925540577686,0.0355513942311016,0.0127204470238679,33177.366050508914,30,,True,
cv,rsf_cr,competing,10.0,calib_slope_concordant,0.984769481420517,0.9042001590132712,1.0765758335590363,0.8978292449002534,1.0717097179407806,0.044348626071593,0.0663155946379886,5679.870711917689,30,,True,
cv,rsf_cr,competing,10.0,ici_concordant,0.0007036784479472,0.0006724378443323,0.0037932251871097,-0.0009011283036116,0.002308485199506,0.0008187451942243,0.0266351162305163,20305.58962888637,30,,True,
cv,rsf_cr,competing,10.0,e50_concordant,0.0005842585397961,0.0004545360439806,0.0032446939556393,-0.0008236275870046,0.001992144666597,0.0007182776321594,0.0278509037456134,19400.212155451685,30,,True,
cv,rsf_cr,competing,10.0,e90_concordant,0.0011287654264985,0.0011149515310535,0.0087254073936492,-0.002790929697993,0.0050484605509901,0.0019998069275392,0.0133121940417009,32590.794534917462,30,,True,
cv,rsf_cr,competing,10.0,auc,0.8219927330811818,0.8111530333757401,0.833684866130352,0.8108651539072441,0.8331203122551195,0.0056768808256178,0.0405125509226654,12275.126675409248,30,,True,
cv,rsf_cr,competing,10.0,cindex,0.8308990915616353,0.818922933936119,0.8429896250367165,0.818978252613655,0.8428199305096157,0.0060815772361708,0.0402928111855295,12368.069221980291,30,,True,
cv,rsf_cr,competing,10.0,auc_marginal_ipcw,0.8286044935385386,0.817638884484768,0.8407815843820572,0.8172244381302973,0.8399845489467799,0.0058057355360215,0.0378466430054223,13466.240561553856,30,,True,
cv,rsf_cr,competing,10.0,cindex_marginal_ipcw,0.8246199925740559,0.813950152695179,0.8364972859621048,0.8135222103314202,0.8357177748166916,0.0056616883872418,0.0400472311779809,12473.017599416164,30,,True,
cv,rsf_cr,competing,10.0,at_risk_fraction,0.5525503754615784,0.54790707975626,0.5570222854614257,0.5478463406041338,0.5572544103190229,0.0023999912885427,4.860149189361204e-05,41148.00014579739,30,,True,
cv,rsf_cr,competing,10.0,nb_at_0.01,0.0297533727561434,0.0277338068000972,0.0319145886227488,0.0275965188643101,0.0319102266479767,0.0011004197180532,0.0087925554628835,36832.740678823946,30,,True,
cv,rsf_cr,competing,10.0,nb_at_0.02,0.0249945170556505,0.0230126224458217,0.0270955014508217,0.0228938666748949,0.0270951674364061,0.0010717442485204,0.0095305713593943,36191.35118175384,30,,True,
cv,rsf_cr,competing,10.0,nb_at_0.03,0.0214265634616216,0.0194614574778825,0.0235193675849586,0.0193599301782415,0.0234931967450016,0.0010543787594565,0.0177649600968341,28140.538367116656,30,,True,
cv,rsf_cr,competing,10.0,nb_at_0.05,0.0159028975603481,0.0140396650647744,0.017905507562682,0.0139489187785227,0.0178568763421735,0.0009968572709022,0.0376530676740858,13558.3381340821,30,,True,
cv,rsf_cr,competing,10.0,nb_at_0.075,0.0110225914356609,0.0093141616787761,0.0128048172686249,0.0092361372178694,0.0128090456534523,0.0009113713908063,0.0441537660989596,10859.322948072764,30,,True,
cv,rsf_cr,competing,10.0,nb_at_0.2,0.0001058411606209,-0.0006076289049815,0.0008685363805852,-0.0006435393194331,0.000855221640675,0.0003814636996734,0.2366952822963952,525.6776787296637,30,,True,
cv,rsf_cr,competing,10.0,frac_above_0.01,0.5552987774213155,0.5488161444664001,0.5613391399383545,0.5488328288552466,0.5617647259873844,0.0032731431224402,0.4447762419578918,154.32122034548937,30,,True,
cv,rsf_cr,competing,10.0,frac_above_0.02,0.435702113310496,0.4297748804092407,0.4416093528270721,0.4297248986533071,0.4416793279676849,0.0030379020261058,0.3085281944827966,314.0336939281521,30,,True,
cv,rsf_cr,competing,10.0,frac_above_0.03,0.3598357250293096,0.3539241552352905,0.365718126296997,0.3538356524037211,0.3658357976548981,0.0030454859843271,0.3589176436761334,234.02010769843932,30,,True,
cv,rsf_cr,competing,10.0,frac_above_0.05,0.2564986934264501,0.2517557144165039,0.2611601054668426,0.2517282458811403,0.2612691409717599,0.0024300823703152,0.1953998100410473,762.3596259281666,30,,True,
cv,rsf_cr,competing,10.0,frac_above_0.075,0.1742344588041305,0.1704211384057998,0.178108274936676,0.1703341310791818,0.1781347865290792,0.0019883279187686,0.1403458132555969,1440.7402903334123,30,,True,
cv,rsf_cr,competing,10.0,frac_above_0.2,0.0162631392168502,0.014823455363512,0.0176504421979188,0.0148086092474943,0.017717669186206,0.0007366925968654,0.4290843482723564,165.45436898541567,30,,True,
cv,rsf_cr,competing,10.0,nb_all_at_0.01,0.0270533431321382,0.0250267443247139,0.0292273514904081,0.0248544799664539,0.0292522062978225,0.001121856576804,4.860149189361204e-05,41148.00014579739,30,,True,
cv,rsf_cr,competing,10.0,nb_all_at_0.02,0.0171253159642219,0.0150780365336686,0.0193215080536901,0.0149040154028156,0.0193466165256283,0.0011333041013021,4.860149189361204e-05,41148.00014579739,30,,True,
cv,rsf_cr,competing,10.0,nb_all_at_0.03,0.0069925878196954,0.0049242021050304,0.0092114201048388,0.0047483873560023,0.0092367882833886,0.0011449875959322,4.860149189361204e-05,41148.00014579739,30,,True,
cv,rsf_cr,competing,10.0,nb_all_at_0.05,-0.0139128314331173,-0.0160247615538537,-0.011647286824882,-0.0162042782172722,-0.0116213846489624,0.0011690925953551,4.860149189361204e-05,41148.00014579739,30,,True,
cv,rsf_cr,competing,10.0,nb_all_at_0.075,-0.0413158796727657,-0.0434848912991583,-0.038989104423672,-0.0436692573605995,-0.0389625019849318,0.0012006896463603,4.860149189361204e-05,41148.00014579739,30,,True,
cv,rsf_cr,competing,10.0,nb_all_at_0.2,-0.2040214836597442,-0.2065294098109006,-0.2013311605900526,-0.2067425771729912,-0.2013003901464973,0.001388297690177,4.860149189361204e-05,41148.00014579739,30,,True,
cv,rsf_cr,competing,15.0,mean_pred,0.0645905919373035,0.0637477558106184,0.0654092354699969,0.0637658998244861,0.0654152840501209,0.0004207282068527,0.0400302639602585,12480.31079006172,30,,True,
cv,rsf_cr,competing,15.0,obs_cif,0.0641817897558212,0.0609723340719938,0.0676741149276494,0.0608109494810235,0.0675526300306188,0.0017197974801951,4.860149189361204e-05,41148.00014579739,30,,True,
cv,rsf_cr,competing,15.0,eo,1.0063694834709167,0.955859936773777,1.0597411185503005,0.9549020768328303,1.057836890109003,0.0262585823521676,0.0025339927539172,40690.15682824614,30,,True,
cv,rsf_cr,competing,15.0,calib_intercept,-0.0167156307958066,-0.0796222683042287,0.0460817383602261,-0.0797089462493595,0.0462776846577462,0.0321387694720467,0.015213831079051,30684.731337352463,30,,True,
cv,rsf_cr,competing,15.0,calib_slope,0.9675109763940176,0.8930929124355316,1.0548361212015152,0.8871607613714442,1.0478611914165907,0.0409754041171769,0.1062222105879875,2437.4788026217225,30,,True,
cv,rsf_cr,competing,15.0,ici,0.0016668536913736,0.0010603156115394,0.0059383049490861,-0.001000196537139,0.0043339039198862,0.0013595097779248,0.1473806543228561,1312.201862805268,30,,True,
cv,rsf_cr,competing,15.0,e50,0.0011395406152587,0.0006378825812134,0.0050995581783354,-0.0012287308324731,0.0035078120629906,0.0012073684711459,0.1359597468471554,1530.618910747118,30,,True,
cv,rsf_cr,competing,15.0,e90,0.0030154670821502,0.0019595019053667,0.0134285463718697,-0.0030449060678416,0.0090758402321422,0.0030917227310376,0.0455867081382013,10361.294611283289,30,,True,
cv,rsf_cr,competing,15.0,obs_concordant,0.0641817897558212,0.0609723340719938,0.0676741149276494,0.0608109494810235,0.0675526300306188,0.0017197974801951,4.860149189361204e-05,41148.00014579739,30,,True,
cv,rsf_cr,competing,15.0,eo_concordant,1.0063694834709167,0.955859936773777,1.0597411185503005,0.9549020768328303,1.057836890109003,0.0262585823521676,0.0025339927539172,40690.15682824614,30,,True,
cv,rsf_cr,competing,15.0,calib_intercept_concordant,-0.0167156307958066,-0.0796222683042287,0.0460817383602261,-0.0797089462493595,0.0462776846577462,0.0321387694720467,0.015213831079051,30684.731337352463,30,,True,
cv,rsf_cr,competing,15.0,calib_slope_concordant,0.9675109763940176,0.8930929124355316,1.0548361212015152,0.8871607613714442,1.0478611914165907,0.0409754041171769,0.1062222105879875,2437.4788026217225,30,,True,
cv,rsf_cr,competing,15.0,ici_concordant,0.0016668536913736,0.0010603156115394,0.0059383049490861,-0.001000196537139,0.0043339039198862,0.0013595097779248,0.1473806543228561,1312.201862805268,30,,True,
cv,rsf_cr,competing,15.0,e50_concordant,0.0011395406152587,0.0006378825812134,0.0050995581783354,-0.0012287308324731,0.0035078120629906,0.0012073684711459,0.1359597468471554,1530.618910747118,30,,True,
cv,rsf_cr,competing,15.0,e90_concordant,0.0030154670821502,0.0019595019053667,0.0134285463718697,-0.0030449060678416,0.0090758402321422,0.0030917227310376,0.0455867081382013,10361.294611283289,30,,True,
cv,rsf_cr,competing,15.0,auc,0.7790453135967255,0.7683524131774903,0.7900261357426643,0.7681230563211254,0.7899675708723255,0.0055721099507329,0.0417264367943477,11777.666116644878,30,,True,
cv,rsf_cr,competing,15.0,cindex,0.821587880452474,0.810821770131588,0.8324677079916001,0.810875125725139,0.832300635179809,0.0054651371310357,0.0463513060526598,10107.979903731895,30,,True,
cv,rsf_cr,competing,15.0,auc_marginal_ipcw,0.8234091798464457,0.8122552871704102,0.834093676507473,0.8123211539001095,0.8344972057927819,0.0056567310577921,0.0389765685220354,12944.152396300857,30,,True,
cv,rsf_cr,competing,15.0,cindex_marginal_ipcw,0.8138395845890045,0.8030720338225364,0.8238761112093925,0.8034015685328948,0.8242776006451142,0.0053250865778181,0.0407648328616412,12169.52912271054,30,,True,
cv,rsf_cr,competing,15.0,at_risk_fraction,0.3379504680633545,0.3334062397480011,0.3425196222960948,0.3333655061929572,0.3425354299337518,0.0023392404352275,4.860149189361204e-05,41148.00014579739,30,,True,
cv,rsf_cr,competing,15.0,nb_at_0.01,0.0567199360579252,0.0533716958016157,0.0602036371827125,0.0533195255113771,0.0601203466044733,0.0017348803551271,0.0069805672893345,38274.15032611801,30,,True,
cv,rsf_cr,competing,15.0,nb_at_0.02,0.0512427731106678,0.0479265159927308,0.0547036855481565,0.0478614233199855,0.0546241229013501,0.0017251485197824,0.0120106926634077,33872.95951154619,30,,True,
cv,rsf_cr,competing,15.0,nb_at_0.03,0.0463829195747772,0.0431717377156019,0.0497870746999979,0.0430549711404476,0.0497108680091069,0.0016979036602746,0.0118619626779261,34017.36172609691,30,,True,
cv,rsf_cr,competing,15.0,nb_at_0.05,0.0384667596469322,0.0353442124091088,0.0417762679979205,0.0352184347587091,0.0417150845351554,0.0016572784025418,0.0128342213846624,33064.99320784237,30,,True,
cv,rsf_cr,competing,15.0,nb_at_0.075,0.0302371129393577,0.0272495178971439,0.0334343571215868,0.0271105810485274,0.0333636448301881,0.0015951116634575,0.0242605958779875,22197.674608708567,30,,True,
cv,rsf_cr,competing,15.0,nb_at_0.2,0.0056534846778959,0.0035162778396625,0.007772927021142,0.0035401398121092,0.0077668295436825,0.0010779031111446,0.0847672294984144,3687.923625075637,30,,True,
cv,rsf_cr,competing,15.0,frac_above_0.01,0.6768613676230113,0.668448543548584,0.6839283108711243,0.6688645749088358,0.6848581603371868,0.0040010017907579,0.7105063149452345,62.43010118260815,30,,True,
cv,rsf_cr,competing,15.0,frac_above_0.02,0.5559243897596995,0.5492292642593384,0.562367856502533,0.5491968228979052,0.5626519566214938,0.003401520168391,0.4782003186864062,134.10357453262253,30,,True,
cv,rsf_cr,competing,15.0,frac_above_0.03,0.482574204603831,0.4763108193874359,0.4885098040103912,0.4763385220249805,0.4888098871826815,0.0031652432390977,0.3570317915009944,236.42820147942672,30,,True,
cv,rsf_cr,competing,15.0,frac_above_0.05,0.3872593889633814,0.3816108107566833,0.393194168806076,0.3813682393050226,0.3931505386217402,0.0029944104934174,0.3050752060071344,320.98228627603345,30,,True,
cv,rsf_cr,competing,15.0,frac_above_0.075,0.3053815335035324,0.3002114295959472,0.3108632564544678,0.2999840065467874,0.3107790604602774,0.0027452969030164,0.2767914454438041,387.8326768175498,30,,True,
cv,rsf_cr,competing,15.0,frac_above_0.2,0.088730393598477,0.0858626365661621,0.0916624143719673,0.0858037980075266,0.0916569891894274,0.0014900993280019,0.2240041764656541,585.0319976295336,30,,True,
cv,rsf_cr,competing,15.0,nb_all_at_0.01,0.0547290779650211,0.0514872060157358,0.0582566836848854,0.0513241889865877,0.0581339669434544,0.0017371690759822,4.860149189361204e-05,41148.00014579739,30,,True,
cv,rsf_cr,competing,15.0,nb_all_at_0.02,0.0450834557414054,0.0418085042387247,0.0486470574513077,0.0416438231053604,0.0485230883774505,0.00175489523621,4.860149189361204e-05,41148.00014579739,30,,True,
cv,rsf_cr,competing,15.0,nb_all_at_0.03,0.0352389551699161,0.0319302387535572,0.0388392942957579,0.0317638621610188,0.0387140481788135,0.0017729870634419,4.860149189361204e-05,41148.00014579739,30,,True,
cv,rsf_cr,competing,15.0,nb_all_at_0.05,0.0149281956255435,0.011549823754467,0.0186043341178446,0.0113799429556544,0.0184764482954327,0.0018103130090129,4.860149189361204e-05,41148.00014579739,30,,True,
cv,rsf_cr,competing,15.0,nb_all_at_0.075,-0.0116953663527965,-0.0151650458574295,-0.0079198737861588,-0.0153395176916668,-0.0080512150139262,0.001859240361193,4.860149189361204e-05,41148.00014579739,30,,True,
cv,rsf_cr,competing,15.0,nb_all_at_0.2,-0.1697727739810943,-0.1737845905125141,-0.165407358109951,-0.1739863238257591,-0.1655592241364295,0.0021497465957405,4.860149189361204e-05,41148.00014579739,30,,True,
cv,deephit,competing,5.0,mean_pred,0.0167834926396608,0.016497126687318,0.0170678683556616,0.0164930209112592,0.0170739643680624,0.0001476652043423,0.2990021579005875,333.7814200359928,30,,True,
cv,deephit,competing,5.0,obs_cif,0.015860853716731,0.0146436920156702,0.017109671421349,0.0146278047107564,0.0170939027227056,0.0006290996904501,4.860149189361204e-05,41148.00014579739,30,,True,
cv,deephit,competing,5.0,eo,1.0581708113352457,0.9814620077610016,1.1462820470333095,0.9769230266926026,1.1394185959778889,0.0414520973028851,0.0148476784136522,31052.79077292848,30,,True,
cv,deephit,competing,5.0,calib_intercept,0.0123517168841014,-0.0806001830846071,0.1019749000668525,-0.0812733308305653,0.1059767645987682,0.0477664790138881,0.020673102661407,25355.96745016232,30,,True,
cv,deephit,competing,5.0,calib_slope,1.2011074503262835,1.052877849340439,1.3816458970308303,1.0366087821092822,1.3656061185432853,0.0839172479468297,0.0525389717200779,8336.050310386674,30,,True,
cv,deephit,competing,5.0,ici,0.0020628617804807,0.0009432115606614,0.0036023393622599,0.000726972004256,0.0033987515567055,0.0006814259265784,0.0709086608310769,5060.710866555259,30,,True,
cv,deephit,competing,5.0,e50,0.0009592609518828,0.000418705640186,0.0018527442007325,0.0002327374451394,0.0016857844586262,0.0003705853861015,0.0745131181371938,4640.47179115567,30,,True,
cv,deephit,competing,5.0,e90,0.0045402407723789,0.001854516880121,0.0080537630012258,0.0013978878147485,0.0076825937300093,0.0016029538947597,0.0634387713470981,6124.063336646159,30,,True,
cv,deephit,competing,5.0,obs_concordant,0.015860853716731,0.0146436920156702,0.017109671421349,0.0146278047107564,0.0170939027227056,0.0006290996904501,4.860149189361204e-05,41148.00014579739,30,,True,
cv,deephit,competing,5.0,eo_concordant,1.0581708113352457,0.9814620077610016,1.1462820470333095,0.9769230266926026,1.1394185959778889,0.0414520973028851,0.0148476784136522,31052.79077292848,30,,True,
cv,deephit,competing,5.0,calib_intercept_concordant,0.0123517168841014,-0.0806001830846071,0.1019749000668525,-0.0812733308305653,0.1059767645987682,0.0477664790138881,0.020673102661407,25355.96745016232,30,,True,
cv,deephit,competing,5.0,calib_slope_concordant,1.2011074503262835,1.052877849340439,1.3816458970308303,1.0366087821092822,1.3656061185432853,0.0839172479468297,0.0525389717200779,8336.050310386674,30,,True,
cv,deephit,competing,5.0,ici_concordant,0.0020628617804807,0.0009432115606614,0.0036023393622599,0.000726972004256,0.0033987515567055,0.0006814259265784,0.0709086608310769,5060.710866555259,30,,True,
cv,deephit,competing,5.0,e50_concordant,0.0009592609518828,0.000418705640186,0.0018527442007325,0.0002327374451394,0.0016857844586262,0.0003705853861015,0.0745131181371938,4640.47179115567,30,,True,
cv,deephit,competing,5.0,e90_concordant,0.0045402407723789,0.001854516880121,0.0080537630012258,0.0013978878147485,0.0076825937300093,0.0016029538947597,0.0634387713470981,6124.063336646159,30,,True,
cv,deephit,competing,5.0,auc,0.8474133114020029,0.8343118339776993,0.8623279362916946,0.8334559057007244,0.8613707171032815,0.0071208503433021,0.0254409885779011,21236.663972847586,30,,True,
cv,deephit,competing,5.0,cindex,0.8448629558086396,0.8313446328043937,0.8595471233129501,0.8310529669158183,0.8586729447014608,0.0070456333349396,0.025917973876214,20859.77587053153,30,,True,
cv,deephit,competing,5.0,auc_marginal_ipcw,0.8475462416807811,0.8344390258193016,0.8624093726277351,0.8334550710840961,0.861637412277466,0.0071891302496047,0.0230447487579594,23229.101682094828,30,,True,
cv,deephit,competing,5.0,cindex_marginal_ipcw,0.8443021575609843,0.8312648668885231,0.8590943425893783,0.830255050065858,0.8583492650561105,0.0071666428807924,0.0235393376741272,22804.51892099197,30,,True,
cv,deephit,competing,5.0,at_risk_fraction,0.7978907227516174,0.7939290881156922,0.801730215549469,0.7940450630526071,0.8017363824506277,0.001962049614007,4.860149189361204e-05,41148.00014579739,30,,True,
cv,deephit,competing,5.0,nb_at_0.01,0.0103292861953377,0.0091423047706484,0.0115204630885273,0.0091351968868057,0.0115233755038698,0.0006092212289889,0.0068129089080105,38396.40492213349,30,,True,
cv,deephit,competing,5.0,nb_at_0.02,0.0074944206668684,0.0064034221810288,0.008653210196644,0.0063518548548343,0.0086369864789026,0.0005829306984404,0.0134692950473529,32434.28788407555,30,,True,
cv,deephit,competing,5.0,nb_at_0.03,0.0056743046734482,0.0046239996328949,0.0067847903585061,0.0045882677537407,0.0067603415931556,0.0005540876933233,0.0166821977485462,29213.368584385185,30,,True,
cv,deephit,competing,5.0,nb_at_0.05,0.0036136960998798,0.0026947567879687,0.004597832460422,0.0026430088864611,0.0045843833132985,0.0004951885993414,0.0512138933752832,8677.563901132613,30,,True,
cv,deephit,competing,5.0,nb_at_0.075,0.0016306293895468,0.0009593514419975,0.0023403788858558,0.0009305010700551,0.0023307577090385,0.000357088947873,0.0881892734918174,3432.982181972049,30,,True,
cv,deephit,competing,5.0,nb_at_0.2,-4.73077036626061e-06,-2.4300745280925184e-05,2.632580799399875e-05,-3.015641511965423e-05,2.069487438713301e-05,1.288689591309578e-05,0.4069260035556729,183.38404914562045,30,,True,
cv,deephit,competing,5.0,frac_above_0.01,0.3836383054653803,0.3774634897708893,0.3902620911598205,0.3770746452317111,0.3902019656990496,0.0033212283138566,0.4566648837438953,146.62797333054283,30,,True,
cv,deephit,competing,5.0,frac_above_0.02,0.2690948516130447,0.2633957862854004,0.2747847437858581,0.2632705419249595,0.27491916130113,0.0029478310666021,0.449737423754629,151.03775596693802,30,,True,
cv,deephit,competing,5.0,frac_above_0.03,0.1978915040691693,0.1929722279310226,0.2027006298303604,0.1929476531526891,0.2028353549856495,0.002507555984935,0.3838580596254597,205.38646331634385,30,,True,
cv,deephit,competing,5.0,frac_above_0.05,0.1036024505893389,0.0998193621635437,0.1076037064194679,0.0996120555758937,0.107592845602784,0.0020180821087176,0.4714172060434588,137.86675882802518,30,,True,
cv,deephit,competing,5.0,frac_above_0.075,0.0412216253578662,0.0385652855038642,0.0438144480809569,0.0384752116786458,0.0439680390370867,0.0013839122503947,0.5630869398103708,97.75832839274408,30,,True,
cv,deephit,competing,5.0,frac_above_0.2,4.9411517041638337e-05,0.0,0.0001377042208332,-2.2227340025234127e-05,0.0001210503741085,3.608628734255568e-05,0.5710173957723748,95.15252149347208,30,,True,
cv,deephit,competing,5.0,nb_all_at_0.01,0.0059200543910264,0.0046905977185815,0.0071814869646914,0.0046745503315151,0.0071655584505378,0.0006354542394474,4.860149189361204e-05,41148.00014579739,30,,True,
cv,deephit,competing,5.0,nb_all_at_0.02,-0.0042236186563968,-0.00546562083764,-0.0029493141395505,-0.0054818319070352,-0.0029654054057584,0.0006419384490491,4.860149189361204e-05,41148.00014579739,30,,True,
cv,deephit,competing,5.0,nb_all_at_0.03,-0.0145764397457242,-0.0158312449697405,-0.0132889978354796,-0.0158476242494008,-0.0133052552420475,0.0006485563622315,4.860149189361204e-05,41148.00014579739,30,,True,
cv,deephit,competing,5.0,nb_all_at_0.05,-0.0359359420835971,-0.0372171682305634,-0.0346213974058628,-0.0372338883838875,-0.0346379957833067,0.0006622101893576,4.860149189361204e-05,41148.00014579739,30,,True,
cv,deephit,competing,5.0,nb_all_at_0.075,-0.063934214413166,-0.0652500601485371,-0.062584138661623,-0.0652672404432622,-0.0626011883830699,0.0006801078130975,4.860149189361204e-05,41148.00014579739,30,,True,
cv,deephit,competing,5.0,nb_all_at_0.2,-0.2301739305257797,-0.2316953845322132,-0.2286129038780927,-0.2317152418164544,-0.228632619235105,0.0007863746300046,4.860149189361204e-05,41148.00014579739,30,,True,
cv,deephit,competing,10.0,mean_pred,0.0383589036762714,0.0377724635414779,0.0389335542917251,0.0377684791417084,0.0389493282108344,0.0003003156163371,0.2747928177734342,393.33590258954257,30,,True,
cv,deephit,competing,10.0,obs_cif,0.0367828086018562,0.0347764777950942,0.0389350767247378,0.0346059341122686,0.0389596830914438,0.0011106379883628,4.860149189361204e-05,41148.00014579739,30,,True,
cv,deephit,competing,10.0,eo,1.0428486545880635,0.9847883269190788,1.1013204991817471,0.9825201235926998,1.1031771855834271,0.0307790426016092,0.0190551433593527,26884.755494475008,30,,True,
cv,deephit,competing,10.0,calib_intercept,0.0012374059492382,-0.0645017731934785,0.0682798910886048,-0.0669668549320588,0.0694416668305353,0.034796591957988,0.0274635681100741,19684.00597754714,30,,True,
cv,deephit,competing,10.0,calib_slope,1.153166651725769,1.0509135127067566,1.2822435587644576,1.0358241593096114,1.2705091441419267,0.0598638519320262,0.0403315509635283,12351.617841400568,30,,True,
cv,deephit,competing,10.0,ici,0.0032685874495655,0.0016686117072822,0.0055932982359081,0.001284799752401,0.0052523751467299,0.0010120401957794,0.0447325852959991,10654.397463027351,30,,True,
cv,deephit,competing,10.0,e50,0.0017762694080981,0.0008542324168956,0.0032261141052003,0.0005873398596218,0.0029651989565743,0.0006065518994569,0.0385865407961894,13121.41684022028,30,,True,
cv,deephit,competing,10.0,e90,0.007287830983599,0.0032426981779281,0.0123260306194424,0.0027062453733999,0.0118694165937981,0.0023373584447284,0.0402198566182433,12399.127140047483,30,,True,
cv,deephit,competing,10.0,obs_concordant,0.0367828086018562,0.0347764777950942,0.0389350767247378,0.0346059341122686,0.0389596830914438,0.0011106379883628,4.860149189361204e-05,41148.00014579739,30,,True,
cv,deephit,competing,10.0,eo_concordant,1.0428486545880635,0.9847883269190788,1.1013204991817471,0.9825201235926998,1.1031771855834271,0.0307790426016092,0.0190551433593527,26884.755494475008,30,,True,
cv,deephit,competing,10.0,calib_intercept_concordant,0.0012374059492382,-0.0645017731934785,0.0682798910886048,-0.0669668549320588,0.0694416668305353,0.034796591957988,0.0274635681100741,19684.00597754714,30,,True,
cv,deephit,competing,10.0,calib_slope_concordant,1.153166651725769,1.0509135127067566,1.2822435587644576,1.0358241593096114,1.2705091441419267,0.0598638519320262,0.0403315509635283,12351.617841400568,30,,True,
cv,deephit,competing,10.0,ici_concordant,0.0032685874495655,0.0016686117072822,0.0055932982359081,0.001284799752401,0.0052523751467299,0.0010120401957794,0.0447325852959991,10654.397463027351,30,,True,
cv,deephit,competing,10.0,e50_concordant,0.0017762694080981,0.0008542324168956,0.0032261141052003,0.0005873398596218,0.0029651989565743,0.0006065518994569,0.0385865407961894,13121.41684022028,30,,True,
cv,deephit,competing,10.0,e90_concordant,0.007287830983599,0.0032426981779281,0.0123260306194424,0.0027062453733999,0.0118694165937981,0.0023373584447284,0.0402198566182433,12399.127140047483,30,,True,
cv,deephit,competing,10.0,auc,0.8298362771670024,0.8195644646883011,0.8406267523765564,0.819084335438963,0.8405882188950418,0.0054855692816048,0.0151698177028209,30728.97097107415,30,,True,
cv,deephit,competing,10.0,cindex,0.8379805048306783,0.8269905149936676,0.8496156483888626,0.8267019602092555,0.8492590494521012,0.0057542361847252,0.0154897772230285,30407.444272595207,30,,True,
cv,deephit,competing,10.0,auc_marginal_ipcw,0.8374684234460195,0.8270474791526794,0.8483476310968399,0.826570375819288,0.8483664710727509,0.0055601279465257,0.0126801047483794,33217.15956776167,30,,True,
cv,deephit,competing,10.0,cindex_marginal_ipcw,0.8330209294954936,0.8229429200291634,0.843697652220726,0.8223983841604979,0.8436434748304892,0.0054195591204859,0.0141297329964243,31773.751751531363,30,,True,
cv,deephit,competing,10.0,at_risk_fraction,0.5525503754615784,0.54790707975626,0.5570222854614257,0.5478463406041338,0.5572544103190229,0.0023999912885427,4.860149189361204e-05,41148.00014579739,30,,True,
cv,deephit,competing,10.0,nb_at_0.01,0.0299826882158716,0.0279747390653938,0.0321099866181612,0.0278249413464523,0.0321404350852909,0.0011008788817603,0.0019341140972731,40864.75284253749,30,,True,
cv,deephit,competing,10.0,nb_at_0.02,0.0255371612807114,0.0235497443005442,0.0276678971946239,0.0234110781746892,0.0276632443867337,0.0010847235566001,0.0037723950640461,40207.15760867483,30,,True,
cv,deephit,competing,10.0,nb_at_0.03,0.0219331328446666,0.0200146279297769,0.024029182549566,0.0198587593226036,0.0240075063667295,0.0010583417482384,0.0027461292453537,40618.97194597991,30,,True,
cv,deephit,competing,10.0,nb_at_0.05,0.0161988637099663,0.0142923928098753,0.0181860838551074,0.0142034839174164,0.0181942435025162,0.0010180327701416,0.0124560204540092,33437.670964339726,30,,True,
cv,deephit,competing,10.0,nb_at_0.075,0.0109623561923702,0.0091643399791792,0.012810773612,0.0090912341133607,0.0128334782713797,0.0009546211815354,0.0234402730545813,22889.01538614073,30,,True,
cv,deephit,competing,10.0,nb_at_0.2,0.0004020428217093,-0.0002091570437187,0.0010653562814695,-0.000239197081248,0.0010432827246668,0.0003269490581995,0.1248825874029119,1798.56738620375,30,,True,
cv,deephit,competing,10.0,frac_above_0.01,0.5579721291859945,0.5510275363922119,0.563963794708252,0.55134066961697,0.5646035887550189,0.0033526680066752,0.4802941246245608,132.97352772696152,30,,True,
cv,deephit,competing,10.0,frac_above_0.02,0.425227415561676,0.4192445576190948,0.4311114251613617,0.4191324695330722,0.4313223615902798,0.0030951149182176,0.3416006593683121,257.6283002006766,30,,True,
cv,deephit,competing,10.0,frac_above_0.03,0.3577563921610514,0.3521094985306263,0.3636768758296966,0.3518349083276925,0.3636778759944103,0.0030063789061832,0.3495508097894917,246.36133003069892,30,,True,
cv,deephit,competing,10.0,frac_above_0.05,0.2734201143185297,0.2680939435958862,0.2786485552787781,0.268043295976055,0.2787969326610045,0.0027303879279764,0.3422793412320984,256.63624699624745,30,,True,
cv,deephit,competing,10.0,frac_above_0.075,0.196684567630291,0.1918624937534332,0.2012668848037719,0.1919387967377587,0.2014303385228232,0.0024107397704852,0.3296874539443397,276.0344282718402,30,,True,
cv,deephit,competing,10.0,frac_above_0.2,0.0120510099455714,0.0101658124476671,0.013721820898354,0.0101545806296819,0.0139474392614609,0.0009476437762251,0.733572022564102,58.706317448017074,30,,True,
cv,deephit,competing,10.0,nb_all_at_0.01,0.0270533431321382,0.0250267443247139,0.0292273514904081,0.0248544799664539,0.0292522062978225,0.001121856576804,4.860149189361204e-05,41148.00014579739,30,,True,
cv,deephit,competing,10.0,nb_all_at_0.02,0.0171253159642219,0.0150780365336686,0.0193215080536901,0.0149040154028156,0.0193466165256283,0.0011333041013021,4.860149189361204e-05,41148.00014579739,30,,True,
cv,deephit,competing,10.0,nb_all_at_0.03,0.0069925878196954,0.0049242021050304,0.0092114201048388,0.0047483873560023,0.0092367882833886,0.0011449875959322,4.860149189361204e-05,41148.00014579739,30,,True,
cv,deephit,competing,10.0,nb_all_at_0.05,-0.0139128314331173,-0.0160247615538537,-0.011647286824882,-0.0162042782172722,-0.0116213846489624,0.0011690925953551,4.860149189361204e-05,41148.00014579739,30,,True,
cv,deephit,competing,10.0,nb_all_at_0.075,-0.0413158796727657,-0.0434848912991583,-0.038989104423672,-0.0436692573605995,-0.0389625019849318,0.0012006896463603,4.860149189361204e-05,41148.00014579739,30,,True,
cv,deephit,competing,10.0,nb_all_at_0.2,-0.2040214836597442,-0.2065294098109006,-0.2013311605900526,-0.2067425771729912,-0.2013003901464973,0.001388297690177,4.860149189361204e-05,41148.00014579739,30,,True,
cv,deephit,competing,15.0,mean_pred,0.0660800643265247,0.0651459272950887,0.0670347074046731,0.0651190561809639,0.0670410724720855,0.0004881301524976,0.3327770600520461,271.07383465618284,30,,True,
cv,deephit,competing,15.0,obs_cif,0.0641817897558212,0.0609723340719938,0.0676741149276494,0.0608109494810235,0.0675526300306188,0.0017197974801951,4.860149189361204e-05,41148.00014579739,30,,True,
cv,deephit,competing,15.0,eo,1.029576579729716,0.977877214550972,1.0845203667879104,0.9762923930510028,1.082860766408429,0.0271847521106327,0.0255699100693776,21134.14490157941,30,,True,
cv,deephit,competing,15.0,calib_intercept,0.0031526534527074,-0.0594055823050439,0.0651957187801599,-0.0585658012839944,0.0648711081894093,0.0314873729353096,0.0310469647915424,17221.051989544958,30,,True,
cv,deephit,competing,15.0,calib_slope,1.1105724016825358,1.02061365544796,1.2251105934381483,1.010070882180083,1.2110739211849886,0.0512728047056052,0.0366825954056485,14032.162108525745,30,,True,
cv,deephit,competing,15.0,ici,0.0035869589541107,0.0018472542491508,0.0070872049895115,0.0009580384405451,0.0062158794676763,0.0013411512887112,0.0461037516104548,10189.07896261158,30,,True,
cv,deephit,competing,15.0,e50,0.0025641068583354,0.0010953439166769,0.004793724254705,0.0006936821544483,0.0044345315622225,0.0009542449960632,0.0325361052423211,16301.17096546478,30,,True,
cv,deephit,competing,15.0,e90,0.0077217639579127,0.0035355935746338,0.0159758533816784,0.0012874581505724,0.0141560697652529,0.0032824544717158,0.0480440012205685,9576.054201800282,30,,True,
cv,deephit,competing,15.0,obs_concordant,0.0641817897558212,0.0609723340719938,0.0676741149276494,0.0608109494810235,0.0675526300306188,0.0017197974801951,4.860149189361204e-05,41148.00014579739,30,,True,
cv,deephit,competing,15.0,eo_concordant,1.029576579729716,0.977877214550972,1.0845203667879104,0.9762923930510028,1.082860766408429,0.0271847521106327,0.0255699100693776,21134.14490157941,30,,True,
cv,deephit,competing,15.0,calib_intercept_concordant,0.0031526534527074,-0.0594055823050439,0.0651957187801599,-0.0585658012839944,0.0648711081894093,0.0314873729353096,0.0310469647915424,17221.051989544958,30,,True,
cv,deephit,competing,15.0,calib_slope_concordant,1.1105724016825358,1.02061365544796,1.2251105934381483,1.010070882180083,1.2110739211849886,0.0512728047056052,0.0366825954056485,14032.162108525745,30,,True,
cv,deephit,competing,15.0,ici_concordant,0.0035869589541107,0.0018472542491508,0.0070872049895115,0.0009580384405451,0.0062158794676763,0.0013411512887112,0.0461037516104548,10189.07896261158,30,,True,
cv,deephit,competing,15.0,e50_concordant,0.0025641068583354,0.0010953439166769,0.004793724254705,0.0006936821544483,0.0044345315622225,0.0009542449960632,0.0325361052423211,16301.17096546478,30,,True,
cv,deephit,competing,15.0,e90_concordant,0.0077217639579127,0.0035355935746338,0.0159758533816784,0.0012874581505724,0.0141560697652529,0.0032824544717158,0.0480440012205685,9576.054201800282,30,,True,
cv,deephit,competing,15.0,auc,0.7850508034229279,0.7742851257324219,0.7954980358481407,0.7744641400628186,0.7956374667830372,0.0054012501131873,0.0144704432584956,31431.836616386965,30,,True,
cv,deephit,competing,15.0,cindex,0.8322072645028432,0.8225588753819466,0.8420221105217933,0.8225592617578259,0.8418552672478605,0.004922278095565,0.0236895992923461,22676.88014064864,30,,True,
cv,deephit,competing,15.0,auc_marginal_ipcw,0.8315333584944408,0.8207019224762917,0.8420099690556526,0.8209361705252607,0.8421305464636208,0.0054066405186157,0.0109146551257066,34923.26707640928,30,,True,
cv,deephit,competing,15.0,cindex_marginal_ipcw,0.821702261765798,0.8113610744476318,0.831468690931797,0.8117557009879687,0.8316488225436273,0.005074682966034,0.0129103924189614,32989.64449191795,30,,True,
cv,deephit,competing,15.0,at_risk_fraction,0.3379504680633545,0.3334062397480011,0.3425196222960948,0.3333655061929572,0.3425354299337518,0.0023392404352275,4.860149189361204e-05,41148.00014579739,30,,True,
cv,deephit,competing,15.0,nb_at_0.01,0.0569174549231926,0.0535712961107492,0.0603639984503388,0.0535169444972125,0.0603179653491727,0.0017349342040248,0.0033186527652245,40402.8045391601,30,,True,
cv,deephit,competing,15.0,nb_at_0.02,0.0514154414335886,0.0480840387754142,0.0548758773133158,0.0480386031980482,0.054792279669129,0.0017228571136419,0.0023999472645168,40732.61236144875,30,,True,
cv,deephit,competing,15.0,nb_at_0.03,0.046632907167077,0.0433933489024639,0.0500278932042419,0.0432995850331991,0.049966229300955,0.0017006546284137,0.0037444183797675,40219.82972558601,30,,True,
cv,deephit,competing,15.0,nb_at_0.05,0.0392163533717393,0.035991467628628,0.0425450094044208,0.0359469331866588,0.0424857735568199,0.0016680506737669,0.0056199607202758,39203.33288904219,30,,True,
cv,deephit,competing,15.0,nb_at_0.075,0.0313937962055206,0.028349794074893,0.0347102113999426,0.0281873213032475,0.0346002711077937,0.0016359338100515,0.0080129254745246,37478.2372666272,30,,True,
cv,deephit,competing,15.0,nb_at_0.2,0.0063687394062678,0.0041306039900518,0.0086561784613877,0.0041100550987351,0.0086274237138004,0.0011522708843856,0.0468545943574746,9945.75353622989,30,,True,
cv,deephit,competing,15.0,frac_above_0.01,0.6955497205257416,0.6881647109985352,0.7026803493499756,0.6878409584797059,0.7032584825717773,0.0038622664054394,0.6840248113425964,67.16778227431838,30,,True,
cv,deephit,competing,15.0,frac_above_0.02,0.5503919144471486,0.5440611004829407,0.5565680861473083,0.5439644076640368,0.5568194212302605,0.0032540400576666,0.441583974440173,156.49177761310486,30,,True,
cv,deephit,competing,15.0,frac_above_0.03,0.473238397638003,0.4669955372810364,0.4792755246162414,0.4669638647842302,0.4795129304917758,0.0031841854601428,0.3656601843519425,225.70809293815427,30,,True,
cv,deephit,competing,15.0,frac_above_0.05,0.3851503521203995,0.3793265521526336,0.3910880982875824,0.3791512349796253,0.3911494692611736,0.0030460529244225,0.346439180734671,250.680383364905,30,,True,
cv,deephit,competing,15.0,frac_above_0.075,0.3181264638900757,0.3125804960727691,0.3241476416587829,0.3122704187131772,0.3239825090669742,0.0029692614323456,0.3945635008141133,194.7031498554092,30,,True,
cv,deephit,competing,15.0,frac_above_0.2,0.0953485672672589,0.0906334804370999,0.0998031646013259,0.090609514104897,0.1000876204296209,0.0023757816736701,0.6724546586954421,69.4118091932933,30,,True,
cv,deephit,competing,15.0,nb_all_at_0.01,0.0547290779650211,0.0514872060157358,0.0582566836848854,0.0513241889865877,0.0581339669434544,0.0017371690759822,4.860149189361204e-05,41148.00014579739,30,,True,
cv,deephit,competing,15.0,nb_all_at_0.02,0.0450834557414054,0.0418085042387247,0.0486470574513077,0.0416438231053604,0.0485230883774505,0.00175489523621,4.860149189361204e-05,41148.00014579739,30,,True,
cv,deephit,competing,15.0,nb_all_at_0.03,0.0352389551699161,0.0319302387535572,0.0388392942957579,0.0317638621610188,0.0387140481788135,0.0017729870634419,4.860149189361204e-05,41148.00014579739,30,,True,
cv,deephit,competing,15.0,nb_all_at_0.05,0.0149281956255435,0.011549823754467,0.0186043341178446,0.0113799429556544,0.0184764482954327,0.0018103130090129,4.860149189361204e-05,41148.00014579739,30,,True,
cv,deephit,competing,15.0,nb_all_at_0.075,-0.0116953663527965,-0.0151650458574295,-0.0079198737861588,-0.0153395176916668,-0.0080512150139262,0.001859240361193,4.860149189361204e-05,41148.00014579739,30,,True,
cv,deephit,competing,15.0,nb_all_at_0.2,-0.1697727739810943,-0.1737845905125141,-0.165407358109951,-0.1739863238257591,-0.1655592241364295,0.0021497465957405,4.860149189361204e-05,41148.00014579739,30,,True,
cv,nfg,competing,5.0,mean_pred,0.0143561572767794,0.0140863043256103,0.0146256736479699,0.0140818240470959,0.0146304905064629,0.0001394846164651,0.2917582247285813,350.08548057394086,30,,True,
cv,nfg,competing,5.0,obs_cif,0.015860853716731,0.0146436920156702,0.017109671421349,0.0146278047107564,0.0170939027227056,0.0006290996904501,4.860149189361204e-05,41148.00014579739,30,,True,
cv,nfg,competing,5.0,eo,0.9051314155260722,0.839326249063015,0.9805343970656394,0.8355895023909609,0.9746733286611836,0.0354797000282319,0.0176479416150383,28255.761093101657,30,,True,
cv,nfg,competing,5.0,calib_intercept,0.1118342270453771,0.015644573746249,0.204109214991331,0.0154333631691901,0.2082350909215641,0.0491824657496647,0.0229339779460718,23325.12268070669,30,,True,
cv,nfg,competing,5.0,calib_slope,1.0884819865226745,0.952650971710682,1.267408987879753,0.9306221987084872,1.246341774336862,0.0805317078471087,0.0489670548044874,9301.843297185533,30,,True,
cv,nfg,competing,5.0,ici,0.0016047274228185,0.0008282165057607,0.0029337297950405,0.0005243487529093,0.0026851060927276,0.0005511894620795,0.0277603586458012,19466.164924305336,30,,True,
cv,nfg,competing,5.0,e50,0.0009082079903843,0.0003358014313562,0.0014609623729484,0.0003450192597833,0.0014713967209853,0.0002873194189514,0.0391700699681039,12857.33937693592,30,,True,
cv,nfg,competing,5.0,e90,0.0028955495916306,0.0011384186771465,0.0072422816883772,-0.000348210568027,0.0061393097512884,0.001654854222074,0.0391817558536116,12852.120411422104,30,,True,
cv,nfg,competing,5.0,obs_concordant,0.015860853716731,0.0146436920156702,0.017109671421349,0.0146278047107564,0.0170939027227056,0.0006290996904501,4.860149189361204e-05,41148.00014579739,30,,True,
cv,nfg,competing,5.0,eo_concordant,0.9051314155260722,0.839326249063015,0.9805343970656394,0.8355895023909609,0.9746733286611836,0.0354797000282319,0.0176479416150383,28255.761093101657,30,,True,
cv,nfg,competing,5.0,calib_intercept_concordant,0.1118342270453771,0.015644573746249,0.204109214991331,0.0154333631691901,0.2082350909215641,0.0491824657496647,0.0229339779460718,23325.12268070669,30,,True,
cv,nfg,competing,5.0,calib_slope_concordant,1.0884819865226745,0.952650971710682,1.267408987879753,0.9306221987084872,1.246341774336862,0.0805317078471087,0.0489670548044874,9301.843297185533,30,,True,
cv,nfg,competing,5.0,ici_concordant,0.0016047274228185,0.0008282165057607,0.0029337297950405,0.0005243487529093,0.0026851060927276,0.0005511894620795,0.0277603586458012,19466.164924305336,30,,True,
cv,nfg,competing,5.0,e50_concordant,0.0009082079903843,0.0003358014313562,0.0014609623729484,0.0003450192597833,0.0014713967209853,0.0002873194189514,0.0391700699681039,12857.33937693592,30,,True,
cv,nfg,competing,5.0,e90_concordant,0.0028955495916306,0.0011384186771465,0.0072422816883772,-0.000348210568027,0.0061393097512884,0.001654854222074,0.0391817558536116,12852.120411422104,30,,True,
cv,nfg,competing,5.0,auc,0.846519547700882,0.8330479875206948,0.8617818161845208,0.8321157783811466,0.8609233170206174,0.0073483645993603,0.036613320151599,14066.770276908206,30,,True,
cv,nfg,competing,5.0,cindex,0.8436176101366679,0.8297778382897377,0.8586542755365372,0.8294230563577075,0.8578121639156283,0.0072416128932938,0.0373418763489101,13708.060831853,30,,True,
cv,nfg,competing,5.0,auc_marginal_ipcw,0.8468132893244426,0.8332681223750115,0.8621367305517197,0.8322739697562564,0.8613526088926287,0.0074175732901934,0.0341024286564869,15395.300534154909,30,,True,
cv,nfg,competing,5.0,cindex_marginal_ipcw,0.8436459004878998,0.8301102906465531,0.8588947281241417,0.8291669228481873,0.8581248781276123,0.0073867884922332,0.0341002703600695,15396.506726521093,30,,True,
cv,nfg,competing,5.0,at_risk_fraction,0.7978907227516174,0.7939290881156922,0.801730215549469,0.7940450630526071,0.8017363824506277,0.001962049614007,4.860149189361204e-05,41148.00014579739,30,,True,
cv,nfg,competing,5.0,nb_at_0.01,0.010332174009333,0.0091906992718577,0.0115071555133908,0.0091625058756102,0.0115018421430558,0.000596761405999,0.0073665641507585,37985.01256239369,30,,True,
cv,nfg,competing,5.0,nb_at_0.02,0.0076825992204248,0.0066348439780995,0.0088006201898679,0.0065850478053304,0.0087801506355193,0.0005599628783187,0.0159359708358587,29959.61448533595,30,,True,
cv,nfg,competing,5.0,nb_at_0.03,0.0059931727436681,0.005008826975245,0.0070426343940198,0.00494857073513,0.0070377747522062,0.0005329335980541,0.0302765184038632,17720.313624236984,30,,True,
cv,nfg,competing,5.0,nb_at_0.05,0.0035581038255865,0.0026995900727342,0.0044651363976299,0.002653603975843,0.00446260367533,0.0004614517864982,0.0340468820164235,15426.379773004017,30,,True,
cv,nfg,competing,5.0,nb_at_0.075,0.0016702827609454,0.0010155585739994,0.0023652949603274,0.0009856255474003,0.0023549399744905,0.0003492744476514,0.0499564377151107,9019.637229172866,30,,True,
cv,nfg,competing,5.0,nb_at_0.2,-9.450290538855672e-07,-8.100249033304863e-06,0.0,-5.520630460458408e-06,3.630572352687273e-06,2.317153668548575e-06,0.4330067325621794,162.55953753529326,30,,True,
cv,nfg,competing,5.0,frac_above_0.01,0.3226547767718633,0.316039091348648,0.3293966054916382,0.3156579609716921,0.3296515925720345,0.003522554715488,0.5833801678928063,91.29677112892476,30,,True,
cv,nfg,competing,5.0,frac_above_0.02,0.215814925233523,0.209148421883583,0.2213393002748489,0.2093948839070743,0.2222349665599717,0.0032267731310185,0.6199539561168893,81.1877305584315,30,,True,
cv,nfg,competing,5.0,frac_above_0.03,0.157852787276109,0.1528192907571792,0.1625719964504242,0.1527509545475374,0.1629546200046807,0.0025748735219028,0.5250815211247947,111.89775596767012,30,,True,
cv,nfg,competing,5.0,frac_above_0.05,0.0887509142359097,0.0852794200181961,0.0922051295638084,0.085183590053408,0.0923182384184115,0.0018068343973245,0.4282442736830762,166.08456660961303,30,,True,
cv,nfg,competing,5.0,frac_above_0.075,0.0392443547646204,0.0364754199981689,0.0419835895299911,0.0363599769565593,0.0421287325726815,0.0014501265417011,0.6139003434869614,82.73923237019268,30,,True,
cv,nfg,competing,5.0,frac_above_0.2,3.780116215542269e-06,0.0,3.240099613321945e-05,-1.4522289410749092e-05,2.208252184183364e-05,9.2686146741943e-06,0.4330067325621794,162.55953753529326,30,,True,
cv,nfg,competing,5.0,nb_all_at_0.01,0.0059200543910264,0.0046905977185815,0.0071814869646914,0.0046745503315151,0.0071655584505378,0.0006354542394474,4.860149189361204e-05,41148.00014579739,30,,True,
cv,nfg,competing,5.0,nb_all_at_0.02,-0.0042236186563968,-0.00546562083764,-0.0029493141395505,-0.0054818319070352,-0.0029654054057584,0.0006419384490491,4.860149189361204e-05,41148.00014579739,30,,True,
cv,nfg,competing,5.0,nb_all_at_0.03,-0.0145764397457242,-0.0158312449697405,-0.0132889978354796,-0.0158476242494008,-0.0133052552420475,0.0006485563622315,4.860149189361204e-05,41148.00014579739,30,,True,
cv,nfg,competing,5.0,nb_all_at_0.05,-0.0359359420835971,-0.0372171682305634,-0.0346213974058628,-0.0372338883838875,-0.0346379957833067,0.0006622101893576,4.860149189361204e-05,41148.00014579739,30,,True,
cv,nfg,competing,5.0,nb_all_at_0.075,-0.063934214413166,-0.0652500601485371,-0.062584138661623,-0.0652672404432622,-0.0626011883830699,0.0006801078130975,4.860149189361204e-05,41148.00014579739,30,,True,
cv,nfg,competing,5.0,nb_all_at_0.2,-0.2301739305257797,-0.2316953845322132,-0.2286129038780927,-0.2317152418164544,-0.228632619235105,0.0007863746300046,4.860149189361204e-05,41148.00014579739,30,,True,
cv,nfg,competing,10.0,mean_pred,0.0337045783797899,0.0331474428996443,0.034261574409902,0.03313865894772,0.0342704978118599,0.0002877827037972,0.2855010233454778,365.159445816084,30,,True,
cv,nfg,competing,10.0,obs_cif,0.0367828086018562,0.0347764777950942,0.0389350767247378,0.0346059341122686,0.0389596830914438,0.0011106379883628,4.860149189361204e-05,41148.00014579739,30,,True,
cv,nfg,competing,10.0,eo,0.9163133064905804,0.8649515748023987,0.9680848479270936,0.8632711483827453,0.9693554645984152,0.0270613887074408,0.0234976848643304,22840.01289278968,30,,True,
cv,nfg,competing,10.0,calib_intercept,0.0956760540604591,0.0277068020775914,0.164924332126975,0.0256510888279684,0.1657010192929498,0.0357258212199938,0.022997897114395,23269.673521895864,30,,True,
cv,nfg,competing,10.0,calib_slope,1.0215978264808654,0.939871433377266,1.1276872128248212,0.9257451483837812,1.1174505045779497,0.0489026708588831,0.0241476380794738,22291.73838118909,30,,True,
cv,nfg,competing,10.0,ici,0.0031532084724555,0.0014457490498898,0.0053448179038241,0.0011619524505196,0.0051444644943914,0.001015908681226,0.0249923179590738,21597.208130211293,30,,True,
cv,nfg,competing,10.0,e50,0.0011184705498938,0.0002816843261825,0.0024857264303136,-2.149180302421332e-06,0.0022390902800901,0.0005717336547996,0.013882682102076,32021.257670197752,30,,True,
cv,nfg,competing,10.0,e90,0.0093145715383191,0.0028103651595301,0.0165355378296226,0.0021911136910098,0.0164380293856285,0.0036342913227507,0.0235154957893149,22824.8295611944,30,,True,
cv,nfg,competing,10.0,obs_concordant,0.0367828086018562,0.0347764777950942,0.0389350767247378,0.0346059341122686,0.0389596830914438,0.0011106379883628,4.860149189361204e-05,41148.00014579739,30,,True,
cv,nfg,competing,10.0,eo_concordant,0.9163133064905804,0.8649515748023987,0.9680848479270936,0.8632711483827453,0.9693554645984152,0.0270613887074408,0.0234976848643304,22840.01289278968,30,,True,
cv,nfg,competing,10.0,calib_intercept_concordant,0.0956760540604591,0.0277068020775914,0.164924332126975,0.0256510888279684,0.1657010192929498,0.0357258212199938,0.022997897114395,23269.673521895864,30,,True,
cv,nfg,competing,10.0,calib_slope_concordant,1.0215978264808654,0.939871433377266,1.1276872128248212,0.9257451483837812,1.1174505045779497,0.0489026708588831,0.0241476380794738,22291.73838118909,30,,True,
cv,nfg,competing,10.0,ici_concordant,0.0031532084724555,0.0014457490498898,0.0053448179038241,0.0011619524505196,0.0051444644943914,0.001015908681226,0.0249923179590738,21597.208130211293,30,,True,
cv,nfg,competing,10.0,e50_concordant,0.0011184705498938,0.0002816843261825,0.0024857264303136,-2.149180302421332e-06,0.0022390902800901,0.0005717336547996,0.013882682102076,32021.257670197752,30,,True,
cv,nfg,competing,10.0,e90_concordant,0.0093145715383191,0.0028103651595301,0.0165355378296226,0.0021911136910098,0.0164380293856285,0.0036342913227507,0.0235154957893149,22824.8295611944,30,,True,
cv,nfg,competing,10.0,auc,0.8282904704411824,0.8177979826927185,0.839644668996334,0.8171980880625704,0.8393828528197944,0.0056591600652168,0.0254522899163477,21227.657782819148,30,,True,
cv,nfg,competing,10.0,cindex,0.8365517934163411,0.8252889811992645,0.8485939145088196,0.8249110545233513,0.8481925323093309,0.0059389198501305,0.0256978036297918,21032.920483207745,30,,True,
cv,nfg,competing,10.0,auc_marginal_ipcw,0.8357618312040965,0.825078459084034,0.8471067935228348,0.8245053723986415,0.8470182900095515,0.0057428985783596,0.0229485164016684,23312.50086502896,30,,True,
cv,nfg,competing,10.0,cindex_marginal_ipcw,0.8314789752165477,0.8211203396320343,0.8427736431360244,0.8204913792873846,0.8424665711457108,0.005605710939086,0.0244941841455691,22004.31514251705,30,,True,
cv,nfg,competing,10.0,at_risk_fraction,0.5525503754615784,0.54790707975626,0.5570222854614257,0.5478463406041338,0.5572544103190229,0.0023999912885427,4.860149189361204e-05,41148.00014579739,30,,True,
cv,nfg,competing,10.0,nb_at_0.01,0.0299106407910585,0.0279367841780185,0.0320250472053885,0.0277796878583697,0.0320415937237472,0.0010872085617817,0.0023726419018417,40741.01945161139,30,,True,
cv,nfg,competing,10.0,nb_at_0.02,0.0253722149257858,0.0234499858226627,0.0274671950377523,0.0232914518711592,0.0274529779804124,0.0010615994972898,0.0073454782832322,38001.07668776476,30,,True,
cv,nfg,competing,10.0,nb_at_0.03,0.0219846211994687,0.0200752890668809,0.0240021778270602,0.019955276795004,0.0240139656039335,0.0010353643065939,0.0094000920528684,36306.70791581177,30,,True,
cv,nfg,competing,10.0,nb_at_0.05,0.0162576806421081,0.0144219969632104,0.0181406191550195,0.0143435794230133,0.0181717818612029,0.0009765557534522,0.0193576065619001,26594.73614722725,30,,True,
cv,nfg,competing,10.0,nb_at_0.075,0.011572277949502,0.0098817637888714,0.0133261798648163,0.0098091013167831,0.0133354545822209,0.000899533644325,0.0308642056341485,17338.020481266216,30,,True,
cv,nfg,competing,10.0,nb_at_0.2,0.0004286551227172,-0.0001609631272003,0.0010989839938702,-0.0002065940508624,0.0010639042962969,0.0003238361175751,0.1414965896996733,1418.4618214115478,30,,True,
cv,nfg,competing,10.0,frac_above_0.01,0.4905418793360392,0.4817460775375366,0.4986270070075989,0.4816424538302141,0.4994413048418643,0.0044524297108407,0.7112719643289808,62.300779912335145,30,,True,
cv,nfg,competing,10.0,frac_above_0.02,0.376814928650856,0.369209349155426,0.3834819793701172,0.3693368203447431,0.384293036956969,0.0037626913493427,0.5962236630372315,87.53812752347409,30,,True,
cv,nfg,competing,10.0,frac_above_0.03,0.3107101460297902,0.3043180465698242,0.3173760414123535,0.3037857318668032,0.3176345601927773,0.0034861809570595,0.5828834685224222,91.44705034460767,30,,True,
cv,nfg,competing,10.0,frac_above_0.05,0.2259178260962168,0.2192492250353098,0.2314808070659637,0.2195038632494435,0.2323317889429901,0.0032258105633948,0.6060171032993994,84.82847242064192,30,,True,
cv,nfg,competing,10.0,frac_above_0.075,0.1591126441955566,0.1540019214153289,0.1639004349708557,0.1539701448486498,0.1642551435424634,0.0025948044242524,0.5307319948175979,109.60513515869204,30,,True,
cv,nfg,competing,10.0,frac_above_0.2,0.011365728949507,0.0095663936808705,0.0133897112682461,0.0094179420927733,0.0133135158062408,0.0009716746543121,0.7634124435165479,54.3699493257027,30,,True,
cv,nfg,competing,10.0,nb_all_at_0.01,0.0270533431321382,0.0250267443247139,0.0292273514904081,0.0248544799664539,0.0292522062978225,0.001121856576804,4.860149189361204e-05,41148.00014579739,30,,True,
cv,nfg,competing,10.0,nb_all_at_0.02,0.0171253159642219,0.0150780365336686,0.0193215080536901,0.0149040154028156,0.0193466165256283,0.0011333041013021,4.860149189361204e-05,41148.00014579739,30,,True,
cv,nfg,competing,10.0,nb_all_at_0.03,0.0069925878196954,0.0049242021050304,0.0092114201048388,0.0047483873560023,0.0092367882833886,0.0011449875959322,4.860149189361204e-05,41148.00014579739,30,,True,
cv,nfg,competing,10.0,nb_all_at_0.05,-0.0139128314331173,-0.0160247615538537,-0.011647286824882,-0.0162042782172722,-0.0116213846489624,0.0011690925953551,4.860149189361204e-05,41148.00014579739,30,,True,
cv,nfg,competing,10.0,nb_all_at_0.075,-0.0413158796727657,-0.0434848912991583,-0.038989104423672,-0.0436692573605995,-0.0389625019849318,0.0012006896463603,4.860149189361204e-05,41148.00014579739,30,,True,
cv,nfg,competing,10.0,nb_all_at_0.2,-0.2040214836597442,-0.2065294098109006,-0.2013311605900526,-0.2067425771729912,-0.2013003901464973,0.001388297690177,4.860149189361204e-05,41148.00014579739,30,,True,
cv,nfg,competing,15.0,mean_pred,0.0605835371961196,0.0597274994477629,0.0614532214589417,0.0597138924071994,0.0614531819850398,0.0004422395120403,0.2849350666993499,366.5711002005399,30,,True,
cv,nfg,competing,15.0,obs_cif,0.0641817897558212,0.0609723340719938,0.0676741149276494,0.0608109494810235,0.0675526300306188,0.0017197974801951,4.860149189361204e-05,41148.00014579739,30,,True,
cv,nfg,competing,15.0,eo,0.9439366082350412,0.8967361092567444,0.9944457978010176,0.895170622572412,0.9927025938976708,0.024879836891124,0.0215208305250583,24579.08501580964,30,,True,
cv,nfg,competing,15.0,calib_intercept,0.0906948591272036,0.0268431355245411,0.1532457325607538,0.0279654072195893,0.1534243110348179,0.0320035448617241,0.0260406181804845,20763.938635911232,30,,True,
cv,nfg,competing,15.0,calib_slope,1.0237452507019045,0.9523681938648224,1.112074762582779,0.9448985570647048,1.1025919443391037,0.0402252839953489,0.0357811853562168,14490.876093512814,30,,True,
cv,nfg,competing,15.0,ici,0.0054986720128605,0.0025672897580079,0.0093327147886157,0.002077854846421,0.0089194891793001,0.0017452153446219,0.0329571799801996,16051.55978610564,30,,True,
cv,nfg,competing,15.0,e50,0.0018607684566328,0.0004924362088786,0.00456998628797,-0.000232500299675,0.0039540372129408,0.0010679211033772,0.0368842286386395,13932.03312568708,30,,True,
cv,nfg,competing,15.0,e90,0.0163241301042338,0.0060808111913502,0.02805438330397,0.0052825757334601,0.0273656844750075,0.0056332106669386,0.0268843966275613,20116.45896570592,30,,True,
cv,nfg,competing,15.0,obs_concordant,0.0641817897558212,0.0609723340719938,0.0676741149276494,0.0608109494810235,0.0675526300306188,0.0017197974801951,4.860149189361204e-05,41148.00014579739,30,,True,
cv,nfg,competing,15.0,eo_concordant,0.9439366082350412,0.8967361092567444,0.9944457978010176,0.895170622572412,0.9927025938976708,0.024879836891124,0.0215208305250583,24579.08501580964,30,,True,
cv,nfg,competing,15.0,calib_intercept_concordant,0.0906948591272036,0.0268431355245411,0.1532457325607538,0.0279654072195893,0.1534243110348179,0.0320035448617241,0.0260406181804845,20763.938635911232,30,,True,
cv,nfg,competing,15.0,calib_slope_concordant,1.0237452507019045,0.9523681938648224,1.112074762582779,0.9448985570647048,1.1025919443391037,0.0402252839953489,0.0357811853562168,14490.876093512814,30,,True,
cv,nfg,competing,15.0,ici_concordant,0.0054986720128605,0.0025672897580079,0.0093327147886157,0.002077854846421,0.0089194891793001,0.0017452153446219,0.0329571799801996,16051.55978610564,30,,True,
cv,nfg,competing,15.0,e50_concordant,0.0018607684566328,0.0004924362088786,0.00456998628797,-0.000232500299675,0.0039540372129408,0.0010679211033772,0.0368842286386395,13932.03312568708,30,,True,
cv,nfg,competing,15.0,e90_concordant,0.0163241301042338,0.0060808111913502,0.02805438330397,0.0052825757334601,0.0273656844750075,0.0056332106669386,0.0268843966275613,20116.45896570592,30,,True,
cv,nfg,competing,15.0,auc,0.7835239589214325,0.7726942107081414,0.7941792413592338,0.7727892361001588,0.7942586817427061,0.0054767636028463,0.0178695070262454,28037.764022468986,30,,True,
cv,nfg,competing,15.0,cindex,0.8309051632881165,0.8206636339426041,0.8411229401826859,0.8206980320020905,0.8411122945741425,0.0052073351824601,0.0385966774036758,13116.770904455054,30,,True,
cv,nfg,competing,15.0,auc_marginal_ipcw,0.8298289616902669,0.8188569709658623,0.8404792129993439,0.8191565043941474,0.8405014189863863,0.0054450168015648,0.0151770305526392,30721.720894983933,30,,True,
cv,nfg,competing,15.0,cindex_marginal_ipcw,0.820358153184255,0.8099273964762688,0.8303756758570671,0.8103028328805915,0.8304134734879185,0.0051301330747695,0.0185259572059947,27396.36748542754,30,,True,
cv,nfg,competing,15.0,at_risk_fraction,0.3379504680633545,0.3334062397480011,0.3425196222960948,0.3333655061929572,0.3425354299337518,0.0023392404352275,4.860149189361204e-05,41148.00014579739,30,,True,
cv,nfg,competing,15.0,nb_at_0.01,0.0567913878709077,0.0534871846437454,0.0602312775328755,0.053407559659691,0.0601752160821245,0.0017264228979773,0.0034514089313665,40347.75518658615,30,,True,
cv,nfg,competing,15.0,nb_at_0.02,0.0510915889094273,0.0478393430821597,0.0544660437852144,0.0477614729193535,0.054421704899501,0.0016990178075766,0.0052848649507392,39408.74461351781,30,,True,
cv,nfg,competing,15.0,nb_at_0.03,0.0465956597278515,0.0433973166160285,0.0499727003276348,0.0433022755319532,0.0498890439237498,0.0016802781085109,0.0041786404932385,40014.31155638746,30,,True,
cv,nfg,competing,15.0,nb_at_0.05,0.0392947462697823,0.036153342667967,0.042595243640244,0.0360729376347345,0.0425165549048302,0.0016437574720007,0.0076195989412681,37789.88626922553,30,,True,
cv,nfg,competing,15.0,nb_at_0.075,0.0314424947525064,0.0284190372098237,0.0346615300513803,0.0282852933406597,0.034599696164353,0.0016107807791035,0.0162945285366843,29600.520474263387,30,,True,
cv,nfg,competing,15.0,nb_at_0.2,0.0061821551993489,0.0041388338897377,0.0082841081079095,0.0040991986509745,0.0082651117477232,0.0010626035618447,0.0513605772084183,8638.82357057189,30,,True,
cv,nfg,competing,15.0,frac_above_0.01,0.6604931950569153,0.6488056182861328,0.6692184448242188,0.6507879045335635,0.6701984855802671,0.0048274002317855,0.8130449635130922,48.16292712219552,30,,True,
cv,nfg,competing,15.0,frac_above_0.02,0.517031313975652,0.508930504322052,0.5242723822593689,0.5088344340287434,0.5252281939225607,0.0041117740415941,0.6603079628193691,71.89311634346936,30,,True,
cv,nfg,competing,15.0,frac_above_0.03,0.4442646155754725,0.4354531764984131,0.4525367856025695,0.4353631120340775,0.4531661191168675,0.0044539260652605,0.70935563019492,62.62522774546502,30,,True,
cv,nfg,competing,15.0,frac_above_0.05,0.3595343977212906,0.3522879183292389,0.3661069273948669,0.352430752718734,0.3666380427238471,0.0035795421490197,0.5628924583423759,97.8235944706256,30,,True,
cv,nfg,competing,15.0,frac_above_0.075,0.2862879008054733,0.2799445986747741,0.2924513816833496,0.2797007134330678,0.2928750881778788,0.003320030268685,0.5577378615536319,99.57795831408411,30,,True,
cv,nfg,competing,15.0,frac_above_0.2,0.0797701691587766,0.0759884342551231,0.0835702642798423,0.0757499740192028,0.0837903642983503,0.0020216193804669,0.6090175355713244,84.02389445111713,30,,True,
cv,nfg,competing,15.0,nb_all_at_0.01,0.0547290779650211,0.0514872060157358,0.0582566836848854,0.0513241889865877,0.0581339669434544,0.0017371690759822,4.860149189361204e-05,41148.00014579739,30,,True,
cv,nfg,competing,15.0,nb_all_at_0.02,0.0450834557414054,0.0418085042387247,0.0486470574513077,0.0416438231053604,0.0485230883774505,0.00175489523621,4.860149189361204e-05,41148.00014579739,30,,True,
cv,nfg,competing,15.0,nb_all_at_0.03,0.0352389551699161,0.0319302387535572,0.0388392942957579,0.0317638621610188,0.0387140481788135,0.0017729870634419,4.860149189361204e-05,41148.00014579739,30,,True,
cv,nfg,competing,15.0,nb_all_at_0.05,0.0149281956255435,0.011549823754467,0.0186043341178446,0.0113799429556544,0.0184764482954327,0.0018103130090129,4.860149189361204e-05,41148.00014579739,30,,True,
cv,nfg,competing,15.0,nb_all_at_0.075,-0.0116953663527965,-0.0151650458574295,-0.0079198737861588,-0.0153395176916668,-0.0080512150139262,0.001859240361193,4.860149189361204e-05,41148.00014579739,30,,True,
cv,nfg,competing,15.0,nb_all_at_0.2,-0.1697727739810943,-0.1737845905125141,-0.165407358109951,-0.1739863238257591,-0.1655592241364295,0.0021497465957405,4.860149189361204e-05,41148.00014579739,30,,True,
temporal,logistic,naive,5.0,mean_pred,0.0212482474123438,0.0204118253663182,0.0221209112554788,0.0203966709747202,0.0220998238499674,0.0004338741772959,0.1754244464155243,859.8592674206119,30,,True,
temporal,logistic,naive,5.0,obs_cif,0.0138278482481837,0.0115768034011125,0.016293279826641,0.0114320015833377,0.0162236949130297,0.001222234562529,0.0002143852355178,9326.000643017896,30,,True,
temporal,logistic,naive,5.0,eo,1.5366271217664085,1.3079734444618225,1.843582198023796,1.2671518317123305,1.806102411820486,0.1374714463140221,0.0092398910806151,9008.430834013065,30,,True,
temporal,logistic,naive,5.0,calib_intercept,-0.7001599709192912,-0.9951398432254792,-0.4444640092551708,-0.9738677045669258,-0.4264522372716565,0.1396217399369608,0.0391242505247425,6117.698314388683,30,,True,
temporal,logistic,naive,5.0,calib_slope,0.6858905394872029,0.5818875208497047,0.8343427509069443,0.5580832309959348,0.813697847978471,0.0651888346707914,0.0644679500728782,3912.2736146757047,30,,True,
temporal,logistic,naive,5.0,ici,0.007607354192684,0.0057547327596694,0.0099750006338581,0.0054781583241109,0.0097365500612571,0.0010861385824686,0.036542373387003,6388.995148844786,30,,True,
temporal,logistic,naive,5.0,e50,0.0029652349573249,0.0016666247189277,0.0050155602395534,0.0013255112583917,0.0046049586562581,0.0008363707354856,0.0598063668449266,4248.1602243908965,30,,True,
temporal,logistic,naive,5.0,e90,0.0141020499169826,0.0068107694154605,0.0223230862058699,0.0060542237379513,0.0221498760960139,0.0041053185947723,0.0375157721885376,6286.039540899688,30,,True,
temporal,logistic,naive,5.0,obs_concordant,0.0141172623261809,0.0117911327630281,0.0166284072212874,0.0116712764968003,0.0165632481555615,0.0012478129189112,0.0002143852355178,9326.000643017896,30,,True,
temporal,logistic,naive,5.0,eo_concordant,1.5051251769065856,1.2814297527074814,1.8058951765298843,1.241402529151156,1.7688478246620154,0.1345367632924445,0.0092555332101167,9007.503531430057,30,,True,
temporal,logistic,naive,5.0,calib_intercept_concordant,-0.6613067249457042,-0.9541722536087036,-0.4076634138822555,-0.932640524717782,-0.3899729251736263,0.1384112064165243,0.0381674870547452,6217.548293537841,30,,True,
temporal,logistic,naive,5.0,calib_slope_concordant,0.6928002615769704,0.5895521730184555,0.840131825208664,0.5659286401792158,0.8196718829747249,0.0647116121381542,0.0643828959850202,3918.127154669221,30,,True,
temporal,logistic,naive,5.0,ici_concordant,0.007245300632591,0.0054717423161491,0.009656560071744,0.0051490580080652,0.0093415432571168,0.0010693302817216,0.0360331864611201,6443.138828339356,30,,True,
temporal,logistic,naive,5.0,e50_concordant,0.0028576225818445,0.0017196850996697,0.0048268631333485,0.0013326115992196,0.0043826335644694,0.0007778607400924,0.0594749075504445,4273.233305611654,30,,True,
temporal,logistic,naive,5.0,e90_concordant,0.012684428691864,0.0061180043383501,0.0211506812367588,0.004716768410988,0.0206520889727399,0.0040644036682663,0.0390907970442872,6121.174846887191,30,,True,
temporal,logistic,naive,5.0,auc,0.8433607995510102,0.8152585864067078,0.8704488962888718,0.8154994982247101,0.8712221008773102,0.0142128952906737,0.0268829664008795,7430.3589237217075,30,,True,
temporal,logistic,naive,5.0,cindex,0.8407032728195191,0.8129156917333603,0.8676582247018814,0.8130546305496145,0.8683519150894237,0.0141044008007485,0.0272025688299794,7396.0744670569475,30,,True,
temporal,logistic,naive,5.0,auc_marginal_ipcw,0.8433607995510102,0.8152585864067078,0.8704488962888718,0.8154994982247101,0.8712221008773102,0.0142128952906737,0.0268829664008795,7430.3589237217075,30,,True,
temporal,logistic,naive,5.0,cindex_marginal_ipcw,0.8407032728195191,0.8129156917333603,0.8676582247018814,0.8130546305496145,0.8683519150894237,0.0141044008007485,0.0272025688299794,7396.0744670569475,30,,True,
temporal,logistic,naive,5.0,at_risk_fraction,1.0,1.0,1.0,1.0,1.0,0.0,0.0002143852355178,9326.000643017896,30,,True,
temporal,logistic,naive,5.0,nb_at_0.01,0.0087597667860488,0.0065571567974984,0.0110570816323161,0.006435445535336,0.0110840880367615,0.0011857415565222,0.0083302508515926,9060.306264461327,30,,True,
temporal,logistic,naive,5.0,nb_at_0.02,0.0057332740475734,0.0036051722709089,0.0079016275703907,0.0035381479599223,0.0079284001352244,0.0011198058400708,0.0247468543452505,7657.391126691649,30,,True,
temporal,logistic,naive,5.0,nb_at_0.03,0.0033389949860672,0.0013249892508611,0.0053110076114535,0.0013194634239605,0.0053585265481738,0.0010302004801395,0.0354465926789686,6505.735112250857,30,,True,
temporal,logistic,naive,5.0,nb_at_0.05,0.0011268389663503,-0.0006318723317235,0.0029336928855627,-0.0006651668787458,0.0029188448114465,0.0009140746973628,0.0530097510941538,4794.799873025544,30,,True,
temporal,logistic,naive,5.0,nb_at_0.075,0.0002224971241351,-0.0012689288705587,0.0018425543094053,-0.0013499177294017,0.001794911977672,0.0008019489210159,0.0789635008815993,3050.700927529961,30,,True,
temporal,logistic,naive,5.0,nb_at_0.2,-0.0011290956443796,-0.0017954764189198,-0.0003751741896849,-0.0018295683257694,-0.0004286229629899,0.000357082270061,0.1321623058985964,1402.987389030964,30,,True,
temporal,logistic,naive,5.0,frac_above_0.01,0.4290992230176925,0.4176224768161773,0.4405616819858551,0.4174760153623336,0.4407224306730515,0.0059104710593953,0.2809739268091841,361.6575582246665,30,,True,
temporal,logistic,naive,5.0,frac_above_0.02,0.2811162332693735,0.2708757519721985,0.291135162115097,0.2708644390664925,0.2913680274722546,0.0052192108601277,0.2231316809269691,555.6898340844454,30,,True,
temporal,logistic,naive,5.0,frac_above_0.03,0.2036123921473821,0.1944474279880523,0.2125629782676696,0.1945569088593662,0.2126678754353979,0.0046150047861004,0.1549096352619977,1070.3219021092996,30,,True,
temporal,logistic,naive,5.0,frac_above_0.05,0.1180119340618451,0.1105155944824218,0.125522568821907,0.1104963914427796,0.1255274766809106,0.0038268236900345,0.2135960504662139,602.1594943034308,30,,True,
temporal,logistic,naive,5.0,frac_above_0.075,0.065430378417174,0.0600278712809085,0.0711759030818939,0.0598189397821897,0.0710418170521582,0.0028580244393414,0.1979175288613187,692.0634837725443,30,,True,
temporal,logistic,naive,5.0,frac_above_0.2,0.0076606995581338,0.0057884017005562,0.0096473358571529,0.0057331480693995,0.0095882510468681,0.0009819801990499,0.1822801742649296,802.9071561192114,30,,True,
temporal,logistic,naive,5.0,nb_all_at_0.01,0.0038665137253701,0.0015927308704704,0.0063568474724888,0.0014464666268714,0.0062865608238689,0.0012345803469536,0.0002143852355178,9326.000643017896,30,,True,
temporal,logistic,naive,5.0,nb_all_at_0.02,-0.0062981136143207,-0.0085950987413525,-0.0037823682650923,-0.0087428550462132,-0.0038533721824282,0.0012471780929677,0.0002143852355178,9326.000643017896,30,,True,
temporal,logistic,naive,5.0,nb_all_at_0.03,-0.0166723206639289,-0.0189929865300655,-0.0141306398436427,-0.0191422656698638,-0.0142023756579941,0.0012600356266929,0.0002143852355178,9326.000643017896,30,,True,
temporal,logistic,naive,5.0,nb_all_at_0.05,-0.0380759499967098,-0.0404454693198204,-0.035480760037899,-0.0405978938150973,-0.0355540061783222,0.0012865626773271,0.0002143852355178,9326.000643017896,30,,True,
temporal,logistic,naive,5.0,nb_all_at_0.075,-0.066132053732872,-0.0685656145215034,-0.063466727733612,-0.0687221584667712,-0.0635419489989727,0.0013213347802227,0.0002143852355178,9326.000643017896,30,,True,
temporal,logistic,naive,5.0,nb_all_at_0.2,-0.2327151894569397,-0.2355289906263351,-0.2296334058046341,-0.2357099990460796,-0.2297203798677997,0.0015277938449685,0.0002143852355178,9326.000643017896,30,,True,
temporal,logistic,naive,10.0,mean_pred,0.0523584312448899,0.050529093015939,0.0542088538408279,0.0505151735382873,0.0542016889514924,0.000939937834411,0.0995133790440534,2201.4855594647643,30,,True,
temporal,logistic,naive,10.0,obs_cif,0.0329607911407947,0.0293308441527187,0.0366590986028313,0.0293237483018871,0.0365978339797023,0.0018554273645042,0.0002143852355178,9326.000643017896,30,,True,
temporal,logistic,naive,10.0,eo,1.588506559530894,1.4348273545503616,1.77859425842762,1.414878521620304,1.7621345974414842,0.0885753592957805,0.0104445281369784,8933.633328888945,30,,True,
temporal,logistic,naive,10.0,calib_intercept,-0.7601859529813131,-0.9370859280228616,-0.6066984757781029,-0.9250612064324268,-0.5953106995301993,0.0841088030024728,0.0216866250878042,7973.167034202482,30,,True,
temporal,logistic,naive,10.0,calib_slope,0.6580851793289184,0.5754211917519569,0.7560275360941887,0.5670825209499347,0.7490878377079021,0.0464224828691325,0.0329670576096245,6772.433945003769,30,,True,
temporal,logistic,naive,10.0,ici,0.0206764935826261,0.0172492431476712,0.0242999279871583,0.0171784747951456,0.0241745123701067,0.0017844458740246,0.0268019983777043,7439.033684948171,30,,True,
temporal,logistic,naive,10.0,e50,0.0065640113006035,0.0033301656425464,0.0103475130163133,0.003174997687983,0.009953024913224,0.001728779155377,0.0389684303415632,6133.900681082808,30,,True,
temporal,logistic,naive,10.0,e90,0.0563843104988336,0.0427867342717945,0.0697701541706919,0.042809290799277,0.0699593301983903,0.0069248325937684,0.0371346455379037,6326.260913197495,30,,True,
temporal,logistic,naive,10.0,obs_concordant,0.0346031598746776,0.0308013457804918,0.0385192499496042,0.0307813716361151,0.0384249481132402,0.0019496747201633,0.0002143852355178,9326.000643017896,30,,True,
temporal,logistic,naive,10.0,eo_concordant,1.513111233711243,1.3663735508918762,1.6935933709144593,1.3481201784460728,1.6781022889764126,0.0841692474774008,0.0104937064155261,8930.436847005358,30,,True,
temporal,logistic,naive,10.0,calib_intercept_concordant,-0.670554103453954,-0.8438823759555817,-0.5194441318511963,-0.8322644627742969,-0.5088437441336112,0.0824944260712872,0.0207220674394168,8069.49611187477,30,,True,
temporal,logistic,naive,10.0,calib_slope_concordant,0.6750229517618815,0.5940046682953835,0.7707739740610123,0.5856808885727897,0.7643650149509734,0.0455751967235131,0.0343214467630756,6626.385995680868,30,,True,
temporal,logistic,naive,10.0,ici_concordant,0.0185667532185713,0.0154801832512021,0.0223960042465478,0.0151395673543973,0.0219939390827453,0.0017483074642763,0.0278515769600014,7326.264585270221,30,,True,
temporal,logistic,naive,10.0,e50_concordant,0.0059851161514719,0.0036099122138693,0.0091875634854659,0.0032807407282511,0.0086894915746926,0.0013795395687542,0.0382908622521952,6204.624647389701,30,,True,
temporal,logistic,naive,10.0,e90_concordant,0.0483654936154683,0.0340545495040714,0.0625239834189415,0.0340705154157041,0.0626604718152325,0.0072921694834402,0.0337877685472206,6683.842955814329,30,,True,
temporal,logistic,naive,10.0,auc,0.8245452543099722,0.8025844052433968,0.8434102818369865,0.804220049552605,0.8448704590673394,0.0103687921696315,0.0100275422192085,8960.291438782766,30,,True,
temporal,logistic,naive,10.0,cindex,0.8241233984629314,0.80297761708498,0.8423287093639373,0.8045686591879354,0.8436781377379273,0.0099757375276034,0.0106328548802374,8921.333079196773,30,,True,
temporal,logistic,naive,10.0,auc_marginal_ipcw,0.8252355635166169,0.8035425290465354,0.8439555943012238,0.8050677451955284,0.8454033818377054,0.0102885025777856,0.0100030673002832,8961.831199405118,30,,True,
temporal,logistic,naive,10.0,cindex_marginal_ipcw,0.823780111471812,0.8029842242598534,0.8417126849293709,0.8043819742139378,0.8431782487296862,0.0098958466031694,0.0107643349779272,8912.65075592004,30,,True,
temporal,logistic,naive,10.0,at_risk_fraction,0.7793976068496704,0.7709293365478516,0.7878658175468445,0.7709750725654768,0.787820141133864,0.0042967326153523,0.0002143852355178,9326.000643017896,30,,True,
temporal,logistic,naive,10.0,nb_at_0.01,0.0260060770437121,0.0224249464459717,0.0295845847111195,0.0224258342696787,0.0295863198177455,0.0018264506179859,0.0013070341965362,9312.244220291212,30,,True,
temporal,logistic,naive,10.0,nb_at_0.02,0.021717387313644,0.018244396848604,0.0253002340439707,0.0181829579081424,0.0252518167191457,0.0018030781795152,0.0029818387367341,9277.433528575,30,,True,
temporal,logistic,naive,10.0,nb_at_0.03,0.01884839348495,0.0154100114013999,0.022399233514443,0.0153416731892196,0.0223551137806805,0.0017889411059745,0.0047289696405471,9223.799381975412,30,,True,
temporal,logistic,naive,10.0,nb_at_0.05,0.0127808448237677,0.0093975153751671,0.0161871379241347,0.0093842886981644,0.016177400949371,0.0017327218765888,0.0161098594885155,8500.036045489245,30,,True,
temporal,logistic,naive,10.0,nb_at_0.075,0.0064629673957824,0.0032531734730582,0.009631174057722,0.003271973797236,0.0096539609943288,0.0016278558581801,0.0161878977597292,8493.245613136862,30,,True,
temporal,logistic,naive,10.0,nb_at_0.2,-0.0042539277346804,-0.0066846219240687,-0.0017543616821058,-0.0067443393709248,-0.001763516098436,0.001270134856716,0.0792662728374932,3035.3463324950144,30,,True,
temporal,logistic,naive,10.0,frac_above_0.01,0.5863722483317058,0.575624406337738,0.5970629453659058,0.575490527442996,0.5972539692204155,0.005545799410275,0.1538084830337513,1083.662695734258,30,,True,
temporal,logistic,naive,10.0,frac_above_0.02,0.4569943169752756,0.4462428987026214,0.4677886068820953,0.4462172746171479,0.4677713593334034,0.0054930779164031,0.1444817939539773,1206.935293720155,30,,True,
temporal,logistic,naive,10.0,frac_above_0.03,0.3800585975249608,0.3693857789039612,0.3906099200248718,0.3693556326883285,0.3907615623615932,0.0054529760248013,0.1771337997113383,845.1189885896384,30,,True,
temporal,logistic,naive,10.0,frac_above_0.05,0.2878765155871709,0.2782720625400543,0.2974595427513122,0.2782393466039881,0.2975136845703537,0.0049145062869992,0.0945705765659884,2373.8700014115384,30,,True,
temporal,logistic,naive,10.0,frac_above_0.075,0.213745667040348,0.2045235335826873,0.2225318849086761,0.2047002153956723,0.2227911186850237,0.0046122112195265,0.1086052839093048,1926.219127173537,30,,True,
temporal,logistic,naive,10.0,frac_above_0.2,0.0664701466759045,0.0610997974872589,0.0719262510538101,0.0609925752665323,0.0719477180852768,0.0027917179232734,0.1506906460792,1122.7658884779946,30,,True,
temporal,logistic,naive,10.0,nb_all_at_0.01,0.0231927167624235,0.0195261059794575,0.0269283819478005,0.0195189362119352,0.0268664973129118,0.0018741690066556,0.0002143852355178,9326.000643017896,30,,True,
temporal,logistic,naive,10.0,nb_all_at_0.02,0.0132252965122461,0.0095212692627683,0.0169990793801844,0.0095140283456546,0.0169365646788376,0.0018932932105291,0.0002143852355178,9326.000643017896,30,,True,
temporal,logistic,naive,10.0,nb_all_at_0.03,0.0030523610766977,-0.0006898514184285,0.0068650488974526,-0.0006971676712872,0.0068018898246826,0.0019128117405117,0.0002143852355178,9326.000643017896,30,,True,
temporal,logistic,naive,10.0,nb_all_at_0.05,-0.0179360099136829,-0.0217570055741816,-0.0140430550090968,-0.0217644761066802,-0.0141075437206856,0.0019530814601843,0.0002143852355178,9326.000643017896,30,,True,
temporal,logistic,naive,10.0,nb_all_at_0.075,-0.0454477928578853,-0.0493720619007945,-0.0414496254175901,-0.0493797312601251,-0.0415158544556456,0.0020058675221026,0.0002143852355178,9326.000643017896,30,,True,
temporal,logistic,naive,10.0,nb_all_at_0.2,-0.2087990194559097,-0.2133364498615264,-0.2041761230677366,-0.2133453227523181,-0.2042527161595013,0.0023192840769578,0.0002143852355178,9326.000643017896,30,,True,
temporal,cox_naive,naive,5.0,mean_pred,0.021022224612534,0.0203063912689685,0.0217463892418891,0.0202972846604764,0.0217471645645916,0.000369752909156,0.0677579920460521,3693.429935364505,30,,True,
temporal,cox_naive,naive,5.0,obs_cif,0.0138278482481837,0.0115768034011125,0.016293279826641,0.0114320015833377,0.0162236949130297,0.001222234562529,0.0002143852355178,9326.000643017896,30,,True,
temporal,cox_naive,naive,5.0,eo,1.5202816446622214,1.2962645798921586,1.8238009333610528,1.255186448216398,1.7853768411080446,0.1352374974607579,0.0028432547561935,9280.937409480744,30,,True,
temporal,cox_naive,naive,5.0,calib_intercept,-0.5723529775937398,-0.8271815732121468,-0.3548227809369563,-0.8101360002139033,-0.3345699549735764,0.1213032962967175,0.0131826781823447,8739.678737018756,30,,True,
temporal,cox_naive,naive,5.0,calib_slope,0.7487346251805623,0.625210253894329,0.9185317724943162,0.5981620799818091,0.8993071703793155,0.0768119039711476,0.0252904561952019,7600.020078339848,30,,True,
temporal,cox_naive,naive,5.0,ici,0.0071384154415378,0.0050238854950293,0.0094910348532721,0.0048879849507104,0.0093888459323653,0.001148044183886,0.0105975432998347,8923.651627132855,30,,True,
temporal,cox_naive,naive,5.0,e50,0.0026191628615682,0.0010779994830954,0.0048691517906263,0.000769010531894,0.0044693151912424,0.0009438128872074,0.0294544721549564,7153.050544820603,30,,True,
temporal,cox_naive,naive,5.0,e90,0.0178145590548714,0.0096005156403407,0.0258221802301704,0.0097085917649851,0.0259205263447576,0.004135184254335,0.0161803641099164,8493.901990124972,30,,True,
temporal,cox_naive,naive,5.0,obs_concordant,0.0141172623261809,0.0117911327630281,0.0166284072212874,0.0116712764968003,0.0165632481555615,0.0012478129189112,0.0002143852355178,9326.000643017896,30,,True,
temporal,cox_naive,naive,5.0,eo_concordant,1.48911478916804,1.2700433164834977,1.7854607343673707,1.229646978126905,1.7485826002091749,0.1323667039584293,0.0028471713648684,9280.839916492389,30,,True,
temporal,cox_naive,naive,5.0,calib_intercept_concordant,-0.5364504774411519,-0.7904417738318443,-0.3197107963263988,-0.7730498786035795,-0.2998510762787243,0.1206995266579448,0.0128625716179935,8763.962093495997,30,,True,
temporal,cox_naive,naive,5.0,calib_slope_concordant,0.7561466852823894,0.6330447554588318,0.9255297631025314,0.606174237978819,0.9061191325859598,0.0765057834876017,0.0252386796532585,7605.497850089101,30,,True,
temporal,cox_naive,naive,5.0,ici_concordant,0.0067634732152024,0.0047191442572511,0.0091754907974973,0.0045140700157251,0.0090128764146798,0.001147520381959,0.0103637405384982,8938.860437065689,30,,True,
temporal,cox_naive,naive,5.0,e50_concordant,0.002546482393518,0.0011485890805488,0.0047021036152727,0.0008094426328697,0.0042835221541664,0.0008861211912573,0.0246341433898775,7669.246166689524,30,,True,
temporal,cox_naive,naive,5.0,e90_concordant,0.0164012138110895,0.0080709121888503,0.024666556622833,0.0080996090483649,0.0247028185738142,0.0042349897994229,0.0157058875890095,8534.874394152905,30,,True,
temporal,cox_naive,naive,5.0,auc,0.8446715831756592,0.8183594778180122,0.8694044753909111,0.8187474342806699,0.8705957320706484,0.0132250101040844,0.0136570719801985,8702.955846700112,30,,True,
temporal,cox_naive,naive,5.0,cindex,0.842012204726537,0.8160361811518669,0.8666838645935059,0.8162898995783358,0.8677345098747383,0.0131220359693848,0.0139621156304574,8678.889180366625,30,,True,
temporal,cox_naive,naive,5.0,auc_marginal_ipcw,0.8446715831756592,0.8183594778180122,0.8694044753909111,0.8187474342806699,0.8705957320706484,0.0132250101040844,0.0136570719801985,8702.955846700112,30,,True,
temporal,cox_naive,naive,5.0,cindex_marginal_ipcw,0.842012204726537,0.8160361811518669,0.8666838645935059,0.8162898995783358,0.8677345098747383,0.0131220359693848,0.0139621156304574,8678.889180366625,30,,True,
temporal,cox_naive,naive,5.0,at_risk_fraction,1.0,1.0,1.0,1.0,1.0,0.0,0.0002143852355178,9326.000643017896,30,,True,
temporal,cox_naive,naive,5.0,nb_at_0.01,0.008883958744506,0.0066794808371923,0.0112151633948087,0.0065566939162841,0.0112112235727279,0.0011872475012297,0.0013032620551099,9312.303950669528,30,,True,
temporal,cox_naive,naive,5.0,nb_at_0.02,0.0057972251127163,0.0036248608957976,0.0079760067164897,0.0035972937265478,0.0079971564988848,0.0011222780989104,0.0139365479704973,8680.91976135326,30,,True,
temporal,cox_naive,naive,5.0,nb_at_0.03,0.0027884816828494,0.0008122327853925,0.0047441022470593,0.0008059798766755,0.0047709834890233,0.0010113532618551,0.017296106304329,8394.79102182646,30,,True,
temporal,cox_naive,naive,5.0,nb_at_0.05,0.0008178609248716,-0.0009308833396062,0.0026177568361163,-0.0009584530606202,0.0025941749103634,0.0009061597672763,0.0227829557714974,7861.644816224664,30,,True,
temporal,cox_naive,naive,5.0,nb_at_0.075,0.0003527699635924,-0.001210986985825,0.0020511453039944,-0.0012851233084222,0.0019906632356071,0.0008354075776073,0.0664358312598096,3779.616870947109,30,,True,
temporal,cox_naive,naive,5.0,nb_at_0.2,-0.0008495015538452,-0.0013131096493452,-0.0003483760228846,-0.0013367714750343,-0.0003622316326562,0.000248381922092,0.1376941040459053,1309.7171132620415,30,,True,
temporal,cox_naive,naive,5.0,frac_above_0.01,0.4268088777860006,0.4165505468845367,0.4371315240859985,0.4164614478077777,0.4371563077642234,0.0052773561605869,0.0774398000602256,3129.4791371283536,30,,True,
temporal,cox_naive,naive,5.0,frac_above_0.02,0.291739022731781,0.2820237874984741,0.3014256656169891,0.2820426992358481,0.3014353462277138,0.004944537753409,0.0979645299689709,2253.634495353996,30,,True,
temporal,cox_naive,naive,5.0,frac_above_0.03,0.212598705291748,0.2034516036510467,0.2214599698781967,0.2035277353724315,0.2216696752110645,0.0046245368864241,0.1240075473602429,1558.5973699740932,30,,True,
temporal,cox_naive,naive,5.0,frac_above_0.05,0.1285275310277938,0.1212348565459251,0.1358130574226379,0.1211763242186425,0.1358787378369451,0.0037481521169296,0.1136931714027327,1792.538896314412,30,,True,
temporal,cox_naive,naive,5.0,frac_above_0.075,0.0687783611317475,0.0634580329060554,0.0742844864726066,0.0633442231370113,0.0742124991264838,0.0027710390109618,0.0998176036799848,2191.434780309692,30,,True,
temporal,cox_naive,naive,5.0,frac_above_0.2,0.0045413942231486,0.0032157788518816,0.0060027870349586,0.0031064460752095,0.0059763423710877,0.00073139326852,0.1447566248983343,1203.020575137003,30,,True,
temporal,cox_naive,naive,5.0,nb_all_at_0.01,0.0038665137253701,0.0015927308704704,0.0063568474724888,0.0014464666268714,0.0062865608238689,0.0012345803469536,0.0002143852355178,9326.000643017896,30,,True,
temporal,cox_naive,naive,5.0,nb_all_at_0.02,-0.0062981136143207,-0.0085950987413525,-0.0037823682650923,-0.0087428550462132,-0.0038533721824282,0.0012471780929677,0.0002143852355178,9326.000643017896,30,,True,
temporal,cox_naive,naive,5.0,nb_all_at_0.03,-0.0166723206639289,-0.0189929865300655,-0.0141306398436427,-0.0191422656698638,-0.0142023756579941,0.0012600356266929,0.0002143852355178,9326.000643017896,30,,True,
temporal,cox_naive,naive,5.0,nb_all_at_0.05,-0.0380759499967098,-0.0404454693198204,-0.035480760037899,-0.0405978938150973,-0.0355540061783222,0.0012865626773271,0.0002143852355178,9326.000643017896,30,,True,
temporal,cox_naive,naive,5.0,nb_all_at_0.075,-0.066132053732872,-0.0685656145215034,-0.063466727733612,-0.0687221584667712,-0.0635419489989727,0.0013213347802227,0.0002143852355178,9326.000643017896,30,,True,
temporal,cox_naive,naive,5.0,nb_all_at_0.2,-0.2327151894569397,-0.2355289906263351,-0.2296334058046341,-0.2357099990460796,-0.2297203798677997,0.0015277938449685,0.0002143852355178,9326.000643017896,30,,True,
temporal,cox_naive,naive,10.0,mean_pred,0.0479981652150551,0.0464490645565092,0.0495496503077447,0.0464404364517752,0.049555893978335,0.0007945201437524,0.0663279919421726,3786.749854758387,30,,True,
temporal,cox_naive,naive,10.0,obs_cif,0.0329607911407947,0.0293308441527187,0.0366590986028313,0.0293237483018871,0.0365978339797023,0.0018554273645042,0.0002143852355178,9326.000643017896,30,,True,
temporal,cox_naive,naive,10.0,eo,1.4562200983365376,1.316319718956947,1.6310924768447876,1.297799535068875,1.6146406616042006,0.0808176356809032,0.0060717002210108,9170.942589174443,30,,True,
temporal,cox_naive,naive,10.0,calib_intercept,-0.5788692096869151,-0.7485605508089066,-0.4304216660559177,-0.7375574503062361,-0.4201809690675941,0.0809537260560075,0.0125248687490122,8789.136802662988,30,,True,
temporal,cox_naive,naive,10.0,calib_slope,0.7114858945210775,0.6232737049460411,0.817257858812809,0.6136812385742536,0.8092905504679013,0.0498932396924354,0.0258694773599413,7538.584635894639,30,,True,
temporal,cox_naive,naive,10.0,ici,0.0162825123096505,0.0130293760914355,0.019812207436189,0.0129020868477863,0.0196629377715147,0.0017244976759557,0.0141211140757255,8666.207068469592,30,,True,
temporal,cox_naive,naive,10.0,e50,0.0065966884295145,0.0033801137295085,0.0097661724779754,0.0035717979467333,0.0096215789122957,0.0015430827485028,0.0284086587771585,7266.172396555633,30,,True,
temporal,cox_naive,naive,10.0,e90,0.0402573473751545,0.0270030875690281,0.0531511015258729,0.0271910124384667,0.0533236823118422,0.0066654692868718,0.0307492436171729,7012.692294942085,30,,True,
temporal,cox_naive,naive,10.0,obs_concordant,0.0346031598746776,0.0308013457804918,0.0385192499496042,0.0307813716361151,0.0384249481132402,0.0019496747201633,0.0002143852355178,9326.000643017896,30,,True,
temporal,cox_naive,naive,10.0,eo_concordant,1.3871034860610962,1.2532951027154922,1.552415528893471,1.2365316625242564,1.537675309597936,0.0768136303369283,0.0060973679816834,9169.836203964584,30,,True,
temporal,cox_naive,naive,10.0,calib_intercept_concordant,-0.4915729989608129,-0.6577460065484046,-0.3448412537574768,-0.6472330819041304,-0.3359129160174954,0.0794089839037701,0.0119484871697163,8831.02645406136,30,,True,
temporal,cox_naive,naive,10.0,calib_slope_concordant,0.7292872726917267,0.6427460253238678,0.8330459743738174,0.6333387559023793,0.825235789481074,0.0489462414394803,0.0269580416354751,7422.311490651304,30,,True,
temporal,cox_naive,naive,10.0,ici_concordant,0.0142717521948119,0.0114182332530617,0.0179696340579539,0.011023454376019,0.0175200500136047,0.0016570952275056,0.013433432528798,8720.37590774293,30,,True,
temporal,cox_naive,naive,10.0,e50_concordant,0.0060594728992631,0.0037604074052069,0.0087513856124132,0.0036411005645329,0.0084778452339932,0.0012336921177175,0.0243551170029811,7698.531186362304,30,,True,
temporal,cox_naive,naive,10.0,e90_concordant,0.0322070969889561,0.018519478617236,0.0458401907235384,0.0185361719521266,0.0458780220257856,0.0069739161712141,0.029088739921431,7192.647438254136,30,,True,
temporal,cox_naive,naive,10.0,auc,0.8247685631116232,0.8027110695838928,0.8435439050197602,0.8044069676944366,0.8451301585288097,0.0103873689661051,0.0087032944569484,9039.52347643484,30,,True,
temporal,cox_naive,naive,10.0,cindex,0.8242115616798401,0.8028970688581467,0.842348724603653,0.804579574564538,0.8438435487951422,0.0100151612038993,0.0088956950539659,9028.5362739424,30,,True,
temporal,cox_naive,naive,10.0,auc_marginal_ipcw,0.8254596710205078,0.8035119459033012,0.8440501347184182,0.8052579476998754,0.8456613943411402,0.0103058119690158,0.0085897571561658,9045.92176081158,30,,True,
temporal,cox_naive,naive,10.0,cindex_marginal_ipcw,0.823858896891276,0.8029163226485252,0.8417278468608856,0.8043935306655582,0.8433242631169938,0.009930159368004,0.0090142616915056,9021.675342080984,30,,True,
temporal,cox_naive,naive,10.0,at_risk_fraction,0.7793976068496704,0.7709293365478516,0.7878658175468445,0.7709750725654768,0.787820141133864,0.0042967326153523,0.0002143852355178,9326.000643017896,30,,True,
temporal,cox_naive,naive,10.0,nb_at_0.01,0.0260442386070887,0.0224615733139216,0.029643918108195,0.0224531888591667,0.0296352883550106,0.0018319637403071,0.0013668652481413,9311.285521635951,30,,True,
temporal,cox_naive,naive,10.0,nb_at_0.02,0.0217678603405753,0.0182655465789139,0.0253103674389421,0.0182283863789956,0.025307334302155,0.0018056526435224,0.0009909959858493,9316.955197977417,30,,True,
temporal,cox_naive,naive,10.0,nb_at_0.03,0.0185071686282753,0.0150989919202402,0.0220666496548801,0.0149987834937191,0.0220155537628316,0.0017897918296654,0.0028974152539869,9279.581325954989,30,,True,
temporal,cox_naive,naive,10.0,nb_at_0.05,0.0128086682719488,0.0094707514625042,0.016215943172574,0.0094360733578646,0.0161812631860331,0.0017204959541164,0.0170169040915934,8419.943364320941,30,,True,
temporal,cox_naive,naive,10.0,nb_at_0.075,0.0059283710550516,0.002866181632271,0.0089596396312117,0.0028638491365014,0.0089928929736018,0.0015633455937261,0.0121940625525484,8813.347129835685,30,,True,
temporal,cox_naive,naive,10.0,nb_at_0.2,-0.0022080311978546,-0.0043364433688111,-7.250267881317915e-05,-0.0043567711805186,-5.929121519059402e-05,0.0010960939781242,0.0405056180772068,5975.1387338417935,30,,True,
temporal,cox_naive,naive,10.0,frac_above_0.01,0.6058455725510915,0.5958837866783142,0.6158216595649719,0.5957093593010057,0.6159817858011774,0.0051699101670681,0.0686825639964547,3634.535551087592,30,,True,
temporal,cox_naive,naive,10.0,frac_above_0.02,0.4651266674200693,0.4548183083534241,0.4757208824157715,0.4546825343755908,0.4755708004645479,0.0053265450773545,0.0811462812366627,2942.169297874175,30,,True,
temporal,cox_naive,naive,10.0,frac_above_0.03,0.3820809662342072,0.3718512058258056,0.3923250138759613,0.3717758659424613,0.392386066525953,0.0052553007219249,0.090107399233717,2545.3978208846465,30,,True,
temporal,cox_naive,naive,10.0,frac_above_0.05,0.280812519788742,0.2714117169380188,0.2901704311370849,0.2714175495974404,0.2902074899800436,0.0047921190670505,0.0579397892365022,4391.458179475728,30,,True,
temporal,cox_naive,naive,10.0,frac_above_0.075,0.202186728020509,0.1932682991027832,0.2107407003641128,0.1934283247897828,0.2109451312512353,0.0044664464284535,0.0925716541511456,2448.728802687355,30,,True,
temporal,cox_naive,naive,10.0,frac_above_0.2,0.048861971621712,0.0441633611917495,0.0540250837802886,0.0438809595196048,0.0538429837238192,0.0025352857095402,0.235041815077316,504.7622055309698,30,,True,
temporal,cox_naive,naive,10.0,nb_all_at_0.01,0.0231927167624235,0.0195261059794575,0.0269283819478005,0.0195189362119352,0.0268664973129118,0.0018741690066556,0.0002143852355178,9326.000643017896,30,,True,
temporal,cox_naive,naive,10.0,nb_all_at_0.02,0.0132252965122461,0.0095212692627683,0.0169990793801844,0.0095140283456546,0.0169365646788376,0.0018932932105291,0.0002143852355178,9326.000643017896,30,,True,
temporal,cox_naive,naive,10.0,nb_all_at_0.03,0.0030523610766977,-0.0006898514184285,0.0068650488974526,-0.0006971676712872,0.0068018898246826,0.0019128117405117,0.0002143852355178,9326.000643017896,30,,True,
temporal,cox_naive,naive,10.0,nb_all_at_0.05,-0.0179360099136829,-0.0217570055741816,-0.0140430550090968,-0.0217644761066802,-0.0141075437206856,0.0019530814601843,0.0002143852355178,9326.000643017896,30,,True,
temporal,cox_naive,naive,10.0,nb_all_at_0.075,-0.0454477928578853,-0.0493720619007945,-0.0414496254175901,-0.0493797312601251,-0.0415158544556456,0.0020058675221026,0.0002143852355178,9326.000643017896,30,,True,
temporal,cox_naive,naive,10.0,nb_all_at_0.2,-0.2087990194559097,-0.2133364498615264,-0.2041761230677366,-0.2133453227523181,-0.2042527161595013,0.0023192840769578,0.0002143852355178,9326.000643017896,30,,True,
temporal,rsf_naive,naive,5.0,mean_pred,0.0214840667322278,0.020764878578484,0.0221957964822649,0.0207614943240357,0.0222066391404198,0.0003682560404683,0.1534556682845256,1087.9880164042886,30,,True,
temporal,rsf_naive,naive,5.0,obs_cif,0.0138278482481837,0.0115768034011125,0.016293279826641,0.0114320015833377,0.0162236949130297,0.001222234562529,0.0002143852355178,9326.000643017896,30,,True,
temporal,rsf_naive,naive,5.0,eo,1.5536810715993246,1.3255517035722733,1.864353507757187,1.2830746530474808,1.8242874901511683,0.1380488322748015,0.0058605146709093,9179.910321410596,30,,True,
temporal,rsf_naive,naive,5.0,calib_intercept,-0.4537929366032282,-0.6848263964056969,-0.2557000875473022,-0.6681540929022242,-0.2394317803042322,0.1093537480542913,0.019672287021384,8172.172279849623,30,,True,
temporal,rsf_naive,naive,5.0,calib_slope,0.9768818279107412,0.7518248990178108,1.3234087377786636,0.6883525222667779,1.2654111335547045,0.1471749773611826,0.0520908578805003,4873.989257425851,30,,True,
temporal,rsf_naive,naive,5.0,ici,0.0075766346727808,0.0052627121098339,0.0102009570226073,0.0050787799863594,0.0100744893592022,0.0012742604834558,0.0144800710420988,8637.234821386983,30,,True,
temporal,rsf_naive,naive,5.0,e50,0.0027025481453165,0.0009639091862482,0.0059196259593591,0.0003568435169362,0.0050482527736968,0.0011965520838527,0.0440932598631675,5614.976317988922,30,,True,
temporal,rsf_naive,naive,5.0,e90,0.0221633852769931,0.0140096626244485,0.0302293974906206,0.0140054878089566,0.0303212827450295,0.0041615588256298,0.0300073797081431,7093.136474341824,30,,True,
temporal,rsf_naive,naive,5.0,obs_concordant,0.0141172623261809,0.0117911327630281,0.0166284072212874,0.0116712764968003,0.0165632481555615,0.0012478129189112,0.0002143852355178,9326.000643017896,30,,True,
temporal,rsf_naive,naive,5.0,eo_concordant,1.5218294938405357,1.2986396938562392,1.825239524245262,1.2569492453729736,1.786709742308097,0.1351276478272851,0.0058681333126409,9179.591007416731,30,,True,
temporal,rsf_naive,naive,5.0,calib_intercept_concordant,-0.4194461186726888,-0.6497551992535591,-0.2220949470996856,-0.6328717699555858,-0.2060204673897918,0.1088765979439635,0.0192140885436996,8216.211187124207,30,,True,
temporal,rsf_naive,naive,5.0,calib_slope_concordant,0.9870982944965364,0.7631141647696496,1.3294768750667574,0.7011763653918441,1.2730202236012285,0.1458444694409539,0.0528898753960008,4805.05924511867,30,,True,
temporal,rsf_naive,naive,5.0,ici_concordant,0.0072320246603339,0.0048575840657576,0.009898950648494,0.00468055689371,0.0097834924269579,0.0013016108383274,0.0144374752177332,8640.697275970935,30,,True,
temporal,rsf_naive,naive,5.0,e50_concordant,0.0027769750760247,0.0010118835489265,0.0058967835735529,0.000448963014004,0.0051049871380453,0.0011875019181664,0.0493987529353465,5113.19424294395,30,,True,
temporal,rsf_naive,naive,5.0,e90_concordant,0.0208301230644186,0.0124803413869813,0.0291482029482722,0.0124376345187673,0.0292226116100699,0.0042812360819747,0.0294512290744519,7153.401804107506,30,,True,
temporal,rsf_naive,naive,5.0,auc,0.8481868346532185,0.8197383522987366,0.8735001891851425,0.8209484186328903,0.8754252506735468,0.0138941897226541,0.048133577692507,5229.26853697148,30,,True,
temporal,rsf_naive,naive,5.0,cindex,0.8455466051896413,0.8173753410577774,0.8707028195261955,0.8185135608309434,0.8725796495483392,0.0137894300312804,0.0481434585994818,5228.353087401047,30,,True,
temporal,rsf_naive,naive,5.0,auc_marginal_ipcw,0.8481868346532185,0.8197383522987366,0.8735001891851425,0.8209484186328903,0.8754252506735468,0.0138941897226541,0.048133577692507,5229.26853697148,30,,True,
temporal,rsf_naive,naive,5.0,cindex_marginal_ipcw,0.8455466051896413,0.8173753410577774,0.8707028195261955,0.8185135608309434,0.8725796495483392,0.0137894300312804,0.0481434585994818,5228.353087401047,30,,True,
temporal,rsf_naive,naive,5.0,at_risk_fraction,1.0,1.0,1.0,1.0,1.0,0.0,0.0002143852355178,9326.000643017896,30,,True,
temporal,rsf_naive,naive,5.0,nb_at_0.01,0.0086865366436541,0.0064077097340486,0.0110451709479093,0.0063315186331506,0.0110415546541575,0.0012013827872597,0.0202036616996017,8120.498324193113,30,,True,
temporal,rsf_naive,naive,5.0,nb_at_0.02,0.0054650008678436,0.003287969622761,0.0076959929428994,0.0032310153558036,0.0076989863798836,0.0011396471661509,0.016110831537531,8499.951582600292,30,,True,
temporal,rsf_naive,naive,5.0,nb_at_0.03,0.003355276522537,0.0012564744101837,0.0055176573805511,0.001206573271904,0.0055039797731701,0.0010960238602152,0.0523395240976816,4852.435262461526,30,,True,
temporal,rsf_naive,naive,5.0,nb_at_0.05,0.0012014977032473,-0.0007052146247588,0.0031424365006387,-0.0007333653860508,0.0031363607925455,0.0009869798967314,0.0442247808429582,5602.074508812021,30,,True,
temporal,rsf_naive,naive,5.0,nb_at_0.075,-0.0003142385598342,-0.001909187529236,0.0013703273143619,-0.0019631813309147,0.0013347042112462,0.0008407197008539,0.1168113764672309,1716.909527894372,30,,True,
temporal,rsf_naive,naive,5.0,nb_at_0.2,-0.0001875870924171,-0.0005627612699754,0.0002411833993392,-0.0005865200341341,0.0002113458492999,0.0002022532276803,0.3931298687298781,191.29046195237493,30,,True,
temporal,rsf_naive,naive,5.0,frac_above_0.01,0.4384928703308105,0.4248043596744537,0.4525672495365143,0.4239689266472006,0.4530168140144204,0.0073257800557009,0.5350000877470212,106.08084960870448,30,,True,
temporal,rsf_naive,naive,5.0,frac_above_0.02,0.305516849954923,0.2945653200149536,0.3162182569503784,0.2945492209864641,0.3164844789233819,0.0055776403103016,0.2766739036528062,372.2934755635188,30,,True,
temporal,rsf_naive,naive,5.0,frac_above_0.03,0.231789759794871,0.2213527709245681,0.2420409470796585,0.2211878135156376,0.2423917060741044,0.0053843210831379,0.3328699868669965,262.5521403526398,30,,True,
temporal,rsf_naive,naive,5.0,frac_above_0.05,0.1413191849986712,0.1327044665813446,0.1493193209171295,0.1328771206489125,0.1497612493484298,0.0042937200468237,0.2717114547281387,385.1599720307441,30,,True,
temporal,rsf_naive,naive,5.0,frac_above_0.075,0.0759566935400168,0.0693536251783371,0.0825383216142654,0.0692768352589652,0.0826365518210683,0.003392019874775,0.3375678010208106,255.66068083611867,30,,True,
temporal,rsf_naive,naive,5.0,frac_above_0.2,0.0015185621741693,0.0005359631031751,0.0026798155158758,0.000345847676443,0.0026912766718956,0.0005906931620457,0.5674637221345142,94.74752847640312,30,,True,
temporal,rsf_naive,naive,5.0,nb_all_at_0.01,0.0038665137253701,0.0015927308704704,0.0063568474724888,0.0014464666268714,0.0062865608238689,0.0012345803469536,0.0002143852355178,9326.000643017896,30,,True,
temporal,rsf_naive,naive,5.0,nb_all_at_0.02,-0.0062981136143207,-0.0085950987413525,-0.0037823682650923,-0.0087428550462132,-0.0038533721824282,0.0012471780929677,0.0002143852355178,9326.000643017896,30,,True,
temporal,rsf_naive,naive,5.0,nb_all_at_0.03,-0.0166723206639289,-0.0189929865300655,-0.0141306398436427,-0.0191422656698638,-0.0142023756579941,0.0012600356266929,0.0002143852355178,9326.000643017896,30,,True,
temporal,rsf_naive,naive,5.0,nb_all_at_0.05,-0.0380759499967098,-0.0404454693198204,-0.035480760037899,-0.0405978938150973,-0.0355540061783222,0.0012865626773271,0.0002143852355178,9326.000643017896,30,,True,
temporal,rsf_naive,naive,5.0,nb_all_at_0.075,-0.066132053732872,-0.0685656145215034,-0.063466727733612,-0.0687221584667712,-0.0635419489989727,0.0013213347802227,0.0002143852355178,9326.000643017896,30,,True,
temporal,rsf_naive,naive,5.0,nb_all_at_0.2,-0.2327151894569397,-0.2355289906263351,-0.2296334058046341,-0.2357099990460796,-0.2297203798677997,0.0015277938449685,0.0002143852355178,9326.000643017896,30,,True,
temporal,rsf_naive,naive,10.0,mean_pred,0.0488356928030649,0.0473280400969088,0.0503052940592169,0.0473330658695426,0.0503383197365873,0.0007662781984587,0.0931345123871185,2427.3352981021458,30,,True,
temporal,rsf_naive,naive,10.0,obs_cif,0.0329607911407947,0.0293308441527187,0.0366590986028313,0.0293237483018871,0.0365978339797023,0.0018554273645042,0.0002143852355178,9326.000643017896,30,,True,
temporal,rsf_naive,naive,10.0,eo,1.4816298961639405,1.3398202300071715,1.6576813101768493,1.321497780257792,1.641762012070089,0.0816906864250328,0.0076961809353897,9094.031301562947,30,,True,
temporal,rsf_naive,naive,10.0,calib_intercept,-0.4948880026737849,-0.6446197554469109,-0.3659074038267135,-0.6334245720802189,-0.3563514332673509,0.0706721354398956,0.0241809639115539,7716.762045445622,30,,True,
temporal,rsf_naive,naive,10.0,calib_slope,0.8561678389708202,0.7213147446513176,1.0241784393787383,0.7055680126041206,1.0067676653375195,0.0768166307163234,0.0585981314493918,4340.332320086343,30,,True,
temporal,rsf_naive,naive,10.0,ici,0.015925966668874,0.0126396137988194,0.0198096794076263,0.0123208422002632,0.0195310911374848,0.0018391128001376,0.0189750817330461,8238.983755089615,30,,True,
temporal,rsf_naive,naive,10.0,e50,0.0032918114525576,0.0007534222851973,0.0089674755232408,-0.0007570376256931,0.0073406605308083,0.0020652686718053,0.05160938054576,4915.984324679697,30,,True,
temporal,rsf_naive,naive,10.0,e90,0.0522582496205965,0.0401859312318265,0.0644064711406827,0.04010751617073,0.0644089830704631,0.0061981090325335,0.0450392192560539,5522.684332154724,30,,True,
temporal,rsf_naive,naive,10.0,obs_concordant,0.0346031598746776,0.0308013457804918,0.0385192499496042,0.0307813716361151,0.0384249481132402,0.0019496747201633,0.0002143852355178,9326.000643017896,30,,True,
temporal,rsf_naive,naive,10.0,eo_concordant,1.4113072713216146,1.2760720789432525,1.5785274028778078,1.259079286782157,1.5635352558610722,0.0776584272203652,0.0077261026183735,9092.485677981796,30,,True,
temporal,rsf_naive,naive,10.0,calib_intercept_concordant,-0.4138289640347163,-0.5611098229885101,-0.2867364920675754,-0.5505463686189459,-0.2771115594504867,0.0697441899908652,0.0236951919139575,7767.411219991658,30,,True,
temporal,rsf_naive,naive,10.0,calib_slope_concordant,0.8777028580506643,0.7461380615830422,1.0400787889957428,0.731539870432494,1.0238658456688343,0.0745529054655869,0.0602567770603027,4214.345872313723,30,,True,
temporal,rsf_naive,naive,10.0,ici_concordant,0.0140998213551938,0.0105619390495121,0.0180299145635217,0.0103241740261535,0.0178754686842341,0.0019261014476499,0.0194684747045217,8191.822231937337,30,,True,
temporal,rsf_naive,naive,10.0,e50_concordant,0.0039281066895152,0.0009101172763621,0.0092780529987066,-0.000275027963814,0.0081312413428444,0.002143618261234,0.0808294221641154,2957.615618027148,30,,True,
temporal,rsf_naive,naive,10.0,e90_concordant,0.0444399300962686,0.0315575109794735,0.0573191887699067,0.0315124475268347,0.0573674126657025,0.0065944280492667,0.041002015408039,5924.405858536397,30,,True,
temporal,rsf_naive,naive,10.0,auc,0.822046955426534,0.7988617405295372,0.8414340183138848,0.800915278478903,0.8431786323741651,0.0107798137062383,0.0304479488960687,7045.36719665733,30,,True,
temporal,rsf_naive,naive,10.0,cindex,0.8222478111584981,0.8000014096498489,0.8410623744130135,0.8018061267047679,0.8426894956122283,0.0104278663814089,0.0291280063408967,7188.3978005517165,30,,True,
temporal,rsf_naive,naive,10.0,auc_marginal_ipcw,0.8229681173960368,0.8002567261457443,0.8421153724193573,0.8021629424166653,0.8437732923754083,0.0106132233851496,0.0316110838057358,6919.239701537504,30,,True,
temporal,rsf_naive,naive,10.0,cindex_marginal_ipcw,0.8219986478487651,0.8002405568957329,0.8404109001159668,0.8019894141096688,0.8420078815878613,0.0102072190449969,0.0307215047246578,7015.70061162699,30,,True,
temporal,rsf_naive,naive,10.0,at_risk_fraction,0.7793976068496704,0.7709293365478516,0.7878658175468445,0.7709750725654768,0.787820141133864,0.0042967326153523,0.0002143852355178,9326.000643017896,30,,True,
temporal,rsf_naive,naive,10.0,nb_at_0.01,0.0260380027815699,0.022427501482889,0.0296809722203761,0.022429804695539,0.0296462008676008,0.001840697174628,0.012768979543216,8770.985087130566,30,,True,
temporal,rsf_naive,naive,10.0,nb_at_0.02,0.0215643698970476,0.0180620206985622,0.0251327479258179,0.018020776702975,0.0251079630911203,0.0018077453249679,0.0096629124399574,8982.941233820513,30,,True,
temporal,rsf_naive,naive,10.0,nb_at_0.03,0.017830518571039,0.0143482372630387,0.0213238697499036,0.0143448961140109,0.0213161410280671,0.0017781746158161,0.0078229909503922,9087.449485594085,30,,True,
temporal,rsf_naive,naive,10.0,nb_at_0.05,0.0114665255260964,0.0080331686418503,0.0149195014033466,0.0080276391452855,0.0149054119069072,0.0017542351420515,0.0362831199492799,6416.539192391959,30,,True,
temporal,rsf_naive,naive,10.0,nb_at_0.075,0.0059940425213426,0.002734708081698,0.0092343508498743,0.0027495937301168,0.0092384913125684,0.001655074949749,0.0309242663593652,6993.710931701632,30,,True,
temporal,rsf_naive,naive,10.0,nb_at_0.2,-0.0028320274936656,-0.0051206473610363,-0.0005144246359122,-0.0051456878168313,-0.0005183671704998,0.0011799782538643,0.0807409270020498,2961.948082436717,30,,True,
temporal,rsf_naive,naive,10.0,frac_above_0.01,0.5835959573586782,0.5702647566795349,0.5970629453659058,0.5698297334562087,0.5973621812611477,0.0069558340936001,0.4906468958906707,125.21875649960444,30,,True,
temporal,rsf_naive,naive,10.0,frac_above_0.02,0.4684317727883657,0.4558902382850647,0.480758935213089,0.4557166538399571,0.4811468917367742,0.0064482933597803,0.3834176966403782,200.63866295482995,30,,True,
temporal,rsf_naive,naive,10.0,frac_above_0.03,0.3989102095365524,0.3871797621250152,0.4106549322605133,0.3870455929559365,0.4107748261171683,0.0060282082990775,0.3159576756698445,289.82365672549366,30,,True,
temporal,rsf_naive,naive,10.0,frac_above_0.05,0.303351554274559,0.2931718230247497,0.3134312331676483,0.2931185075637222,0.3135846009853958,0.0052142260174972,0.1680821491852263,927.6433613444444,30,,True,
temporal,rsf_naive,naive,10.0,frac_above_0.075,0.2263836776216825,0.2165264215320348,0.2360381633043289,0.2164759108802006,0.2362914443631643,0.005043497863896,0.229293892527135,528.4341327929612,30,,True,
temporal,rsf_naive,naive,10.0,frac_above_0.2,0.0556829957912365,0.0505949184298515,0.0609926022589206,0.0503606420280936,0.0610053495543794,0.0027101831478648,0.21134908569192,613.9459356653786,30,,True,
temporal,rsf_naive,naive,10.0,nb_all_at_0.01,0.0231927167624235,0.0195261059794575,0.0269283819478005,0.0195189362119352,0.0268664973129118,0.0018741690066556,0.0002143852355178,9326.000643017896,30,,True,
temporal,rsf_naive,naive,10.0,nb_all_at_0.02,0.0132252965122461,0.0095212692627683,0.0169990793801844,0.0095140283456546,0.0169365646788376,0.0018932932105291,0.0002143852355178,9326.000643017896,30,,True,
temporal,rsf_naive,naive,10.0,nb_all_at_0.03,0.0030523610766977,-0.0006898514184285,0.0068650488974526,-0.0006971676712872,0.0068018898246826,0.0019128117405117,0.0002143852355178,9326.000643017896,30,,True,
temporal,rsf_naive,naive,10.0,nb_all_at_0.05,-0.0179360099136829,-0.0217570055741816,-0.0140430550090968,-0.0217644761066802,-0.0141075437206856,0.0019530814601843,0.0002143852355178,9326.000643017896,30,,True,
temporal,rsf_naive,naive,10.0,nb_all_at_0.075,-0.0454477928578853,-0.0493720619007945,-0.0414496254175901,-0.0493797312601251,-0.0415158544556456,0.0020058675221026,0.0002143852355178,9326.000643017896,30,,True,
temporal,rsf_naive,naive,10.0,nb_all_at_0.2,-0.2087990194559097,-0.2133364498615264,-0.2041761230677366,-0.2133453227523181,-0.2042527161595013,0.0023192840769578,0.0002143852355178,9326.000643017896,30,,True,
temporal,gbs_naive,naive,5.0,mean_pred,0.0214597307766477,0.0205418014433234,0.0224250915460288,0.0205116898843946,0.0224077716689007,0.0004827198372229,0.2149282946849973,595.3286598835767,30,,True,
temporal,gbs_naive,naive,5.0,obs_cif,0.0138278482481837,0.0115768034011125,0.016293279826641,0.0114320015833377,0.0162236949130297,0.001222234562529,0.0002143852355178,9326.000643017896,30,,True,
temporal,gbs_naive,naive,5.0,eo,1.5519211371739705,1.3205234706401825,1.864737930893898,1.2798577938076754,1.8239844805402656,0.1387910811211454,0.0136154250085503,8706.214352271978,30,,True,
temporal,gbs_naive,naive,5.0,calib_intercept,-0.6915639599164327,-1.0134704142808917,-0.4345393657684325,-0.9815088875658284,-0.401619032267037,0.1478745892243755,0.0794954220729139,3023.7904320278635,30,,True,
temporal,gbs_naive,naive,5.0,calib_slope,0.7291981935501098,0.576769545674324,0.9781141281127932,0.5246205351087381,0.9337758519914816,0.10431909960202,0.1015635262817674,2134.941242990896,30,,True,
temporal,gbs_naive,naive,5.0,ici,0.0074319194847097,0.0055042695952579,0.0100143910385668,0.0051716643430402,0.0096921746263791,0.001152961178792,0.0447386134991977,5551.885199921346,30,,True,
temporal,gbs_naive,naive,5.0,e50,0.0013059678933738,0.0003664568946987,0.003283517510863,-0.0001682995350819,0.0027802353218296,0.0007518570015544,0.0858374647300334,2725.1551966785496,30,,True,
temporal,gbs_naive,naive,5.0,e90,0.0194517621149619,0.0108400824246928,0.0281716467812657,0.0108353966368652,0.0280681275930586,0.0043950379776802,0.054892989674843,4636.444116805436,30,,True,
temporal,gbs_naive,naive,5.0,obs_concordant,0.0141172623261809,0.0117911327630281,0.0166284072212874,0.0116712764968003,0.0165632481555615,0.0012478129189112,0.0002143852355178,9326.000643017896,30,,True,
temporal,gbs_naive,naive,5.0,eo_concordant,1.5201056679089864,1.2937892526388168,1.826580846309662,1.253828453160239,1.7863828826577337,0.1358393272834018,0.0136364703757325,8704.568563774274,30,,True,
temporal,gbs_naive,naive,5.0,calib_intercept_concordant,-0.6551463584105174,-0.9739304527640342,-0.4006796687841415,-0.9420757176827824,-0.3682169991382523,0.1463382573392632,0.0778000190095968,3110.626027272689,30,,True,
temporal,gbs_naive,naive,5.0,calib_slope_concordant,0.7342167437076569,0.5831278502941132,0.9801682561635972,0.5317436582270885,0.9366898291882252,0.1032453418307546,0.1022323655751817,2113.823725174526,30,,True,
temporal,gbs_naive,naive,5.0,ici_concordant,0.0070726518674443,0.0051631422247737,0.0097146993735805,0.0047982750128204,0.0093470287220682,0.001160159284975,0.0459429813673591,5435.622018028219,30,,True,
temporal,gbs_naive,naive,5.0,e50_concordant,0.0013414889147194,0.0004111725640541,0.0032365064602345,-8.02217960363485e-05,0.0027631996254752,0.0007250886084373,0.0788670360100821,3055.6136276389816,30,,True,
temporal,gbs_naive,naive,5.0,e90_concordant,0.0180618076585233,0.0092800810933113,0.0270192569587379,0.0092204445586137,0.0269031707584329,0.0045098332609895,0.053522296058637,4751.176518833489,30,,True,
temporal,gbs_naive,naive,5.0,auc,0.8529499113559723,0.8281572312116623,0.8764143586158752,0.8287058064240829,0.8771940162878618,0.0123676403890291,0.027335393689212,7381.806966338911,30,,True,
temporal,gbs_naive,naive,5.0,cindex,0.85034552415212,0.8258248165249824,0.8736935898661613,0.8262663860432207,0.8744246622610192,0.0122834849945102,0.0273661438181602,7378.5023939427,30,,True,
temporal,gbs_naive,naive,5.0,auc_marginal_ipcw,0.8529499113559723,0.8281572312116623,0.8764143586158752,0.8287058064240829,0.8771940162878618,0.0123676403890291,0.027335393689212,7381.806966338911,30,,True,
temporal,gbs_naive,naive,5.0,cindex_marginal_ipcw,0.85034552415212,0.8258248165249824,0.8736935898661613,0.8262663860432207,0.8744246622610192,0.0122834849945102,0.0273661438181602,7378.5023939427,30,,True,
temporal,gbs_naive,naive,5.0,at_risk_fraction,1.0,1.0,1.0,1.0,1.0,0.0,0.0002143852355178,9326.000643017896,30,,True,
temporal,gbs_naive,naive,5.0,nb_at_0.01,0.0091663048913081,0.0069285416975617,0.0115281064761802,0.0068258533266339,0.0115067564559823,0.0011939649132469,0.0128999606945741,8761.146694348676,30,,True,
temporal,gbs_naive,naive,5.0,nb_at_0.02,0.0056120079321165,0.0034454225329682,0.0078491251915693,0.0033893777991789,0.0078346380650541,0.0011336840097364,0.0613048198489181,4136.803109942181,30,,True,
temporal,gbs_naive,naive,5.0,nb_at_0.03,0.0036033298276985,0.0015437672467669,0.0057232021354138,0.0015084688941684,0.0056981907612286,0.0010685841886427,0.046900309488695,5344.616394913575,30,,True,
temporal,gbs_naive,naive,5.0,nb_at_0.05,0.0012107124784961,-0.0006036637350916,0.003057810710743,-0.0006405635759432,0.0030619885329355,0.0009443374179237,0.0454582334784384,5482.182334063134,30,,True,
temporal,gbs_naive,naive,5.0,nb_at_0.075,-0.0001164633392363,-0.0017179790884256,0.0015731242019683,-0.0017679865972307,0.001535059918758,0.0008421541656686,0.1012138141252089,2146.0972263418644,30,,True,
temporal,gbs_naive,naive,5.0,nb_at_0.2,-0.0007271233092372,-0.0016078894259408,0.0002411833993392,-0.0016608637249741,0.0002066171064995,0.0004758896000401,0.151327987083928,1114.608694764133,30,,True,
temporal,gbs_naive,naive,5.0,frac_above_0.01,0.3888519644737244,0.3776396214962005,0.3998284935951233,0.3776012238331146,0.4001027051143341,0.005726381069245,0.2362754791573013,499.8872552150278,30,,True,
temporal,gbs_naive,naive,5.0,frac_above_0.02,0.2681209127108256,0.2581198513507843,0.2780576646327972,0.25811151488045,0.2781303105412012,0.0050990661025753,0.1844461589155936,786.0605541671016,30,,True,
temporal,gbs_naive,naive,5.0,frac_above_0.03,0.2043555930256843,0.1951977759599685,0.2133133262395858,0.1952049112002143,0.2135062748511543,0.0046624050072282,0.1727713585298659,883.4924561078874,30,,True,
temporal,gbs_naive,naive,5.0,frac_above_0.05,0.1275663711130619,0.1189838126301765,0.1359202414751052,0.1189649698606207,0.136167772365503,0.0043654596139004,0.3568769071148049,230.0127900206332,30,,True,
temporal,gbs_naive,naive,5.0,frac_above_0.075,0.074184443304936,0.0681745111942291,0.0801800861954689,0.0681553545494093,0.0802135320604628,0.003070050744468,0.211487065981782,613.2123678617062,30,,True,
temporal,gbs_naive,naive,5.0,frac_above_0.2,0.0095544358715415,0.0072890985757112,0.0122199589386582,0.0070268040943091,0.0120820676487738,0.0012811288179965,0.4017282699637395,183.5525242262935,30,,True,
temporal,gbs_naive,naive,5.0,nb_all_at_0.01,0.0038665137253701,0.0015927308704704,0.0063568474724888,0.0014464666268714,0.0062865608238689,0.0012345803469536,0.0002143852355178,9326.000643017896,30,,True,
temporal,gbs_naive,naive,5.0,nb_all_at_0.02,-0.0062981136143207,-0.0085950987413525,-0.0037823682650923,-0.0087428550462132,-0.0038533721824282,0.0012471780929677,0.0002143852355178,9326.000643017896,30,,True,
temporal,gbs_naive,naive,5.0,nb_all_at_0.03,-0.0166723206639289,-0.0189929865300655,-0.0141306398436427,-0.0191422656698638,-0.0142023756579941,0.0012600356266929,0.0002143852355178,9326.000643017896,30,,True,
temporal,gbs_naive,naive,5.0,nb_all_at_0.05,-0.0380759499967098,-0.0404454693198204,-0.035480760037899,-0.0405978938150973,-0.0355540061783222,0.0012865626773271,0.0002143852355178,9326.000643017896,30,,True,
temporal,gbs_naive,naive,5.0,nb_all_at_0.075,-0.066132053732872,-0.0685656145215034,-0.063466727733612,-0.0687221584667712,-0.0635419489989727,0.0013213347802227,0.0002143852355178,9326.000643017896,30,,True,
temporal,gbs_naive,naive,5.0,nb_all_at_0.2,-0.2327151894569397,-0.2355289906263351,-0.2296334058046341,-0.2357099990460796,-0.2297203798677997,0.0015277938449685,0.0002143852355178,9326.000643017896,30,,True,
temporal,gbs_naive,naive,10.0,mean_pred,0.0499968792001406,0.0480586430989205,0.0519550231285393,0.0480267928926533,0.0519669655076279,0.0010035848641056,0.1865560193210374,770.1442729418927,30,,True,
temporal,gbs_naive,naive,10.0,obs_cif,0.0329607911407947,0.0293308441527187,0.0366590986028313,0.0293237483018871,0.0365978339797023,0.0018554273645042,0.0002143852355178,9326.000643017896,30,,True,
temporal,gbs_naive,naive,10.0,eo,1.516859221458435,1.367973816394806,1.6997710645198822,1.3494591844568098,1.6842592584600604,0.0853964515749938,0.0236444256794458,7772.6864321453295,30,,True,
temporal,gbs_naive,naive,10.0,calib_intercept,-0.8007070163885752,-1.0071428030729297,-0.6247736513614653,-0.9922294285287866,-0.6091846042483638,0.0976527266826967,0.1121667882780261,1831.2565821854664,30,,True,
temporal,gbs_naive,naive,10.0,calib_slope,0.6213907519976298,0.5377912774682045,0.72624322026968,0.5259981331889342,0.7167833708063255,0.0486150225560993,0.1557779870658568,1059.9684387338834,30,,True,
temporal,gbs_naive,naive,10.0,ici,0.0182728140304485,0.0154678067192435,0.0218505882658064,0.0150667363243047,0.0214788917365924,0.0016349337594145,0.0958197298445184,2328.6370831723907,30,,True,
temporal,gbs_naive,naive,10.0,e50,0.0039958466465274,0.0016414792306022,0.0066767324344255,0.001522320531485,0.0064693727615698,0.001261418262911,0.090940988308375,2512.1403656083007,30,,True,
temporal,gbs_naive,naive,10.0,e90,0.0490433157732089,0.0355603269301354,0.0622779302299022,0.0355813991490551,0.0625052323973627,0.0068664104664221,0.0621691720503872,4074.0406101401472,30,,True,
temporal,gbs_naive,naive,10.0,obs_concordant,0.0346031598746776,0.0308013457804918,0.0385192499496042,0.0307813716361151,0.0384249481132402,0.0019496747201633,0.0002143852355178,9326.000643017896,30,,True,
temporal,gbs_naive,naive,10.0,eo_concordant,1.4448645075162252,1.3031580090522763,1.6189719140529633,1.2857842212324586,1.6039447937999918,0.0811522450803366,0.023755052148374,7761.18656694444,30,,True,
temporal,gbs_naive,naive,10.0,calib_intercept_concordant,-0.7076316157976786,-0.9071547031402588,-0.5370240673422814,-0.893181841849325,-0.5220813897460322,0.0946118063825736,0.1073423743343382,1961.526128581297,30,,True,
temporal,gbs_naive,naive,10.0,calib_slope_concordant,0.6351555347442627,0.5537205338478088,0.736078004539013,0.5427315636767621,0.7275795058117632,0.0470984769823193,0.1617069507897993,993.004152127448,30,,True,
temporal,gbs_naive,naive,10.0,ici_concordant,0.0169661166767279,0.0140728825703263,0.0204602759797126,0.013749569570004,0.0201826637834518,0.0016398999383356,0.1210719390980529,1620.5979426400345,30,,True,
temporal,gbs_naive,naive,10.0,e50_concordant,0.0045334546826779,0.0022737224237062,0.0069962812936864,0.0021066403327701,0.0069602690325857,0.0012363917102131,0.1787140594152955,831.8183541047932,30,,True,
temporal,gbs_naive,naive,10.0,e90_concordant,0.0409126985818147,0.0267185434699058,0.0548883805982768,0.0267675291457515,0.0550578680178779,0.0072151266160614,0.0562211786247423,4527.947943092496,30,,True,
temporal,gbs_naive,naive,10.0,auc,0.8253499090671539,0.8034126728773117,0.8437004223465919,0.8054157756586894,0.8452840424756184,0.0101684589287917,0.0444002385806404,5584.897607373336,30,,True,
temporal,gbs_naive,naive,10.0,cindex,0.8253686924775442,0.8044138520956039,0.8431482002139091,0.8061553317236155,0.8445820532314728,0.0098009073995514,0.0411488203248914,5909.454593685966,30,,True,
temporal,gbs_naive,naive,10.0,auc_marginal_ipcw,0.8266284565130869,0.804994210600853,0.8447485655546189,0.8069564491876763,0.8463004638384976,0.0100347636576576,0.0439782000605724,5626.2816665230985,30,,True,
temporal,gbs_naive,naive,10.0,cindex_marginal_ipcw,0.8253807644049327,0.8047896280884743,0.8428681194782257,0.8064371422820747,0.8443243865277906,0.0096632990588539,0.0415066518114257,5873.113860519776,30,,True,
temporal,gbs_naive,naive,10.0,at_risk_fraction,0.7793976068496704,0.7709293365478516,0.7878658175468445,0.7709750725654768,0.787820141133864,0.0042967326153523,0.0002143852355178,9326.000643017896,30,,True,
temporal,gbs_naive,naive,10.0,nb_at_0.01,0.0261675041789809,0.0225701135583221,0.029753223573789,0.022577372389764,0.0297576359681979,0.0018314932664078,0.004643897503292,9226.812028756483,30,,True,
temporal,gbs_naive,naive,10.0,nb_at_0.02,0.0223431984583536,0.018808732368052,0.0258914798498153,0.0187943868040641,0.0258920101126431,0.0018104060196587,0.0105165123110526,8928.950783677645,30,,True,
temporal,gbs_naive,naive,10.0,nb_at_0.03,0.0189257644116878,0.0153949133818969,0.0224441609811037,0.015394348551951,0.0224571802714246,0.0018014590934598,0.0319377954230212,6883.832729630262,30,,True,
temporal,gbs_naive,naive,10.0,nb_at_0.05,0.0121958289295434,0.0088481852551922,0.0155376615002751,0.0088385390643235,0.0155531187947634,0.0017126192993691,0.0347692394555955,6578.283837891828,30,,True,
temporal,gbs_naive,naive,10.0,nb_at_0.075,0.0064714323574056,0.0032958094321656,0.0096449250122532,0.0033020667796609,0.0096407979351502,0.001616679394447,0.0480267313615088,5239.176577598679,30,,True,
temporal,gbs_naive,naive,10.0,nb_at_0.2,-0.0039538623377059,-0.006372997467406,-0.001516434532823,-0.0064071732608387,-0.0015005514145731,0.0012499371181386,0.1761619107075758,853.4541488120333,30,,True,
temporal,gbs_naive,naive,10.0,frac_above_0.01,0.5650587697823842,0.5523635745048523,0.5783042311668396,0.5517857862919482,0.5783317532728203,0.0067195766737463,0.437173084723981,156.16913632294828,30,,True,
temporal,gbs_naive,naive,10.0,frac_above_0.02,0.4287704994281133,0.4174080789089203,0.4398113489151001,0.4174147617324636,0.4401262371237629,0.0057811122687617,0.2242669620791281,550.5140205131021,30,,True,
temporal,gbs_naive,naive,10.0,frac_above_0.03,0.3559581240018208,0.3448386788368225,0.3668131530284881,0.344861129464363,0.3670551185392787,0.0056470085730161,0.2464689757241386,462.1567930540106,30,,True,
temporal,gbs_naive,naive,10.0,frac_above_0.05,0.2665023028850555,0.2566191554069519,0.2762354016304016,0.256721112977903,0.276283492792208,0.0049852267298091,0.148866978970394,1146.5879406339498,30,,True,
temporal,gbs_naive,naive,10.0,frac_above_0.075,0.2016722048322359,0.1927323341369629,0.2104191184043884,0.1927434986729274,0.2106009109915445,0.0045512862502103,0.1386576693738732,1294.380611595523,30,,True,
temporal,gbs_naive,naive,10.0,frac_above_0.2,0.0602029516051213,0.0546682402491569,0.0656018853187561,0.0547046116803129,0.0657012915299296,0.002798913875427,0.2290597021324148,529.4333386821585,30,,True,
temporal,gbs_naive,naive,10.0,nb_all_at_0.01,0.0231927167624235,0.0195261059794575,0.0269283819478005,0.0195189362119352,0.0268664973129118,0.0018741690066556,0.0002143852355178,9326.000643017896,30,,True,
temporal,gbs_naive,naive,10.0,nb_all_at_0.02,0.0132252965122461,0.0095212692627683,0.0169990793801844,0.0095140283456546,0.0169365646788376,0.0018932932105291,0.0002143852355178,9326.000643017896,30,,True,
temporal,gbs_naive,naive,10.0,nb_all_at_0.03,0.0030523610766977,-0.0006898514184285,0.0068650488974526,-0.0006971676712872,0.0068018898246826,0.0019128117405117,0.0002143852355178,9326.000643017896,30,,True,
temporal,gbs_naive,naive,10.0,nb_all_at_0.05,-0.0179360099136829,-0.0217570055741816,-0.0140430550090968,-0.0217644761066802,-0.0141075437206856,0.0019530814601843,0.0002143852355178,9326.000643017896,30,,True,
temporal,gbs_naive,naive,10.0,nb_all_at_0.075,-0.0454477928578853,-0.0493720619007945,-0.0414496254175901,-0.0493797312601251,-0.0415158544556456,0.0020058675221026,0.0002143852355178,9326.000643017896,30,,True,
temporal,gbs_naive,naive,10.0,nb_all_at_0.2,-0.2087990194559097,-0.2133364498615264,-0.2041761230677366,-0.2133453227523181,-0.2042527161595013,0.0023192840769578,0.0002143852355178,9326.000643017896,30,,True,
temporal,logistic_cr,competing,5.0,mean_pred,0.0192383322243889,0.018533293576911,0.0199759958777576,0.0185165376648153,0.0199601267839624,0.0003676846805481,0.1876021651906916,762.4272999083041,30,,True,
temporal,logistic_cr,competing,5.0,obs_cif,0.0138278482481837,0.0115768034011125,0.016293279826641,0.0114320015833377,0.0162236949130297,0.001222234562529,0.0002143852355178,9326.000643017896,30,,True,
temporal,logistic_cr,competing,5.0,eo,1.3912744323412578,1.1847619771957398,1.6691958338022232,1.1475771192804771,1.6349717454020385,0.124321002188535,0.0086836824501392,9040.633231939122,30,,True,
temporal,logistic_cr,competing,5.0,calib_intercept,-0.5094838341077169,-0.7882722094655037,-0.2689371436834335,-0.7678255728945473,-0.2511420953208864,0.1317865167980857,0.0312150499906108,6962.177192496947,30,,True,
temporal,logistic_cr,competing,5.0,calib_slope,0.7295406679312388,0.6193523064255715,0.8874686822295189,0.593740529459382,0.8653408064030956,0.0692680285173363,0.0577420512563575,4406.939215218345,30,,True,
temporal,logistic_cr,competing,5.0,ici,0.0057199478615075,0.0041376320994459,0.0079671569634228,0.00380258696832,0.007637308754695,0.0009780706403659,0.0388629737573992,6144.879556936893,30,,True,
temporal,logistic_cr,competing,5.0,e50,0.0027354215582211,0.0017733705521095,0.004565303097479,0.0013658486683548,0.0041049944480874,0.000698595212596,0.053928322609798,4716.897718115747,30,,True,
temporal,logistic_cr,competing,5.0,e90,0.008049325691536,0.0044971359195187,0.0162043378688395,0.001771600416774,0.014327050966298,0.0032021710318613,0.053033921256771,4792.733906098004,30,,True,
temporal,logistic_cr,competing,5.0,obs_concordant,0.0138278482481837,0.0115768034011125,0.016293279826641,0.0114320015833377,0.0162236949130297,0.001222234562529,0.0002143852355178,9326.000643017896,30,,True,
temporal,logistic_cr,competing,5.0,eo_concordant,1.3912744323412578,1.1847619771957398,1.6691958338022232,1.1475771192804771,1.6349717454020385,0.124321002188535,0.0086836824501392,9040.633231939122,30,,True,
temporal,logistic_cr,competing,5.0,calib_intercept_concordant,-0.5094838341077169,-0.7882722094655037,-0.2689371436834335,-0.7678255728945473,-0.2511420953208864,0.1317865167980857,0.0312150499906108,6962.177192496947,30,,True,
temporal,logistic_cr,competing,5.0,calib_slope_concordant,0.7295406679312388,0.6193523064255715,0.8874686822295189,0.593740529459382,0.8653408064030956,0.0692680285173363,0.0577420512563575,4406.939215218345,30,,True,
temporal,logistic_cr,competing,5.0,ici_concordant,0.0057199478615075,0.0041376320994459,0.0079671569634228,0.00380258696832,0.007637308754695,0.0009780706403659,0.0388629737573992,6144.879556936893,30,,True,
temporal,logistic_cr,competing,5.0,e50_concordant,0.0027354215582211,0.0017733705521095,0.004565303097479,0.0013658486683548,0.0041049944480874,0.000698595212596,0.053928322609798,4716.897718115747,30,,True,
temporal,logistic_cr,competing,5.0,e90_concordant,0.008049325691536,0.0044971359195187,0.0162043378688395,0.001771600416774,0.014327050966298,0.0032021710318613,0.053033921256771,4792.733906098004,30,,True,
temporal,logistic_cr,competing,5.0,auc,0.843515561024348,0.8156509026885033,0.8704684630036355,0.8158360266926681,0.8711950953560279,0.0141202313319558,0.0249838705976171,7632.415452915095,30,,True,
temporal,logistic_cr,competing,5.0,cindex,0.8408521592617035,0.8132836043834686,0.8676955118775368,0.8133833675932998,0.8683209509301073,0.0140127081969256,0.0255138000613525,7576.360554800753,30,,True,
temporal,logistic_cr,competing,5.0,auc_marginal_ipcw,0.843515561024348,0.8156509026885033,0.8704684630036355,0.8158360266926681,0.8711950953560279,0.0141202313319558,0.0249838705976171,7632.415452915095,30,,True,
temporal,logistic_cr,competing,5.0,cindex_marginal_ipcw,0.8408521592617035,0.8132836043834686,0.8676955118775368,0.8133833675932998,0.8683209509301073,0.0140127081969256,0.0255138000613525,7576.360554800753,30,,True,
temporal,logistic_cr,competing,5.0,at_risk_fraction,1.0,1.0,1.0,1.0,1.0,0.0,0.0002143852355178,9326.000643017896,30,,True,
temporal,logistic_cr,competing,5.0,nb_at_0.01,0.0087398802861571,0.0065333363600075,0.0110440887510776,0.0064140007100907,0.0110657598622234,0.0011865346479363,0.0101260315384988,8954.067214343799,30,,True,
temporal,logistic_cr,competing,5.0,nb_at_0.02,0.0056238209828734,0.0035307938233017,0.0077594337053596,0.0034600026704945,0.0077876392952523,0.0011038328362752,0.0255194940640592,7575.756735417302,30,,True,
temporal,logistic_cr,competing,5.0,nb_at_0.03,0.0033424575968335,0.0013946092221885,0.0052734628901816,0.0013761846116504,0.0053087305820165,0.0010030650086078,0.0225211643279096,7888.456332647125,30,,True,
temporal,logistic_cr,competing,5.0,nb_at_0.05,0.0012204914703033,-0.0004005619266536,0.0029619014821946,-0.0004691276409194,0.0029101105815262,0.000861871099198,0.0469240644026079,5342.374363551033,30,,True,
temporal,logistic_cr,competing,5.0,nb_at_0.075,0.0008402549913929,-0.0005446544382721,0.002343752188608,-0.0006365738064807,0.0023170837892665,0.0007533237516767,0.0480593808540466,5236.147205965872,30,,True,
temporal,logistic_cr,competing,5.0,nb_at_0.2,-0.0006797798967454,-0.001232715207152,-8.039447129704058e-05,-0.0012538709110617,-0.0001056888824291,0.0002925923652937,0.1509225437381487,1119.7879401590644,30,,True,
temporal,logistic_cr,competing,5.0,frac_above_0.01,0.430353378256162,0.4191231727600097,0.4413120448589325,0.4191505654398424,0.4415561910724815,0.0057033118064026,0.2237600422423107,552.8162242938439,30,,True,
temporal,logistic_cr,competing,5.0,frac_above_0.02,0.2721870859464009,0.2621931731700897,0.2822381854057312,0.2620910613452863,0.2822831105475156,0.0051399760503109,0.2223986397282118,559.0702437988089,30,,True,
temporal,logistic_cr,competing,5.0,frac_above_0.03,0.190041804810365,0.1809411495923996,0.1990566998720169,0.1809586810550418,0.1991249285656882,0.0046262869086239,0.1971121799892269,697.2055928781164,30,,True,
temporal,logistic_cr,competing,5.0,frac_above_0.05,0.1018687253197034,0.0946510881185531,0.1094436720013618,0.0944304004546813,0.1093070501847254,0.0037811141056944,0.2961071267112993,327.6326445469509,30,,True,
temporal,logistic_cr,competing,5.0,frac_above_0.075,0.0511416015525658,0.0463072136044502,0.0564905144274234,0.0460037266416177,0.056279476463514,0.0026142748124473,0.2516833525287929,444.4754475384859,30,,True,
temporal,logistic_cr,competing,5.0,frac_above_0.2,0.0049165684419373,0.0034301639534533,0.0065387501381337,0.0033124342023545,0.0065207026815201,0.0008160799187031,0.2601659532322943,417.79472341019846,30,,True,
temporal,logistic_cr,competing,5.0,nb_all_at_0.01,0.0038665137253701,0.0015927308704704,0.0063568474724888,0.0014464666268714,0.0062865608238689,0.0012345803469536,0.0002143852355178,9326.000643017896,30,,True,
temporal,logistic_cr,competing,5.0,nb_all_at_0.02,-0.0062981136143207,-0.0085950987413525,-0.0037823682650923,-0.0087428550462132,-0.0038533721824282,0.0012471780929677,0.0002143852355178,9326.000643017896,30,,True,
temporal,logistic_cr,competing,5.0,nb_all_at_0.03,-0.0166723206639289,-0.0189929865300655,-0.0141306398436427,-0.0191422656698638,-0.0142023756579941,0.0012600356266929,0.0002143852355178,9326.000643017896,30,,True,
temporal,logistic_cr,competing,5.0,nb_all_at_0.05,-0.0380759499967098,-0.0404454693198204,-0.035480760037899,-0.0405978938150973,-0.0355540061783222,0.0012865626773271,0.0002143852355178,9326.000643017896,30,,True,
temporal,logistic_cr,competing,5.0,nb_all_at_0.075,-0.066132053732872,-0.0685656145215034,-0.063466727733612,-0.0687221584667712,-0.0635419489989727,0.0013213347802227,0.0002143852355178,9326.000643017896,30,,True,
temporal,logistic_cr,competing,5.0,nb_all_at_0.2,-0.2327151894569397,-0.2355289906263351,-0.2296334058046341,-0.2357099990460796,-0.2297203798677997,0.0015277938449685,0.0002143852355178,9326.000643017896,30,,True,
temporal,logistic_cr,competing,10.0,mean_pred,0.0415097052852312,0.0402231438085436,0.0428051621653139,0.0402141104565364,0.042805300113926,0.0006606587670884,0.1009153349189475,2155.6816282333484,30,,True,
temporal,logistic_cr,competing,10.0,obs_cif,0.0329607911407947,0.0293308441527187,0.0366590986028313,0.0293237483018871,0.0365978339797023,0.0018554273645042,0.0002143852355178,9326.000643017896,30,,True,
temporal,logistic_cr,competing,10.0,eo,1.2593661944071453,1.1378709584474564,1.4103171437978743,1.1221112503632833,1.3966211384510072,0.0700199595259353,0.0084142394590096,9055.68739828372,30,,True,
temporal,logistic_cr,competing,10.0,calib_intercept,-0.3602768689393997,-0.5191136226058006,-0.2203659925609827,-0.5101127591315844,-0.2104409787472149,0.0764379420987538,0.0102826920095003,8944.0744552419,30,,True,
temporal,logistic_cr,competing,10.0,calib_slope,0.7542619824409484,0.6615946233272553,0.8643562570214272,0.6521056083427749,0.856418356539122,0.0521118446415754,0.0355416626613534,6495.574785383811,30,,True,
temporal,logistic_cr,competing,10.0,ici,0.010916943817089,0.0082916554296389,0.0141801884630695,0.0079678285823491,0.0138660590518288,0.001504440901745,0.0246060203860772,7672.201914109276,30,,True,
temporal,logistic_cr,competing,10.0,e50,0.0054359722882509,0.0038832461519632,0.008621489140205,0.0030438988620186,0.0078280457144832,0.0012201942944072,0.0463577736379307,5396.035611908603,30,,True,
temporal,logistic_cr,competing,10.0,e90,0.0171547664950291,0.0107417983468621,0.0298992223106324,0.0070519466195966,0.0272575863704615,0.0051534601774169,0.0452800000020916,5499.381647279912,30,,True,
temporal,logistic_cr,competing,10.0,obs_concordant,0.0329607911407947,0.0293308441527187,0.0366590986028313,0.0293237483018871,0.0365978339797023,0.0018554273645042,0.0002143852355178,9326.000643017896,30,,True,
temporal,logistic_cr,competing,10.0,eo_concordant,1.2593661944071453,1.1378709584474564,1.4103171437978743,1.1221112503632833,1.3966211384510072,0.0700199595259353,0.0084142394590096,9055.68739828372,30,,True,
temporal,logistic_cr,competing,10.0,calib_intercept_concordant,-0.3602768689393997,-0.5191136226058006,-0.2203659925609827,-0.5101127591315844,-0.2104409787472149,0.0764379420987538,0.0102826920095003,8944.0744552419,30,,True,
temporal,logistic_cr,competing,10.0,calib_slope_concordant,0.7542619824409484,0.6615946233272553,0.8643562570214272,0.6521056083427749,0.856418356539122,0.0521118446415754,0.0355416626613534,6495.574785383811,30,,True,
temporal,logistic_cr,competing,10.0,ici_concordant,0.010916943817089,0.0082916554296389,0.0141801884630695,0.0079678285823491,0.0138660590518288,0.001504440901745,0.0246060203860772,7672.201914109276,30,,True,
temporal,logistic_cr,competing,10.0,e50_concordant,0.0054359722882509,0.0038832461519632,0.008621489140205,0.0030438988620186,0.0078280457144832,0.0012201942944072,0.0463577736379307,5396.035611908603,30,,True,
temporal,logistic_cr,competing,10.0,e90_concordant,0.0171547664950291,0.0107417983468621,0.0298992223106324,0.0070519466195966,0.0272575863704615,0.0051534601774169,0.0452800000020916,5499.381647279912,30,,True,
temporal,logistic_cr,competing,10.0,auc,0.824916809797287,0.803215129673481,0.8437248840928078,0.8047713282156183,0.8450622913789557,0.0102771144483425,0.0092777561028869,9006.184083073611,30,,True,
temporal,logistic_cr,competing,10.0,cindex,0.8244768818219502,0.8036208212375641,0.8425610199570656,0.8051088153482959,0.8438449482956045,0.009880514374706,0.0099127250692933,8967.490653611063,30,,True,
temporal,logistic_cr,competing,10.0,auc_marginal_ipcw,0.8254666825135549,0.8040580049157142,0.844173401594162,0.8054764262029136,0.8454569388241963,0.0101979272782493,0.0092546857129869,9007.55380321896,30,,True,
temporal,logistic_cr,competing,10.0,cindex_marginal_ipcw,0.823941030104955,0.803439898788929,0.8417850345373153,0.8047318030549577,0.8431502571549523,0.0097994814835739,0.0101084344335263,8955.182593488013,30,,True,
temporal,logistic_cr,competing,10.0,at_risk_fraction,0.7793976068496704,0.7709293365478516,0.7878658175468445,0.7709750725654768,0.787820141133864,0.0042967326153523,0.0002143852355178,9326.000643017896,30,,True,
temporal,logistic_cr,competing,10.0,nb_at_0.01,0.0257974443957209,0.0222224137745797,0.0294172178488224,0.0222127523752302,0.0293821364162116,0.0018287201393058,0.0018640451279411,9302.498571201471,30,,True,
temporal,logistic_cr,competing,10.0,nb_at_0.02,0.0218204507604241,0.0182963744271546,0.0253960593603551,0.0182779908110435,0.0253629107098047,0.001807174104052,0.0041098013797763,9244.795538743476,30,,True,
temporal,logistic_cr,competing,10.0,nb_at_0.03,0.0190392858659227,0.0156139926752075,0.0225671747699379,0.0155424863949803,0.0225360853368652,0.0017838796751899,0.0051111240188004,9209.767864841036,30,,True,
temporal,logistic_cr,competing,10.0,nb_at_0.05,0.0126946207135915,0.0093681556405499,0.0160593084059655,0.0093634390741652,0.0160258023530179,0.0016993208067996,0.0306492188590726,7023.540063218024,30,,True,
temporal,logistic_cr,competing,10.0,nb_at_0.075,0.0066083184909075,0.003610779257724,0.009596099006012,0.0036137221071346,0.0096029148746804,0.0015276452545708,0.0237062214597016,7766.264658779445,30,,True,
temporal,logistic_cr,competing,10.0,nb_at_0.2,-0.0006312387034995,-0.0022975775820668,0.0010986870882334,-0.0023433702146575,0.0010808928076584,0.0008732170447261,0.0770221378672132,3151.518667853954,30,,True,
temporal,logistic_cr,competing,10.0,frac_above_0.01,0.6106513738632202,0.5998499393463135,0.6212884783744812,0.5997945907873198,0.6215081569391206,0.0055314768812312,0.1754607426118957,859.5423817124342,30,,True,
temporal,logistic_cr,competing,10.0,frac_above_0.02,0.4587487061818441,0.4480651617050171,0.4695037007331848,0.4480210970171239,0.4694763153465642,0.0054688988686882,0.1278976693629058,1481.4722827924195,30,,True,
temporal,logistic_cr,competing,10.0,frac_above_0.03,0.369668060541153,0.3593096733093261,0.380105048418045,0.3591383107802713,0.3801978103020346,0.0053664080471023,0.1539787426023107,1081.5842912392177,30,,True,
temporal,logistic_cr,competing,10.0,frac_above_0.05,0.2612212826808294,0.2514739036560058,0.2706613838672638,0.251555553625751,0.2708870117359078,0.0049265781202082,0.1455277327470197,1192.1337586535672,30,,True,
temporal,logistic_cr,competing,10.0,frac_above_0.075,0.177003609140714,0.1680780351161956,0.1855504363775253,0.1682503434110588,0.1857568748703692,0.0044597414577871,0.1755205025376488,859.02101650445,30,,True,
temporal,logistic_cr,competing,10.0,frac_above_0.2,0.0289991779252886,0.0255118440836668,0.0330153293907642,0.0252604404852947,0.0327379153652826,0.0019049216730162,0.173485762876974,877.0362376005677,30,,True,
temporal,logistic_cr,competing,10.0,nb_all_at_0.01,0.0231927167624235,0.0195261059794575,0.0269283819478005,0.0195189362119352,0.0268664973129118,0.0018741690066556,0.0002143852355178,9326.000643017896,30,,True,
temporal,logistic_cr,competing,10.0,nb_all_at_0.02,0.0132252965122461,0.0095212692627683,0.0169990793801844,0.0095140283456546,0.0169365646788376,0.0018932932105291,0.0002143852355178,9326.000643017896,30,,True,
temporal,logistic_cr,competing,10.0,nb_all_at_0.03,0.0030523610766977,-0.0006898514184285,0.0068650488974526,-0.0006971676712872,0.0068018898246826,0.0019128117405117,0.0002143852355178,9326.000643017896,30,,True,
temporal,logistic_cr,competing,10.0,nb_all_at_0.05,-0.0179360099136829,-0.0217570055741816,-0.0140430550090968,-0.0217644761066802,-0.0141075437206856,0.0019530814601843,0.0002143852355178,9326.000643017896,30,,True,
temporal,logistic_cr,competing,10.0,nb_all_at_0.075,-0.0454477928578853,-0.0493720619007945,-0.0414496254175901,-0.0493797312601251,-0.0415158544556456,0.0020058675221026,0.0002143852355178,9326.000643017896,30,,True,
temporal,logistic_cr,competing,10.0,nb_all_at_0.2,-0.2087990194559097,-0.2133364498615264,-0.2041761230677366,-0.2133453227523181,-0.2042527161595013,0.0023192840769578,0.0002143852355178,9326.000643017896,30,,True,
temporal,csc_cox,competing,5.0,mean_pred,0.0197835786888996,0.019139360403642,0.0204299158882349,0.0191338857933059,0.0204332715844933,0.0003313634034513,0.0728725214546379,3381.337317592722,30,,True,
temporal,csc_cox,competing,5.0,obs_cif,0.0138278482481837,0.0115768034011125,0.016293279826641,0.0114320015833377,0.0162236949130297,0.001222234562529,0.0002143852355178,9326.000643017896,30,,True,
temporal,csc_cox,competing,5.0,eo,1.430705483754476,1.2202255249023437,1.716433537006378,1.181385607613586,1.6800253598953658,0.1271897691656995,0.0027811849112758,9282.4705512868,30,,True,
temporal,csc_cox,competing,5.0,calib_intercept,-0.4494623959064484,-0.6922678232192994,-0.2440742291510105,-0.6742626538252829,-0.2246621379876137,0.1146804202447928,0.0117621516429261,8844.271828914769,30,,True,
temporal,csc_cox,competing,5.0,calib_slope,0.8011793494224548,0.6626697152853012,0.9914099022746088,0.6323464086083812,0.9700122902365284,0.0861267305852134,0.0272558526400342,7390.352234584703,30,,True,
temporal,csc_cox,competing,5.0,ici,0.0059009781262526,0.0038538313587196,0.0082495186012238,0.003690749364114,0.0081112068883912,0.0011275364106049,0.0097608389907952,8976.919538571023,30,,True,
temporal,csc_cox,competing,5.0,e50,0.0024597968285282,0.0010044341936009,0.004563301813323,0.0007188558117837,0.0042007378452727,0.0008880997687511,0.0300918438254297,7083.979769663461,30,,True,
temporal,csc_cox,competing,5.0,e90,0.0145463121744493,0.0067310222890228,0.0224630029406398,0.0065936139807446,0.022499010368154,0.0040570037686608,0.0147151707978177,8618.007611248246,30,,True,
temporal,csc_cox,competing,5.0,obs_concordant,0.0138278482481837,0.0115768034011125,0.016293279826641,0.0114320015833377,0.0162236949130297,0.001222234562529,0.0002143852355178,9326.000643017896,30,,True,
temporal,csc_cox,competing,5.0,eo_concordant,1.430705483754476,1.2202255249023437,1.716433537006378,1.181385607613586,1.6800253598953658,0.1271897691656995,0.0027811849112758,9282.4705512868,30,,True,
temporal,csc_cox,competing,5.0,calib_intercept_concordant,-0.4494623959064484,-0.6922678232192994,-0.2440742291510105,-0.6742626538252829,-0.2246621379876137,0.1146804202447928,0.0117621516429261,8844.271828914769,30,,True,
temporal,csc_cox,competing,5.0,calib_slope_concordant,0.8011793494224548,0.6626697152853012,0.9914099022746088,0.6323464086083812,0.9700122902365284,0.0861267305852134,0.0272558526400342,7390.352234584703,30,,True,
temporal,csc_cox,competing,5.0,ici_concordant,0.0059009781262526,0.0038538313587196,0.0082495186012238,0.003690749364114,0.0081112068883912,0.0011275364106049,0.0097608389907952,8976.919538571023,30,,True,
temporal,csc_cox,competing,5.0,e50_concordant,0.0024597968285282,0.0010044341936009,0.004563301813323,0.0007188558117837,0.0042007378452727,0.0008880997687511,0.0300918438254297,7083.979769663461,30,,True,
temporal,csc_cox,competing,5.0,e90_concordant,0.0145463121744493,0.0067310222890228,0.0224630029406398,0.0065936139807446,0.022499010368154,0.0040570037686608,0.0147151707978177,8618.007611248246,30,,True,
temporal,csc_cox,competing,5.0,auc,0.8445000569025676,0.81826780885458,0.869190564751625,0.8185991694556621,0.870400944349473,0.0132131379052766,0.0139887074129209,8676.774681556335,30,,True,
temporal,csc_cox,competing,5.0,cindex,0.8418375869592031,0.815925908088684,0.8664844796061516,0.8161389945065692,0.8675361794118369,0.0131099354606964,0.0141791526159721,8661.554514220537,30,,True,
temporal,csc_cox,competing,5.0,auc_marginal_ipcw,0.8445000569025676,0.81826780885458,0.869190564751625,0.8185991694556621,0.870400944349473,0.0132131379052766,0.0139887074129209,8676.774681556335,30,,True,
temporal,csc_cox,competing,5.0,cindex_marginal_ipcw,0.8418375869592031,0.815925908088684,0.8664844796061516,0.8161389945065692,0.8675361794118369,0.0131099354606964,0.0141791526159721,8661.554514220537,30,,True,
temporal,csc_cox,competing,5.0,at_risk_fraction,1.0,1.0,1.0,1.0,1.0,0.0,0.0002143852355178,9326.000643017896,30,,True,
temporal,csc_cox,competing,5.0,nb_at_0.01,0.0089116051793098,0.0067044114693999,0.0112422322854399,0.0065846216815515,0.0112385886770681,0.0011871039994095,0.0012332596794006,9313.397071703565,30,,True,
temporal,csc_cox,competing,5.0,nb_at_0.02,0.0057611296108613,0.0035986094735562,0.0079344417899847,0.0035680407010764,0.0079542185206462,0.0011187804851767,0.0182271548410649,8309.320006990798,30,,True,
temporal,csc_cox,competing,5.0,nb_at_0.03,0.0028390206163749,0.0008575409883633,0.0047971461899578,0.0008646543450648,0.0048133868876849,0.001007193097431,0.0228096011689198,7858.909868320222,30,,True,
temporal,csc_cox,competing,5.0,nb_at_0.05,0.0009799662531198,-0.0007447066600434,0.0027418744284659,-0.0007706466028788,0.0027305791091184,0.0008930405578453,0.0269707139430886,7420.952751033375,30,,True,
temporal,csc_cox,competing,5.0,nb_at_0.075,0.0004677847573475,-0.00101115963771,0.0020482481922954,-0.0010760867695924,0.0020116562842875,0.0007874760932741,0.0606808101647828,4182.781119473629,30,,True,
temporal,csc_cox,competing,5.0,nb_at_0.2,-0.0004752206373571,-0.0008039447129704,-0.0001071926235454,-0.0008196923760177,-0.0001307488986965,0.0001756266575829,0.1188895038287556,1668.9595165104934,30,,True,
temporal,csc_cox,competing,5.0,frac_above_0.01,0.4240718921025594,0.4139779210090637,0.4342373311519623,0.4138562791713074,0.4342875050338113,0.0052107764990099,0.0551414518943363,4615.947581540066,30,,True,
temporal,csc_cox,competing,5.0,frac_above_0.02,0.2865401804447174,0.2768785655498504,0.2961732149124145,0.2768973029153295,0.2961830579741052,0.0049173706706973,0.0957683121687116,2330.476051446676,30,,True,
temporal,csc_cox,competing,5.0,frac_above_0.03,0.206438701848189,0.1974488198757171,0.2151356041431427,0.1975716374851369,0.2153057662112412,0.0045215083841084,0.1021472089666557,2116.496561711228,30,,True,
temporal,csc_cox,competing,5.0,frac_above_0.05,0.1215171329677105,0.1143745332956314,0.1285239607095718,0.1143757674739662,0.1286584984614548,0.0036413851639382,0.1069511970619848,1972.6428463953653,30,,True,
temporal,csc_cox,competing,5.0,frac_above_0.075,0.0596419765303532,0.0545610450208187,0.0649587288498878,0.0544823696314932,0.0648015834292131,0.0026303221149139,0.1289034266977767,1462.4119757056503,30,,True,
temporal,csc_cox,competing,5.0,frac_above_0.2,0.0024547110932568,0.0013935040915384,0.0035373566206544,0.0013768857743297,0.003532536412184,0.0005490184247274,0.1910984580913008,737.4446277407412,30,,True,
temporal,csc_cox,competing,5.0,nb_all_at_0.01,0.0038665137253701,0.0015927308704704,0.0063568474724888,0.0014464666268714,0.0062865608238689,0.0012345803469536,0.0002143852355178,9326.000643017896,30,,True,
temporal,csc_cox,competing,5.0,nb_all_at_0.02,-0.0062981136143207,-0.0085950987413525,-0.0037823682650923,-0.0087428550462132,-0.0038533721824282,0.0012471780929677,0.0002143852355178,9326.000643017896,30,,True,
temporal,csc_cox,competing,5.0,nb_all_at_0.03,-0.0166723206639289,-0.0189929865300655,-0.0141306398436427,-0.0191422656698638,-0.0142023756579941,0.0012600356266929,0.0002143852355178,9326.000643017896,30,,True,
temporal,csc_cox,competing,5.0,nb_all_at_0.05,-0.0380759499967098,-0.0404454693198204,-0.035480760037899,-0.0405978938150973,-0.0355540061783222,0.0012865626773271,0.0002143852355178,9326.000643017896,30,,True,
temporal,csc_cox,competing,5.0,nb_all_at_0.075,-0.066132053732872,-0.0685656145215034,-0.063466727733612,-0.0687221584667712,-0.0635419489989727,0.0013213347802227,0.0002143852355178,9326.000643017896,30,,True,
temporal,csc_cox,competing,5.0,nb_all_at_0.2,-0.2327151894569397,-0.2355289906263351,-0.2296334058046341,-0.2357099990460796,-0.2297203798677997,0.0015277938449685,0.0002143852355178,9326.000643017896,30,,True,
temporal,csc_cox,competing,10.0,mean_pred,0.0414723904182513,0.0402549901045858,0.0426851789467036,0.0402529795033047,0.0426918013331979,0.0006219191154402,0.077468626791139,3127.965130517276,30,,True,
temporal,csc_cox,competing,10.0,obs_cif,0.0329607911407947,0.0293308441527187,0.0366590986028313,0.0293237483018871,0.0365978339797023,0.0018554273645042,0.0002143852355178,9326.000643017896,30,,True,
temporal,csc_cox,competing,10.0,eo,1.2582340915997825,1.1375632852315902,1.4086453795433045,1.1217617314338817,1.394706451765683,0.0696208539852015,0.0058609761988592,9179.890986729684,30,,True,
temporal,csc_cox,competing,10.0,calib_intercept,-0.3013591309388478,-0.4451094098389149,-0.1689012005925178,-0.4404395019829472,-0.1622787598947485,0.0709510890388196,0.0100638279810086,8958.00351896041,30,,True,
temporal,csc_cox,competing,10.0,calib_slope,0.830292938152949,0.7204160004854202,0.9610665500164032,0.7085840090641574,0.9520018672417406,0.0620867845835686,0.0309362904098839,6992.406930141723,30,,True,
temporal,csc_cox,competing,10.0,ici,0.0096677712164819,0.0067414859891869,0.0132660778239369,0.0064032808799317,0.0129322615530321,0.0016653529657926,0.0147194082954082,8617.659252039091,30,,True,
temporal,csc_cox,competing,10.0,e50,0.0053472650237381,0.002479242044501,0.0081348011037334,0.0026478836125223,0.0080466464349539,0.0013770287839542,0.02913897939843,7187.210157766902,30,,True,
temporal,csc_cox,competing,10.0,e90,0.0209475999698042,0.0111591917462646,0.0334698337130248,0.0092833357534631,0.0326118641861454,0.0059502397563239,0.0306008884432181,7028.781476002449,30,,True,
temporal,csc_cox,competing,10.0,obs_concordant,0.0329607911407947,0.0293308441527187,0.0366590986028313,0.0293237483018871,0.0365978339797023,0.0018554273645042,0.0002143852355178,9326.000643017896,30,,True,
temporal,csc_cox,competing,10.0,eo_concordant,1.2582340915997825,1.1375632852315902,1.4086453795433045,1.1217617314338817,1.394706451765683,0.0696208539852015,0.0058609761988592,9179.890986729684,30,,True,
temporal,csc_cox,competing,10.0,calib_intercept_concordant,-0.3013591309388478,-0.4451094098389149,-0.1689012005925178,-0.4404395019829472,-0.1622787598947485,0.0709510890388196,0.0100638279810086,8958.00351896041,30,,True,
temporal,csc_cox,competing,10.0,calib_slope_concordant,0.830292938152949,0.7204160004854202,0.9610665500164032,0.7085840090641574,0.9520018672417406,0.0620867845835686,0.0309362904098839,6992.406930141723,30,,True,
temporal,csc_cox,competing,10.0,ici_concordant,0.0096677712164819,0.0067414859891869,0.0132660778239369,0.0064032808799317,0.0129322615530321,0.0016653529657926,0.0147194082954082,8617.659252039091,30,,True,
temporal,csc_cox,competing,10.0,e50_concordant,0.0053472650237381,0.002479242044501,0.0081348011037334,0.0026478836125223,0.0080466464349539,0.0013770287839542,0.02913897939843,7187.210157766902,30,,True,
temporal,csc_cox,competing,10.0,e90_concordant,0.0209475999698042,0.0111591917462646,0.0334698337130248,0.0092833357534631,0.0326118641861454,0.0059502397563239,0.0306008884432181,7028.781476002449,30,,True,
temporal,csc_cox,competing,10.0,auc,0.8246231039365133,0.8026000544428825,0.8433971673250198,0.804276481500815,0.8449697263722116,0.0103797268445771,0.0091226173946469,9015.345547986626,30,,True,
temporal,csc_cox,competing,10.0,cindex,0.8240385313828786,0.8027395591139793,0.842109215259552,0.8044305879731045,0.8436464747926528,0.0100028897160281,0.0095429201337614,8990.258039575838,30,,True,
temporal,csc_cox,competing,10.0,auc_marginal_ipcw,0.8252844194571177,0.8033637374639511,0.8438940927386284,0.8051009573318775,0.845467881582358,0.0102964921386915,0.0090441107472738,9019.93733563589,30,,True,
temporal,csc_cox,competing,10.0,cindex_marginal_ipcw,0.8236224929491679,0.802734698355198,0.8414682894945145,0.8041849005725313,0.8430600853258045,0.0099159849439997,0.0096625226279103,8982.96511377529,30,,True,
temporal,csc_cox,competing,10.0,at_risk_fraction,0.7793976068496704,0.7709293365478516,0.7878658175468445,0.7709750725654768,0.787820141133864,0.0042967326153523,0.0002143852355178,9326.000643017896,30,,True,
temporal,csc_cox,competing,10.0,nb_at_0.01,0.0260735552137096,0.0224896403029561,0.0296760982833802,0.0224818448627839,0.0296652655646353,0.0018323004036403,0.0020930626257961,9297.959860034092,30,,True,
temporal,csc_cox,competing,10.0,nb_at_0.02,0.0217927037427822,0.0183205884415656,0.0253351376857608,0.0182577534059075,0.0253276540796569,0.0018033442780166,0.0024115903507059,9291.134504233089,30,,True,
temporal,csc_cox,competing,10.0,nb_at_0.03,0.0186168996617198,0.0151872536167502,0.0221559775993227,0.0151165494949581,0.0221172498284814,0.0017856925953816,0.0032324858603675,9270.813487693753,30,,True,
temporal,csc_cox,competing,10.0,nb_at_0.05,0.0130075995189448,0.0096845061983913,0.0163818085566163,0.0096551682119759,0.0163600308259137,0.0017101958890827,0.0216934869960846,7972.475461564562,30,,True,
temporal,csc_cox,competing,10.0,nb_at_0.075,0.0062784894679983,0.0032446893397718,0.0093356461031362,0.0032364956791712,0.0093204832568254,0.0015517121643263,0.0473039858951399,5306.624089243464,30,,True,
temporal,csc_cox,competing,10.0,nb_at_0.2,-0.0007477825080665,-0.0023850358556956,0.0009863474580924,-0.0024198655340267,0.0009243005178936,0.0008528382171799,0.0680596939109949,3674.0884514076033,30,,True,
temporal,csc_cox,competing,10.0,frac_above_0.01,0.60197234749794,0.5919176936149597,0.6119626760482788,0.5917437930691599,0.6122009019267202,0.0052167544856355,0.0766457459290178,3171.547259318713,30,,True,
temporal,csc_cox,competing,10.0,frac_above_0.02,0.4579304675261179,0.4475291967391968,0.4684317708015442,0.4475367533304884,0.4683241817217474,0.0053010527694696,0.074754346014455,3274.63021138197,30,,True,
temporal,csc_cox,competing,10.0,frac_above_0.03,0.3736734916766485,0.3634875141084194,0.3838568031787872,0.3633920608880971,0.3839549224651998,0.0052429735534166,0.0963968435395262,2308.1294814952066,30,,True,
temporal,csc_cox,competing,10.0,frac_above_0.05,0.2677671780188878,0.258334219455719,0.2768785655498504,0.2584827043467149,0.2770516516910608,0.0047354000654094,0.0717503563159572,3446.998819980938,30,,True,
temporal,csc_cox,competing,10.0,frac_above_0.075,0.1855254222949346,0.1767606437206268,0.1940186470746994,0.1769350163099172,0.194115828279952,0.0043801083951536,0.110571447388763,1872.974336792881,30,,True,
temporal,csc_cox,competing,10.0,frac_above_0.2,0.0277950476234157,0.0242255330085754,0.0317290164530277,0.024052682733417,0.0315374125134145,0.0019056161392025,0.2121024288090571,609.9565413299952,30,,True,
temporal,csc_cox,competing,10.0,nb_all_at_0.01,0.0231927167624235,0.0195261059794575,0.0269283819478005,0.0195189362119352,0.0268664973129118,0.0018741690066556,0.0002143852355178,9326.000643017896,30,,True,
temporal,csc_cox,competing,10.0,nb_all_at_0.02,0.0132252965122461,0.0095212692627683,0.0169990793801844,0.0095140283456546,0.0169365646788376,0.0018932932105291,0.0002143852355178,9326.000643017896,30,,True,
temporal,csc_cox,competing,10.0,nb_all_at_0.03,0.0030523610766977,-0.0006898514184285,0.0068650488974526,-0.0006971676712872,0.0068018898246826,0.0019128117405117,0.0002143852355178,9326.000643017896,30,,True,
temporal,csc_cox,competing,10.0,nb_all_at_0.05,-0.0179360099136829,-0.0217570055741816,-0.0140430550090968,-0.0217644761066802,-0.0141075437206856,0.0019530814601843,0.0002143852355178,9326.000643017896,30,,True,
temporal,csc_cox,competing,10.0,nb_all_at_0.075,-0.0454477928578853,-0.0493720619007945,-0.0414496254175901,-0.0493797312601251,-0.0415158544556456,0.0020058675221026,0.0002143852355178,9326.000643017896,30,,True,
temporal,csc_cox,competing,10.0,nb_all_at_0.2,-0.2087990194559097,-0.2133364498615264,-0.2041761230677366,-0.2133453227523181,-0.2042527161595013,0.0023192840769578,0.0002143852355178,9326.000643017896,30,,True,
temporal,fine_gray,competing,5.0,mean_pred,0.0199910412852962,0.0194367376621812,0.0205438549164682,0.0194318136289591,0.0205502689416333,0.0002852054217453,0.0825157754627388,2876.5838218551894,30,,True,
temporal,fine_gray,competing,5.0,obs_cif,0.0138278482481837,0.0115768034011125,0.016293279826641,0.0114320015833377,0.0162236949130297,0.001222234562529,0.0002143852355178,9326.000643017896,30,,True,
temporal,fine_gray,competing,5.0,eo,1.4457087198893228,1.2335052013397216,1.7339633136987689,1.193834888578163,1.697582551200483,0.1284926806909344,0.0023233713512746,9293.084445356886,30,,True,
temporal,fine_gray,competing,5.0,calib_intercept,-0.3454731851816177,-0.5735727623105049,-0.1546814110130071,-0.5569714604236371,-0.1339749099395983,0.1078948886101282,0.0078838711861188,9084.260508001367,30,,True,
temporal,fine_gray,competing,5.0,calib_slope,0.9123650213082632,0.754739923775196,1.1316920191049578,0.7191457758890952,1.105584266727431,0.0985678808937378,0.0227861110615186,7861.321007186455,30,,True,
temporal,fine_gray,competing,5.0,ici,0.0060894066467881,0.0038445831392891,0.0084298708708956,0.0037931519759115,0.0083856613176647,0.0011714252713086,0.0062616626636696,9162.670392494623,30,,True,
temporal,fine_gray,competing,5.0,e50,0.0042488441724951,0.0025234444299712,0.0065035711741074,0.0022280419238992,0.0062696464210909,0.0010308949859811,0.0152211735802975,8575.96620863805,30,,True,
temporal,fine_gray,competing,5.0,e90,0.011903636312733,0.0056458510342054,0.019839223800227,0.0045070818169202,0.0193001908085459,0.0037732881563994,0.0153866405882339,8562.027311909438,30,,True,
temporal,fine_gray,competing,5.0,obs_concordant,0.0138278482481837,0.0115768034011125,0.016293279826641,0.0114320015833377,0.0162236949130297,0.001222234562529,0.0002143852355178,9326.000643017896,30,,True,
temporal,fine_gray,competing,5.0,eo_concordant,1.4457087198893228,1.2335052013397216,1.7339633136987689,1.193834888578163,1.697582551200483,0.1284926806909344,0.0023233713512746,9293.084445356886,30,,True,
temporal,fine_gray,competing,5.0,calib_intercept_concordant,-0.3454731851816177,-0.5735727623105049,-0.1546814110130071,-0.5569714604236371,-0.1339749099395983,0.1078948886101282,0.0078838711861188,9084.260508001367,30,,True,
temporal,fine_gray,competing,5.0,calib_slope_concordant,0.9123650213082632,0.754739923775196,1.1316920191049578,0.7191457758890952,1.105584266727431,0.0985678808937378,0.0227861110615186,7861.321007186455,30,,True,
temporal,fine_gray,competing,5.0,ici_concordant,0.0060894066467881,0.0038445831392891,0.0084298708708956,0.0037931519759115,0.0083856613176647,0.0011714252713086,0.0062616626636696,9162.670392494623,30,,True,
temporal,fine_gray,competing,5.0,e50_concordant,0.0042488441724951,0.0025234444299712,0.0065035711741074,0.0022280419238992,0.0062696464210909,0.0010308949859811,0.0152211735802975,8575.96620863805,30,,True,
temporal,fine_gray,competing,5.0,e90_concordant,0.011903636312733,0.0056458510342054,0.019839223800227,0.0045070818169202,0.0193001908085459,0.0037732881563994,0.0153866405882339,8562.027311909438,30,,True,
temporal,fine_gray,competing,5.0,auc,0.8428715010484059,0.817080169916153,0.8671320661902427,0.8173279314019645,0.8684150706948474,0.0130308505117214,0.0142547967653526,8655.472090830954,30,,True,
temporal,fine_gray,competing,5.0,cindex,0.8402529875437419,0.8147871866822243,0.8644330888986588,0.814912380118209,0.8655935949692748,0.0129273077421917,0.0144434940666438,8640.208422802929,30,,True,
temporal,fine_gray,competing,5.0,auc_marginal_ipcw,0.8428715010484059,0.817080169916153,0.8671320661902427,0.8173279314019645,0.8684150706948474,0.0130308505117214,0.0142547967653526,8655.472090830954,30,,True,
temporal,fine_gray,competing,5.0,cindex_marginal_ipcw,0.8402529875437419,0.8147871866822243,0.8644330888986588,0.814912380118209,0.8655935949692748,0.0129273077421917,0.0144434940666438,8640.208422802929,30,,True,
temporal,fine_gray,competing,5.0,at_risk_fraction,1.0,1.0,1.0,1.0,1.0,0.0,0.0002143852355178,9326.000643017896,30,,True,
temporal,fine_gray,competing,5.0,nb_at_0.01,0.0085586994886398,0.0063178683631122,0.0109195718541741,0.0062068003747871,0.0109105986024925,0.0011998148141325,0.0003765569967168,9324.40975615184,30,,True,
temporal,fine_gray,competing,5.0,nb_at_0.02,0.0057297739355514,0.0035417317412793,0.0079760067164897,0.0034843736407671,0.0079751742303357,0.0011454747495846,0.0132098243103819,8737.600865439526,30,,True,
temporal,fine_gray,competing,5.0,nb_at_0.03,0.0028980686717356,0.0009072695393115,0.0048922106274403,0.0008788360032254,0.0049173013402457,0.0010300669409743,0.0288473899041771,7218.757889029683,30,,True,
temporal,fine_gray,competing,5.0,nb_at_0.05,0.001012688219392,-0.000693931186106,0.0027250903134699,-0.000714914622686,0.0027402910614701,0.0008813144572257,0.0204432474963795,8096.997464812211,30,,True,
temporal,fine_gray,competing,5.0,nb_at_0.075,0.0003977715513125,-0.0009038945427164,0.0018106861971318,-0.0009769911942613,0.0017725342968865,0.0007011022969582,0.0875354394047123,2651.7403522753893,30,,True,
temporal,fine_gray,competing,5.0,nb_at_0.2,-0.0001652552959664,-0.0004287704941816,0.0001339907757937,-0.0004438890610739,0.000113378469141,0.0001421082376926,0.0768700809459629,3159.5908151761487,30,,True,
temporal,fine_gray,competing,5.0,frac_above_0.01,0.4818773011366526,0.471433162689209,0.4923357367515564,0.471455681826201,0.4922989204471042,0.005315044281666,0.0816626924523958,2917.2154179498684,30,,True,
temporal,fine_gray,competing,5.0,frac_above_0.02,0.3152320732673009,0.305391788482666,0.3251152336597442,0.3053598315043251,0.3251043150302767,0.0050343807484609,0.0946129614501995,2372.3160091365407,30,,True,
temporal,fine_gray,competing,5.0,frac_above_0.03,0.2171543950835864,0.2080608904361724,0.2260692417621612,0.208112154104122,0.2261966360630507,0.0046108887398336,0.1007590650900831,2160.7227781391084,30,,True,
temporal,fine_gray,competing,5.0,frac_above_0.05,0.1167506342132886,0.1099796369671821,0.1234859004616737,0.1098911240730459,0.1236101443535312,0.0034985343806922,0.0741330987370331,3309.392798211791,30,,True,
temporal,fine_gray,competing,5.0,frac_above_0.075,0.0464036874473094,0.0419123172760009,0.0511308833956718,0.0417347022964565,0.0510726725981624,0.002378896190011,0.1733488007073683,878.2686435585941,30,,True,
temporal,fine_gray,competing,5.0,frac_above_0.2,0.0011969843064434,0.0005359631031751,0.0019294671947136,0.0004513702063501,0.0019425984065368,0.0003799002717904,0.1729425828683182,881.9387596273766,30,,True,
temporal,fine_gray,competing,5.0,nb_all_at_0.01,0.0038665137253701,0.0015927308704704,0.0063568474724888,0.0014464666268714,0.0062865608238689,0.0012345803469536,0.0002143852355178,9326.000643017896,30,,True,
temporal,fine_gray,competing,5.0,nb_all_at_0.02,-0.0062981136143207,-0.0085950987413525,-0.0037823682650923,-0.0087428550462132,-0.0038533721824282,0.0012471780929677,0.0002143852355178,9326.000643017896,30,,True,
temporal,fine_gray,competing,5.0,nb_all_at_0.03,-0.0166723206639289,-0.0189929865300655,-0.0141306398436427,-0.0191422656698638,-0.0142023756579941,0.0012600356266929,0.0002143852355178,9326.000643017896,30,,True,
temporal,fine_gray,competing,5.0,nb_all_at_0.05,-0.0380759499967098,-0.0404454693198204,-0.035480760037899,-0.0405978938150973,-0.0355540061783222,0.0012865626773271,0.0002143852355178,9326.000643017896,30,,True,
temporal,fine_gray,competing,5.0,nb_all_at_0.075,-0.066132053732872,-0.0685656145215034,-0.063466727733612,-0.0687221584667712,-0.0635419489989727,0.0013213347802227,0.0002143852355178,9326.000643017896,30,,True,
temporal,fine_gray,competing,5.0,nb_all_at_0.2,-0.2327151894569397,-0.2355289906263351,-0.2296334058046341,-0.2357099990460796,-0.2297203798677997,0.0015277938449685,0.0002143852355178,9326.000643017896,30,,True,
temporal,fine_gray,competing,10.0,mean_pred,0.0420179697374502,0.0408895215019583,0.0431402899324893,0.0408817191451172,0.0431542203297833,0.0005794979811235,0.0795752365541368,3019.7785228275616,30,,True,
temporal,fine_gray,competing,10.0,obs_cif,0.0329607911407947,0.0293308441527187,0.0366590986028313,0.0293237483018871,0.0365978339797023,0.0018554273645042,0.0002143852355178,9326.000643017896,30,,True,
temporal,fine_gray,competing,10.0,eo,1.2747864842414856,1.1519266277551652,1.4267234236001969,1.1364323984760056,1.4131405700069657,0.0705808392208042,0.0051136074699306,9209.674024571928,30,,True,
temporal,fine_gray,competing,10.0,calib_intercept,-0.2631301631530126,-0.4069005273282527,-0.1330062311142682,-0.40147829478364,-0.1247820315223851,0.070577691501411,0.0075499828304881,9101.517310653531,30,,True,
temporal,fine_gray,competing,10.0,calib_slope,0.8690102616945903,0.761418092250824,0.9976365759968758,0.7493484416654801,0.9886720817237004,0.0610423123552857,0.0320780584897355,6868.6373606356,30,,True,
temporal,fine_gray,competing,10.0,ici,0.0104015828420718,0.0075960105401463,0.0139719462255015,0.0072088727233539,0.0135942929607897,0.00162873605399,0.0141706042314104,8662.240557378827,30,,True,
temporal,fine_gray,competing,10.0,e50,0.0075343021657317,0.00523213269189,0.0101759396260604,0.0051434934567289,0.0099251108747345,0.0012196519008465,0.0144415001689607,8640.370382386347,30,,True,
temporal,fine_gray,competing,10.0,e90,0.0149026374953488,0.0107898854883387,0.0273884935770183,0.0066640337122196,0.023141241278478,0.0042026463109665,0.0368349066143521,6357.975635559324,30,,True,
temporal,fine_gray,competing,10.0,obs_concordant,0.0329607911407947,0.0293308441527187,0.0366590986028313,0.0293237483018871,0.0365978339797023,0.0018554273645042,0.0002143852355178,9326.000643017896,30,,True,
temporal,fine_gray,competing,10.0,eo_concordant,1.2747864842414856,1.1519266277551652,1.4267234236001969,1.1364323984760056,1.4131405700069657,0.0705808392208042,0.0051136074699306,9209.674024571928,30,,True,
temporal,fine_gray,competing,10.0,calib_intercept_concordant,-0.2631301631530126,-0.4069005273282527,-0.1330062311142682,-0.40147829478364,-0.1247820315223851,0.070577691501411,0.0075499828304881,9101.517310653531,30,,True,
temporal,fine_gray,competing,10.0,calib_slope_concordant,0.8690102616945903,0.761418092250824,0.9976365759968758,0.7493484416654801,0.9886720817237004,0.0610423123552857,0.0320780584897355,6868.6373606356,30,,True,
temporal,fine_gray,competing,10.0,ici_concordant,0.0104015828420718,0.0075960105401463,0.0139719462255015,0.0072088727233539,0.0135942929607897,0.00162873605399,0.0141706042314104,8662.240557378827,30,,True,
temporal,fine_gray,competing,10.0,e50_concordant,0.0075343021657317,0.00523213269189,0.0101759396260604,0.0051434934567289,0.0099251108747345,0.0012196519008465,0.0144415001689607,8640.370382386347,30,,True,
temporal,fine_gray,competing,10.0,e90_concordant,0.0149026374953488,0.0107898854883387,0.0273884935770183,0.0066640337122196,0.023141241278478,0.0042026463109665,0.0368349066143521,6357.975635559324,30,,True,
temporal,fine_gray,competing,10.0,auc,0.8246209482351939,0.802741102874279,0.8433690875768661,0.8044261705702875,0.8448157259001003,0.0103022641652594,0.0091042895118465,9016.420200453336,30,,True,
temporal,fine_gray,competing,10.0,cindex,0.823949784040451,0.8028307110071182,0.8419471696019173,0.8044955306785777,0.8434040374023244,0.0099244887122637,0.0091856967490592,9011.634493901389,30,,True,
temporal,fine_gray,competing,10.0,auc_marginal_ipcw,0.8251265227794647,0.8034513905644417,0.8437546029686928,0.8050951140036574,0.8451579315552721,0.0102189235726346,0.0089661131893547,9024.469738520907,30,,True,
temporal,fine_gray,competing,10.0,cindex_marginal_ipcw,0.8233958383401235,0.8027327343821525,0.8411631673574448,0.8041135526915023,0.8426781239887448,0.0098367582760323,0.0094121164121745,8998.156215650613,30,,True,
temporal,fine_gray,competing,10.0,at_risk_fraction,0.7793976068496704,0.7709293365478516,0.7878658175468445,0.7709750725654768,0.787820141133864,0.0042967326153523,0.0002143852355178,9326.000643017896,30,,True,
temporal,fine_gray,competing,10.0,nb_at_0.01,0.0257312463596463,0.0221032765228301,0.0293845387175679,0.0221012543743268,0.0293612383449657,0.00185182954206,0.0023190727812272,9293.178293106988,30,,True,
temporal,fine_gray,competing,10.0,nb_at_0.02,0.0212621549144387,0.0177279273979365,0.0248138598632067,0.0177099464340881,0.0248143633947893,0.0018121490873631,0.0010879734789307,9315.572813531591,30,,True,
temporal,fine_gray,competing,10.0,nb_at_0.03,0.0180924762040376,0.0146927734138444,0.0216570680495351,0.0145779706788018,0.0216069817292735,0.0017929141731932,0.0028257187280411,9281.372825796308,30,,True,
temporal,fine_gray,competing,10.0,nb_at_0.05,0.0127209939993917,0.0093903100118041,0.0161057857330888,0.0093723462365684,0.0160696417622151,0.0017082819072368,0.0160932008604807,8501.483072082852,30,,True,
temporal,fine_gray,competing,10.0,nb_at_0.075,0.0063536862997959,0.0033547877799719,0.0093599337153136,0.0033401433701113,0.0093672292294804,0.0015372458731169,0.0391406723176652,6115.99214073746,30,,True,
temporal,fine_gray,competing,10.0,nb_at_0.2,-0.000737645185048,-0.0021438524127006,0.0007550312569946,-0.0021909860352551,0.000715695665159,0.0007412500961818,0.0725494246181355,3400.085143166404,30,,True,
temporal,fine_gray,competing,10.0,frac_above_0.01,0.6713152547677358,0.6618072390556335,0.681209146976471,0.6615827893354792,0.6810477201999924,0.0049640308078689,0.0669328013364202,3746.947229213508,30,,True,
temporal,fine_gray,competing,10.0,frac_above_0.02,0.5005252450704575,0.4902990758419037,0.5107728838920593,0.4902448035312577,0.5108056866096572,0.0052436814863336,0.0614323268368353,4127.477217892365,30,,True,
temporal,fine_gray,competing,10.0,frac_above_0.03,0.3979883521795272,0.387608528137207,0.4082967042922973,0.3875516830966421,0.4084250212624124,0.0053220982618404,0.0972919775856414,2276.798766318323,30,,True,
temporal,fine_gray,competing,10.0,frac_above_0.05,0.27781469921271,0.2683031260967254,0.2871690392494201,0.2683722140825089,0.2872571843429112,0.0048159451786262,0.0733221697651581,3355.4563772635,30,,True,
temporal,fine_gray,competing,10.0,frac_above_0.075,0.1811412433783213,0.1724729388952255,0.1896237581968307,0.1725743609425588,0.1897081258140838,0.0043676841336958,0.1208457292000443,1625.518590646098,30,,True,
temporal,fine_gray,competing,10.0,frac_above_0.2,0.0216636293878157,0.0187587086111307,0.0249758809804916,0.0185544018802622,0.0247728568953693,0.0015854141394036,0.1056814603132153,2009.32935864226,30,,True,
temporal,fine_gray,competing,10.0,nb_all_at_0.01,0.0231927167624235,0.0195261059794575,0.0269283819478005,0.0195189362119352,0.0268664973129118,0.0018741690066556,0.0002143852355178,9326.000643017896,30,,True,
temporal,fine_gray,competing,10.0,nb_all_at_0.02,0.0132252965122461,0.0095212692627683,0.0169990793801844,0.0095140283456546,0.0169365646788376,0.0018932932105291,0.0002143852355178,9326.000643017896,30,,True,
temporal,fine_gray,competing,10.0,nb_all_at_0.03,0.0030523610766977,-0.0006898514184285,0.0068650488974526,-0.0006971676712872,0.0068018898246826,0.0019128117405117,0.0002143852355178,9326.000643017896,30,,True,
temporal,fine_gray,competing,10.0,nb_all_at_0.05,-0.0179360099136829,-0.0217570055741816,-0.0140430550090968,-0.0217644761066802,-0.0141075437206856,0.0019530814601843,0.0002143852355178,9326.000643017896,30,,True,
temporal,fine_gray,competing,10.0,nb_all_at_0.075,-0.0454477928578853,-0.0493720619007945,-0.0414496254175901,-0.0493797312601251,-0.0415158544556456,0.0020058675221026,0.0002143852355178,9326.000643017896,30,,True,
temporal,fine_gray,competing,10.0,nb_all_at_0.2,-0.2087990194559097,-0.2133364498615264,-0.2041761230677366,-0.2133453227523181,-0.2042527161595013,0.0023192840769578,0.0002143852355178,9326.000643017896,30,,True,
temporal,rsf_cr,competing,5.0,mean_pred,0.0201735513284802,0.0195368331391364,0.0208046518731862,0.0195318406127773,0.0208152620441831,0.0003268872632317,0.1880876585859939,758.8845449133762,30,,True,
temporal,rsf_cr,competing,5.0,obs_cif,0.0138278482481837,0.0115768034011125,0.016293279826641,0.0114320015833377,0.0162236949130297,0.001222234562529,0.0002143852355178,9326.000643017896,30,,True,
temporal,rsf_cr,competing,5.0,eo,1.458907457192739,1.245251902937889,1.7505954772233965,1.2047344474041817,1.7130804669812965,0.1296653492452482,0.0063828058108957,9157.293839844211,30,,True,
temporal,rsf_cr,competing,5.0,calib_intercept,-0.3476495862007141,-0.5720151022076607,-0.1561039254069327,-0.5556128279648992,-0.139686344436529,0.1060873089413564,0.0308274115982374,7004.214876699871,30,,True,
temporal,rsf_cr,competing,5.0,calib_slope,1.062517515818278,0.7979573100805283,1.5142047494649893,0.699936186258236,1.42509884537832,0.1849182230925906,0.0807852682817565,2959.7762517390224,30,,True,
temporal,rsf_cr,competing,5.0,ici,0.0063150458193073,0.0040273945312947,0.0090373315615579,0.0037765561803333,0.0088535354582813,0.0012949879530325,0.0156776376443888,8537.290772812228,30,,True,
temporal,rsf_cr,competing,5.0,e50,0.0031022467029591,0.0012855599081376,0.0060883078025654,0.0007774071043533,0.0054270863015649,0.0011858789919105,0.0503278075466062,5029.437910670686,30,,True,
temporal,rsf_cr,competing,5.0,e90,0.0178172648573915,0.0097468997817486,0.0260186459869146,0.0096265006541347,0.0260080290606482,0.0041783452264807,0.0280948123804908,7300.044123302639,30,,True,
temporal,rsf_cr,competing,5.0,obs_concordant,0.0138278482481837,0.0115768034011125,0.016293279826641,0.0114320015833377,0.0162236949130297,0.001222234562529,0.0002143852355178,9326.000643017896,30,,True,
temporal,rsf_cr,competing,5.0,eo_concordant,1.458907457192739,1.245251902937889,1.7505954772233965,1.2047344474041817,1.7130804669812965,0.1296653492452482,0.0063828058108957,9157.293839844211,30,,True,
temporal,rsf_cr,competing,5.0,calib_intercept_concordant,-0.3476495862007141,-0.5720151022076607,-0.1561039254069327,-0.5556128279648992,-0.139686344436529,0.1060873089413564,0.0308274115982374,7004.214876699871,30,,True,
temporal,rsf_cr,competing,5.0,calib_slope_concordant,1.062517515818278,0.7979573100805283,1.5142047494649893,0.699936186258236,1.42509884537832,0.1849182230925906,0.0807852682817565,2959.7762517390224,30,,True,
temporal,rsf_cr,competing,5.0,ici_concordant,0.0063150458193073,0.0040273945312947,0.0090373315615579,0.0037765561803333,0.0088535354582813,0.0012949879530325,0.0156776376443888,8537.290772812228,30,,True,
temporal,rsf_cr,competing,5.0,e50_concordant,0.0031022467029591,0.0012855599081376,0.0060883078025654,0.0007774071043533,0.0054270863015649,0.0011858789919105,0.0503278075466062,5029.437910670686,30,,True,
temporal,rsf_cr,competing,5.0,e90_concordant,0.0178172648573915,0.0097468997817486,0.0260186459869146,0.0096265006541347,0.0260080290606482,0.0041783452264807,0.0280948123804908,7300.044123302639,30,,True,
temporal,rsf_cr,competing,5.0,auc,0.846404618024826,0.8180605441331863,0.8715086206793785,0.8193119831886496,0.8734972528610024,0.0138193018226298,0.0566755993070978,4491.431647177624,30,,True,
temporal,rsf_cr,competing,5.0,cindex,0.8437555193901062,0.815701138973236,0.8687088280916214,0.8168706367658851,0.8706404020143272,0.0137133246942213,0.0567926869634796,4482.072529027281,30,,True,
temporal,rsf_cr,competing,5.0,auc_marginal_ipcw,0.846404618024826,0.8180605441331863,0.8715086206793785,0.8193119831886496,0.8734972528610024,0.0138193018226298,0.0566755993070978,4491.431647177624,30,,True,
temporal,rsf_cr,competing,5.0,cindex_marginal_ipcw,0.8437555193901062,0.815701138973236,0.8687088280916214,0.8168706367658851,0.8706404020143272,0.0137133246942213,0.0567926869634796,4482.072529027281,30,,True,
temporal,rsf_cr,competing,5.0,at_risk_fraction,1.0,1.0,1.0,1.0,1.0,0.0,0.0002143852355178,9326.000643017896,30,,True,
temporal,rsf_cr,competing,5.0,nb_at_0.01,0.0086900014740725,0.0063990750350058,0.0110419234260916,0.0063385253237701,0.0110414776243749,0.0011995906547667,0.0117095852231582,8847.981794462004,30,,True,
temporal,rsf_cr,competing,5.0,nb_at_0.02,0.0055256704178949,0.0033185961656272,0.007811936084181,0.0032542356081844,0.0077971052276053,0.0011587066847812,0.033804386445573,6682.051893338276,30,,True,
temporal,rsf_cr,competing,5.0,nb_at_0.03,0.0033491985949998,0.0012619997141882,0.0054988712072372,0.0012079267161536,0.0054904704738459,0.0010922466962537,0.0494902927799198,5104.885739296732,30,,True,
temporal,rsf_cr,competing,5.0,nb_at_0.05,0.0011129227272855,-0.000739064940717,0.0030239603947848,-0.0007769209773298,0.0030027664319009,0.000963925497274,0.0644461901380575,3913.770208721922,30,,True,
temporal,rsf_cr,competing,5.0,nb_at_0.075,-7.426227778826918e-05,-0.0015876096440479,0.0015035938704386,-0.0016342702767065,0.00148574572113,0.000795290084069,0.1275060687580755,1488.9887735957648,30,,True,
temporal,rsf_cr,competing,5.0,nb_at_0.2,-2.2331796571961604e-05,-0.0001339907757937,0.000160788942594,-0.0001523124244096,0.0001076488312656,6.598128517302407e-05,0.3501717245188784,238.46137680743044,30,,True,
temporal,rsf_cr,competing,5.0,frac_above_0.01,0.4456533372402191,0.4319862723350525,0.4600707590579986,0.4309750058854101,0.4603316685950281,0.0074019799542964,0.5404375347291474,104.04376337257004,30,,True,
temporal,rsf_cr,competing,5.0,frac_above_0.02,0.3100475211938222,0.2991746068000793,0.3209347128868103,0.2989798702195881,0.3211151721680563,0.0056272786009556,0.286369777924621,348.9426800464883,30,,True,
temporal,rsf_cr,competing,5.0,frac_above_0.03,0.2312716613213221,0.2211383879184723,0.2412905991077423,0.2210388727000456,0.2415044499425985,0.0052025206427422,0.2886908988747429,343.6782593790308,30,,True,
temporal,rsf_cr,competing,5.0,frac_above_0.05,0.1328545401493708,0.1238074824213981,0.1409583091735839,0.1242078097784103,0.1415012705203314,0.0043894385112394,0.3489296664780654,240.07764287422413,30,,True,
temporal,rsf_cr,competing,5.0,frac_above_0.075,0.064469218129913,0.0579912103712558,0.0707471296191215,0.0579117288325429,0.071026707427283,0.003322451690807,0.4131061234286914,174.01956803827733,30,,True,
temporal,rsf_cr,competing,5.0,frac_above_0.2,0.0001786543745159,0.0,0.0005359631031751,-0.0001470210528517,0.0005043298018836,0.0001654705222908,0.315856514993762,289.9993861610202,30,,True,
temporal,rsf_cr,competing,5.0,nb_all_at_0.01,0.0038665137253701,0.0015927308704704,0.0063568474724888,0.0014464666268714,0.0062865608238689,0.0012345803469536,0.0002143852355178,9326.000643017896,30,,True,
temporal,rsf_cr,competing,5.0,nb_all_at_0.02,-0.0062981136143207,-0.0085950987413525,-0.0037823682650923,-0.0087428550462132,-0.0038533721824282,0.0012471780929677,0.0002143852355178,9326.000643017896,30,,True,
temporal,rsf_cr,competing,5.0,nb_all_at_0.03,-0.0166723206639289,-0.0189929865300655,-0.0141306398436427,-0.0191422656698638,-0.0142023756579941,0.0012600356266929,0.0002143852355178,9326.000643017896,30,,True,
temporal,rsf_cr,competing,5.0,nb_all_at_0.05,-0.0380759499967098,-0.0404454693198204,-0.035480760037899,-0.0405978938150973,-0.0355540061783222,0.0012865626773271,0.0002143852355178,9326.000643017896,30,,True,
temporal,rsf_cr,competing,5.0,nb_all_at_0.075,-0.066132053732872,-0.0685656145215034,-0.063466727733612,-0.0687221584667712,-0.0635419489989727,0.0013213347802227,0.0002143852355178,9326.000643017896,30,,True,
temporal,rsf_cr,competing,5.0,nb_all_at_0.2,-0.2327151894569397,-0.2355289906263351,-0.2296334058046341,-0.2357099990460796,-0.2297203798677997,0.0015277938449685,0.0002143852355178,9326.000643017896,30,,True,
temporal,rsf_cr,competing,10.0,mean_pred,0.042515937363108,0.0413017024286091,0.043701450061053,0.0413030776882164,0.0437287970379995,0.0006184115529234,0.1116042476680924,1845.818560661519,30,,True,
temporal,rsf_cr,competing,10.0,obs_cif,0.0329607911407947,0.0293308441527187,0.0366590986028313,0.0293237483018871,0.0365978339797023,0.0018554273645042,0.0002143852355178,9326.000643017896,30,,True,
temporal,rsf_cr,competing,10.0,eo,1.2898943622907002,1.166379588842392,1.4427447617053986,1.1504869195607164,1.429301805020684,0.0711180748731113,0.0079123465785979,9082.762468354484,30,,True,
temporal,rsf_cr,competing,10.0,calib_intercept,-0.282177076737086,-0.4239137820899487,-0.1588636618107557,-0.4142738293351861,-0.1500803241389859,0.0673868724238295,0.0248505393770034,7646.472859544716,30,,True,
temporal,rsf_cr,competing,10.0,calib_slope,0.9695326308409372,0.803618848323822,1.1816941261291505,0.7799541344529971,1.1591111272288777,0.0966836438716133,0.0842321458539855,2797.016054451624,30,,True,
temporal,rsf_cr,competing,10.0,ici,0.0096419809075693,0.0064329205662943,0.0135366066591814,0.0060649527986361,0.0132190090165025,0.0018247901707489,0.0152724989690175,8571.652507163964,30,,True,
temporal,rsf_cr,competing,10.0,e50,0.0035705855116248,0.0008728370521566,0.008004105486907,-5.992468820127878e-05,0.0072010957114509,0.0018518990479106,0.0490948111970654,5140.868508176717,30,,True,
temporal,rsf_cr,competing,10.0,e90,0.0293998454386989,0.0175924515351653,0.0413406597450375,0.0175196912123578,0.0412799996650399,0.0060604068019488,0.0282801465200655,7280.047091807438,30,,True,
temporal,rsf_cr,competing,10.0,obs_concordant,0.0329607911407947,0.0293308441527187,0.0366590986028313,0.0293237483018871,0.0365978339797023,0.0018554273645042,0.0002143852355178,9326.000643017896,30,,True,
temporal,rsf_cr,competing,10.0,eo_concordant,1.2898943622907002,1.166379588842392,1.4427447617053986,1.1504869195607164,1.429301805020684,0.0711180748731113,0.0079123465785979,9082.762468354484,30,,True,
temporal,rsf_cr,competing,10.0,calib_intercept_concordant,-0.282177076737086,-0.4239137820899487,-0.1588636618107557,-0.4142738293351861,-0.1500803241389859,0.0673868724238295,0.0248505393770034,7646.472859544716,30,,True,
temporal,rsf_cr,competing,10.0,calib_slope_concordant,0.9695326308409372,0.803618848323822,1.1816941261291505,0.7799541344529971,1.1591111272288777,0.0966836438716133,0.0842321458539855,2797.016054451624,30,,True,
temporal,rsf_cr,competing,10.0,ici_concordant,0.0096419809075693,0.0064329205662943,0.0135366066591814,0.0060649527986361,0.0132190090165025,0.0018247901707489,0.0152724989690175,8571.652507163964,30,,True,
temporal,rsf_cr,competing,10.0,e50_concordant,0.0035705855116248,0.0008728370521566,0.008004105486907,-5.992468820127878e-05,0.0072010957114509,0.0018518990479106,0.0490948111970654,5140.868508176717,30,,True,
temporal,rsf_cr,competing,10.0,e90_concordant,0.0293998454386989,0.0175924515351653,0.0413406597450375,0.0175196912123578,0.0412799996650399,0.0060604068019488,0.0282801465200655,7280.047091807438,30,,True,
temporal,rsf_cr,competing,10.0,auc,0.8203919768333435,0.7974763125181198,0.8397161081433296,0.7992957145125651,0.841488239154122,0.0107617761388039,0.0294359577524306,7155.055816127426,30,,True,
temporal,rsf_cr,competing,10.0,cindex,0.8206207235654195,0.7985736474394798,0.8392718821763993,0.8002455277389199,0.8409959193919191,0.0103939531247735,0.02895968736117,7206.611164627641,30,,True,
temporal,rsf_cr,competing,10.0,auc_marginal_ipcw,0.8213700671990712,0.7988556951284409,0.8404179990291596,0.80060785955422,0.8421322748439225,0.0105913326376838,0.0306345855997535,7025.127039578086,30,,True,
temporal,rsf_cr,competing,10.0,cindex_marginal_ipcw,0.8203779955705007,0.7988278791308403,0.8386164426803588,0.8004450842939468,0.8403109068470547,0.0101683187165628,0.0294540584415171,7153.095354407558,30,,True,
temporal,rsf_cr,competing,10.0,at_risk_fraction,0.7793976068496704,0.7709293365478516,0.7878658175468445,0.7709750725654768,0.787820141133864,0.0042967326153523,0.0002143852355178,9326.000643017896,30,,True,
temporal,rsf_cr,competing,10.0,nb_at_0.01,0.0259735741962989,0.0223788572009652,0.0296084365807473,0.02237131178756,0.0295758366050377,0.0018376746661698,0.0099252642579407,8966.707414610812,30,,True,
temporal,rsf_cr,competing,10.0,nb_at_0.02,0.0216604380557934,0.0181585940532386,0.025245293136686,0.0181071838089273,0.0252136923026595,0.0018126713476684,0.0110799437267517,8891.494269775172,30,,True,
temporal,rsf_cr,competing,10.0,nb_at_0.03,0.0177260185902317,0.0142334171338006,0.0212343081831932,0.0142362528216136,0.0212157843588498,0.0017802768791113,0.0140780819331387,8669.648653172055,30,,True,
temporal,rsf_cr,competing,10.0,nb_at_0.05,0.0116319803831477,0.0082338938489556,0.0150274497456848,0.0082304119714778,0.0150335487948177,0.0017352281304604,0.0303808890490686,7052.639237254351,30,,True,
temporal,rsf_cr,competing,10.0,nb_at_0.075,0.0063028619935115,0.0031235706119332,0.0095370465423911,0.0031050800078578,0.0095006439791651,0.0016311144545427,0.0563264817351651,4519.458628883297,30,,True,
temporal,rsf_cr,competing,10.0,nb_at_0.2,-0.0003380733597547,-0.0019294671947136,0.0013843377208104,-0.0020121565087245,0.001336009789215,0.0008525569668554,0.2043126629706547,653.144948839502,30,,True,
temporal,rsf_cr,competing,10.0,frac_above_0.01,0.5864722887674968,0.5717654824256897,0.5990995764732361,0.5725197092189741,0.6004248683160195,0.0070453150577535,0.507801283660286,117.23943909934673,30,,True,
temporal,rsf_cr,competing,10.0,frac_above_0.02,0.4703255116939545,0.4585700631141662,0.4821524322032928,0.458328981828111,0.4823220415597979,0.0060969370728995,0.3046250629531725,310.55182418015613,30,,True,
temporal,rsf_cr,competing,10.0,frac_above_0.03,0.3963768889506658,0.3848215341567993,0.4084039032459259,0.3843769646260251,0.4083768132753065,0.0060947285964024,0.3301979891890073,266.5972767962393,30,,True,
temporal,rsf_cr,competing,10.0,frac_above_0.05,0.2937721093495687,0.2835244834423065,0.3036766946315765,0.2835894175556414,0.303954801143496,0.0051881479456369,0.173875976055592,873.5388567039313,30,,True,
temporal,rsf_cr,competing,10.0,frac_above_0.075,0.2085825562477112,0.1990566998720169,0.2177082151174545,0.1991054587443357,0.2180596537510866,0.0048254973902944,0.2151055471751315,594.428483321748,30,,True,
temporal,rsf_cr,competing,10.0,frac_above_0.2,0.0229070639858643,0.0191874802112579,0.0267981570214033,0.0190216080142495,0.026792519957479,0.0019703909506639,0.3844806275572183,199.58232684038933,30,,True,
temporal,rsf_cr,competing,10.0,nb_all_at_0.01,0.0231927167624235,0.0195261059794575,0.0269283819478005,0.0195189362119352,0.0268664973129118,0.0018741690066556,0.0002143852355178,9326.000643017896,30,,True,
temporal,rsf_cr,competing,10.0,nb_all_at_0.02,0.0132252965122461,0.0095212692627683,0.0169990793801844,0.0095140283456546,0.0169365646788376,0.0018932932105291,0.0002143852355178,9326.000643017896,30,,True,
temporal,rsf_cr,competing,10.0,nb_all_at_0.03,0.0030523610766977,-0.0006898514184285,0.0068650488974526,-0.0006971676712872,0.0068018898246826,0.0019128117405117,0.0002143852355178,9326.000643017896,30,,True,
temporal,rsf_cr,competing,10.0,nb_all_at_0.05,-0.0179360099136829,-0.0217570055741816,-0.0140430550090968,-0.0217644761066802,-0.0141075437206856,0.0019530814601843,0.0002143852355178,9326.000643017896,30,,True,
temporal,rsf_cr,competing,10.0,nb_all_at_0.075,-0.0454477928578853,-0.0493720619007945,-0.0414496254175901,-0.0493797312601251,-0.0415158544556456,0.0020058675221026,0.0002143852355178,9326.000643017896,30,,True,
temporal,rsf_cr,competing,10.0,nb_all_at_0.2,-0.2087990194559097,-0.2133364498615264,-0.2041761230677366,-0.2133453227523181,-0.2042527161595013,0.0023192840769578,0.0002143852355178,9326.000643017896,30,,True,
temporal,deephit,competing,5.0,mean_pred,0.0210278033589323,0.0200565164908766,0.0222560243681073,0.0199657743814518,0.0220898323364127,0.0005324334307845,0.6666499038080047,69.53824800791377,30,,True,
temporal,deephit,competing,5.0,obs_cif,0.0138278482481837,0.0115768034011125,0.016293279826641,0.0114320015833377,0.0162236949130297,0.001222234562529,0.0002143852355178,9326.000643017896,30,,True,
temporal,deephit,competing,5.0,eo,1.5206851005554198,1.292120596766472,1.829585695266724,1.2497801411672422,1.7915900599435974,0.1381862777972518,0.0500139569998727,5057.590971113057,30,,True,
temporal,deephit,competing,5.0,calib_intercept,-0.3977181951204935,-0.6233863070607185,-0.2066372040659189,-0.6067539913805841,-0.188682398860403,0.1066266173295382,0.0516093859030703,4915.983855492927,30,,True,
temporal,deephit,competing,5.0,calib_slope,1.0109451055526733,0.7937322676181793,1.3344954788684846,0.7381353955093911,1.2837548155959553,0.1391074855173935,0.1055631708440645,2012.7946500704256,30,,True,
temporal,deephit,competing,5.0,ici,0.0069470868756373,0.0044949555653147,0.0095200194278731,0.0043935416897152,0.0095006320615595,0.0013020402605302,0.1081099285163351,1939.962536093593,30,,True,
temporal,deephit,competing,5.0,e50,0.0024913391796872,0.000934757287905,0.0045218305778689,0.0006964868746118,0.0042861914847625,0.0009151986430586,0.1066154494321171,1982.2535293691967,30,,True,
temporal,deephit,competing,5.0,e90,0.0210257270683844,0.0124174616998061,0.0296026890631765,0.0123740835551898,0.0296773705815791,0.0044110050538686,0.1183969159706822,1680.1542740007612,30,,True,
temporal,deephit,competing,5.0,obs_concordant,0.0138278482481837,0.0115768034011125,0.016293279826641,0.0114320015833377,0.0162236949130297,0.001222234562529,0.0002143852355178,9326.000643017896,30,,True,
temporal,deephit,competing,5.0,eo_concordant,1.5206851005554198,1.292120596766472,1.829585695266724,1.2497801411672422,1.7915900599435974,0.1381862777972518,0.0500139569998727,5057.590971113057,30,,True,
temporal,deephit,competing,5.0,calib_intercept_concordant,-0.3977181951204935,-0.6233863070607185,-0.2066372040659189,-0.6067539913805841,-0.188682398860403,0.1066266173295382,0.0516093859030703,4915.983855492927,30,,True,
temporal,deephit,competing,5.0,calib_slope_concordant,1.0109451055526733,0.7937322676181793,1.3344954788684846,0.7381353955093911,1.2837548155959553,0.1391074855173935,0.1055631708440645,2012.7946500704256,30,,True,
temporal,deephit,competing,5.0,ici_concordant,0.0069470868756373,0.0044949555653147,0.0095200194278731,0.0043935416897152,0.0095006320615595,0.0013020402605302,0.1081099285163351,1939.962536093593,30,,True,
temporal,deephit,competing,5.0,e50_concordant,0.0024913391796872,0.000934757287905,0.0045218305778689,0.0006964868746118,0.0042861914847625,0.0009151986430586,0.1066154494321171,1982.2535293691967,30,,True,
temporal,deephit,competing,5.0,e90_concordant,0.0210257270683844,0.0124174616998061,0.0296026890631765,0.0123740835551898,0.0296773705815791,0.0044110050538686,0.1183969159706822,1680.1542740007612,30,,True,
temporal,deephit,competing,5.0,auc,0.8556173463662465,0.8306085199117661,0.8791718348860741,0.8307869316126855,0.8804477611198076,0.0126669042520474,0.0210321227007998,8038.72791176969,30,,True,
temporal,deephit,competing,5.0,cindex,0.8529023150602977,0.8281898915767669,0.8763511598110199,0.8282709376367494,0.8775336924838459,0.0125653568247287,0.0215048654197947,7991.454301391878,30,,True,
temporal,deephit,competing,5.0,auc_marginal_ipcw,0.8556173463662465,0.8306085199117661,0.8791718348860741,0.8307869316126855,0.8804477611198076,0.0126669042520474,0.0210321227007998,8038.72791176969,30,,True,
temporal,deephit,competing,5.0,cindex_marginal_ipcw,0.8529023150602977,0.8281898915767669,0.8763511598110199,0.8282709376367494,0.8775336924838459,0.0125653568247287,0.0215048654197947,7991.454301391878,30,,True,
temporal,deephit,competing,5.0,at_risk_fraction,1.0,1.0,1.0,1.0,1.0,0.0,0.0002143852355178,9326.000643017896,30,,True,
temporal,deephit,competing,5.0,nb_at_0.01,0.0089463615479568,0.0067195701412856,0.0112844603136181,0.0066183751461055,0.0112743479498082,0.0011876113748639,0.0082688510234521,9063.66059989206,30,,True,
temporal,deephit,competing,5.0,nb_at_0.02,0.0056494888694336,0.0034629781730473,0.007908190600574,0.0034088055241396,0.0078901722147275,0.0011430311394878,0.0302005382356376,7072.195137492964,30,,True,
temporal,deephit,competing,5.0,nb_at_0.03,0.0033178511541336,0.0012012204388156,0.0054347766563296,0.0011975677492797,0.0054381345589876,0.0010816399596884,0.0179923193994448,8331.103005085948,30,,True,
temporal,deephit,competing,5.0,nb_at_0.05,0.000903050849835,-0.0010550010483711,0.0028603505343198,-0.0010455808453685,0.0028516825450387,0.0009940499629767,0.0294229556376355,7156.464013769712,30,,True,
temporal,deephit,competing,5.0,nb_at_0.075,0.0004496296068585,-0.0011936767434235,0.0021525437477976,-0.0012532933429202,0.0021525525566373,0.0008685901818373,0.0634487769615377,3983.0773456148513,30,,True,
temporal,deephit,competing,5.0,nb_at_0.2,-0.0001411369560325,-0.0004019723564852,0.0,-0.0003637210479184,8.144713585339321e-05,0.0001111385027958,0.7417895720986737,56.61179795428444,30,,True,
temporal,deephit,competing,5.0,frac_above_0.01,0.4116982877254486,0.3967199027538299,0.427162617444992,0.3955392813504394,0.4278572941004577,0.0081131262990506,0.6369282213833961,75.90851440436226,30,,True,
temporal,deephit,competing,5.0,frac_above_0.02,0.2993354052305221,0.2872762382030487,0.3113945722579956,0.2870806159496406,0.3115901945114037,0.0062043295113334,0.436117065355909,156.8930774521992,30,,True,
temporal,deephit,competing,5.0,frac_above_0.03,0.2381212716301282,0.2254260927438736,0.2504019737243652,0.2253207386129328,0.2509218046473236,0.0064583856629433,0.5279045617161606,108.83138010022444,30,,True,
temporal,deephit,competing,5.0,frac_above_0.05,0.1527780731519063,0.1412798762321472,0.1635759472846985,0.141475650563417,0.1640804957403956,0.0056920776447537,0.5711583904827697,93.57515001668996,30,,True,
temporal,deephit,competing,5.0,frac_above_0.075,0.0757780395448207,0.0659234672784805,0.0860756784677505,0.065614645140646,0.0859414339489955,0.0050771628219341,0.7331442579803271,57.90665703154277,30,,True,
temporal,deephit,competing,5.0,frac_above_0.2,0.00056454782413,0.0,0.0016078894259408,-0.0003257885434135,0.0014548841916737,0.0004445540111834,0.7417895720986737,56.61179795428444,30,,True,
temporal,deephit,competing,5.0,nb_all_at_0.01,0.0038665137253701,0.0015927308704704,0.0063568474724888,0.0014464666268714,0.0062865608238689,0.0012345803469536,0.0002143852355178,9326.000643017896,30,,True,
temporal,deephit,competing,5.0,nb_all_at_0.02,-0.0062981136143207,-0.0085950987413525,-0.0037823682650923,-0.0087428550462132,-0.0038533721824282,0.0012471780929677,0.0002143852355178,9326.000643017896,30,,True,
temporal,deephit,competing,5.0,nb_all_at_0.03,-0.0166723206639289,-0.0189929865300655,-0.0141306398436427,-0.0191422656698638,-0.0142023756579941,0.0012600356266929,0.0002143852355178,9326.000643017896,30,,True,
temporal,deephit,competing,5.0,nb_all_at_0.05,-0.0380759499967098,-0.0404454693198204,-0.035480760037899,-0.0405978938150973,-0.0355540061783222,0.0012865626773271,0.0002143852355178,9326.000643017896,30,,True,
temporal,deephit,competing,5.0,nb_all_at_0.075,-0.066132053732872,-0.0685656145215034,-0.063466727733612,-0.0687221584667712,-0.0635419489989727,0.0013213347802227,0.0002143852355178,9326.000643017896,30,,True,
temporal,deephit,competing,5.0,nb_all_at_0.2,-0.2327151894569397,-0.2355289906263351,-0.2296334058046341,-0.2357099990460796,-0.2297203798677997,0.0015277938449685,0.0002143852355178,9326.000643017896,30,,True,
temporal,deephit,competing,10.0,mean_pred,0.0433649404595295,0.0417016539722681,0.0451903458684682,0.0415912913808961,0.0451385895381629,0.0008934886547781,0.5647350645352422,95.62773371155258,30,,True,
temporal,deephit,competing,10.0,obs_cif,0.0329607911407947,0.0293308441527187,0.0366590986028313,0.0293237483018871,0.0365978339797023,0.0018554273645042,0.0002143852355178,9326.000643017896,30,,True,
temporal,deephit,competing,10.0,eo,1.315652322769165,1.1848014801740647,1.4755666464567183,1.1686403343537952,1.4626643111845348,0.0749811615962379,0.0717405476992789,3447.579565416054,30,,True,
temporal,deephit,competing,10.0,calib_intercept,-0.2911244610945384,-0.432054802775383,-0.1640241775661707,-0.4248911432245157,-0.157357778964561,0.06822322499304,0.0773045821481848,3136.5931979121947,30,,True,
temporal,deephit,competing,10.0,calib_slope,0.9906489451726278,0.8198452413082122,1.22632669210434,0.7866897493409083,1.1946081410043472,0.104032461482974,0.0609660573141142,4161.693952050469,30,,True,
temporal,deephit,competing,10.0,ici,0.0104133378093441,0.0069250315544195,0.0143685773480683,0.0066570043680637,0.0141696712506245,0.0019151973470495,0.1159142811839723,1738.2046901430513,30,,True,
temporal,deephit,competing,10.0,e50,0.0036881196700657,0.0011024864827049,0.0072122153593227,0.0006361495681055,0.0067400897720259,0.0015561168516101,0.1128680984805644,1813.324649713884,30,,True,
temporal,deephit,competing,10.0,e90,0.0321458954984943,0.0193259671796113,0.0449794654734432,0.0191942045635522,0.0450975864334363,0.0066019749747372,0.1382978532837701,1300.0774122038265,30,,True,
temporal,deephit,competing,10.0,obs_concordant,0.0329607911407947,0.0293308441527187,0.0366590986028313,0.0293237483018871,0.0365978339797023,0.0018554273645042,0.0002143852355178,9326.000643017896,30,,True,
temporal,deephit,competing,10.0,eo_concordant,1.315652322769165,1.1848014801740647,1.4755666464567183,1.1686403343537952,1.4626643111845348,0.0749811615962379,0.0717405476992789,3447.579565416054,30,,True,
temporal,deephit,competing,10.0,calib_intercept_concordant,-0.2911244610945384,-0.432054802775383,-0.1640241775661707,-0.4248911432245157,-0.157357778964561,0.06822322499304,0.0773045821481848,3136.5931979121947,30,,True,
temporal,deephit,competing,10.0,calib_slope_concordant,0.9906489451726278,0.8198452413082122,1.22632669210434,0.7866897493409083,1.1946081410043472,0.104032461482974,0.0609660573141142,4161.693952050469,30,,True,
temporal,deephit,competing,10.0,ici_concordant,0.0104133378093441,0.0069250315544195,0.0143685773480683,0.0066570043680637,0.0141696712506245,0.0019151973470495,0.1159142811839723,1738.2046901430513,30,,True,
temporal,deephit,competing,10.0,e50_concordant,0.0036881196700657,0.0011024864827049,0.0072122153593227,0.0006361495681055,0.0067400897720259,0.0015561168516101,0.1128680984805644,1813.324649713884,30,,True,
temporal,deephit,competing,10.0,e90_concordant,0.0321458954984943,0.0193259671796113,0.0449794654734432,0.0191942045635522,0.0450975864334363,0.0066019749747372,0.1382978532837701,1300.0774122038265,30,,True,
temporal,deephit,competing,10.0,auc,0.830281533797582,0.808879679441452,0.8481450214982033,0.8107156524866029,0.849847415108561,0.0099813247997266,0.0180432810192844,8326.388476160744,30,,True,
temporal,deephit,competing,10.0,cindex,0.829765909910202,0.8092612802982331,0.8469838708639145,0.8109077394060078,0.8486240804143963,0.0096202779856941,0.0190294840639046,8233.812568936672,30,,True,
temporal,deephit,competing,10.0,auc_marginal_ipcw,0.831115460395813,0.8098826617002487,0.8486654445528984,0.8116912530415281,0.8505396677500978,0.0099090491203444,0.0181818606987484,8313.532918667397,30,,True,
temporal,deephit,competing,10.0,cindex_marginal_ipcw,0.8295836289723714,0.8093968704342842,0.8465081572532653,0.8108799880143813,0.8482872699303614,0.0095414434037241,0.0192209793815987,8215.552571711783,30,,True,
temporal,deephit,competing,10.0,at_risk_fraction,0.7793976068496704,0.7709293365478516,0.7878658175468445,0.7709750725654768,0.787820141133864,0.0042967326153523,0.0002143852355178,9326.000643017896,30,,True,
temporal,deephit,competing,10.0,nb_at_0.01,0.0263411647950609,0.0227397137787193,0.0299387130420655,0.0227377478044234,0.0299445817856984,0.0018382710916694,0.0041612175587093,9243.1344317865,30,,True,
temporal,deephit,competing,10.0,nb_at_0.02,0.0222268323724468,0.018723533861339,0.0257839068304747,0.0186807099810511,0.0257729547638425,0.0018090399710823,0.006595778883488,9147.651669333176,30,,True,
temporal,deephit,competing,10.0,nb_at_0.03,0.0186636333664258,0.0151485048932954,0.0222005574032664,0.0151561059485573,0.0221711607842942,0.0017893416956064,0.01230459406197,8805.307900278398,30,,True,
temporal,deephit,competing,10.0,nb_at_0.05,0.0126879828982055,0.0092807456385344,0.0161192482337355,0.0092577443351292,0.0161182214612818,0.0017498485395967,0.0314410884785762,6937.668466813219,30,,True,
temporal,deephit,competing,10.0,nb_at_0.075,0.0064428432223697,0.0031813308072742,0.0096553706098347,0.0031975801335304,0.009688106311209,0.0016554474017418,0.0394659307493118,6082.253902370982,30,,True,
temporal,deephit,competing,10.0,nb_at_0.2,-0.000193052270697,-0.0017523419082863,0.001548173269839,-0.0018636423860906,0.0014775378446964,0.0008514301579354,0.1515013395330479,1112.404789195664,30,,True,
temporal,deephit,competing,10.0,frac_above_0.01,0.5735198517640432,0.550326943397522,0.5920248627662659,0.5528971649760156,0.5941425385520708,0.0102653989980218,0.7942015128908946,49.60910842918091,30,,True,
temporal,deephit,competing,10.0,frac_above_0.02,0.4395933826764425,0.4237324595451355,0.4543895423412323,0.4238671268368783,0.4553196385160066,0.0079071077958871,0.6070819606643222,83.23747977237923,30,,True,
temporal,deephit,competing,10.0,frac_above_0.03,0.3716332604487737,0.3589881062507629,0.3837496042251587,0.3590075679144184,0.3842589529831289,0.0063970249343022,0.4129816531587197,174.11976967372206,30,,True,
temporal,deephit,competing,10.0,frac_above_0.05,0.2892057011524836,0.2781648635864258,0.3003537356853485,0.2779501399697015,0.3004612623352657,0.0057156336382468,0.337043077431528,256.41683155966786,30,,True,
temporal,deephit,competing,10.0,frac_above_0.075,0.2223639552791913,0.2100975513458252,0.2335727363824844,0.2104550535184119,0.2342728570399707,0.00602070738818,0.4758420681053678,132.78652958512754,30,,True,
temporal,deephit,competing,10.0,frac_above_0.2,0.0235930967455108,0.0172580126672983,0.0297995489090681,0.0171242017045274,0.0300619917864943,0.0032179896087399,0.8045478306195226,48.37827277507888,30,,True,
temporal,deephit,competing,10.0,nb_all_at_0.01,0.0231927167624235,0.0195261059794575,0.0269283819478005,0.0195189362119352,0.0268664973129118,0.0018741690066556,0.0002143852355178,9326.000643017896,30,,True,
temporal,deephit,competing,10.0,nb_all_at_0.02,0.0132252965122461,0.0095212692627683,0.0169990793801844,0.0095140283456546,0.0169365646788376,0.0018932932105291,0.0002143852355178,9326.000643017896,30,,True,
temporal,deephit,competing,10.0,nb_all_at_0.03,0.0030523610766977,-0.0006898514184285,0.0068650488974526,-0.0006971676712872,0.0068018898246826,0.0019128117405117,0.0002143852355178,9326.000643017896,30,,True,
temporal,deephit,competing,10.0,nb_all_at_0.05,-0.0179360099136829,-0.0217570055741816,-0.0140430550090968,-0.0217644761066802,-0.0141075437206856,0.0019530814601843,0.0002143852355178,9326.000643017896,30,,True,
temporal,deephit,competing,10.0,nb_all_at_0.075,-0.0454477928578853,-0.0493720619007945,-0.0414496254175901,-0.0493797312601251,-0.0415158544556456,0.0020058675221026,0.0002143852355178,9326.000643017896,30,,True,
temporal,deephit,competing,10.0,nb_all_at_0.2,-0.2087990194559097,-0.2133364498615264,-0.2041761230677366,-0.2133453227523181,-0.2042527161595013,0.0023192840769578,0.0002143852355178,9326.000643017896,30,,True,
temporal,nfg,competing,5.0,mean_pred,0.016864999756217,0.0159359368961304,0.0176951273344457,0.0159541045931245,0.0177758949193094,0.000457880033802,0.6124418596734775,81.8444763463517,30,,True,
temporal,nfg,competing,5.0,obs_cif,0.0138278482481837,0.0115768034011125,0.016293279826641,0.0114320015833377,0.0162236949130297,0.001222234562529,0.0002143852355178,9326.000643017896,30,,True,
temporal,nfg,competing,5.0,eo,1.2196401913960777,1.036136031150818,1.4670884400606157,1.0022307705587523,1.4370496122334029,0.1108972570837898,0.0529176388748112,4802.681243407706,30,,True,
temporal,nfg,competing,5.0,calib_intercept,-0.2475625122586886,-0.480005632340908,-0.0511798534542321,-0.4623910485284913,-0.0327339759888858,0.1095851592180572,0.0431734556924993,5705.825031657489,30,,True,
temporal,nfg,competing,5.0,calib_slope,0.9390955209732056,0.724360229074955,1.3005090206861496,0.6498612708131299,1.2283297711332812,0.1474941132587152,0.0961507457011078,2316.844722226589,30,,True,
temporal,nfg,competing,5.0,ici,0.0031938033644109,0.0013680103031219,0.0057506404933519,0.0009497664792329,0.005437840249589,0.0011440957868717,0.1199254326749751,1645.755119102438,30,,True,
temporal,nfg,competing,5.0,e50,0.0002901394235474,0.0001193009618873,0.001627700444078,-0.0005396062996909,0.0011198851467859,0.0004229119389339,0.1466469462793401,1176.5825951091515,30,,True,
temporal,nfg,competing,5.0,e90,0.0117716251251598,0.0033952351019252,0.0206676181405782,0.0030009461999752,0.0205423040503444,0.004472418373428,0.1005818982304017,2166.4574346641384,30,,True,
temporal,nfg,competing,5.0,obs_concordant,0.0138278482481837,0.0115768034011125,0.016293279826641,0.0114320015833377,0.0162236949130297,0.001222234562529,0.0002143852355178,9326.000643017896,30,,True,
temporal,nfg,competing,5.0,eo_concordant,1.2196401913960777,1.036136031150818,1.4670884400606157,1.0022307705587523,1.4370496122334029,0.1108972570837898,0.0529176388748112,4802.681243407706,30,,True,
temporal,nfg,competing,5.0,calib_intercept_concordant,-0.2475625122586886,-0.480005632340908,-0.0511798534542321,-0.4623910485284913,-0.0327339759888858,0.1095851592180572,0.0431734556924993,5705.825031657489,30,,True,
temporal,nfg,competing,5.0,calib_slope_concordant,0.9390955209732056,0.724360229074955,1.3005090206861496,0.6498612708131299,1.2283297711332812,0.1474941132587152,0.0961507457011078,2316.844722226589,30,,True,
temporal,nfg,competing,5.0,ici_concordant,0.0031938033644109,0.0013680103031219,0.0057506404933519,0.0009497664792329,0.005437840249589,0.0011440957868717,0.1199254326749751,1645.755119102438,30,,True,
temporal,nfg,competing,5.0,e50_concordant,0.0002901394235474,0.0001193009618873,0.001627700444078,-0.0005396062996909,0.0011198851467859,0.0004229119389339,0.1466469462793401,1176.5825951091515,30,,True,
temporal,nfg,competing,5.0,e90_concordant,0.0117716251251598,0.0033952351019252,0.0206676181405782,0.0030009461999752,0.0205423040503444,0.004472418373428,0.1005818982304017,2166.4574346641384,30,,True,
temporal,nfg,competing,5.0,auc,0.8546334405740103,0.8279345244169235,0.8795158863067627,0.828198150671843,0.8810687304761775,0.0134855921556987,0.0217255167708983,7969.246238251823,30,,True,
temporal,nfg,competing,5.0,cindex,0.8519553065299987,0.8256140142679215,0.8766602203249931,0.8257371282172707,0.8781734848427267,0.0133748313133464,0.0218964884072933,7951.9779231724815,30,,True,
temporal,nfg,competing,5.0,auc_marginal_ipcw,0.8546334405740103,0.8279345244169235,0.8795158863067627,0.828198150671843,0.8810687304761775,0.0134855921556987,0.0217255167708983,7969.246238251823,30,,True,
temporal,nfg,competing,5.0,cindex_marginal_ipcw,0.8519553065299987,0.8256140142679215,0.8766602203249931,0.8257371282172707,0.8781734848427267,0.0133748313133464,0.0218964884072933,7951.9779231724815,30,,True,
temporal,nfg,competing,5.0,at_risk_fraction,1.0,1.0,1.0,1.0,1.0,0.0,0.0002143852355178,9326.000643017896,30,,True,
temporal,nfg,competing,5.0,nb_at_0.01,0.0087851393967866,0.0065961359068751,0.0110365367028862,0.0065306864584183,0.011039592335155,0.0011500879231772,0.0164141668331629,8473.44840256009,30,,True,
temporal,nfg,competing,5.0,nb_at_0.02,0.0059200226018826,0.0038173699285835,0.0080328844487667,0.0038000535405196,0.0080399916632455,0.0010814843746696,0.0150278824834363,8592.130683908199,30,,True,
temporal,nfg,competing,5.0,nb_at_0.03,0.0042400024365633,0.0021803202107548,0.0063343380345031,0.0021699666352018,0.0063100382379249,0.0010559462783952,0.0404787755735768,5977.889799884784,30,,True,
temporal,nfg,competing,5.0,nb_at_0.05,0.0015300336798342,-0.0002708024112507,0.0033624633215367,-0.0002993683983546,0.0033594357580231,0.0009332236896607,0.0310569804325622,6979.318412228743,30,,True,
temporal,nfg,competing,5.0,nb_at_0.075,0.0009915800687546,-0.0005649341037496,0.0026392561849206,-0.0006400639021517,0.0026232240396611,0.0008322399735722,0.062034824807538,4083.725721471834,30,,True,
temporal,nfg,competing,5.0,nb_at_0.2,-2.2331796571961604e-05,-8.039447129704058e-05,0.0,-7.542812307762735e-05,3.076452993370415e-05,2.703326178820726e-05,0.2193972567125912,573.2339395489757,30,,True,
temporal,nfg,competing,5.0,frac_above_0.01,0.3211812635262807,0.3042126595973968,0.3390502631664276,0.3033787115907135,0.3389838154618479,0.0088890024452693,0.741775603915707,56.61385507447999,30,,True,
temporal,nfg,competing,5.0,frac_above_0.02,0.2340908288955688,0.2206024229526519,0.2474005818367004,0.2208542126312362,0.2473274451599014,0.0066669733724952,0.5684060222703651,94.44641457751044,30,,True,
temporal,nfg,competing,5.0,frac_above_0.03,0.1842462569475174,0.1730089038610458,0.1960553079843521,0.1724860184731928,0.1960064954218419,0.0059302176468206,0.5413587007923556,103.7045387825894,30,,True,
temporal,nfg,competing,5.0,frac_above_0.05,0.122070962190628,0.1100868284702301,0.1320613175630569,0.1109462477702598,0.1331956766109962,0.0055852303008093,0.6379350148709589,75.67853177701504,30,,True,
temporal,nfg,competing,5.0,frac_above_0.075,0.0620430912822485,0.0526315793395042,0.0694608241319656,0.0537065156418232,0.0703796669226737,0.0041793025366326,0.6672285685445011,69.42233992743836,30,,True,
temporal,nfg,competing,5.0,frac_above_0.2,8.932718628784642e-05,0.0,0.0003215778851881,-0.0001230581197348,0.0003017124923105,0.0001081330471528,0.2193972567125912,573.2339395489757,30,,True,
temporal,nfg,competing,5.0,nb_all_at_0.01,0.0038665137253701,0.0015927308704704,0.0063568474724888,0.0014464666268714,0.0062865608238689,0.0012345803469536,0.0002143852355178,9326.000643017896,30,,True,
temporal,nfg,competing,5.0,nb_all_at_0.02,-0.0062981136143207,-0.0085950987413525,-0.0037823682650923,-0.0087428550462132,-0.0038533721824282,0.0012471780929677,0.0002143852355178,9326.000643017896,30,,True,
temporal,nfg,competing,5.0,nb_all_at_0.03,-0.0166723206639289,-0.0189929865300655,-0.0141306398436427,-0.0191422656698638,-0.0142023756579941,0.0012600356266929,0.0002143852355178,9326.000643017896,30,,True,
temporal,nfg,competing,5.0,nb_all_at_0.05,-0.0380759499967098,-0.0404454693198204,-0.035480760037899,-0.0405978938150973,-0.0355540061783222,0.0012865626773271,0.0002143852355178,9326.000643017896,30,,True,
temporal,nfg,competing,5.0,nb_all_at_0.075,-0.066132053732872,-0.0685656145215034,-0.063466727733612,-0.0687221584667712,-0.0635419489989727,0.0013213347802227,0.0002143852355178,9326.000643017896,30,,True,
temporal,nfg,competing,5.0,nb_all_at_0.2,-0.2327151894569397,-0.2355289906263351,-0.2296334058046341,-0.2357099990460796,-0.2297203798677997,0.0015277938449685,0.0002143852355178,9326.000643017896,30,,True,
temporal,nfg,competing,10.0,mean_pred,0.0371513118346532,0.0353243145160377,0.0387560604140162,0.0353745719309846,0.0389280517383217,0.0008931051246741,0.6126663137914188,81.78691409333325,30,,True,
temporal,nfg,competing,10.0,obs_cif,0.0329607911407947,0.0293308441527187,0.0366590986028313,0.0293237483018871,0.0365978339797023,0.0018554273645042,0.0002143852355178,9326.000643017896,30,,True,
temporal,nfg,competing,10.0,eo,1.127136560281118,1.0115226417779923,1.2647373110055924,0.9991285786067982,1.2551445419554377,0.0652738735800503,0.1024568168354058,2106.800803864792,30,,True,
temporal,nfg,competing,10.0,calib_intercept,-0.1965151066581408,-0.3446214213967323,-0.0639518495649099,-0.3368528013982218,-0.0561774119180598,0.071569788271454,0.0869799638557935,2675.4697819646904,30,,True,
temporal,nfg,competing,10.0,calib_slope,0.870116380850474,0.7317989155650139,1.0716371029615404,0.7006397374834165,1.0395930242175315,0.0864384726394935,0.0725688468482993,3398.954577652584,30,,True,
temporal,nfg,competing,10.0,ici,0.0050915536936372,0.0027018174121622,0.0092595220077782,0.001762434726956,0.0084206726603185,0.0016975484329374,0.1049884636980276,2029.7478360346825,30,,True,
temporal,nfg,competing,10.0,e50,0.0007949087322534,0.0002415732571535,0.0030599194695241,-0.0007987114649251,0.0023885289294319,0.0008116562825482,0.198545527467482,688.0924245389308,30,,True,
temporal,nfg,competing,10.0,e90,0.0190771594022711,0.007029678474646,0.0325251979753375,0.0060486746306396,0.0321056441739025,0.0066414460323764,0.1339149413307552,1372.439661798353,30,,True,
temporal,nfg,competing,10.0,obs_concordant,0.0329607911407947,0.0293308441527187,0.0366590986028313,0.0293237483018871,0.0365978339797023,0.0018554273645042,0.0002143852355178,9326.000643017896,30,,True,
temporal,nfg,competing,10.0,eo_concordant,1.127136560281118,1.0115226417779923,1.2647373110055924,0.9991285786067982,1.2551445419554377,0.0652738735800503,0.1024568168354058,2106.800803864792,30,,True,
temporal,nfg,competing,10.0,calib_intercept_concordant,-0.1965151066581408,-0.3446214213967323,-0.0639518495649099,-0.3368528013982218,-0.0561774119180598,0.071569788271454,0.0869799638557935,2675.4697819646904,30,,True,
temporal,nfg,competing,10.0,calib_slope_concordant,0.870116380850474,0.7317989155650139,1.0716371029615404,0.7006397374834165,1.0395930242175315,0.0864384726394935,0.0725688468482993,3398.954577652584,30,,True,
temporal,nfg,competing,10.0,ici_concordant,0.0050915536936372,0.0027018174121622,0.0092595220077782,0.001762434726956,0.0084206726603185,0.0016975484329374,0.1049884636980276,2029.7478360346825,30,,True,
temporal,nfg,competing,10.0,e50_concordant,0.0007949087322534,0.0002415732571535,0.0030599194695241,-0.0007987114649251,0.0023885289294319,0.0008116562825482,0.198545527467482,688.0924245389308,30,,True,
temporal,nfg,competing,10.0,e90_concordant,0.0190771594022711,0.007029678474646,0.0325251979753375,0.0060486746306396,0.0321056441739025,0.0066414460323764,0.1339149413307552,1372.439661798353,30,,True,
temporal,nfg,competing,10.0,auc,0.8271738906701406,0.8046732485294342,0.8457548007369041,0.8067459599320016,0.8476018214082796,0.0104211049909614,0.0171371857281239,8409.135566892863,30,,True,
temporal,nfg,competing,10.0,cindex,0.826736036936442,0.8051095888018608,0.844817079603672,0.8070106646253877,0.8464614092474964,0.0100626823368502,0.0183536197850938,8297.528464448955,30,,True,
temporal,nfg,competing,10.0,auc_marginal_ipcw,0.8280565102895101,0.8056346446275711,0.8464306816458702,0.8077678782253834,0.8483451423536368,0.0103500456928839,0.0169778826316388,8423.440429571552,30,,True,
temporal,nfg,competing,10.0,cindex_marginal_ipcw,0.826535721619924,0.8049932196736336,0.8443591371178627,0.8069502832529236,0.8461211599869243,0.0099912956769226,0.0184079769298533,8292.44730896617,30,,True,
temporal,nfg,competing,10.0,at_risk_fraction,0.7793976068496704,0.7709293365478516,0.7878658175468445,0.7709750725654768,0.787820141133864,0.0042967326153523,0.0002143852355178,9326.000643017896,30,,True,
temporal,nfg,competing,10.0,nb_at_0.01,0.0264456802979111,0.0229208323638886,0.0300113588571548,0.0228869261659881,0.0300044344298341,0.0018154855255451,0.0052096180812093,9206.01996154055,30,,True,
temporal,nfg,competing,10.0,nb_at_0.02,0.0221521368871132,0.0186651439871639,0.0256707006134092,0.0186664971970182,0.0256377765772082,0.0017781751598182,0.0126254725752111,8781.685252277583,30,,True,
temporal,nfg,competing,10.0,nb_at_0.03,0.0184492270772655,0.0150733277434483,0.0218545274343341,0.015051339413512,0.021847114741019,0.0017333924996056,0.0192548485288725,8212.313752597078,30,,True,
temporal,nfg,competing,10.0,nb_at_0.05,0.0120696114376187,0.0088308401871472,0.0152822896838188,0.0088439447557125,0.0152952781195249,0.0016455143331137,0.0258632310354762,7539.249042709091,30,,True,
temporal,nfg,competing,10.0,nb_at_0.075,0.0072660814039409,0.004149183013942,0.0103390979114919,0.0041978438556048,0.010334318952277,0.0015651264081774,0.0427568491894581,5747.322680267031,30,,True,
temporal,nfg,competing,10.0,nb_at_0.2,-0.0001456386533391,-0.001661485643126,0.0015382566925836,-0.0017583025947938,0.0014670252881155,0.0008216748925723,0.1728366773825327,882.8992791640811,30,,True,
temporal,nfg,competing,10.0,frac_above_0.01,0.5002322475115458,0.4758280515670776,0.518490731716156,0.4768492053607073,0.5236152896623844,0.0115957961664836,0.8532626058995856,43.13456310032924,30,,True,
temporal,nfg,competing,10.0,frac_above_0.02,0.3705148826042811,0.3518061935901642,0.3886804580688476,0.3507135987122025,0.3903161664963597,0.0098608549467115,0.7869699363152214,50.49673204882669,30,,True,
temporal,nfg,competing,10.0,frac_above_0.03,0.3044234812259674,0.2895272672176361,0.3214706778526306,0.2884268903601202,0.3204200720918146,0.0080155070728259,0.676741633011338,67.55788392775702,30,,True,
temporal,nfg,competing,10.0,frac_above_0.05,0.2363954678177833,0.2232822328805923,0.2491156607866287,0.2234805766193949,0.2493103590161717,0.0065123068648239,0.5419311453787079,103.49457709016627,30,,True,
temporal,nfg,competing,10.0,frac_above_0.075,0.1795083423455556,0.1687211990356445,0.1912316381931305,0.1678935846492937,0.1911231000418175,0.0058574896890466,0.538771334433481,104.6616403115841,30,,True,
temporal,nfg,competing,10.0,frac_above_0.2,0.0212277129913369,0.014685389585793,0.0284060463309288,0.0138194080210751,0.0286360179615988,0.0036663852441836,0.8831300834663174,40.30318511250346,30,,True,
temporal,nfg,competing,10.0,nb_all_at_0.01,0.0231927167624235,0.0195261059794575,0.0269283819478005,0.0195189362119352,0.0268664973129118,0.0018741690066556,0.0002143852355178,9326.000643017896,30,,True,
temporal,nfg,competing,10.0,nb_all_at_0.02,0.0132252965122461,0.0095212692627683,0.0169990793801844,0.0095140283456546,0.0169365646788376,0.0018932932105291,0.0002143852355178,9326.000643017896,30,,True,
temporal,nfg,competing,10.0,nb_all_at_0.03,0.0030523610766977,-0.0006898514184285,0.0068650488974526,-0.0006971676712872,0.0068018898246826,0.0019128117405117,0.0002143852355178,9326.000643017896,30,,True,
temporal,nfg,competing,10.0,nb_all_at_0.05,-0.0179360099136829,-0.0217570055741816,-0.0140430550090968,-0.0217644761066802,-0.0141075437206856,0.0019530814601843,0.0002143852355178,9326.000643017896,30,,True,
temporal,nfg,competing,10.0,nb_all_at_0.075,-0.0454477928578853,-0.0493720619007945,-0.0414496254175901,-0.0493797312601251,-0.0415158544556456,0.0020058675221026,0.0002143852355178,9326.000643017896,30,,True,
temporal,nfg,competing,10.0,nb_all_at_0.2,-0.2087990194559097,-0.2133364498615264,-0.2041761230677366,-0.2133453227523181,-0.2042527161595013,0.0023192840769578,0.0002143852355178,9326.000643017896,30,,True,
cv,cox_naive,naive,10.0,ici_smoothfg,0.0074316122614826,0.0067656730063141,0.0091082637570666,0.0062994562593423,0.008563768263623,0.0005776227492863,0.0075596327803255,37836.51744291933,30,smoothnet,True,
cv,cox_naive,naive,10.0,ici_smoothcsh,0.005716170410936,0.0027418420608766,0.0049387667966703,0.0045546977182788,0.0068776431035931,0.0005925814591883,0.001807678104046,40896.44823244477,30,smoothnet,False,"point estimate outside its own percentile interval; percentile bootstrap unreliable for this estimand on this split, do not quote the interval"
cv,cox_naive,naive,10.0,ici_smoothnet,0.0009973705666902,0.0029800931652366,0.0065793434829993,-0.0009147240936672,0.0029094652270478,0.000975541530466,0.012047026046195,33837.60516925715,30,smoothnet,False,"point estimate outside its own percentile interval; percentile bootstrap unreliable for this estimand on this split, do not quote the interval"
cv,cox_naive,naive,10.0,e50_smoothfg,0.0018232597877868,0.0033218569547183,0.0053341396103599,0.0008915989951895,0.002754920580384,0.0004753317980982,0.001893311926306,40875.17715703279,30,smoothnet,False,"point estimate outside its own percentile interval; percentile bootstrap unreliable for this estimand on this split, do not quote the interval"
cv,cox_naive,naive,10.0,e50_smoothcsh,0.0003147265297216,0.0003323976721338,0.0022273679653309,-0.0005950966607959,0.0012245497202391,0.0004641885095175,0.0095335071528099,36188.74644961209,30,smoothnet,False,"point estimate outside its own percentile interval; percentile bootstrap unreliable for this estimand on this split, do not quote the interval"
cv,cox_naive,naive,10.0,e50_smoothnet,0.0003429664231174,0.0006835760265417,0.0033112380177692,-0.0008612942964068,0.0015472271426418,0.0006144117771614,0.0023259620980296,40755.20207893553,30,smoothnet,False,"point estimate outside its own percentile interval; percentile bootstrap unreliable for this estimand on this split, do not quote the interval"
cv,cox_naive,naive,10.0,e90_smoothfg,0.0190969815019041,0.0083540967683856,0.0145096239839743,0.015708364199075,0.0224855988047332,0.0017288604489235,0.0094443609860877,36267.659951505215,30,smoothnet,False,"point estimate outside its own percentile interval; percentile bootstrap unreliable for this estimand on this split, do not quote the interval"
cv,cox_naive,naive,10.0,e90_smoothcsh,0.0148133420475129,0.00226314891524,0.008123293400972,0.0117101765503757,0.0179165075446501,0.0015832283871999,0.0049801763108782,39586.87435848071,30,smoothnet,False,"point estimate outside its own percentile interval; percentile bootstrap unreliable for this estimand on this split, do not quote the interval"
cv,cox_naive,naive,10.0,e90_smoothnet,0.0016357869292463,0.0089355286808904,0.019267974126812,-0.0040679265867365,0.0073395004452292,0.0029100233398888,0.0042011329280524,40003.15679596236,30,smoothnet,False,"point estimate outside its own percentile interval; percentile bootstrap unreliable for this estimand on this split, do not quote the interval"
cv,cox_naive,naive,10.0,ici_concordant_austin,0.0009973705666902,0.0029800931652366,0.0065793434829993,-0.0009147240936672,0.0029094652270478,0.000975541530466,0.012047026046195,33837.60516925715,30,smoothnet,False,"point estimate outside its own percentile interval; percentile bootstrap unreliable for this estimand on this split, do not quote the interval"
cv,cox_naive,naive,10.0,e50_concordant_austin,0.0003429664231174,0.0006835760265417,0.0033112380177692,-0.0008612942964068,0.0015472271426418,0.0006144117771614,0.0023259620980296,40755.20207893553,30,smoothnet,False,"point estimate outside its own percentile interval; percentile bootstrap unreliable for this estimand on this split, do not quote the interval"
cv,cox_naive,naive,10.0,e90_concordant_austin,0.0016357869292463,0.0089355286808904,0.019267974126812,-0.0040679265867365,0.0073395004452292,0.0029100233398888,0.0042011329280524,40003.15679596236,30,smoothnet,False,"point estimate outside its own percentile interval; percentile bootstrap unreliable for this estimand on this split, do not quote the interval"
cv,csc_cox,competing,10.0,ici_smoothfg,0.0025185698384417,0.00451213591799,0.0068247746964976,0.0012917237654413,0.0037454159114421,0.0006259334335073,0.0073590080375481,37990.77264995161,30,smoothcsh,False,"point estimate outside its own percentile interval; percentile bootstrap unreliable for this estimand on this split, do not quote the interval"
cv,csc_cox,competing,10.0,ici_smoothcsh,0.0010373593693919,0.0027615849650507,0.0059686540147646,-0.00060356959339,0.002678288332174,0.0008371986950414,0.0042390328628857,39984.24895844025,30,smoothcsh,False,"point estimate outside its own percentile interval; percentile bootstrap unreliable for this estimand on this split, do not quote the interval"
cv,csc_cox,competing,10.0,ici_smoothnet,0.0059159519824873,0.0086788048361815,0.0124502904370467,0.0039785066826455,0.0078533972823291,0.0009884814472679,0.0015704177886399,40951.06850836822,30,smoothcsh,False,"point estimate outside its own percentile interval; percentile bootstrap unreliable for this estimand on this split, do not quote the interval"
cv,csc_cox,competing,10.0,e50_smoothfg,0.0017007490563916,0.0036407711388008,0.0058915188094677,0.000554538470833,0.0028469596419503,0.0005847947945012,0.001408349511868,40984.71389311614,30,smoothcsh,False,"point estimate outside its own percentile interval; percentile bootstrap unreliable for this estimand on this split, do not quote the interval"
cv,csc_cox,competing,10.0,e50_smoothcsh,0.0003307120390212,0.0002216028567743,0.0023653300807288,-0.0006871735089576,0.0013485975870001,0.0005193236005755,0.0008726480719153,41074.56122863022,30,smoothcsh,True,
cv,csc_cox,competing,10.0,e50_smoothnet,0.0002078166839648,0.0003966342425484,0.002856059554745,-0.000924938652667,0.0013405720205966,0.0005779296613472,0.0035461480257793,40307.35533875352,30,smoothcsh,False,"point estimate outside its own percentile interval; percentile bootstrap unreliable for this estimand on this split, do not quote the interval"
cv,csc_cox,competing,10.0,e90_smoothfg,0.0037183664969413,0.0083774753948777,0.0142875932824861,0.0006539048026885,0.006782828191194,0.0015634777474155,0.0091789864151111,36500.315442351486,30,smoothcsh,False,"point estimate outside its own percentile interval; percentile bootstrap unreliable for this estimand on this split, do not quote the interval"
cv,csc_cox,competing,10.0,e90_smoothcsh,0.0029326913109546,0.0098772151657686,0.0204552684585337,-0.0024462928700683,0.0083116754919777,0.0027443492921353,0.0006703249083304,41099.89628543534,30,smoothcsh,False,"point estimate outside its own percentile interval; percentile bootstrap unreliable for this estimand on this split, do not quote the interval"
cv,csc_cox,competing,10.0,e90_smoothnet,0.0192106768866789,0.0281636285981731,0.0390776536457212,0.0133388596958482,0.0250824940775096,0.0029957915816162,0.0016094042166816,40942.53009806399,30,smoothcsh,False,"point estimate outside its own percentile interval; percentile bootstrap unreliable for this estimand on this split, do not quote the interval"
cv,csc_cox,competing,10.0,ici_concordant_austin,0.0010373593693919,0.0027615849650507,0.0059686540147646,-0.00060356959339,0.002678288332174,0.0008371986950414,0.0042390328628857,39984.24895844025,30,smoothcsh,False,"point estimate outside its own percentile interval; percentile bootstrap unreliable for this estimand on this split, do not quote the interval"
cv,csc_cox,competing,10.0,e50_concordant_austin,0.0003307120390212,0.0002216028567743,0.0023653300807288,-0.0006871735089576,0.0013485975870001,0.0005193236005755,0.0008726480719153,41074.56122863022,30,smoothcsh,True,
cv,csc_cox,competing,10.0,e90_concordant_austin,0.0029326913109546,0.0098772151657686,0.0204552684585337,-0.0024462928700683,0.0083116754919777,0.0027443492921353,0.0006703249083304,41099.89628543534,30,smoothcsh,False,"point estimate outside its own percentile interval; percentile bootstrap unreliable for this estimand on this split, do not quote the interval"
cv,fine_gray,competing,10.0,ici_smoothfg,0.0020952139230212,0.0038298615064699,0.0063267512078217,0.0007632461296751,0.0034271817163673,0.0006795552231243,0.0208655269828582,25178.08037083348,30,smoothfg,False,"point estimate outside its own percentile interval; percentile bootstrap unreliable for this estimand on this split, do not quote the interval"
cv,fine_gray,competing,10.0,ici_smoothcsh,0.0021123443764168,0.0034201677642175,0.0062197354108213,0.0006562760819039,0.0035684126709296,0.000742883516176,0.0026645892805475,40646.91050716127,30,smoothfg,False,"point estimate outside its own percentile interval; percentile bootstrap unreliable for this estimand on this split, do not quote the interval"
cv,fine_gray,competing,10.0,ici_smoothnet,0.0069360102425526,0.0093634714035272,0.0125624612754997,0.005158942842247,0.0087130776428582,0.0009066567891212,0.0022511765798058,40777.42394074559,30,smoothfg,False,"point estimate outside its own percentile interval; percentile bootstrap unreliable for this estimand on this split, do not quote the interval"
cv,fine_gray,competing,10.0,e50_smoothfg,0.0011295329291615,0.0024328867947967,0.0047249814470513,-4.965721858058055e-05,0.0023087230769036,0.0006016181009231,0.0104225350086042,35382.70398623063,30,smoothfg,False,"point estimate outside its own percentile interval; percentile bootstrap unreliable for this estimand on this split, do not quote the interval"
cv,fine_gray,competing,10.0,e50_smoothcsh,0.0016643293986428,0.0005993315706738,0.00184215891773,0.0010301916357832,0.0022984671615023,0.0003235346200536,0.0101859523479536,35600.396644641434,30,smoothfg,True,
cv,fine_gray,competing,10.0,e50_smoothnet,0.0016864406854913,0.000614430775086,0.0019330950206238,0.0010329836369681,0.0023398977340146,0.0003333891375948,0.0158752276782774,30020.526500734548,30,smoothfg,True,
cv,fine_gray,competing,10.0,e90_smoothfg,0.003539981444016,0.0080301517147693,0.0148161676582911,0.0001317604876473,0.0069482024003848,0.0017388614600405,0.0099297354953718,35833.62609436491,30,smoothfg,False,"point estimate outside its own percentile interval; percentile bootstrap unreliable for this estimand on this split, do not quote the interval"
cv,fine_gray,competing,10.0,e90_smoothcsh,0.0044781544987675,0.011115137369279,0.021015763370166,-0.0006617614743396,0.0096180704718748,0.0026223770402487,0.0007904029275464,41085.43124445804,30,smoothfg,False,"point estimate outside its own percentile interval; percentile bootstrap unreliable for this estimand on this split, do not quote the interval"
cv,fine_gray,competing,10.0,e90_smoothnet,0.0199833899032345,0.0284262230992011,0.0387137872971584,0.0142943613024652,0.0256724185040038,0.0029025329159848,0.0020437776581266,40835.81322682963,30,smoothfg,False,"point estimate outside its own percentile interval; percentile bootstrap unreliable for this estimand on this split, do not quote the interval"
cv,fine_gray,competing,10.0,ici_concordant_austin,0.0020952139230212,0.0038298615064699,0.0063267512078217,0.0007632461296751,0.0034271817163673,0.0006795552231243,0.0208655269828582,25178.08037083348,30,smoothfg,False,"point estimate outside its own percentile interval; percentile bootstrap unreliable for this estimand on this split, do not quote the interval"
cv,fine_gray,competing,10.0,e50_concordant_austin,0.0011295329291615,0.0024328867947967,0.0047249814470513,-4.965721858058055e-05,0.0023087230769036,0.0006016181009231,0.0104225350086042,35382.70398623063,30,smoothfg,False,"point estimate outside its own percentile interval; percentile bootstrap unreliable for this estimand on this split, do not quote the interval"
cv,fine_gray,competing,10.0,e90_concordant_austin,0.003539981444016,0.0080301517147693,0.0148161676582911,0.0001317604876473,0.0069482024003848,0.0017388614600405,0.0099297354953718,35833.62609436491,30,smoothfg,False,"point estimate outside its own percentile interval; percentile bootstrap unreliable for this estimand on this split, do not quote the interval"
cv,gbs_naive,naive,10.0,ici_smoothfg,0.0114301343617763,0.0116329661035264,0.0140901192426817,0.0102396841454692,0.0126205845780834,0.0006073093728428,0.0470360975063212,9888.107950652187,30,smoothnet,False,"point estimate outside its own percentile interval; percentile bootstrap unreliable for this estimand on this split, do not quote the interval"
cv,gbs_naive,naive,10.0,ici_smoothcsh,0.008956580686172,0.0069089523889537,0.0093721427800678,0.007710663509844,0.0102024978625,0.0006356265580448,0.0378543386556428,13462.595507737024,30,smoothnet,True,
cv,gbs_naive,naive,10.0,ici_smoothnet,0.0048473053365277,0.0043144151296101,0.0072752711718946,0.0033853013076638,0.0063093093653915,0.000745831912813,0.0506353662057677,8832.699830543497,30,smoothnet,True,
cv,gbs_naive,naive,10.0,e50_smoothfg,0.0034565147236645,0.005072623087424,0.007149193450306,0.0024624932541856,0.0044505361931434,0.0005071453779357,0.0112780703299044,34578.79924626761,30,smoothnet,False,"point estimate outside its own percentile interval; percentile bootstrap unreliable for this estimand on this split, do not quote the interval"
cv,gbs_naive,naive,10.0,e50_smoothcsh,0.0015379028949168,0.0018551768073394,0.0038737829590755,0.000554469308488,0.0025213364813455,0.0005017390125987,0.0183592591521432,27558.569966638093,30,smoothnet,False,"point estimate outside its own percentile interval; percentile bootstrap unreliable for this estimand on this split, do not quote the interval"
cv,gbs_naive,naive,10.0,e50_smoothnet,0.0019658709301409,0.0023860684497225,0.0046536218600713,0.0008474807194978,0.0030842611407841,0.0005705941707783,0.0165865369564398,29308.77977806391,30,smoothnet,False,"point estimate outside its own percentile interval; percentile bootstrap unreliable for this estimand on this split, do not quote the interval"
cv,gbs_naive,naive,10.0,e90_smoothfg,0.0244607803679495,0.0142846428130034,0.0222241796308111,0.0201741286343241,0.0287474321015749,0.0021869978851331,0.0219730124458309,24172.096468365373,30,smoothnet,False,"point estimate outside its own percentile interval; percentile bootstrap unreliable for this estimand on this split, do not quote the interval"
cv,gbs_naive,naive,10.0,e90_smoothcsh,0.0197073967696918,0.0072985638667395,0.0143780048836084,0.0158232869973139,0.0235915065420697,0.0019816291618519,0.0210500081192144,25008.376574693342,30,smoothnet,False,"point estimate outside its own percentile interval; percentile bootstrap unreliable for this estimand on this split, do not quote the interval"
cv,gbs_naive,naive,10.0,e90_smoothnet,0.0060720692195459,0.008843336938123,0.016693721544805,0.0021588750253366,0.0099852634137552,0.0019964792766515,0.0174916963830268,28409.90725576614,30,smoothnet,False,"point estimate outside its own percentile interval; percentile bootstrap unreliable for this estimand on this split, do not quote the interval"
cv,gbs_naive,naive,10.0,ici_concordant_austin,0.0048473053365277,0.0043144151296101,0.0072752711718946,0.0033853013076638,0.0063093093653915,0.000745831912813,0.0506353662057677,8832.699830543497,30,smoothnet,True,
cv,gbs_naive,naive,10.0,e50_concordant_austin,0.0019658709301409,0.0023860684497225,0.0046536218600713,0.0008474807194978,0.0030842611407841,0.0005705941707783,0.0165865369564398,29308.77977806391,30,smoothnet,False,"point estimate outside its own percentile interval; percentile bootstrap unreliable for this estimand on this split, do not quote the interval"
cv,gbs_naive,naive,10.0,e90_concordant_austin,0.0060720692195459,0.008843336938123,0.016693721544805,0.0021588750253366,0.0099852634137552,0.0019964792766515,0.0174916963830268,28409.90725576614,30,smoothnet,False,"point estimate outside its own percentile interval; percentile bootstrap unreliable for this estimand on this split, do not quote the interval"
cv,logistic,naive,10.0,ici_smoothfg,0.0231948521068763,0.0180447941634459,0.0210689885821595,0.0216565911084273,0.0247331131053253,0.0007848143839252,0.0107455623547164,35082.08748940586,30,smoothnet,False,"point estimate outside its own percentile interval; percentile bootstrap unreliable for this estimand on this split, do not quote the interval"
cv,logistic,naive,10.0,ici_smoothcsh,0.0234561883918098,0.0170400984056822,0.020589334298908,0.0216902874471374,0.0252220893364821,0.0009009578248254,0.0071759158823502,38129.135532312015,30,smoothnet,False,"point estimate outside its own percentile interval; percentile bootstrap unreliable for this estimand on this split, do not quote the interval"
cv,logistic,naive,10.0,ici_smoothnet,0.0177305300057913,0.0104597413993932,0.0143884579610355,0.0157967446359946,0.0196643153755881,0.0009866129505008,0.0054246575158787,39324.24485954958,30,smoothnet,False,"point estimate outside its own percentile interval; percentile bootstrap unreliable for this estimand on this split, do not quote the interval"
cv,logistic,naive,10.0,e50_smoothfg,0.0015795360659256,0.0007523128325389,0.0027036219761052,0.0006708414820679,0.0024882306497834,0.0004635773572213,0.0436660742447583,11036.05857146352,30,smoothnet,True,
cv,logistic,naive,10.0,e50_smoothcsh,0.0042830486602571,0.0012697651326247,0.003836712889919,0.003118461309958,0.0054476360105562,0.0005941560982714,0.0239624922668767,22446.70172555407,30,smoothnet,False,"point estimate outside its own percentile interval; percentile bootstrap unreliable for this estimand on this split, do not quote the interval"
cv,logistic,naive,10.0,e50_smoothnet,0.0038486329838567,0.0007579995422971,0.003385961809497,0.0026517101285742,0.0050455558391391,0.0006106542144762,0.0231399632592573,23146.83602324872,30,smoothnet,False,"point estimate outside its own percentile interval; percentile bootstrap unreliable for this estimand on this split, do not quote the interval"
cv,logistic,naive,10.0,e90_smoothfg,0.0746629624225899,0.0582220850990728,0.0685860584980653,0.0693459849317488,0.0799799399134311,0.0027126626509565,0.0209502166378597,25100.07159401533,30,smoothnet,False,"point estimate outside its own percentile interval; percentile bootstrap unreliable for this estimand on this split, do not quote the interval"
cv,logistic,naive,10.0,e90_smoothcsh,0.0700641189408445,0.0512901190471918,0.0615626050527494,0.0648161773232539,0.075312060558435,0.0026774614989168,0.0161451468878709,29750.022078506758,30,smoothnet,False,"point estimate outside its own percentile interval; percentile bootstrap unreliable for this estimand on this split, do not quote the interval"
cv,logistic,naive,10.0,e90_smoothnet,0.054508061167715,0.0329765260284962,0.0443349692586261,0.0487357311249932,0.0602803912104368,0.0029450210246226,0.0099148754766941,35847.06882398895,30,smoothnet,False,"point estimate outside its own percentile interval; percentile bootstrap unreliable for this estimand on this split, do not quote the interval"
cv,logistic,naive,10.0,ici_concordant_austin,0.0177305300057913,0.0104597413993932,0.0143884579610355,0.0157967446359946,0.0196643153755881,0.0009866129505008,0.0054246575158787,39324.24485954958,30,smoothnet,False,"point estimate outside its own percentile interval; percentile bootstrap unreliable for this estimand on this split, do not quote the interval"
cv,logistic,naive,10.0,e50_concordant_austin,0.0038486329838567,0.0007579995422971,0.003385961809497,0.0026517101285742,0.0050455558391391,0.0006106542144762,0.0231399632592573,23146.83602324872,30,smoothnet,False,"point estimate outside its own percentile interval; percentile bootstrap unreliable for this estimand on this split, do not quote the interval"
cv,logistic,naive,10.0,e90_concordant_austin,0.054508061167715,0.0329765260284962,0.0443349692586261,0.0487357311249932,0.0602803912104368,0.0029450210246226,0.0099148754766941,35847.06882398895,30,smoothnet,False,"point estimate outside its own percentile interval; percentile bootstrap unreliable for this estimand on this split, do not quote the interval"
cv,logistic_cr,competing,10.0,ici_smoothfg,0.0080971068670336,0.0036493449711179,0.0058079687700261,0.0068968114148162,0.009297402319251,0.0006123884206973,0.003941234223712,40129.00714257837,30,undetermined,False,"point estimate outside its own percentile interval; percentile bootstrap unreliable for this estimand on this split, do not quote the interval"
cv,logistic_cr,competing,10.0,ici_smoothcsh,0.0083825479465484,0.0022311061254885,0.0056831965300569,0.0067158855239005,0.0100492103691963,0.0008503284248753,0.0018367948701228,40889.3081245697,30,undetermined,False,"point estimate outside its own percentile interval; percentile bootstrap unreliable for this estimand on this split, do not quote the interval"
cv,logistic_cr,competing,10.0,ici_smoothnet,0.0037167893303854,0.0040605395989986,0.0068071076713786,0.0022566778491306,0.0051769008116401,0.0007449322227108,0.0212369509653447,24837.260823535267,30,undetermined,False,"point estimate outside its own percentile interval; percentile bootstrap unreliable for this estimand on this split, do not quote the interval"
cv,logistic_cr,competing,10.0,e50_smoothfg,0.0022005359484977,0.0007364876240391,0.0018741719602454,0.0016400013499059,0.0027610705470895,0.0002859258943345,0.0697062817099977,5213.083057707416,30,undetermined,False,"point estimate outside its own percentile interval; percentile bootstrap unreliable for this estimand on this split, do not quote the interval"
cv,logistic_cr,competing,10.0,e50_smoothcsh,0.0047448443930679,0.0016435162725669,0.0041608279650484,0.0034551216179778,0.0060345671681579,0.0006580085765391,0.0144700991821112,31432.182166219813,30,undetermined,False,"point estimate outside its own percentile interval; percentile bootstrap unreliable for this estimand on this split, do not quote the interval"
cv,logistic_cr,competing,10.0,e50_smoothnet,0.0037040054469512,0.0015426679680727,0.0032004348255491,0.0029423915660034,0.0044656193278991,0.0003885684655216,0.0185553576943132,27367.809881937417,30,undetermined,False,"point estimate outside its own percentile interval; percentile bootstrap unreliable for this estimand on this split, do not quote the interval"
cv,logistic_cr,competing,10.0,e90_smoothfg,0.0221614307977535,0.0064163412097707,0.0158390509286054,0.0172018889219906,0.0271209726735163,0.0025303481215392,0.0045271157242954,39835.97662054751,30,undetermined,False,"point estimate outside its own percentile interval; percentile bootstrap unreliable for this estimand on this split, do not quote the interval"
cv,logistic_cr,competing,10.0,e90_smoothcsh,0.0178242122714636,0.0023778661641853,0.0095011045073725,0.0138787333157001,0.0217696912272271,0.0020129723883777,0.0073080701430317,38029.500427389394,30,undetermined,False,"point estimate outside its own percentile interval; percentile bootstrap unreliable for this estimand on this split, do not quote the interval"
cv,logistic_cr,competing,10.0,e90_smoothnet,0.0050086818306238,0.0072806587561368,0.0178745746027154,-0.0006618034351686,0.0106791670964162,0.0028930694467249,0.0049685681607476,39593.494489299206,30,undetermined,False,"point estimate outside its own percentile interval; percentile bootstrap unreliable for this estimand on this split, do not quote the interval"
cv,rsf_cr,competing,10.0,ici_smoothfg,0.002928839333549,0.003450864770193,0.0060031344778145,0.0016340214868259,0.0042236571802721,0.0006606036255454,0.0191695586547558,26774.83467259653,30,undetermined,False,"point estimate outside its own percentile interval; percentile bootstrap unreliable for this estimand on this split, do not quote the interval"
cv,rsf_cr,competing,10.0,ici_smoothcsh,0.0017039479549534,0.0028162011249781,0.0058219962206682,9.347510979129996e-05,0.0033144208001155,0.0008216363921447,0.0263876091499998,20495.16367683554,30,undetermined,False,"point estimate outside its own percentile interval; percentile bootstrap unreliable for this estimand on this split, do not quote the interval"
cv,rsf_cr,competing,10.0,ici_smoothnet,0.0058065495312847,0.0084333485825247,0.0121794988406462,0.0038392196642246,0.0077738793983448,0.0010037091291899,0.021308175581757,24772.29475410968,30,undetermined,False,"point estimate outside its own percentile interval; percentile bootstrap unreliable for this estimand on this split, do not quote the interval"
cv,rsf_cr,competing,10.0,e50_smoothfg,0.0026912338823974,0.0036689503384977,0.0060719762501452,0.0015061248063743,0.0038763429584205,0.0006046012614914,0.0393797306275124,12764.11394142122,30,undetermined,False,"point estimate outside its own percentile interval; percentile bootstrap unreliable for this estimand on this split, do not quote the interval"
cv,rsf_cr,competing,10.0,e50_smoothcsh,0.0018381989907763,0.0018379336507456,0.0033872378501504,0.0010715390219646,0.0026048589595879,0.0003907973977722,0.1478150849781537,1304.8319972519614,30,undetermined,True,
cv,rsf_cr,competing,10.0,e50_smoothnet,0.0018313126511331,0.0021311922187562,0.0037070406013956,0.0010878531971779,0.0025747721050884,0.0003792786898214,0.0455987618843063,10357.235638306156,30,undetermined,False,"point estimate outside its own percentile interval; percentile bootstrap unreliable for this estimand on this split, do not quote the interval"
cv,rsf_cr,competing,10.0,e90_smoothfg,0.0053340403373743,0.0045107604731345,0.009655819132546,0.002826804628718,0.0078412760460305,0.001279161666783,0.0218363249628396,24294.564583342628,30,undetermined,True,
cv,rsf_cr,competing,10.0,e90_smoothcsh,0.0026839843649858,0.0069856602082325,0.0184905276911661,-0.0031978820971547,0.0085658508271264,0.003000896395722,0.0131861699250339,32716.12735782529,30,undetermined,False,"point estimate outside its own percentile interval; percentile bootstrap unreliable for this estimand on this split, do not quote the interval"
cv,rsf_cr,competing,10.0,e90_smoothnet,0.0172463795347438,0.0268632318683596,0.0394738084946522,0.010758714798201,0.0237340442712866,0.0033099864498843,0.008229171047435,37302.76789617507,30,undetermined,False,"point estimate outside its own percentile interval; percentile bootstrap unreliable for this estimand on this split, do not quote the interval"
cv,rsf_naive,naive,10.0,ici_smoothfg,0.0090550155137072,0.0070397848614694,0.0096325754511108,0.0077754872572817,0.0103345437701327,0.0006527906375762,0.0286057872267705,18859.52853825783,30,smoothnet,True,
cv,rsf_naive,naive,10.0,ici_smoothcsh,0.0076366938572638,0.0028802090015325,0.0057326458745486,0.0061406099390652,0.0091327777754623,0.0007632912963315,0.0159488755662488,29946.67648669759,30,smoothnet,False,"point estimate outside its own percentile interval; percentile bootstrap unreliable for this estimand on this split, do not quote the interval"
cv,rsf_naive,naive,10.0,ici_smoothnet,0.0024247416195193,0.0035246548912598,0.006693489852214,0.0006522410965371,0.0041972421425015,0.0009042690543332,0.0389772238795967,12943.857115419942,30,smoothnet,False,"point estimate outside its own percentile interval; percentile bootstrap unreliable for this estimand on this split, do not quote the interval"
cv,rsf_naive,naive,10.0,e50_smoothfg,0.0032974572767192,0.0044328016274141,0.0062280956006634,0.0024461510432257,0.0041487635102127,0.0004342824944695,0.0537568652223658,8038.277731674442,30,smoothnet,False,"point estimate outside its own percentile interval; percentile bootstrap unreliable for this estimand on this split, do not quote the interval"
cv,rsf_naive,naive,10.0,e50_smoothcsh,0.0022770877419725,0.002079921819582,0.0035145428463236,0.0015775569256021,0.0029766185583429,0.0003566385343308,0.1332186293393456,1591.097376175436,30,smoothnet,True,
cv,rsf_naive,naive,10.0,e50_smoothnet,0.0022002151978963,0.0019454769739735,0.0035383394538271,0.0014325680690738,0.0029678623267188,0.0003914776512859,0.1037786330047655,2545.329114209519,30,smoothnet,True,
cv,rsf_naive,naive,10.0,e90_smoothfg,0.0270411912323848,0.0123189817589611,0.0230109112733133,0.0214632611422351,0.0326191213225345,0.0028458415403253,0.0087614258479742,36859.17640959506,30,smoothnet,False,"point estimate outside its own percentile interval; percentile bootstrap unreliable for this estimand on this split, do not quote the interval"
cv,rsf_naive,naive,10.0,e90_smoothcsh,0.0211083924214895,0.0033355194921329,0.0133970638459846,0.0157454750185634,0.0264713098244156,0.002736147009339,0.0064100394945008,38681.55383276118,30,smoothnet,False,"point estimate outside its own percentile interval; percentile bootstrap unreliable for this estimand on this split, do not quote the interval"
cv,rsf_naive,naive,10.0,e90_smoothnet,0.0045969236316892,0.006513700315043,0.018545409743059,-0.0017307145245254,0.0109245617879039,0.0032283391517415,0.0091513767739304,36524.32161475174,30,smoothnet,False,"point estimate outside its own percentile interval; percentile bootstrap unreliable for this estimand on this split, do not quote the interval"
cv,rsf_naive,naive,10.0,ici_concordant_austin,0.0024247416195193,0.0035246548912598,0.006693489852214,0.0006522410965371,0.0041972421425015,0.0009042690543332,0.0389772238795967,12943.857115419942,30,smoothnet,False,"point estimate outside its own percentile interval; percentile bootstrap unreliable for this estimand on this split, do not quote the interval"
cv,rsf_naive,naive,10.0,e50_concordant_austin,0.0022002151978963,0.0019454769739735,0.0035383394538271,0.0014325680690738,0.0029678623267188,0.0003914776512859,0.1037786330047655,2545.329114209519,30,smoothnet,True,
cv,rsf_naive,naive,10.0,e90_concordant_austin,0.0045969236316892,0.006513700315043,0.018545409743059,-0.0017307145245254,0.0109245617879039,0.0032283391517415,0.0091513767739304,36524.32161475174,30,smoothnet,False,"point estimate outside its own percentile interval; percentile bootstrap unreliable for this estimand on this split, do not quote the interval"
temporal,cox_naive,naive,10.0,ici_smoothfg,0.0150909067860253,0.0116485031286084,0.0190907608403652,0.0115252459943001,0.0186565675777505,0.0018189969938781,0.0128042773655497,8768.340516475695,30,smoothnet,True,
temporal,cox_naive,naive,10.0,ici_smoothcsh,0.0152548305971493,0.0117254609682344,0.0192416712439804,0.0116540384617781,0.0188556227325205,0.0018369194137718,0.0126140324505932,8782.534671819873,30,smoothnet,True,
temporal,cox_naive,naive,10.0,ici_smoothnet,0.0103397798409253,0.0067458780615482,0.0148975367703701,0.0064097445485837,0.0142698151332668,0.0020048844769325,0.0108183546734909,8909.061070144598,30,smoothnet,True,
temporal,cox_naive,naive,10.0,e50_smoothfg,0.0028913148383423,0.0009187426958755,0.0061419207523329,0.0003623286707995,0.0054203010058851,0.0012901520701053,0.0065691324498647,9148.871280796291,30,smoothnet,True,
temporal,cox_naive,naive,10.0,e50_smoothcsh,0.0034203933882189,0.0011693863493406,0.0066294493688873,0.0007208170189157,0.006119969757522,0.0013771708709449,0.0122989843657279,8805.717123998742,30,smoothnet,True,
temporal,cox_naive,naive,10.0,e50_smoothnet,0.0030784101858906,0.0009954738186937,0.0061699136684236,0.0005086808271796,0.0056481395446016,0.0013109330649556,0.0102887776298101,8943.68399985945,30,smoothnet,True,
temporal,cox_naive,naive,10.0,e90_smoothfg,0.0459052048987188,0.034978243235816,0.0582145610588591,0.0347025752139573,0.0571078345834804,0.0057149005083149,0.0181560625456918,8315.93002129239,30,smoothnet,True,
temporal,cox_naive,naive,10.0,e90_smoothcsh,0.0437492559036615,0.0325875998308026,0.0561633307849435,0.0325131009701754,0.0549854108371476,0.005732001237845,0.0183497386455322,8297.890966762428,30,smoothnet,True,
temporal,cox_naive,naive,10.0,e90_smoothnet,0.0292974672405003,0.0166583443754062,0.0432057677085125,0.0165261336704616,0.042068800810539,0.0065151990927667,0.0137708452204207,8694.020570682476,30,smoothnet,True,
temporal,cox_naive,naive,10.0,ici_concordant_austin,0.0103397798409253,0.0067458780615482,0.0148975367703701,0.0064097445485837,0.0142698151332668,0.0020048844769325,0.0108183546734909,8909.061070144598,30,smoothnet,True,
temporal,cox_naive,naive,10.0,e50_concordant_austin,0.0030784101858906,0.0009954738186937,0.0061699136684236,0.0005086808271796,0.0056481395446016,0.0013109330649556,0.0102887776298101,8943.68399985945,30,smoothnet,True,
temporal,cox_naive,naive,10.0,e90_concordant_austin,0.0292974672405003,0.0166583443754062,0.0432057677085125,0.0165261336704616,0.042068800810539,0.0065151990927667,0.0137708452204207,8694.020570682476,30,smoothnet,True,
temporal,csc_cox,competing,10.0,ici_smoothfg,0.0085579887334244,0.0052427252977634,0.0124851717143975,0.0050773567711258,0.0120386206957231,0.001775626008994,0.0096485649266144,8983.819692113275,30,smoothcsh,True,
temporal,csc_cox,competing,10.0,ici_smoothcsh,0.0086984708092627,0.0052673247422479,0.0126279638403306,0.0051720103476479,0.0122249312708774,0.0017990055414576,0.0094248536136338,8997.390702082961,30,smoothcsh,True,
temporal,csc_cox,competing,10.0,ici_smoothnet,0.0038762508071546,0.0017599251124493,0.008466851079119,0.0005548643997683,0.0071976372145409,0.001694385892103,0.0107731967463486,8912.062774458469,30,smoothcsh,True,
temporal,csc_cox,competing,10.0,e50_smoothfg,0.0028051937252336,0.0008740265253353,0.0059673353182161,0.0003673021776572,0.0052430852728101,0.0012436769182633,0.0101425164578046,8953.021031739007,30,smoothcsh,True,
temporal,csc_cox,competing,10.0,e50_smoothcsh,0.0034369314681793,0.0011340257831444,0.0064267272398619,0.0008199976487382,0.0060538652876204,0.0013350077817038,0.014459613918555,8638.898519410595,30,smoothcsh,True,
temporal,csc_cox,competing,10.0,e50_smoothnet,0.003021829087711,0.000924506459993,0.0060234188098097,0.0005297741628984,0.0055138840125237,0.0012712757563741,0.0258897899784307,7536.423791597802,30,smoothcsh,True,
temporal,csc_cox,competing,10.0,e90_smoothfg,0.0248023756936081,0.0139073864091039,0.0371233152984715,0.013521123778796,0.0360836276084202,0.0057550523508026,0.0127546080947686,8772.060387499618,30,smoothcsh,True,
temporal,csc_cox,competing,10.0,e90_smoothcsh,0.0228314124276109,0.0118910972119439,0.0354167289641094,0.0115000238163617,0.0341628010388601,0.0057806289963104,0.0127901633096578,8769.398564070743,30,smoothcsh,True,
temporal,csc_cox,competing,10.0,e90_smoothnet,0.0077729109417193,0.0027414740455774,0.0220889781335362,-0.0024726108298928,0.0180184327133315,0.0052266666792387,0.0150313375517497,8591.842873566091,30,smoothcsh,True,
temporal,csc_cox,competing,10.0,ici_concordant_austin,0.0086984708092627,0.0052673247422479,0.0126279638403306,0.0051720103476479,0.0122249312708774,0.0017990055414576,0.0094248536136338,8997.390702082961,30,smoothcsh,True,
temporal,csc_cox,competing,10.0,e50_concordant_austin,0.0034369314681793,0.0011340257831444,0.0064267272398619,0.0008199976487382,0.0060538652876204,0.0013350077817038,0.014459613918555,8638.898519410595,30,smoothcsh,True,
temporal,csc_cox,competing,10.0,e90_concordant_austin,0.0228314124276109,0.0118910972119439,0.0354167289641094,0.0115000238163617,0.0341628010388601,0.0057806289963104,0.0127901633096578,8769.398564070743,30,smoothcsh,True,
temporal,fine_gray,competing,10.0,ici_smoothfg,0.0091098151308794,0.005647443805297,0.0129775984636425,0.0055291788033684,0.0126904514583903,0.0018266450270781,0.0081651041507288,9069.28548820686,30,smoothfg,True,
temporal,fine_gray,competing,10.0,ici_smoothcsh,0.0092658745632464,0.0057996648975725,0.013133078293863,0.0056771092994248,0.0128546398270681,0.0018307917991659,0.0082793532768337,9063.088187779418,30,smoothfg,True,
temporal,fine_gray,competing,10.0,ici_smoothnet,0.0044995151564695,0.0030741135849113,0.0091353873008477,0.0014939566085059,0.0075050737044331,0.0015332661635278,0.0119943610186161,8827.743105147138,30,smoothfg,True,
temporal,fine_gray,competing,10.0,e50_smoothfg,0.0056913840536874,0.0033726306284738,0.008892129872442,0.0029340358487701,0.0084487322586046,0.0014066398031736,0.0140500323886246,8671.888291503832,30,smoothfg,True,
temporal,fine_gray,competing,10.0,e50_smoothcsh,0.00642067173696,0.0036451930611446,0.0095679130602737,0.0034607386633473,0.0093806048105727,0.001509973873938,0.0197251114035396,8167.063735263096,30,smoothfg,True,
temporal,fine_gray,competing,10.0,e50_smoothnet,0.0044854024374041,0.0030030553692897,0.0084448930298685,0.0017662517689272,0.007204553105881,0.0013871168976732,0.0281946746879503,7289.271133736553,30,smoothfg,True,
temporal,fine_gray,competing,10.0,e90_smoothfg,0.0200382733472332,0.0094040232980806,0.0321298845270959,0.0090044841599824,0.0310720625344839,0.0056288316047623,0.0091864445705099,9011.590383248918,30,smoothfg,True,
temporal,fine_gray,competing,10.0,e90_smoothcsh,0.0181103898648241,0.007782150841582,0.0303470124237342,0.0071262578515648,0.0290945218780834,0.005603496038729,0.0098190779035477,8973.31692325306,30,smoothfg,True,
temporal,fine_gray,competing,10.0,e90_smoothnet,0.0061040007500403,0.0044413652246801,0.0174534124380249,-0.0004592757332404,0.012667277233321,0.0033482364113435,0.0017170355958816,9305.249019095403,30,smoothfg,True,
temporal,fine_gray,competing,10.0,ici_concordant_austin,0.0091098151308794,0.005647443805297,0.0129775984636425,0.0055291788033684,0.0126904514583903,0.0018266450270781,0.0081651041507288,9069.28548820686,30,smoothfg,True,
temporal,fine_gray,competing,10.0,e50_concordant_austin,0.0056913840536874,0.0033726306284738,0.008892129872442,0.0029340358487701,0.0084487322586046,0.0014066398031736,0.0140500323886246,8671.888291503832,30,smoothfg,True,
temporal,fine_gray,competing,10.0,e90_concordant_austin,0.0200382733472332,0.0094040232980806,0.0321298845270959,0.0090044841599824,0.0310720625344839,0.0056288316047623,0.0091864445705099,9011.590383248918,30,smoothfg,True,
temporal,gbs_naive,naive,10.0,ici_smoothfg,0.0174089988272858,0.0149642793775392,0.0214350807329241,0.0142394889055784,0.0205785087489933,0.0016165399519433,0.0736571213721623,3336.3349809979777,30,smoothnet,True,
temporal,gbs_naive,naive,10.0,ici_smoothcsh,0.0173199026334911,0.014811841121773,0.0215442948515055,0.0140244160256185,0.0206153892413638,0.0016808600137364,0.0667707835805645,3757.561463424816,30,smoothnet,True,
temporal,gbs_naive,naive,10.0,ici_smoothnet,0.0126540141061629,0.0100127514783878,0.0170775746926921,0.0091872949045969,0.0161207333077288,0.0017681792603445,0.0685357514499141,3643.8126140666654,30,smoothnet,True,
temporal,gbs_naive,naive,10.0,e50_smoothfg,0.0021544337873774,0.0010164659277639,0.0041318814061866,0.0006121511969925,0.0036967163777623,0.0007867027876355,0.0506752878717546,4998.437029027695,30,smoothnet,True,
temporal,gbs_naive,naive,10.0,e50_smoothcsh,0.0021956227562706,0.0008910360079695,0.004292443171871,0.0004994558385655,0.0038917896739757,0.0008651458886156,0.0630856921391705,4008.652817913712,30,smoothnet,True,
temporal,gbs_naive,naive,10.0,e50_smoothnet,0.0021083773291205,0.0009367577559942,0.0041385766100233,0.0005124220684141,0.003704332589827,0.0008140381433103,0.0616508628832382,4111.547731999446,30,smoothnet,True,
temporal,gbs_naive,naive,10.0,e90_smoothfg,0.0524331649029539,0.0411999087205934,0.0653602526465303,0.0403655118303928,0.0645008179755149,0.0061552655800245,0.0616785632129628,4109.53349578696,30,smoothnet,True,
temporal,gbs_naive,naive,10.0,e90_smoothcsh,0.0502544400453893,0.0388565254922046,0.0634104252989768,0.0380719069323943,0.0624369731583842,0.0062138461946672,0.0621543435706532,4075.1083337689793,30,smoothnet,True,
temporal,gbs_naive,naive,10.0,e90_smoothnet,0.0355230349854472,0.0227315460158306,0.0503929189308715,0.0220149748853994,0.0490310950854951,0.0068903931560011,0.0483338393118568,5210.741902306852,30,smoothnet,True,
temporal,gbs_naive,naive,10.0,ici_concordant_austin,0.0126540141061629,0.0100127514783878,0.0170775746926921,0.0091872949045969,0.0161207333077288,0.0017681792603445,0.0685357514499141,3643.8126140666654,30,smoothnet,True,
temporal,gbs_naive,naive,10.0,e50_concordant_austin,0.0021083773291205,0.0009367577559942,0.0041385766100233,0.0005124220684141,0.003704332589827,0.0008140381433103,0.0616508628832382,4111.547731999446,30,smoothnet,True,
temporal,gbs_naive,naive,10.0,e90_concordant_austin,0.0355230349854472,0.0227315460158306,0.0503929189308715,0.0220149748853994,0.0490310950854951,0.0068903931560011,0.0483338393118568,5210.741902306852,30,smoothnet,True,
temporal,logistic,naive,10.0,ici_smoothfg,0.0194482750744826,0.0161462960612032,0.0236567309616771,0.0158747267757625,0.0230218233732027,0.0018229776603625,0.0263575905543048,7486.562125219517,30,smoothnet,True,
temporal,logistic,naive,10.0,ici_smoothcsh,0.0195987241912949,0.016140843460233,0.0237723377364219,0.0159741744486191,0.0232232739339707,0.0018489987100703,0.0254920213294955,7578.66978863362,30,smoothnet,True,
temporal,logistic,naive,10.0,ici_smoothnet,0.0146631821102609,0.0110971941502025,0.0192703100297545,0.0107129813292805,0.0186133828912412,0.0020151468236241,0.0197484542029517,8164.80426709384,30,smoothnet,True,
temporal,logistic,naive,10.0,e50_smoothfg,0.0017543877772748,0.0005097147036092,0.0049571949546485,-0.0006243647443742,0.0041331402989238,0.0012135034252189,0.013209930526399,8737.592729588476,30,smoothnet,True,
temporal,logistic,naive,10.0,e50_smoothcsh,0.0022470830172035,0.0004516645657218,0.0053965441679581,-0.0003792908818706,0.0048734569162778,0.0013397865114806,0.0288819842391643,7215.016390977398,30,smoothnet,True,
temporal,logistic,naive,10.0,e50_smoothnet,0.0019149163327363,0.0004401845074418,0.0050829167173482,-0.0005431120001462,0.0043729446656188,0.0012539303758506,0.0210017364281449,8041.751745233574,30,smoothnet,True,
temporal,logistic,naive,10.0,e90_smoothfg,0.0627045347026584,0.0515265349610156,0.075507960367794,0.0509230725703046,0.0744859968350122,0.0060099802090655,0.0333166120226757,6734.670854349674,30,smoothnet,True,
temporal,logistic,naive,10.0,e90_smoothcsh,0.0604449935166857,0.0491797915088725,0.0734444698850092,0.0486525305228862,0.0722374565104851,0.0060156142220182,0.0320095683852879,6876.056763153887,30,smoothnet,True,
temporal,logistic,naive,10.0,e90_smoothnet,0.0460251175899557,0.0330944523034233,0.0606587629661258,0.0329533779814108,0.0590968571985005,0.0066683457211956,0.0231480135574603,7824.080184147977,30,smoothnet,True,
temporal,logistic,naive,10.0,ici_concordant_austin,0.0146631821102609,0.0110971941502025,0.0192703100297545,0.0107129813292805,0.0186133828912412,0.0020151468236241,0.0197484542029517,8164.80426709384,30,smoothnet,True,
temporal,logistic,naive,10.0,e50_concordant_austin,0.0019149163327363,0.0004401845074418,0.0050829167173482,-0.0005431120001462,0.0043729446656188,0.0012539303758506,0.0210017364281449,8041.751745233574,30,smoothnet,True,
temporal,logistic,naive,10.0,e90_concordant_austin,0.0460251175899557,0.0330944523034233,0.0606587629661258,0.0329533779814108,0.0590968571985005,0.0066683457211956,0.0231480135574603,7824.080184147977,30,smoothnet,True,
temporal,logistic_cr,competing,10.0,ici_smoothfg,0.0086030824851434,0.0061881192211918,0.0125230151554959,0.0054018071038104,0.0118043578664765,0.001633100352595,0.0164629307149757,8469.160895275509,30,undetermined,True,
temporal,logistic_cr,competing,10.0,ici_smoothcsh,0.0087595522433601,0.0060369358382201,0.0126642153590137,0.0054450204951385,0.0120740839915817,0.0016908795045173,0.0154431798087014,8557.243264653342,30,undetermined,True,
temporal,logistic_cr,competing,10.0,ici_smoothnet,0.0039208666044483,0.002118428596322,0.0084988206976067,0.0007711662366524,0.0070705669722442,0.0016067981688918,0.0125461352234945,8787.56505942144,30,undetermined,True,
temporal,logistic_cr,competing,10.0,e50_smoothfg,0.0027133188102658,0.0010236594229174,0.0053491036646488,0.0006093373106491,0.0048173003098824,0.0010733300062364,0.0139329258985142,8681.207228877929,30,undetermined,True,
temporal,logistic_cr,competing,10.0,e50_smoothcsh,0.0029820549523583,0.0011253651597464,0.0058141604363539,0.000681342145322,0.0052827677593946,0.0011736864014347,0.0167322296335986,8445.351232302099,30,undetermined,True,
temporal,logistic_cr,competing,10.0,e50_smoothnet,0.0023754403644433,0.0009569332179109,0.0053089762968392,0.0002506301744199,0.0045002505544668,0.001083953265045,0.0155404338665468,8548.989084827754,30,undetermined,True,
temporal,logistic_cr,competing,10.0,e90_smoothfg,0.0238333181893051,0.0127851850237297,0.0360627130083246,0.0126404919746238,0.0350261444039864,0.0057099210469523,0.0156626337571238,8538.573071767612,30,undetermined,True,
temporal,logistic_cr,competing,10.0,e90_smoothcsh,0.0217271414867063,0.0104889371804928,0.0342750580739829,0.0105195610619851,0.0329347219114276,0.0057174537445693,0.0149102096110703,8601.908226100562,30,undetermined,True,
temporal,logistic_cr,competing,10.0,e90_smoothnet,0.0074909360741629,0.0028703930478974,0.0216052205798762,-0.0022032411226215,0.0171851132709473,0.0049453946044797,0.0162145216551907,8490.924539545156,30,undetermined,True,
temporal,rsf_cr,competing,10.0,ici_smoothfg,0.0095938036967907,0.0061269117627705,0.0137051028699341,0.0060022864188684,0.013185320974713,0.0018321846004837,0.0140866187104966,8668.966450113261,30,undetermined,True,
temporal,rsf_cr,competing,10.0,ici_smoothcsh,0.0096648558007811,0.0062066051806933,0.0137748189959785,0.0060760415068865,0.0132536700946757,0.0018308064138409,0.013778248128118,8693.437482110217,30,undetermined,True,
temporal,rsf_cr,competing,10.0,ici_smoothnet,0.0049448714410022,0.0020957695825794,0.0096653077798524,0.0014112251669373,0.0084785177150671,0.0018026574223428,0.016007805468586,8508.88688474079,30,undetermined,True,
temporal,rsf_cr,competing,10.0,e50_smoothfg,0.0036116709482715,0.0009326929728052,0.0065114047069219,0.0007701714507527,0.0064531704457903,0.0014493553408671,0.0601980848977475,4218.735436152782,30,undetermined,True,
temporal,rsf_cr,competing,10.0,e50_smoothcsh,0.0044438741080217,0.0016318059915558,0.0072094377580875,0.0016229051913956,0.0072648430246477,0.001438926269078,0.0540359032971708,4707.85651535327,30,undetermined,True,
temporal,rsf_cr,competing,10.0,e50_smoothnet,0.0038358007142322,0.0012204662810766,0.0065516249716555,0.001248414679124,0.0064231867493404,0.0013199208472367,0.0208529088862701,8056.535613695356,30,undetermined,True,
temporal,rsf_cr,competing,10.0,e90_smoothfg,0.0292971319583536,0.0184716999605167,0.0420191174792482,0.0176209253444803,0.040973338572227,0.0059564128972717,0.0249926773636759,7631.486260469845,30,undetermined,True,
temporal,rsf_cr,competing,10.0,e90_smoothcsh,0.0270231729974325,0.0160247231235142,0.0400297012655575,0.0152827503254372,0.0387635956694279,0.0059892091397117,0.0219608843737088,7945.4604602175295,30,undetermined,True,
temporal,rsf_cr,competing,10.0,e90_smoothnet,0.0114049612832892,0.0039103351098093,0.0256807913343362,0.0007928577169873,0.0220170648495911,0.0054136486822113,0.0183039244668906,8302.167066702115,30,undetermined,True,
temporal,rsf_naive,naive,10.0,ici_smoothfg,0.015888436796123,0.01246557602846,0.0199966153251221,0.0122982842936407,0.0194785892986052,0.0018314829575074,0.016233435706029,8489.27424962833,30,smoothnet,True,
temporal,rsf_naive,naive,10.0,ici_smoothcsh,0.0159827106883288,0.0125018980687949,0.0200951383401604,0.0123939420855506,0.019571479291107,0.001830777573706,0.0160085425199722,8508.823082104267,30,smoothnet,True,
temporal,rsf_naive,naive,10.0,ici_smoothnet,0.0110096063488549,0.0071401313021684,0.015738804138124,0.0069492201908572,0.0150699925068525,0.0020713776972107,0.0128014773084739,8768.55048372429,30,smoothnet,True,
temporal,rsf_naive,naive,10.0,e50_smoothfg,0.0032243802751739,0.0007378509054685,0.0061800424674793,0.0004383754865035,0.0060103850638442,0.0014211219100163,0.049188650335187,5132.310029535591,30,smoothnet,True,
temporal,rsf_naive,naive,10.0,e50_smoothcsh,0.0041074604426584,0.0013856093317889,0.0069429216535469,0.0013248179124086,0.0068901029729083,0.0014194345452884,0.04429481732051,5595.213297008822,30,smoothnet,True,
temporal,rsf_naive,naive,10.0,e50_smoothnet,0.0038017739521887,0.0010791293762052,0.0066363297940216,0.0009960976567076,0.0066074502476698,0.0014311847039898,0.0441906369735622,5605.421765324826,30,smoothnet,True,
temporal,rsf_naive,naive,10.0,e90_smoothfg,0.0524531915561567,0.0416451622233151,0.0650313678316263,0.0407764901496947,0.0641298929626187,0.005956422165414,0.0395880070977104,6069.618643775113,30,smoothnet,True,
temporal,rsf_naive,naive,10.0,e90_smoothcsh,0.0498741043148345,0.0389034369097994,0.0627497220192857,0.0380602463271222,0.0616879623025467,0.0060264389612744,0.0369861367136192,6341.965430611004,30,smoothnet,True,
temporal,rsf_naive,naive,10.0,e90_smoothnet,0.0341009541231643,0.0215406351265689,0.0486620451186308,0.0206685632316445,0.0475333450146842,0.0068522842292237,0.0259988400520016,7524.816926447019,30,smoothnet,True,
temporal,rsf_naive,naive,10.0,ici_concordant_austin,0.0110096063488549,0.0071401313021684,0.015738804138124,0.0069492201908572,0.0150699925068525,0.0020713776972107,0.0128014773084739,8768.55048372429,30,smoothnet,True,
temporal,rsf_naive,naive,10.0,e50_concordant_austin,0.0038017739521887,0.0010791293762052,0.0066363297940216,0.0009960976567076,0.0066074502476698,0.0014311847039898,0.0441906369735622,5605.421765324826,30,smoothnet,True,
temporal,rsf_naive,naive,10.0,e90_concordant_austin,0.0341009541231643,0.0215406351265689,0.0486620451186308,0.0206685632316445,0.0475333450146842,0.0068522842292237,0.0259988400520016,7524.816926447019,30,smoothnet,True,
