split,contrast,model_a,model_b,tier,learner_matched,horizon_y,metric,est,lo,hi,lo_rubin,hi_rubin,se,fmi,df,m,ci_excludes_zero,note,interval_valid,interval_note
cv,cox_naive - csc_cox,cox_naive,csc_cox,primary,True,5.0,mean_pred,0.0010035881151755,0.0009674593806266,0.0010389317758381,0.0009680182095014,0.0010391580208496,1.8145231571025047e-05,0.0571121551312236,7290.469440222531,30,True,"same Cox proportional hazards learner, competing death censored versus modelled",True,
cv,cox_naive - csc_cox,cox_naive,csc_cox,primary,True,5.0,obs_cif,0.0,0.0,0.0,0.0,0.0,0.0,4.860149189361204e-05,41148.00014579739,30,False,"same Cox proportional hazards learner, competing death censored versus modelled",True,
cv,cox_naive - csc_cox,cox_naive,csc_cox,primary,True,5.0,eo,0.0632745385169983,0.0585753336548805,0.068874567747116,0.0581900914578758,0.0683589855761207,0.002594062917033,0.0111132362059316,34735.549934058,30,True,"same Cox proportional hazards learner, competing death censored versus modelled",True,
cv,cox_naive - csc_cox,cox_naive,csc_cox,primary,True,5.0,calib_intercept,-0.1104635886847972,-0.1220162009820342,-0.0998649392277002,-0.1215152489963172,-0.0994119283732773,0.0056376649856473,0.0609052606729701,6557.162064739517,30,True,"same Cox proportional hazards learner, competing death censored versus modelled",True,
cv,cox_naive - csc_cox,cox_naive,csc_cox,primary,True,5.0,calib_slope,-0.052452540397644,-0.0668749719858169,-0.0399205565452575,-0.0659400102684169,-0.038965070526871,0.0068801903810478,0.0617064722525539,6415.639628704845,30,True,"same Cox proportional hazards learner, competing death censored versus modelled",True,
cv,cox_naive - csc_cox,cox_naive,csc_cox,primary,True,5.0,ici,0.0006792748890196,5.5347365560010086e-06,0.0010341807850636,0.0001490046921552,0.001209545085884,0.0002705420047592,0.0092438265780059,36443.78811069967,30,True,"same Cox proportional hazards learner, competing death censored versus modelled",True,
cv,cox_naive - csc_cox,cox_naive,csc_cox,primary,True,5.0,e50,0.0002330835384782,-0.0001546008032164,0.0004447096085641,-7.064258501522414e-05,0.0005368096619717,0.0001549585813285,0.0173693949013706,28530.794238877243,30,False,"same Cox proportional hazards learner, competing death censored versus modelled",True,
cv,cox_naive - csc_cox,cox_naive,csc_cox,primary,True,5.0,e90,-0.0002702303308372,-0.0012820671137887,0.0026726125448476,-0.0023044921181556,0.0017640314564811,0.0010378770211114,0.0018074099983005,40896.51353550452,30,False,"same Cox proportional hazards learner, competing death censored versus modelled",True,
cv,cox_naive - csc_cox,cox_naive,csc_cox,primary,True,5.0,obs_concordant,0.0003157760947942,0.0002804042072966,0.000350953778252,0.0002808414929035,0.0003507106966849,1.7823579702808287e-05,4.860149189361204e-05,41148.00014579739,30,True,"same Cox proportional hazards learner, competing death censored versus modelled",True,
cv,cox_naive - csc_cox,cox_naive,csc_cox,primary,True,5.0,eo_concordant,0.0424732247988383,0.0388270020484924,0.0467127650976181,0.0385689088103953,0.0463775407872812,0.0019919489131012,0.0177529720978637,28152.333358161017,30,True,"same Cox proportional hazards learner, competing death censored versus modelled",True,
cv,cox_naive - csc_cox,cox_naive,csc_cox,primary,True,5.0,calib_intercept_concordant,-0.0781991298000017,-0.089101249165833,-0.0680698659271002,-0.0887516182601274,-0.0676466413398761,0.005383054206625,0.0599262269247006,6736.142182968216,30,True,"same Cox proportional hazards learner, competing death censored versus modelled",True,
cv,cox_naive - csc_cox,cox_naive,csc_cox,primary,True,5.0,calib_slope_concordant,-0.0471449295679728,-0.0618034243583679,-0.034658770263195,-0.0608569271856334,-0.0334329319503121,0.0069946491875216,0.0638135169336,6063.463555377084,30,True,"same Cox proportional hazards learner, competing death censored versus modelled",True,
cv,cox_naive - csc_cox,cox_naive,csc_cox,primary,True,5.0,ici_concordant,0.0007298729886921,0.0001500710408436,0.0010008861485403,0.0003052406290153,0.0011545053483689,0.0002166450659832,0.0134420429807873,32461.456948315084,30,True,"same Cox proportional hazards learner, competing death censored versus modelled",True,
cv,cox_naive - csc_cox,cox_naive,csc_cox,primary,True,5.0,e50_concordant,0.0004508816035619,-0.00017126090097,0.0007556550583103,9.543459014876117e-06,0.000892219748109,0.0002251686168546,0.0119995759562308,33883.77063994772,30,False,"same Cox proportional hazards learner, competing death censored versus modelled",True,
cv,cox_naive - csc_cox,cox_naive,csc_cox,primary,True,5.0,e90_concordant,0.0004444742652898,-0.0004421015968546,0.0014079337415751,-0.0003707582336777,0.0012597067642573,0.0004159291216048,0.0081401401694882,37375.355418748906,30,False,"same Cox proportional hazards learner, competing death censored versus modelled",True,
cv,cox_naive - csc_cox,cox_naive,csc_cox,primary,True,5.0,auc,0.0001665254433949,1.4483928680419922e-05,0.0003185272216796,1.4797595208873468e-05,0.000318253291581,7.737652298716345e-05,0.1041652515978309,2527.8021339133124,30,True,"same Cox proportional hazards learner, competing death censored versus modelled",True,
cv,cox_naive - csc_cox,cox_naive,csc_cox,primary,True,5.0,cindex,0.0001352707544962,-2.885013818740845e-05,0.0003147721290588,-3.792197469842538e-05,0.0003084634836909,8.834567589310969e-05,0.0678541689003493,5460.954134820541,30,False,"same Cox proportional hazards learner, competing death censored versus modelled",True,
cv,cox_naive - csc_cox,cox_naive,csc_cox,primary,True,5.0,auc_marginal_ipcw,0.0001869996388753,3.89784574508667e-05,0.000333072245121,4.2078773908914e-05,0.0003319205038417,7.392384257186668e-05,0.0686797968208281,5348.420992773647,30,True,"same Cox proportional hazards learner, competing death censored versus modelled",True,
cv,cox_naive - csc_cox,cox_naive,csc_cox,primary,True,5.0,cindex_marginal_ipcw,0.0001822412014007,3.5703182220458984e-05,0.0003323554992675,3.541759111229953e-05,0.0003290648116892,7.488781500735817e-05,0.0827975750153939,3847.351973594784,30,True,"same Cox proportional hazards learner, competing death censored versus modelled",True,
cv,cox_naive - csc_cox,cox_naive,csc_cox,primary,True,5.0,at_risk_fraction,0.0,0.0,0.0,0.0,0.0,0.0,4.860149189361204e-05,41148.00014579739,30,False,"same Cox proportional hazards learner, competing death censored versus modelled",True,
cv,cox_naive - csc_cox,cox_naive,csc_cox,primary,True,5.0,nb_at_0.01,6.148281196753184e-07,-3.617820329964161e-05,7.001627236604687e-05,-5.598937063160196e-05,5.721902687095259e-05,2.853763523781284e-05,0.5508175476723869,102.00982454342072,30,False,"same Cox proportional hazards learner, competing death censored versus modelled",True,
cv,cox_naive - csc_cox,cox_naive,csc_cox,primary,True,5.0,nb_at_0.02,2.543792749444644e-05,-6.196360336616635e-05,0.0001487195375375,-8.210573803570507e-05,0.0001329815930245,5.449454308118887e-05,0.4147165230443591,176.75715879711208,30,False,"same Cox proportional hazards learner, competing death censored versus modelled",True,
cv,cox_naive - csc_cox,cox_naive,csc_cox,primary,True,5.0,nb_at_0.03,-2.563362941145897e-05,-0.0001365781412459,0.0001095572602935,-0.0001511777589283,9.991050010540716e-05,6.3847860777725e-05,0.2814207129447675,375.5246350325664,30,False,"same Cox proportional hazards learner, competing death censored versus modelled",True,
cv,cox_naive - csc_cox,cox_naive,csc_cox,primary,True,5.0,nb_at_0.05,5.107173540939887e-05,-0.0001201124337967,0.000249939225614,-0.0001374802509712,0.00023962372179,9.599576224700827e-05,0.228015860203824,565.2217573298394,30,False,"same Cox proportional hazards learner, competing death censored versus modelled",True,
cv,cox_naive - csc_cox,cox_naive,csc_cox,primary,True,5.0,nb_at_0.075,0.0001818887966995,-4.828808159800246e-05,0.0004366992448922,-6.2470842409882e-05,0.0004262484358089,0.0001244989985005,0.1841933348691261,854.5768329069865,30,False,"same Cox proportional hazards learner, competing death censored versus modelled",True,
cv,cox_naive - csc_cox,cox_naive,csc_cox,primary,True,5.0,nb_at_0.2,-8.299718944423754e-05,-0.000251325033605,0.0001052941663147,-0.0002617332080742,9.573882918575934e-05,9.105716529953318e-05,0.189436872471139,809.4549360811026,30,False,"same Cox proportional hazards learner, competing death censored versus modelled",True,
cv,cox_naive - csc_cox,cox_naive,csc_cox,primary,True,5.0,frac_above_0.01,0.0033494502305984,0.0029241740703582,0.0038152337074279,0.0028964124556394,0.0038024880055574,0.0002297457942083,0.3893585071637287,199.78911171237323,30,True,"same Cox proportional hazards learner, competing death censored versus modelled",True,
cv,cox_naive - csc_cox,cox_naive,csc_cox,primary,True,5.0,frac_above_0.02,0.0054182549317677,0.0048439502716064,0.0059698969125747,0.0048404361299097,0.0059960737336258,0.0002935726051216,0.3224931563551294,288.133009200969,30,True,"same Cox proportional hazards learner, competing death censored versus modelled",True,
cv,cox_naive - csc_cox,cox_naive,csc_cox,primary,True,5.0,frac_above_0.03,0.0072807734211285,0.0066259950399398,0.0079787373542785,0.0065997358446119,0.0079618109976452,0.0003461868803191,0.3023672668743843,326.59585931401864,30,True,"same Cox proportional hazards learner, competing death censored versus modelled",True,
cv,cox_naive - csc_cox,cox_naive,csc_cox,primary,True,5.0,frac_above_0.05,0.0081971826652685,0.007436029613018,0.0089750736951828,0.0074165799391378,0.0089777853913993,0.000396873951045,0.2942740876829147,344.2889091286676,30,True,"same Cox proportional hazards learner, competing death censored versus modelled",True,
cv,cox_naive - csc_cox,cox_naive,csc_cox,primary,True,5.0,frac_above_0.075,0.006809339299798,0.0061075873672962,0.0075251311063766,0.0060971188398615,0.0075215597597344,0.0003626347479169,0.2236877888247266,586.6387164999554,30,True,"same Cox proportional hazards learner, competing death censored versus modelled",True,
cv,cox_naive - csc_cox,cox_naive,csc_cox,primary,True,5.0,frac_above_0.2,0.0015198766680744,0.0011502354172989,0.0018954580882564,0.0011438272695126,0.0018959260666363,0.0001915067363071,0.2126150528435247,647.3430129033151,30,True,"same Cox proportional hazards learner, competing death censored versus modelled",True,
cv,cox_naive - csc_cox,cox_naive,csc_cox,primary,True,5.0,nb_all_at_0.01,0.0,0.0,0.0,0.0,0.0,0.0,4.860149189361204e-05,41148.00014579739,30,False,"same Cox proportional hazards learner, competing death censored versus modelled",True,
cv,cox_naive - csc_cox,cox_naive,csc_cox,primary,True,5.0,nb_all_at_0.02,0.0,0.0,0.0,0.0,0.0,0.0,4.860149189361204e-05,41148.00014579739,30,False,"same Cox proportional hazards learner, competing death censored versus modelled",True,
cv,cox_naive - csc_cox,cox_naive,csc_cox,primary,True,5.0,nb_all_at_0.03,0.0,0.0,0.0,0.0,0.0,0.0,4.860149189361204e-05,41148.00014579739,30,False,"same Cox proportional hazards learner, competing death censored versus modelled",True,
cv,cox_naive - csc_cox,cox_naive,csc_cox,primary,True,5.0,nb_all_at_0.05,0.0,0.0,0.0,0.0,0.0,0.0,4.860149189361204e-05,41148.00014579739,30,False,"same Cox proportional hazards learner, competing death censored versus modelled",True,
cv,cox_naive - csc_cox,cox_naive,csc_cox,primary,True,5.0,nb_all_at_0.075,0.0,0.0,0.0,0.0,0.0,0.0,4.860149189361204e-05,41148.00014579739,30,False,"same Cox proportional hazards learner, competing death censored versus modelled",True,
cv,cox_naive - csc_cox,cox_naive,csc_cox,primary,True,5.0,nb_all_at_0.2,0.0,0.0,0.0,0.0,0.0,0.0,4.860149189361204e-05,41148.00014579739,30,False,"same Cox proportional hazards learner, competing death censored versus modelled",True,
cv,cox_naive - csc_cox,cox_naive,csc_cox,primary,True,5.0,log_eo_ratio,0.0612144349265807,0.0597421202808618,0.062639619782567,0.0597567415636566,0.0626721282895047,0.0007433168975437,0.1134788920680671,2154.2027862577643,30,True,"same Cox proportional hazards learner, competing death censored versus modelled",True,
cv,cox_naive - csc_cox,cox_naive,csc_cox,primary,True,10.0,mean_pred,0.0057907876869042,0.0056217867881059,0.0059575364924967,0.0056216683964033,0.0059599069774051,8.626665562161862e-05,0.0702037650254306,5149.251824930567,30,True,"same Cox proportional hazards learner, competing death censored versus modelled",True,
cv,cox_naive - csc_cox,cox_naive,csc_cox,primary,True,10.0,obs_cif,0.0,0.0,0.0,0.0,0.0,0.0,4.860149189361204e-05,41148.00014579739,30,False,"same Cox proportional hazards learner, competing death censored versus modelled",True,
cv,cox_naive - csc_cox,cox_naive,csc_cox,primary,True,10.0,eo,0.1574318985144297,0.1480381563305854,0.1668072134256362,0.1479175246282897,0.1669462724005697,0.0048541626173171,0.0163657871987532,29529.262783797,30,True,"same Cox proportional hazards learner, competing death censored versus modelled",True,
cv,cox_naive - csc_cox,cox_naive,csc_cox,primary,True,10.0,calib_intercept,-0.2627026071151098,-0.2778666585683823,-0.2486722972244024,-0.2772912597209973,-0.2481139545092223,0.0074418358733537,0.0639455927626049,6042.308364024962,30,True,"same Cox proportional hazards learner, competing death censored versus modelled",True,
cv,cox_naive - csc_cox,cox_naive,csc_cox,primary,True,10.0,calib_slope,-0.1315859655539194,-0.1508026748895645,-0.11351078748703,-0.1504120331441725,-0.1127598979636664,0.0096043719817037,0.0403252934225403,12354.273280913989,30,True,"same Cox proportional hazards learner, competing death censored versus modelled",True,
cv,cox_naive - csc_cox,cox_naive,csc_cox,primary,True,10.0,ici,0.004452559351921,0.0027137779048644,0.0057683863909915,0.0029076716624927,0.0059974470413494,0.0007881938453492,0.0125883566232652,33307.55458655927,30,True,"same Cox proportional hazards learner, competing death censored versus modelled",True,
cv,cox_naive - csc_cox,cox_naive,csc_cox,primary,True,10.0,e50,0.0009101816530649,-0.000167223776225,0.0018530403263866,-0.0001086801150393,0.0019290434211693,0.0005198168868084,0.0145955602017918,31306.157903044583,30,False,"same Cox proportional hazards learner, competing death censored versus modelled",True,
cv,cox_naive - csc_cox,cox_naive,csc_cox,primary,True,10.0,e90,0.0039710773465534,-0.0029816910158842,0.0148867310723289,-0.0058182533085162,0.013760408001623,0.0049944111271894,0.0205220518932262,25496.223637400013,30,False,"same Cox proportional hazards learner, competing death censored versus modelled",True,
cv,cox_naive - csc_cox,cox_naive,csc_cox,primary,True,10.0,obs_concordant,0.0018207095563411,0.0016697029583156,0.0019799681380391,0.0016671128413198,0.0019743062713624,7.836480578296227e-05,4.860149189361204e-05,41148.00014579739,30,True,"same Cox proportional hazards learner, competing death censored versus modelled",True,
cv,cox_naive - csc_cox,cox_naive,csc_cox,primary,True,10.0,eo_concordant,0.102879116932551,0.0956337675452232,0.1104086071252822,0.0956734404232636,0.1100847934418385,0.0036762339720379,0.0240848866851675,22344.150785852555,30,True,"same Cox proportional hazards learner, competing death censored versus modelled",True,
cv,cox_naive - csc_cox,cox_naive,csc_cox,primary,True,10.0,calib_intercept_concordant,-0.1772011841336886,-0.1911126285791397,-0.1642073936760425,-0.1904655679443755,-0.1639368003230016,0.0067663966125088,0.0615251273046124,6447.291330135548,30,True,"same Cox proportional hazards learner, competing death censored versus modelled",True,
cv,cox_naive - csc_cox,cox_naive,csc_cox,primary,True,10.0,calib_slope_concordant,-0.1160393754641215,-0.1361221000552177,-0.0979259595274925,-0.1353457322283258,-0.0967330186999171,0.0098494624475005,0.0383320666902299,13238.73782466149,30,True,"same Cox proportional hazards learner, competing death censored versus modelled",True,
cv,cox_naive - csc_cox,cox_naive,csc_cox,primary,True,10.0,ici_concordant,0.0043224641121923,0.0029559268034063,0.0052607544930651,0.0031522905991587,0.0054926376252259,0.0005970116676024,0.0187688825134934,27160.869259543364,30,True,"same Cox proportional hazards learner, competing death censored versus modelled",True,
cv,cox_naive - csc_cox,cox_naive,csc_cox,primary,True,10.0,e50_concordant,0.0020624339658146,0.0009512993041425,0.0030943447025492,0.0009795401917641,0.003145327739865,0.0005524816125999,0.0195973390311743,26366.18076209136,30,True,"same Cox proportional hazards learner, competing death censored versus modelled",True,
cv,cox_naive - csc_cox,cox_naive,csc_cox,primary,True,10.0,e90_concordant,0.0029897634560863,0.0016115598147735,0.0066448933794163,0.0006869172756972,0.0052926096364754,0.0011749037867079,0.0095612442116481,36164.11747398307,30,True,"same Cox proportional hazards learner, competing death censored versus modelled",True,
cv,cox_naive - csc_cox,cox_naive,csc_cox,primary,True,10.0,auc,9.729464848836264e-05,-0.000230848789215,0.0004310622811317,-0.0002341356945667,0.0004287249915434,0.0001690923772112,0.0198851218685833,26093.4125392586,30,False,"same Cox proportional hazards learner, competing death censored versus modelled",True,
cv,cox_naive - csc_cox,cox_naive,csc_cox,primary,True,10.0,cindex,9.313623110453287e-05,-0.0003269955515861,0.0005155220627784,-0.0003236907153623,0.0005099631775714,0.0002126587849355,0.0250230389736652,21572.33531375724,30,False,"same Cox proportional hazards learner, competing death censored versus modelled",True,
cv,cox_naive - csc_cox,cox_naive,csc_cox,primary,True,10.0,auc_marginal_ipcw,0.0001711924870808,-0.0001121759414672,0.0004637867212295,-0.0001174182849032,0.000459803259065,0.0001472457195353,0.0219978362994802,24149.90740217643,30,False,"same Cox proportional hazards learner, competing death censored versus modelled",True,
cv,cox_naive - csc_cox,cox_naive,csc_cox,primary,True,10.0,cindex_marginal_ipcw,0.0001990636189778,-7.486492395401002e-05,0.0004778519272804,-7.735060021255477e-05,0.0004754778381682,0.0001410230541531,0.022496639379446,23707.503713664784,30,False,"same Cox proportional hazards learner, competing death censored versus modelled",True,
cv,cox_naive - csc_cox,cox_naive,csc_cox,primary,True,10.0,at_risk_fraction,0.0,0.0,0.0,0.0,0.0,0.0,4.860149189361204e-05,41148.00014579739,30,False,"same Cox proportional hazards learner, competing death censored versus modelled",True,
cv,cox_naive - csc_cox,cox_naive,csc_cox,primary,True,10.0,nb_at_0.01,-1.1589316030343373e-05,-4.976242780685425e-05,4.6566128730773926e-05,-6.159738664456314e-05,3.84187545838764e-05,2.5375290262272283e-05,0.3693436546088013,221.3551748631868,30,False,"same Cox proportional hazards learner, competing death censored versus modelled",True,
cv,cox_naive - csc_cox,cox_naive,csc_cox,primary,True,10.0,nb_at_0.02,-1.9728826979796093e-05,-0.0001197161152958,0.0001177554484456,-0.000142767331424,0.0001033096774644,6.226482046617104e-05,0.4534558107400998,148.64603853175453,30,False,"same Cox proportional hazards learner, competing death censored versus modelled",True,
cv,cox_naive - csc_cox,cox_naive,csc_cox,primary,True,10.0,nb_at_0.03,-4.2463342348734536e-05,-0.0001831887755542,0.0001245399937033,-0.0001996321267588,0.0001147054420613,7.983449608979916e-05,0.3313920073919872,273.28078077339313,30,False,"same Cox proportional hazards learner, competing death censored versus modelled",True,
cv,cox_naive - csc_cox,cox_naive,csc_cox,primary,True,10.0,nb_at_0.05,6.0962171604235965e-05,-0.0002537998137995,0.0004046751186251,-0.0002725678667709,0.0003944922099794,0.0001694823015421,0.3165056282705857,298.826098839194,30,False,"same Cox proportional hazards learner, competing death censored versus modelled",True,
cv,cox_naive - csc_cox,cox_naive,csc_cox,primary,True,10.0,nb_at_0.075,9.418918440739314e-05,-0.000319906650111,0.0005474711768329,-0.0003410466126453,0.0005294249814601,0.0002218859997206,0.1365938381666059,1517.1167622541325,30,False,"same Cox proportional hazards learner, competing death censored versus modelled",True,
cv,cox_naive - csc_cox,cox_naive,csc_cox,primary,True,10.0,nb_at_0.2,0.0001641716701366,-0.0005419809938757,0.0008730573477805,-0.0005516993702291,0.0008800427105024,0.000364977235218,0.1311756814506977,1638.5159449289908,30,False,"same Cox proportional hazards learner, competing death censored versus modelled",True,
cv,cox_naive - csc_cox,cox_naive,csc_cox,primary,True,10.0,frac_above_0.01,0.0040112415949503,0.0035317540168762,0.004495620727539,0.0035224967403352,0.0044999864495654,0.0002479609175857,0.3748695884150713,215.0601644494096,30,True,"same Cox proportional hazards learner, competing death censored versus modelled",True,
cv,cox_naive - csc_cox,cox_naive,csc_cox,primary,True,10.0,frac_above_0.02,0.0072108397881189,0.0065207183361053,0.0078896291553974,0.0065212568928665,0.0079004226833714,0.000350371424684,0.3208283035764241,291.04730561237454,30,True,"same Cox proportional hazards learner, competing death censored versus modelled",True,
cv,cox_naive - csc_cox,cox_naive,csc_cox,primary,True,10.0,frac_above_0.03,0.0099403580029805,0.0091208815574646,0.0107976198196411,0.009085788780123,0.010794927225838,0.0004337261821133,0.3615029920896339,230.7788567183466,30,True,"same Cox proportional hazards learner, competing death censored versus modelled",True,
cv,cox_naive - csc_cox,cox_naive,csc_cox,primary,True,10.0,frac_above_0.05,0.0151671777168909,0.0140539407730102,0.0162733942270278,0.0140595946611816,0.0162747607726003,0.0005636551647308,0.2501516681097386,472.14121350835126,30,True,"same Cox proportional hazards learner, competing death censored versus modelled",True,
cv,cox_naive - csc_cox,cox_naive,csc_cox,primary,True,10.0,frac_above_0.075,0.0202368502815564,0.0190596792846918,0.0214332491159439,0.0190445090488256,0.0214291915142872,0.0006079331959103,0.1258393584228119,1772.7737605488187,30,True,"same Cox proportional hazards learner, competing death censored versus modelled",True,
cv,cox_naive - csc_cox,cox_naive,csc_cox,primary,True,10.0,frac_above_0.2,0.0174152646213769,0.0162002934608608,0.0186224728822708,0.0161892844215626,0.0186412448211912,0.0006251147477213,0.1210476915616483,1907.7547106287457,30,True,"same Cox proportional hazards learner, competing death censored versus modelled",True,
cv,cox_naive - csc_cox,cox_naive,csc_cox,primary,True,10.0,nb_all_at_0.01,0.0,0.0,0.0,0.0,0.0,0.0,4.860149189361204e-05,41148.00014579739,30,False,"same Cox proportional hazards learner, competing death censored versus modelled",True,
cv,cox_naive - csc_cox,cox_naive,csc_cox,primary,True,10.0,nb_all_at_0.02,0.0,0.0,0.0,0.0,0.0,0.0,4.860149189361204e-05,41148.00014579739,30,False,"same Cox proportional hazards learner, competing death censored versus modelled",True,
cv,cox_naive - csc_cox,cox_naive,csc_cox,primary,True,10.0,nb_all_at_0.03,0.0,0.0,0.0,0.0,0.0,0.0,4.860149189361204e-05,41148.00014579739,30,False,"same Cox proportional hazards learner, competing death censored versus modelled",True,
cv,cox_naive - csc_cox,cox_naive,csc_cox,primary,True,10.0,nb_all_at_0.05,0.0,0.0,0.0,0.0,0.0,0.0,4.860149189361204e-05,41148.00014579739,30,False,"same Cox proportional hazards learner, competing death censored versus modelled",True,
cv,cox_naive - csc_cox,cox_naive,csc_cox,primary,True,10.0,nb_all_at_0.075,0.0,0.0,0.0,0.0,0.0,0.0,4.860149189361204e-05,41148.00014579739,30,False,"same Cox proportional hazards learner, competing death censored versus modelled",True,
cv,cox_naive - csc_cox,cox_naive,csc_cox,primary,True,10.0,nb_all_at_0.2,0.0,0.0,0.0,0.0,0.0,0.0,4.860149189361204e-05,41148.00014579739,30,False,"same Cox proportional hazards learner, competing death censored versus modelled",True,
cv,cox_naive - csc_cox,cox_naive,csc_cox,primary,True,10.0,log_eo_ratio,0.14630944995734,0.1435797054320574,0.1488863248378038,0.1436793260387975,0.1489395738758825,0.0013409456271697,0.1303178700672742,1659.055517300328,30,True,"same Cox proportional hazards learner, competing death censored versus modelled",True,
cv,cox_naive - csc_cox,cox_naive,csc_cox,primary,True,15.0,mean_pred,0.0188788721958796,0.0184230720624327,0.0193258862942457,0.0184221015058534,0.0193356428859057,0.0002329443044731,0.1014485243526243,2654.85608213756,30,True,"same Cox proportional hazards learner, competing death censored versus modelled",True,
cv,cox_naive - csc_cox,cox_naive,csc_cox,primary,True,15.0,obs_cif,0.0,0.0,0.0,0.0,0.0,0.0,4.860149189361204e-05,41148.00014579739,30,False,"same Cox proportional hazards learner, competing death censored versus modelled",True,
cv,cox_naive - csc_cox,cox_naive,csc_cox,primary,True,15.0,eo,0.2941468795140584,0.2789453268051147,0.3107634931802749,0.278369158400562,0.3099246006275549,0.0080496231042893,0.0205489523955141,25471.206213607613,30,True,"same Cox proportional hazards learner, competing death censored versus modelled",True,
cv,cox_naive - csc_cox,cox_naive,csc_cox,primary,True,15.0,calib_intercept,-0.4572206457455953,-0.4767213925719261,-0.4383131645619869,-0.4766219155414412,-0.4378193759497494,0.0098959599478876,0.0784662102204879,4235.120785037112,30,True,"same Cox proportional hazards learner, competing death censored versus modelled",True,
cv,cox_naive - csc_cox,cox_naive,csc_cox,primary,True,15.0,calib_slope,-0.2411571462949117,-0.2718534871935844,-0.21412044018507,-0.2703539627416757,-0.2119603298481476,0.0148943752994594,0.0536108423675903,8073.197171321361,30,True,"same Cox proportional hazards learner, competing death censored versus modelled",True,
cv,cox_naive - csc_cox,cox_naive,csc_cox,primary,True,15.0,ici,0.0160388380289077,0.0110696067335084,0.0204661740921437,0.0112369789252021,0.0208406971326133,0.0024498225349757,0.0274547000531176,19690.55422548371,30,True,"same Cox proportional hazards learner, competing death censored versus modelled",True,
cv,cox_naive - csc_cox,cox_naive,csc_cox,primary,True,15.0,e50,0.0032475598466893,-0.0011344094760715,0.0079481636406853,-0.001414133252367,0.0079092529457456,0.0023782666768167,0.0348144133843488,15003.558117373854,30,False,"same Cox proportional hazards learner, competing death censored versus modelled",True,
cv,cox_naive - csc_cox,cox_naive,csc_cox,primary,True,15.0,e90,0.0380657710134983,0.0135494149290025,0.0553813201375305,0.0165547804198728,0.0595767616071237,0.0109746093350992,0.0237691274300682,22609.58277710217,30,True,"same Cox proportional hazards learner, competing death censored versus modelled",True,
cv,cox_naive - csc_cox,cox_naive,csc_cox,primary,True,15.0,obs_concordant,0.005816675722599,0.0053884993307292,0.0062777185812592,0.0053625457139491,0.0062708057312489,0.0002316964260799,4.860149189361204e-05,41148.00014579739,30,True,"same Cox proportional hazards learner, competing death censored versus modelled",True,
cv,cox_naive - csc_cox,cox_naive,csc_cox,primary,True,15.0,eo_concordant,0.1857431809107462,0.1740640357136726,0.1982860326766967,0.1737548057374908,0.1977315560840016,0.0061162837797928,0.025283738238548,21362.363550119968,30,True,"same Cox proportional hazards learner, competing death censored versus modelled",True,
cv,cox_naive - csc_cox,cox_naive,csc_cox,primary,True,15.0,calib_intercept_concordant,-0.2857083280881246,-0.3043121956288814,-0.2662814103066921,-0.3046707788964631,-0.266745877279786,0.0096729797518048,0.0635503591430068,6105.929111650637,30,True,"same Cox proportional hazards learner, competing death censored versus modelled",True,
cv,cox_naive - csc_cox,cox_naive,csc_cox,primary,True,15.0,calib_slope_concordant,-0.204277233282725,-0.2343048989772796,-0.1774403020739555,-0.2330750421107398,-0.1754794244547102,0.0146912553075988,0.0466132051501397,10023.121342783632,30,True,"same Cox proportional hazards learner, competing death censored versus modelled",True,
cv,cox_naive - csc_cox,cox_naive,csc_cox,primary,True,15.0,ici_concordant,0.0137305510851244,0.0097265913616865,0.0168198082130402,0.0101215090560602,0.0173395931141885,0.0018412380061215,0.0339185174069215,15498.491194838083,30,True,"same Cox proportional hazards learner, competing death censored versus modelled",True,
cv,cox_naive - csc_cox,cox_naive,csc_cox,primary,True,15.0,e50_concordant,0.0058343207463622,0.0027960834791883,0.0086074902908876,0.0028019276387076,0.0088667138540167,0.0015469799464501,0.0467781665124177,9970.16236251223,30,True,"same Cox proportional hazards learner, competing death censored versus modelled",True,
cv,cox_naive - csc_cox,cox_naive,csc_cox,primary,True,15.0,e90_concordant,0.0130483637253443,0.0062695343513041,0.0273407416418194,0.0022805951273207,0.0238161323233678,0.0054936558345843,0.0134038473183114,32499.52237396748,30,True,"same Cox proportional hazards learner, competing death censored versus modelled",True,
cv,cox_naive - csc_cox,cox_naive,csc_cox,primary,True,15.0,auc,-0.0004519740740458,-0.0013083234429359,0.0004292830824851,-0.0013266823976993,0.0004227342496076,0.0004462627691408,0.0251806526718829,21445.155167320725,30,False,"same Cox proportional hazards learner, competing death censored versus modelled",True,
cv,cox_naive - csc_cox,cox_naive,csc_cox,primary,True,15.0,cindex,0.000245451927185,-0.0008454918861389,0.0013946950435638,-0.0008694916454939,0.001360395499864,0.0005688285301782,0.0239716217725105,22439.037672353898,30,False,"same Cox proportional hazards learner, competing death censored versus modelled",True,
cv,cox_naive - csc_cox,cox_naive,csc_cox,primary,True,15.0,auc_marginal_ipcw,0.0003270030021667,-0.0002046287059783,0.0008969962596893,-0.0002241008675353,0.0008781068718688,0.0002811550444005,0.0381750351002437,13311.798210492308,30,False,"same Cox proportional hazards learner, competing death censored versus modelled",True,
cv,cox_naive - csc_cox,cox_naive,csc_cox,primary,True,15.0,cindex_marginal_ipcw,0.0004332900047302,-7.277876138687134e-05,0.0009574323892593,-8.498981279212825e-05,0.0009515698222525,0.0002644191666728,0.0237969192266029,22586.107227250697,30,False,"same Cox proportional hazards learner, competing death censored versus modelled",True,
cv,cox_naive - csc_cox,cox_naive,csc_cox,primary,True,15.0,at_risk_fraction,0.0,0.0,0.0,0.0,0.0,0.0,4.860149189361204e-05,41148.00014579739,30,False,"same Cox proportional hazards learner, competing death censored versus modelled",True,
cv,cox_naive - csc_cox,cox_naive,csc_cox,primary,True,15.0,nb_at_0.01,-1.2874603271484377e-05,-8.541829884052276e-05,0.0001110603101551,-0.0001127689925512,8.701978600829675e-05,5.0721438747381767e-05,0.3464082672247618,250.7238673503965,30,False,"same Cox proportional hazards learner, competing death censored versus modelled",True,
cv,cox_naive - csc_cox,cox_naive,csc_cox,primary,True,15.0,nb_at_0.02,-3.29074760278066e-05,-0.0001816825009882,0.0001982267946004,-0.000229734130982,0.0001639191789264,0.0001000423109022,0.3061688554150217,318.75649622044546,30,False,"same Cox proportional hazards learner, competing death censored versus modelled",True,
cv,cox_naive - csc_cox,cox_naive,csc_cox,primary,True,15.0,nb_at_0.03,-6.419743100802103e-05,-0.0002364520914852,0.0001423823647201,-0.0002569145997953,0.0001285197377793,9.803761298452792e-05,0.2685242189992483,411.3842868588583,30,False,"same Cox proportional hazards learner, competing death censored versus modelled",True,
cv,cox_naive - csc_cox,cox_naive,csc_cox,primary,True,15.0,nb_at_0.05,-6.963573396205902e-05,-0.0004296231083571,0.0003412087447941,-0.0004613094208874,0.0003220379529633,0.0001994613707461,0.2132549704750156,643.5823892796571,30,False,"same Cox proportional hazards learner, competing death censored versus modelled",True,
cv,cox_naive - csc_cox,cox_naive,csc_cox,primary,True,15.0,nb_at_0.075,-0.0001784563685456,-0.0007249373011291,0.0004349731840193,-0.0007630339352195,0.0004061211981281,0.000297486388113,0.2515590538912975,467.0220625579699,30,False,"same Cox proportional hazards learner, competing death censored versus modelled",True,
cv,cox_naive - csc_cox,cox_naive,csc_cox,primary,True,15.0,nb_at_0.2,-0.0005020158054927,-0.0020933116378728,0.0011976766516454,-0.0021283898935282,0.0011243582825426,0.0008293575330673,0.1100797487237444,2280.472725928097,30,False,"same Cox proportional hazards learner, competing death censored versus modelled",True,
cv,cox_naive - csc_cox,cox_naive,csc_cox,primary,True,15.0,frac_above_0.01,0.0046465833981831,0.0041554570198059,0.0051517501473426,0.0041369870444803,0.0051561797518859,0.0002587943702413,0.3397440542471262,260.3720894660284,30,True,"same Cox proportional hazards learner, competing death censored versus modelled",True,
cv,cox_naive - csc_cox,cox_naive,csc_cox,primary,True,15.0,frac_above_0.02,0.0082187871138254,0.0074846148490905,0.0089021921157836,0.0074986433537597,0.0089389308738911,0.0003659194977091,0.3186235456197573,294.9759764552196,30,True,"same Cox proportional hazards learner, competing death censored versus modelled",True,
cv,cox_naive - csc_cox,cox_naive,csc_cox,primary,True,15.0,frac_above_0.03,0.0111027359962463,0.0102710723876953,0.0119802355766296,0.0102331781825444,0.0119722938099482,0.0004421876431458,0.2856983799692724,364.6691169714395,30,True,"same Cox proportional hazards learner, competing death censored versus modelled",True,
cv,cox_naive - csc_cox,cox_naive,csc_cox,primary,True,15.0,frac_above_0.05,0.0176026503245035,0.016467809677124,0.0187844932079315,0.016428424828593,0.018776875820414,0.0005974125382256,0.26302631468139,428.2649196467771,30,True,"same Cox proportional hazards learner, competing death censored versus modelled",True,
cv,cox_naive - csc_cox,cox_naive,csc_cox,primary,True,15.0,frac_above_0.075,0.024837252497673,0.0235312283039093,0.0261799991130828,0.0234879349408181,0.0261865700545279,0.0006878693874697,0.1393551758999178,1460.3391745207605,30,True,"same Cox proportional hazards learner, competing death censored versus modelled",True,
cv,cox_naive - csc_cox,cox_naive,csc_cox,primary,True,15.0,frac_above_0.2,0.0518591418862342,0.0497274324297905,0.0540448650717735,0.049661850933941,0.0540564328385275,0.001120311879138,0.126715033763135,1749.6452778895175,30,True,"same Cox proportional hazards learner, competing death censored versus modelled",True,
cv,cox_naive - csc_cox,cox_naive,csc_cox,primary,True,15.0,nb_all_at_0.01,0.0,0.0,0.0,0.0,0.0,0.0,4.860149189361204e-05,41148.00014579739,30,False,"same Cox proportional hazards learner, competing death censored versus modelled",True,
cv,cox_naive - csc_cox,cox_naive,csc_cox,primary,True,15.0,nb_all_at_0.02,0.0,0.0,0.0,0.0,0.0,0.0,4.860149189361204e-05,41148.00014579739,30,False,"same Cox proportional hazards learner, competing death censored versus modelled",True,
cv,cox_naive - csc_cox,cox_naive,csc_cox,primary,True,15.0,nb_all_at_0.03,0.0,0.0,0.0,0.0,0.0,0.0,4.860149189361204e-05,41148.00014579739,30,False,"same Cox proportional hazards learner, competing death censored versus modelled",True,
cv,cox_naive - csc_cox,cox_naive,csc_cox,primary,True,15.0,nb_all_at_0.05,0.0,0.0,0.0,0.0,0.0,0.0,4.860149189361204e-05,41148.00014579739,30,False,"same Cox proportional hazards learner, competing death censored versus modelled",True,
cv,cox_naive - csc_cox,cox_naive,csc_cox,primary,True,15.0,nb_all_at_0.075,0.0,0.0,0.0,0.0,0.0,0.0,4.860149189361204e-05,41148.00014579739,30,False,"same Cox proportional hazards learner, competing death censored versus modelled",True,
cv,cox_naive - csc_cox,cox_naive,csc_cox,primary,True,15.0,nb_all_at_0.2,0.0,0.0,0.0,0.0,0.0,0.0,4.860149189361204e-05,41148.00014579739,30,False,"same Cox proportional hazards learner, competing death censored versus modelled",True,
cv,cox_naive - csc_cox,cox_naive,csc_cox,primary,True,15.0,log_eo_ratio,0.2555104164315733,0.2519387304782867,0.2588187508285046,0.2521012029484635,0.2589196299146831,0.0017376951408341,0.1533626131513029,1215.915807242119,30,True,"same Cox proportional hazards learner, competing death censored versus modelled",True,
cv,rsf_naive - rsf_cr,rsf_naive,rsf_cr,secondary,True,5.0,mean_pred,0.0009675982718666,0.0009106675628572,0.0010246006771922,0.0009094959947457,0.0010257005489874,2.953662437191285e-05,0.2996431922791291,332.3942690670107,30,True,"same random survival forest learner, logrank versus logrankCR splitting",True,
cv,rsf_naive - rsf_cr,rsf_naive,rsf_cr,secondary,True,5.0,obs_cif,0.0,0.0,0.0,0.0,0.0,0.0,4.860149189361204e-05,41148.00014579739,30,False,"same random survival forest learner, logrank versus logrankCR splitting",True,
cv,rsf_naive - rsf_cr,rsf_naive,rsf_cr,secondary,True,5.0,eo,0.0610054373741149,0.0556657969951629,0.0670984983444213,0.0553382801843688,0.0666725945638611,0.0028895676283164,0.1230519379209008,1849.498867062173,30,True,"same random survival forest learner, logrank versus logrankCR splitting",True,
cv,rsf_naive - rsf_cr,rsf_naive,rsf_cr,secondary,True,5.0,calib_intercept,-0.1089492822686831,-0.1216270679607987,-0.0965472534298896,-0.1216257960164578,-0.0962727685209083,0.0064576473963788,0.1935449564424507,776.55812300396,30,True,"same random survival forest learner, logrank versus logrankCR splitting",True,
cv,rsf_naive - rsf_cr,rsf_naive,rsf_cr,secondary,True,5.0,calib_slope,-0.0820063491662343,-0.1185971617698669,-0.0525959327816963,-0.1151162921407388,-0.0488964061917298,0.0168803614760777,0.1328165487460444,1600.267113348035,30,True,"same random survival forest learner, logrank versus logrankCR splitting",True,
cv,rsf_naive - rsf_cr,rsf_naive,rsf_cr,secondary,True,5.0,ici,0.0010707214668703,-0.000539323335397,0.0012898047920316,8.663370804728727e-05,0.0020548092256934,0.0005020719236455,0.0194094826016625,26545.17845222823,30,False,"same random survival forest learner, logrank versus logrankCR splitting",True,
cv,rsf_naive - rsf_cr,rsf_naive,rsf_cr,secondary,True,5.0,e50,9.335554107868423e-05,-0.0004398293800477,0.0004120490062632,-0.0003430694432574,0.0005297805254147,0.0002225380325368,0.1167023781363224,2043.788176034606,30,False,"same random survival forest learner, logrank versus logrankCR splitting",True,
cv,rsf_naive - rsf_cr,rsf_naive,rsf_cr,secondary,True,5.0,e90,0.0031359257331738,-0.001633981562918,0.0036171860527247,0.0002638489708025,0.0060080024955452,0.0014653159495106,0.0143792199166394,31523.434835692628,30,False,"same random survival forest learner, logrank versus logrankCR splitting",True,
cv,rsf_naive - rsf_cr,rsf_naive,rsf_cr,secondary,True,5.0,obs_concordant,0.0003157760947942,0.0002804042072966,0.000350953778252,0.0002808414929035,0.0003507106966849,1.7823579702808287e-05,4.860149189361204e-05,41148.00014579739,30,True,"same random survival forest learner, logrank versus logrankCR splitting",True,
cv,rsf_naive - rsf_cr,rsf_naive,rsf_cr,secondary,True,5.0,eo_concordant,0.0401318748792012,0.0357642993330955,0.0450112789869308,0.0354939169807757,0.0447698327776267,0.0023631825544075,0.1788412504141843,904.64254488429,30,True,"same random survival forest learner, logrank versus logrankCR splitting",True,
cv,rsf_naive - rsf_cr,rsf_naive,rsf_cr,secondary,True,5.0,calib_intercept_concordant,-0.0771849865714709,-0.089680466428399,-0.0651755031198263,-0.0896139497373354,-0.0647560234056063,0.0063311583186043,0.1973785215763419,747.6389931563809,30,True,"same random survival forest learner, logrank versus logrankCR splitting",True,
cv,rsf_naive - rsf_cr,rsf_naive,rsf_cr,secondary,True,5.0,calib_slope_concordant,-0.0757950663566589,-0.113025788962841,-0.046067850291729,-0.1093649876198713,-0.0422251450934464,0.0171154122805092,0.1298657149226714,1670.036532097593,30,True,"same random survival forest learner, logrank versus logrankCR splitting",True,
cv,rsf_naive - rsf_cr,rsf_naive,rsf_cr,secondary,True,5.0,ici_concordant,0.000665813620435,-0.0006969716108869,0.0010551716841291,-0.0002617689460447,0.0015933961869149,0.0004731960245841,0.0527162723453428,8291.764206146687,30,False,"same random survival forest learner, logrank versus logrankCR splitting",True,
cv,rsf_naive - rsf_cr,rsf_naive,rsf_cr,secondary,True,5.0,e50_concordant,-3.10788086305062e-05,-0.0004280067863874,0.0004689205117756,-0.0005271504388883,0.0004649928216273,0.0002524389130794,0.2530512532772855,461.6854205194396,30,False,"same random survival forest learner, logrank versus logrankCR splitting",True,
cv,rsf_naive - rsf_cr,rsf_naive,rsf_cr,secondary,True,5.0,e90_concordant,0.0016880432337832,-0.0014207741885911,0.002322604029905,-0.0003212128117642,0.0036972992793307,0.0010250822104504,0.0291973211712784,18447.2074226182,30,False,"same random survival forest learner, logrank versus logrankCR splitting",True,
cv,rsf_naive - rsf_cr,rsf_naive,rsf_cr,secondary,True,5.0,auc,0.0006613473097483,-0.0015483006834983,0.0029830530285835,-0.00168439928872,0.0030070939082167,0.0011820025277421,0.5633702106815259,97.66338428137352,30,False,"same random survival forest learner, logrank versus logrankCR splitting",True,
cv,rsf_naive - rsf_cr,rsf_naive,rsf_cr,secondary,True,5.0,cindex,0.0002138972282409,-0.0023308008909225,0.0028442472219467,-0.0024016583152789,0.0028294527717609,0.0013223896878301,0.4794176852392754,133.44477788781452,30,False,"same random survival forest learner, logrank versus logrankCR splitting",True,
cv,rsf_naive - rsf_cr,rsf_naive,rsf_cr,secondary,True,5.0,auc_marginal_ipcw,0.0008383532365163,-0.0013930231332778,0.0031496405601501,-0.0015155894198528,0.0031922958928855,0.0011857561990192,0.5707017122290374,95.25421345736646,30,False,"same random survival forest learner, logrank versus logrankCR splitting",True,
cv,rsf_naive - rsf_cr,rsf_naive,rsf_cr,secondary,True,5.0,cindex_marginal_ipcw,0.000722849369049,-0.001487785577774,0.0030162349343299,-0.001608964427627,0.0030546631657252,0.0011747672052271,0.5676039610886829,96.26096207177672,30,False,"same random survival forest learner, logrank versus logrankCR splitting",True,
cv,rsf_naive - rsf_cr,rsf_naive,rsf_cr,secondary,True,5.0,at_risk_fraction,0.0,0.0,0.0,0.0,0.0,0.0,4.860149189361204e-05,41148.00014579739,30,False,"same random survival forest learner, logrank versus logrankCR splitting",True,
cv,rsf_naive - rsf_cr,rsf_naive,rsf_cr,secondary,True,5.0,nb_at_0.01,-2.0398758351802823e-05,-0.0002031526528298,0.0001438301056623,-0.0001918515336893,0.0001510540169857,8.625454835443828e-05,0.5997345778754227,86.5517242569766,30,False,"same random survival forest learner, logrank versus logrankCR splitting",True,
cv,rsf_naive - rsf_cr,rsf_naive,rsf_cr,secondary,True,5.0,nb_at_0.02,6.15640077739954e-05,-8.9174578897655e-05,0.000212000333704,-9.040051392603286e-05,0.000213528529474,7.715437091757564e-05,0.3491177285580471,246.9556672340757,30,False,"same random survival forest learner, logrank versus logrankCR splitting",True,
cv,rsf_naive - rsf_cr,rsf_naive,rsf_cr,secondary,True,5.0,nb_at_0.03,-1.4469229305783908e-05,-0.0002168249106034,0.0001793748582713,-0.00021830128674,0.0001893628281285,0.0001031410612898,0.4562430027436573,146.89088812683,30,False,"same random survival forest learner, logrank versus logrankCR splitting",True,
cv,rsf_naive - rsf_cr,rsf_naive,rsf_cr,secondary,True,5.0,nb_at_0.05,0.0001713669393211,-7.940098876133562e-05,0.0004564961825963,-9.916467367180756e-05,0.0004418985523141,0.0001374597405611,0.3194332675473633,293.5238402102922,30,False,"same random survival forest learner, logrank versus logrankCR splitting",True,
cv,rsf_naive - rsf_cr,rsf_naive,rsf_cr,secondary,True,5.0,nb_at_0.075,0.0001818040385842,-0.0001165001507615,0.0004962041828548,-0.0001284292420836,0.000492037319252,0.0001577865874634,0.2781289791265835,384.2145567724896,30,False,"same random survival forest learner, logrank versus logrankCR splitting",True,
cv,rsf_naive - rsf_cr,rsf_naive,rsf_cr,secondary,True,5.0,nb_at_0.2,-3.241101750669865e-05,-0.0001236023679666,8.718822136870582e-05,-0.0001388584029738,7.403636796049539e-05,5.422785782520268e-05,0.1916239676793518,791.6860005045322,30,False,"same random survival forest learner, logrank versus logrankCR splitting",True,
cv,rsf_naive - rsf_cr,rsf_naive,rsf_cr,secondary,True,5.0,frac_above_0.01,-0.0088154981533686,-0.0103116333484649,-0.0069902904331684,-0.0105261131603453,-0.0071048831463918,0.0008601358785389,0.6108793810858095,83.53047591086246,30,True,"same random survival forest learner, logrank versus logrankCR splitting",True,
cv,rsf_naive - rsf_cr,rsf_naive,rsf_cr,secondary,True,5.0,frac_above_0.02,-0.0034957985083262,-0.004989743605256,-0.0019359588623046,-0.0050670636219632,-0.0019245333946891,0.0007899788980083,0.6132942823291896,82.89705042337856,30,True,"same random survival forest learner, logrank versus logrankCR splitting",True,
cv,rsf_naive - rsf_cr,rsf_naive,rsf_cr,secondary,True,5.0,frac_above_0.03,0.0014283458391825,-0.0001215040683746,0.0027378946542739,-2.38305998984719e-06,0.0028590747383549,0.0007196881893634,0.602276768926638,85.84803834189147,30,False,"same random survival forest learner, logrank versus logrankCR splitting",True,
cv,rsf_naive - rsf_cr,rsf_naive,rsf_cr,secondary,True,5.0,frac_above_0.05,0.0075213514268398,0.0063991919159889,0.0086753666400909,0.0063529953807464,0.0086897074729332,0.0005906073179791,0.4838763149848293,131.07355321878302,30,True,"same random survival forest learner, logrank versus logrankCR splitting",True,
cv,rsf_naive - rsf_cr,rsf_naive,rsf_cr,secondary,True,5.0,frac_above_0.075,0.0117847817639509,0.0106194280087947,0.0130089968442916,0.0105570282258406,0.0130125353020612,0.0006193366333524,0.5371953872779978,107.06942865535434,30,True,"same random survival forest learner, logrank versus logrankCR splitting",True,
cv,rsf_naive - rsf_cr,rsf_naive,rsf_cr,secondary,True,5.0,frac_above_0.2,0.0005481168326999,0.0003321102121844,0.000793824379798,0.0003124970607833,0.0007837366046165,0.0001192856728421,0.4418394682398591,156.31635059095987,30,True,"same random survival forest learner, logrank versus logrankCR splitting",True,
cv,rsf_naive - rsf_cr,rsf_naive,rsf_cr,secondary,True,5.0,nb_all_at_0.01,0.0,0.0,0.0,0.0,0.0,0.0,4.860149189361204e-05,41148.00014579739,30,False,"same random survival forest learner, logrank versus logrankCR splitting",True,
cv,rsf_naive - rsf_cr,rsf_naive,rsf_cr,secondary,True,5.0,nb_all_at_0.02,0.0,0.0,0.0,0.0,0.0,0.0,4.860149189361204e-05,41148.00014579739,30,False,"same random survival forest learner, logrank versus logrankCR splitting",True,
cv,rsf_naive - rsf_cr,rsf_naive,rsf_cr,secondary,True,5.0,nb_all_at_0.03,0.0,0.0,0.0,0.0,0.0,0.0,4.860149189361204e-05,41148.00014579739,30,False,"same random survival forest learner, logrank versus logrankCR splitting",True,
cv,rsf_naive - rsf_cr,rsf_naive,rsf_cr,secondary,True,5.0,nb_all_at_0.05,0.0,0.0,0.0,0.0,0.0,0.0,4.860149189361204e-05,41148.00014579739,30,False,"same random survival forest learner, logrank versus logrankCR splitting",True,
cv,rsf_naive - rsf_cr,rsf_naive,rsf_cr,secondary,True,5.0,nb_all_at_0.075,0.0,0.0,0.0,0.0,0.0,0.0,4.860149189361204e-05,41148.00014579739,30,False,"same random survival forest learner, logrank versus logrankCR splitting",True,
cv,rsf_naive - rsf_cr,rsf_naive,rsf_cr,secondary,True,5.0,nb_all_at_0.2,0.0,0.0,0.0,0.0,0.0,0.0,4.860149189361204e-05,41148.00014579739,30,False,"same random survival forest learner, logrank versus logrankCR splitting",True,
cv,rsf_naive - rsf_cr,rsf_naive,rsf_cr,secondary,True,5.0,log_eo_ratio,0.0587428250066214,0.055681708920747,0.0617077286355197,0.055657207793134,0.0618284422201088,0.0015651233846967,0.3822223327877042,207.09703603553072,30,True,"same random survival forest learner, logrank versus logrankCR splitting",True,
cv,rsf_naive - rsf_cr,rsf_naive,rsf_cr,secondary,True,10.0,mean_pred,0.0059599887579679,0.0057869216427206,0.0061319923959672,0.0057842341331195,0.0061357433828163,8.944068218885307e-05,0.2511701226792677,468.42832770687824,30,True,"same random survival forest learner, logrank versus logrankCR splitting",True,
cv,rsf_naive - rsf_cr,rsf_naive,rsf_cr,secondary,True,10.0,obs_cif,0.0,0.0,0.0,0.0,0.0,0.0,4.860149189361204e-05,41148.00014579739,30,False,"same random survival forest learner, logrank versus logrankCR splitting",True,
cv,rsf_naive - rsf_cr,rsf_naive,rsf_cr,secondary,True,10.0,eo,0.1620319008827209,0.1525010347366333,0.1716963201761245,0.1522142437360785,0.1718495580293634,0.0050082360126317,0.0584927490073778,7010.832318614894,30,True,"same random survival forest learner, logrank versus logrankCR splitting",True,
cv,rsf_naive - rsf_cr,rsf_naive,rsf_cr,secondary,True,10.0,calib_intercept,-0.2236774598558743,-0.2332583602517843,-0.2142961096018553,-0.233256408237353,-0.2140985114743957,0.004880287244735,0.1855556220109954,842.497492683715,30,True,"same random survival forest learner, logrank versus logrankCR splitting",True,
cv,rsf_naive - rsf_cr,rsf_naive,rsf_cr,secondary,True,10.0,calib_slope,-0.1169966797033945,-0.1475819215178489,-0.0921285331249237,-0.1445917907411062,-0.0894015686656828,0.014070419572165,0.1213698729304176,1898.207962011017,30,True,"same random survival forest learner, logrank versus logrankCR splitting",True,
cv,rsf_naive - rsf_cr,rsf_naive,rsf_cr,secondary,True,10.0,ici,0.0057549881127973,0.0028131911880336,0.0062350563472136,0.0039634837899535,0.007546492435641,0.0009139917340228,0.0282471531285052,19114.3617513944,30,True,"same random survival forest learner, logrank versus logrankCR splitting",True,
cv,rsf_naive - rsf_cr,rsf_naive,rsf_cr,secondary,True,10.0,e50,0.000212431984255,-0.0004819947585929,0.0016137427446665,-0.0008169441732119,0.0012418081417221,0.0005250190612934,0.0874882979451286,3483.063477439217,30,False,"same random survival forest learner, logrank versus logrankCR splitting",True,
cv,rsf_naive - rsf_cr,rsf_naive,rsf_cr,secondary,True,10.0,e90,0.020871292737623,0.0082363859284669,0.0216999393422156,0.0137940915140047,0.0279484939612413,0.0036107679473875,0.0074937310610209,37887.4876125981,30,True,"same random survival forest learner, logrank versus logrankCR splitting",True,
cv,rsf_naive - rsf_cr,rsf_naive,rsf_cr,secondary,True,10.0,obs_concordant,0.0018207095563411,0.0016697029583156,0.0019799681380391,0.0016671128413198,0.0019743062713624,7.836480578296227e-05,4.860149189361204e-05,41148.00014579739,30,True,"same random survival forest learner, logrank versus logrankCR splitting",True,
cv,rsf_naive - rsf_cr,rsf_naive,rsf_cr,secondary,True,10.0,eo_concordant,0.10696888367335,0.0996954500675201,0.1145496517419815,0.0994732452545486,0.1144645220921513,0.0038229707046665,0.0902029374856656,3294.8324474729334,30,True,"same random survival forest learner, logrank versus logrankCR splitting",True,
cv,rsf_naive - rsf_cr,rsf_naive,rsf_cr,secondary,True,10.0,calib_intercept_concordant,-0.1425783783197403,-0.1518267408013343,-0.1331683497875929,-0.1519784176771943,-0.1331783389622862,0.0047895928730543,0.179086859594404,902.2497193094622,30,True,"same random survival forest learner, logrank versus logrankCR splitting",True,
cv,rsf_naive - rsf_cr,rsf_naive,rsf_cr,secondary,True,10.0,calib_slope_concordant,-0.0994258383909861,-0.1311515182256698,-0.073651659488678,-0.1280456406852781,-0.0708060360966941,0.0145932314781549,0.1190415541381253,1968.834885717344,30,True,"same random survival forest learner, logrank versus logrankCR splitting",True,
cv,rsf_naive - rsf_cr,rsf_naive,rsf_cr,secondary,True,10.0,ici_concordant,0.0038045178167521,0.0011062412173487,0.0046832621330395,0.0020465812017803,0.005562454431724,0.0008968134099702,0.046955976269445,9913.49896340232,30,True,"same random survival forest learner, logrank versus logrankCR splitting",True,
cv,rsf_naive - rsf_cr,rsf_naive,rsf_cr,secondary,True,10.0,e50_concordant,0.0005488166469149,-0.0010554431850323,0.0021782380645163,-0.001250424014856,0.0023480573086859,0.000917465847363,0.1152444778974697,2092.661883513684,30,False,"same random survival forest learner, logrank versus logrankCR splitting",True,
cv,rsf_naive - rsf_cr,rsf_naive,rsf_cr,secondary,True,10.0,e90_concordant,0.0118636842506627,0.0005027824779972,0.013260513707064,0.0049794795153557,0.0187478889859697,0.0035122924232615,0.010835302573196,34997.919126299654,30,True,"same random survival forest learner, logrank versus logrankCR splitting",True,
cv,rsf_naive - rsf_cr,rsf_naive,rsf_cr,secondary,True,10.0,auc,0.0017233570416768,0.0003317981958389,0.0032075062394142,0.0002731731424056,0.003173540940948,0.0007366509862552,0.3301189047326854,275.3334703671231,30,True,"same random survival forest learner, logrank versus logrankCR splitting",True,
cv,rsf_naive - rsf_cr,rsf_naive,rsf_cr,secondary,True,10.0,cindex,0.0011507113774617,-0.0006044298410415,0.0029358968138694,-0.0006302745502229,0.0029316973051464,0.0009051490893064,0.3099679856075987,311.2034859565676,30,False,"same random survival forest learner, logrank versus logrankCR splitting",True,
cv,rsf_naive - rsf_cr,rsf_naive,rsf_cr,secondary,True,10.0,auc_marginal_ipcw,0.001904934644699,0.0005900129675865,0.0033146768808364,0.000535072944324,0.0032747963450741,0.0006964515640879,0.295096501016202,342.42554120911865,30,True,"same random survival forest learner, logrank versus logrankCR splitting",True,
cv,rsf_naive - rsf_cr,rsf_naive,rsf_cr,secondary,True,10.0,cindex_marginal_ipcw,0.0015415966510772,0.0002650007605552,0.0029123589396476,0.0002059705731254,0.002877222729029,0.000678763808706,0.3123887498209358,306.531321843333,30,True,"same random survival forest learner, logrank versus logrankCR splitting",True,
cv,rsf_naive - rsf_cr,rsf_naive,rsf_cr,secondary,True,10.0,at_risk_fraction,0.0,0.0,0.0,0.0,0.0,0.0,4.860149189361204e-05,41148.00014579739,30,False,"same random survival forest learner, logrank versus logrankCR splitting",True,
cv,rsf_naive - rsf_cr,rsf_naive,rsf_cr,secondary,True,10.0,nb_at_0.01,-6.360809008280436e-06,-0.0001820280216634,0.0001631481107324,-0.000182787968,0.0001700663499834,8.94903182096598e-05,0.3819076657383869,207.42858358538444,30,False,"same random survival forest learner, logrank versus logrankCR splitting",True,
cv,rsf_naive - rsf_cr,rsf_naive,rsf_cr,secondary,True,10.0,nb_at_0.02,6.902838746706645e-06,-0.0001987072639167,0.0002233219332993,-0.0002097180509203,0.0002235237284137,0.0001097958961607,0.4062403928490432,183.9852783433812,30,False,"same random survival forest learner, logrank versus logrankCR splitting",True,
cv,rsf_naive - rsf_cr,rsf_naive,rsf_cr,secondary,True,10.0,nb_at_0.03,9.804237633943556e-05,-0.000161464465782,0.0003627343103289,-0.0001688347622171,0.0003649195148959,0.0001345982169851,0.5420805333328889,105.21179162455064,30,False,"same random survival forest learner, logrank versus logrankCR splitting",True,
cv,rsf_naive - rsf_cr,rsf_naive,rsf_cr,secondary,True,10.0,nb_at_0.05,0.000127715151757,-0.0001952370628714,0.0004952020710334,-0.0002256041060198,0.0004810344095338,0.0001789059660036,0.4363625878270931,160.14356172749112,30,False,"same random survival forest learner, logrank versus logrankCR splitting",True,
cv,rsf_naive - rsf_cr,rsf_naive,rsf_cr,secondary,True,10.0,nb_at_0.075,-3.4720481683810554e-05,-0.0004285117844119,0.0003907145000994,-0.0004493920865244,0.0003799511231568,0.0002109058884864,0.2778463775318354,384.97474737679,30,False,"same random survival forest learner, logrank versus logrankCR splitting",True,
cv,rsf_naive - rsf_cr,rsf_naive,rsf_cr,secondary,True,10.0,nb_at_0.2,-0.000342259726464,-0.0012496380368247,0.000557594464044,-0.0012528952252069,0.0005683757722788,0.0004633472252519,0.2586863279770656,442.3410132638543,30,False,"same random survival forest learner, logrank versus logrankCR splitting",True,
cv,rsf_naive - rsf_cr,rsf_naive,rsf_cr,secondary,True,10.0,frac_above_0.01,-0.0021381974220275,-0.0038719177246093,-0.0003807544708251,-0.0040019291370814,-0.0002744657069737,0.0009308255291172,0.7428452456500745,57.30396575487485,30,True,"same random survival forest learner, logrank versus logrankCR splitting",True,
cv,rsf_naive - rsf_cr,rsf_naive,rsf_cr,secondary,True,10.0,frac_above_0.02,0.0012490560611089,-5.668401718139648e-05,0.0025110840797424,-7.37181375851327e-05,0.0025718302598029,0.0006689140555457,0.4738373321926665,136.50584624311392,30,False,"same random survival forest learner, logrank versus logrankCR splitting",True,
cv,rsf_naive - rsf_cr,rsf_naive,rsf_cr,secondary,True,10.0,frac_above_0.03,0.004069564739863,0.0027945935726165,0.0054676532745361,0.0026958047140916,0.0054433247656345,0.0006931815526852,0.5304070816950294,109.7350157887508,30,True,"same random survival forest learner, logrank versus logrankCR splitting",True,
cv,rsf_naive - rsf_cr,rsf_naive,rsf_cr,secondary,True,10.0,frac_above_0.05,0.0123164276281992,0.0108867287635803,0.0139810144901275,0.0107134524838079,0.0139194027725905,0.0008066754786595,0.592904257946606,88.48659655925147,30,True,"same random survival forest learner, logrank versus logrankCR splitting",True,
cv,rsf_naive - rsf_cr,rsf_naive,rsf_cr,secondary,True,10.0,frac_above_0.075,0.0197856664657592,0.0181688517332077,0.0213281597942113,0.0181487722570123,0.0214225606745062,0.0008249162934989,0.5605821090837273,98.60403942408588,30,True,"same random survival forest learner, logrank versus logrankCR splitting",True,
cv,rsf_naive - rsf_cr,rsf_naive,rsf_cr,secondary,True,10.0,frac_above_0.2,0.0270178397496541,0.0254752803593873,0.0285616809036582,0.0254777830320651,0.0285578964672431,0.0007836262177689,0.2575387019360396,446.1800900819488,30,True,"same random survival forest learner, logrank versus logrankCR splitting",True,
cv,rsf_naive - rsf_cr,rsf_naive,rsf_cr,secondary,True,10.0,nb_all_at_0.01,0.0,0.0,0.0,0.0,0.0,0.0,4.860149189361204e-05,41148.00014579739,30,False,"same random survival forest learner, logrank versus logrankCR splitting",True,
cv,rsf_naive - rsf_cr,rsf_naive,rsf_cr,secondary,True,10.0,nb_all_at_0.02,0.0,0.0,0.0,0.0,0.0,0.0,4.860149189361204e-05,41148.00014579739,30,False,"same random survival forest learner, logrank versus logrankCR splitting",True,
cv,rsf_naive - rsf_cr,rsf_naive,rsf_cr,secondary,True,10.0,nb_all_at_0.03,0.0,0.0,0.0,0.0,0.0,0.0,4.860149189361204e-05,41148.00014579739,30,False,"same random survival forest learner, logrank versus logrankCR splitting",True,
cv,rsf_naive - rsf_cr,rsf_naive,rsf_cr,secondary,True,10.0,nb_all_at_0.05,0.0,0.0,0.0,0.0,0.0,0.0,4.860149189361204e-05,41148.00014579739,30,False,"same random survival forest learner, logrank versus logrankCR splitting",True,
cv,rsf_naive - rsf_cr,rsf_naive,rsf_cr,secondary,True,10.0,nb_all_at_0.075,0.0,0.0,0.0,0.0,0.0,0.0,4.860149189361204e-05,41148.00014579739,30,False,"same random survival forest learner, logrank versus logrankCR splitting",True,
cv,rsf_naive - rsf_cr,rsf_naive,rsf_cr,secondary,True,10.0,nb_all_at_0.2,0.0,0.0,0.0,0.0,0.0,0.0,4.860149189361204e-05,41148.00014579739,30,False,"same random survival forest learner, logrank versus logrankCR splitting",True,
cv,rsf_naive - rsf_cr,rsf_naive,rsf_cr,secondary,True,10.0,log_eo_ratio,0.1494149230815374,0.1463604096323251,0.152308227494359,0.1463708134678381,0.1524590326952368,0.0015406173222946,0.4512986590454784,150.0264616167015,30,True,"same random survival forest learner, logrank versus logrankCR splitting",True,
cv,rsf_naive - rsf_cr,rsf_naive,rsf_cr,secondary,True,15.0,mean_pred,0.0198203002413113,0.0193930029869079,0.0202422114089131,0.0193926623301598,0.0202479381524628,0.0002179838079902,0.1479760077255939,1302.117721048737,30,True,"same random survival forest learner, logrank versus logrankCR splitting",True,
cv,rsf_naive - rsf_cr,rsf_naive,rsf_cr,secondary,True,15.0,obs_cif,0.0,0.0,0.0,0.0,0.0,0.0,4.860149189361204e-05,41148.00014579739,30,False,"same random survival forest learner, logrank versus logrankCR splitting",True,
cv,rsf_naive - rsf_cr,rsf_naive,rsf_cr,secondary,True,15.0,eo,0.3088150421778361,0.2933575972914696,0.3256906151771545,0.2926565448616215,0.3249735394940506,0.0082438214921218,0.0249490791769138,21632.26199833321,30,True,"same random survival forest learner, logrank versus logrankCR splitting",True,
cv,rsf_naive - rsf_cr,rsf_naive,rsf_cr,secondary,True,15.0,calib_intercept,-0.4030454357465108,-0.4143860042095184,-0.3925305485725402,-0.4141175585835066,-0.391973312909515,0.0056358944724648,0.2389812453756598,515.9564022101817,30,True,"same random survival forest learner, logrank versus logrankCR splitting",True,
cv,rsf_naive - rsf_cr,rsf_naive,rsf_cr,secondary,True,15.0,calib_slope,-0.1766714811325073,-0.2082768872380256,-0.1487445771694183,-0.2063206166892794,-0.1470223455757351,0.0151215177447643,0.0929510294917158,3119.06362231967,30,True,"same random survival forest learner, logrank versus logrankCR splitting",True,
cv,rsf_naive - rsf_cr,rsf_naive,rsf_cr,secondary,True,15.0,ici,0.0192559647063414,0.0141875023720785,0.0205023293383419,0.0158938175493942,0.0226181118632885,0.0017152826817443,0.0331029877248267,15966.180747279936,30,True,"same random survival forest learner, logrank versus logrankCR splitting",True,
cv,rsf_naive - rsf_cr,rsf_naive,rsf_cr,secondary,True,15.0,e50,0.0016292720198786,-0.0009248933929484,0.0045725249685347,-0.0012846109015291,0.0045431549412864,0.0014859327334584,0.1086142250460866,2338.311785548122,30,False,"same random survival forest learner, logrank versus logrankCR splitting",True,
cv,rsf_naive - rsf_cr,rsf_naive,rsf_cr,secondary,True,15.0,e90,0.073147340118885,0.0560696510598063,0.0752357108518481,0.0628348435861753,0.0834598366515947,0.00526138964149,0.0114136961644249,34449.220541684,30,True,"same random survival forest learner, logrank versus logrankCR splitting",True,
cv,rsf_naive - rsf_cr,rsf_naive,rsf_cr,secondary,True,15.0,obs_concordant,0.005816675722599,0.0053884993307292,0.0062777185812592,0.0053625457139491,0.0062708057312489,0.0002316964260799,4.860149189361204e-05,41148.00014579739,30,True,"same random survival forest learner, logrank versus logrankCR splitting",True,
cv,rsf_naive - rsf_cr,rsf_naive,rsf_cr,secondary,True,15.0,eo_concordant,0.199423082669576,0.1875613629817962,0.2121056616306305,0.1871156870697851,0.2117304782693668,0.0062788728707195,0.0358604979304134,14449.778067714346,30,True,"same random survival forest learner, logrank versus logrankCR splitting",True,
cv,rsf_naive - rsf_cr,rsf_naive,rsf_cr,secondary,True,15.0,calib_intercept_concordant,-0.2461952308813731,-0.2588493414223194,-0.2340895477682352,-0.2584887102636133,-0.2339017514991328,0.0062659663600344,0.1544948371116772,1198.8839552253985,30,True,"same random survival forest learner, logrank versus logrankCR splitting",True,
cv,rsf_naive - rsf_cr,rsf_naive,rsf_cr,secondary,True,15.0,calib_slope_concordant,-0.1368936121463775,-0.1695349976420402,-0.107938477396965,-0.1674501068301632,-0.1063371174625919,0.0155857013972228,0.0802086607177833,4072.592183761739,30,True,"same random survival forest learner, logrank versus logrankCR splitting",True,
cv,rsf_naive - rsf_cr,rsf_naive,rsf_cr,secondary,True,15.0,ici_concordant,0.0129472244530916,0.0086127668851986,0.0144161845557391,0.0099499348527113,0.0159445140534718,0.0015291323756835,0.0352040351267531,14794.311506658243,30,True,"same random survival forest learner, logrank versus logrankCR splitting",True,
cv,rsf_naive - rsf_cr,rsf_naive,rsf_cr,secondary,True,15.0,e50_concordant,0.0038322760102649,-0.0002434545429423,0.0059313801000826,0.0008787407029249,0.0067858113176049,0.0015065440174606,0.0741232567320772,4683.449012073532,30,False,"same random survival forest learner, logrank versus logrankCR splitting",True,
cv,rsf_naive - rsf_cr,rsf_naive,rsf_cr,secondary,True,15.0,e90_concordant,0.0443613402545452,0.0253913576249033,0.0475787993520498,0.0323763341414359,0.0563463463676544,0.0061147010210039,0.0106401430826895,35180.60529176382,30,True,"same random survival forest learner, logrank versus logrankCR splitting",True,
cv,rsf_naive - rsf_cr,rsf_naive,rsf_cr,secondary,True,15.0,auc,0.001514732837677,-0.0003245055675506,0.0033061012625694,-0.0003178468075302,0.0033473124828842,0.0009337064776282,0.1824623937531801,870.3038417984229,30,False,"same random survival forest learner, logrank versus logrankCR splitting",True,
cv,rsf_naive - rsf_cr,rsf_naive,rsf_cr,secondary,True,15.0,cindex,0.0014421224594116,-0.0024889141321182,0.0046271786093711,-0.0020942704785329,0.0049785153973562,0.0018035178646201,0.0997579054229026,2738.725192187313,30,False,"same random survival forest learner, logrank versus logrankCR splitting",True,
cv,rsf_naive - rsf_cr,rsf_naive,rsf_cr,secondary,True,15.0,auc_marginal_ipcw,0.0023443778355916,0.0008842334151268,0.0037702322006225,0.0008841609999752,0.003804594671208,0.0007428754796216,0.2656693129739408,420.0217959299102,30,True,"same random survival forest learner, logrank versus logrankCR splitting",True,
cv,rsf_naive - rsf_cr,rsf_naive,rsf_cr,secondary,True,15.0,cindex_marginal_ipcw,0.0015689313411712,0.0002040863037109,0.0028738468885421,0.0002163910174081,0.0029214716649343,0.0006881475477225,0.262088253439613,431.2494706544074,30,True,"same random survival forest learner, logrank versus logrankCR splitting",True,
cv,rsf_naive - rsf_cr,rsf_naive,rsf_cr,secondary,True,15.0,at_risk_fraction,0.0,0.0,0.0,0.0,0.0,0.0,4.860149189361204e-05,41148.00014579739,30,False,"same random survival forest learner, logrank versus logrankCR splitting",True,
cv,rsf_naive - rsf_cr,rsf_naive,rsf_cr,secondary,True,15.0,nb_at_0.01,5.70037712653478e-05,-0.0002091100439429,0.0003446009941399,-0.000227963832712,0.0003419713752427,0.0001429372558933,0.6617228587812023,71.59717531879181,30,False,"same random survival forest learner, logrank versus logrankCR splitting",True,
cv,rsf_naive - rsf_cr,rsf_naive,rsf_cr,secondary,True,15.0,nb_at_0.02,7.23421573638916e-05,-0.0002227582968771,0.0003630117513239,-0.0002317344871772,0.0003764188019049,0.0001538499995135,0.4591494679427305,145.09402900054022,30,False,"same random survival forest learner, logrank versus logrankCR splitting",True,
cv,rsf_naive - rsf_cr,rsf_naive,rsf_cr,secondary,True,15.0,nb_at_0.03,7.41615891456604e-05,-0.0002457770518958,0.0004005003720521,-0.00025642721938,0.0004047503976713,0.000167554069868,0.4076167214994568,182.7813575497077,30,False,"same random survival forest learner, logrank versus logrankCR splitting",True,
cv,rsf_naive - rsf_cr,rsf_naive,rsf_cr,secondary,True,15.0,nb_at_0.05,0.0001769188791513,-0.0002327661961317,0.0006186184473335,-0.0002600198564601,0.0006138576147628,0.0002207074206809,0.5037011939212729,121.26979590234524,30,False,"same random survival forest learner, logrank versus logrankCR splitting",True,
cv,rsf_naive - rsf_cr,rsf_naive,rsf_cr,secondary,True,15.0,nb_at_0.075,0.0002990246439973,-0.0002701566554605,0.0009085893630981,-0.0003003010705349,0.0008983503585296,0.0003046811691542,0.2981838296215032,335.5649968173316,30,False,"same random survival forest learner, logrank versus logrankCR splitting",True,
cv,rsf_naive - rsf_cr,rsf_naive,rsf_cr,secondary,True,15.0,nb_at_0.2,-0.0011869717078904,-0.0027336904546245,0.0004590598284266,-0.0028034718120529,0.0004295283962721,0.0008230319051444,0.22548312606819,577.6086689625103,30,False,"same random survival forest learner, logrank versus logrankCR splitting",True,
cv,rsf_naive - rsf_cr,rsf_naive,rsf_cr,secondary,True,15.0,frac_above_0.01,-0.0001198848088582,-0.0017009973526,0.0014742612838745,-0.0017735735436972,0.0015338039259807,0.0008322016185376,0.5927653985297211,88.52661488320793,30,False,"same random survival forest learner, logrank versus logrankCR splitting",True,
cv,rsf_naive - rsf_cr,rsf_naive,rsf_cr,secondary,True,15.0,frac_above_0.02,0.0032236297925313,0.0010287165641784,0.0047467350959777,0.001444367544144,0.0050028920409185,0.0008900927528773,0.7129803924775384,62.01368794964706,30,True,"same random survival forest learner, logrank versus logrankCR splitting",True,
cv,rsf_naive - rsf_cr,rsf_naive,rsf_cr,secondary,True,15.0,frac_above_0.03,0.0064391593138376,0.0048520565032958,0.007816731929779,0.0049268404550333,0.007951478172642,0.0007602585572179,0.6156662807463866,82.2819894419641,30,True,"same random survival forest learner, logrank versus logrankCR splitting",True,
cv,rsf_naive - rsf_cr,rsf_naive,rsf_cr,secondary,True,15.0,frac_above_0.05,0.0138981362183888,0.0121260583400726,0.0155526928603648,0.012083101404885,0.0157131710318926,0.0009083957566892,0.7045792761391048,63.44520105151389,30,True,"same random survival forest learner, logrank versus logrankCR splitting",True,
cv,rsf_naive - rsf_cr,rsf_naive,rsf_cr,secondary,True,15.0,frac_above_0.075,0.0243404368559519,0.0226401984691619,0.0260422825813293,0.0225509896529299,0.0261298840589739,0.0009009965325931,0.5809443384101254,92.03737471116338,30,True,"same random survival forest learner, logrank versus logrankCR splitting",True,
cv,rsf_naive - rsf_cr,rsf_naive,rsf_cr,secondary,True,15.0,frac_above_0.2,0.0633641955753167,0.0609138682484626,0.0659117178991437,0.060788357786894,0.0659400333637394,0.0013073025556193,0.3623789639790051,229.6960961884649,30,True,"same random survival forest learner, logrank versus logrankCR splitting",True,
cv,rsf_naive - rsf_cr,rsf_naive,rsf_cr,secondary,True,15.0,nb_all_at_0.01,0.0,0.0,0.0,0.0,0.0,0.0,4.860149189361204e-05,41148.00014579739,30,False,"same random survival forest learner, logrank versus logrankCR splitting",True,
cv,rsf_naive - rsf_cr,rsf_naive,rsf_cr,secondary,True,15.0,nb_all_at_0.02,0.0,0.0,0.0,0.0,0.0,0.0,4.860149189361204e-05,41148.00014579739,30,False,"same random survival forest learner, logrank versus logrankCR splitting",True,
cv,rsf_naive - rsf_cr,rsf_naive,rsf_cr,secondary,True,15.0,nb_all_at_0.03,0.0,0.0,0.0,0.0,0.0,0.0,4.860149189361204e-05,41148.00014579739,30,False,"same random survival forest learner, logrank versus logrankCR splitting",True,
cv,rsf_naive - rsf_cr,rsf_naive,rsf_cr,secondary,True,15.0,nb_all_at_0.05,0.0,0.0,0.0,0.0,0.0,0.0,4.860149189361204e-05,41148.00014579739,30,False,"same random survival forest learner, logrank versus logrankCR splitting",True,
cv,rsf_naive - rsf_cr,rsf_naive,rsf_cr,secondary,True,15.0,nb_all_at_0.075,0.0,0.0,0.0,0.0,0.0,0.0,4.860149189361204e-05,41148.00014579739,30,False,"same random survival forest learner, logrank versus logrankCR splitting",True,
cv,rsf_naive - rsf_cr,rsf_naive,rsf_cr,secondary,True,15.0,nb_all_at_0.2,0.0,0.0,0.0,0.0,0.0,0.0,4.860149189361204e-05,41148.00014579739,30,False,"same random survival forest learner, logrank versus logrankCR splitting",True,
cv,rsf_naive - rsf_cr,rsf_naive,rsf_cr,secondary,True,15.0,log_eo_ratio,0.2673365798013904,0.2643309377133846,0.2706112101674079,0.2641587269121624,0.2705144326906184,0.0016113364467527,0.3939328358737311,195.3088483111744,30,True,"same random survival forest learner, logrank versus logrankCR splitting",True,
cv,logistic - logistic_cr,logistic,logistic_cr,secondary,True,5.0,mean_pred,0.0022449289759,0.0021664450876414,0.0023257845081388,0.0021644912699153,0.0023253666818847,4.087454120060559e-05,0.3161538039041724,299.473045857697,30,True,"same IPCW binomial learner, competing death as censoring versus as an event",True,
cv,logistic - logistic_cr,logistic,logistic_cr,secondary,True,5.0,obs_cif,0.0,0.0,0.0,0.0,0.0,0.0,4.860149189361204e-05,41148.00014579739,30,False,"same IPCW binomial learner, competing death as censoring versus as an event",True,
cv,logistic - logistic_cr,logistic,logistic_cr,secondary,True,5.0,eo,0.1415389696756998,0.1309107422828674,0.1539372563362121,0.1301317440408864,0.1529461953105132,0.0058190424730421,0.061015372039035,6537.4529746128055,30,True,"same IPCW binomial learner, competing death as censoring versus as an event",True,
cv,logistic - logistic_cr,logistic,logistic_cr,secondary,True,5.0,calib_intercept,-0.2043384114901224,-0.2160727150738239,-0.1933404892683029,-0.2160442978441257,-0.1926325251361192,0.0059314407519685,0.4155928048006599,176.03462269780815,30,True,"same IPCW binomial learner, competing death as censoring versus as an event",True,
cv,logistic - logistic_cr,logistic,logistic_cr,secondary,True,5.0,calib_slope,-0.0549056351184844,-0.0640717402100563,-0.0480447173118591,-0.0628809608487151,-0.0469303093882538,0.0040668442539985,0.1131608324061909,2165.5733900242444,30,True,"same IPCW binomial learner, competing death as censoring versus as an event",True,
cv,logistic - logistic_cr,logistic,logistic_cr,secondary,True,5.0,ici,0.0016281442328666,0.0009501984925009,0.0022674253850709,0.0008633459866932,0.00239294247904,0.000390150566635,0.0543473243980019,7899.188668906382,30,True,"same IPCW binomial learner, competing death as censoring versus as an event",True,
cv,logistic - logistic_cr,logistic,logistic_cr,secondary,True,5.0,e50,-1.5065753056357304e-05,-0.0008052652643527,0.0005693618324585,-0.0008424387279084,0.0008123072217957,0.000421824697543,0.1312424277639542,1636.9336524822957,30,False,"same IPCW binomial learner, competing death as censoring versus as an event",True,
cv,logistic - logistic_cr,logistic,logistic_cr,secondary,True,5.0,e90,0.0037056696290771,-0.000729957211297,0.0068206522380933,-0.001687499184809,0.0090988384429633,0.0027482822551903,0.1712221171619246,983.8705576759996,30,False,"same IPCW binomial learner, competing death as censoring versus as an event",True,
cv,logistic - logistic_cr,logistic,logistic_cr,secondary,True,5.0,obs_concordant,0.0003157760947942,0.0002804042072966,0.000350953778252,0.0002808414929035,0.0003507106966849,1.7823579702808287e-05,4.860149189361204e-05,41148.00014579739,30,True,"same IPCW binomial learner, competing death as censoring versus as an event",True,
cv,logistic - logistic_cr,logistic,logistic_cr,secondary,True,5.0,eo_concordant,0.1165943225224812,0.1075349450111389,0.127238655090332,0.1068414408543122,0.1263472041906503,0.0049746304199644,0.0784333331740812,4238.277174636985,30,True,"same IPCW binomial learner, competing death as censoring versus as an event",True,
cv,logistic - logistic_cr,logistic,logistic_cr,secondary,True,5.0,calib_intercept_concordant,-0.1713233470916748,-0.1824547186493873,-0.1608359031379223,-0.1824344792093515,-0.160212214973998,0.0056268923027078,0.4327571684461246,162.74141847550936,30,True,"same IPCW binomial learner, competing death as censoring versus as an event",True,
cv,logistic - logistic_cr,logistic,logistic_cr,secondary,True,5.0,calib_slope_concordant,-0.0503551801045735,-0.0601316154003143,-0.0429179072380066,-0.0589938929976606,-0.0417164672114864,0.0044058536804282,0.0936465710631554,3076.7570619979447,30,True,"same IPCW binomial learner, competing death as censoring versus as an event",True,
cv,logistic - logistic_cr,logistic,logistic_cr,secondary,True,5.0,ici_concordant,0.0013858919575189,0.0008414623094722,0.0019769366947002,0.0007502966115177,0.0020214873035201,0.0003242468783187,0.0491360208480562,9252.805901185147,30,True,"same IPCW binomial learner, competing death as censoring versus as an event",True,
cv,logistic - logistic_cr,logistic,logistic_cr,secondary,True,5.0,e50_concordant,-5.8431826376666624e-05,-0.0006431676563806,0.0004445443220902,-0.0007934927688565,0.0006766291161032,0.000374084833368,0.2490459016056438,476.222948463933,30,False,"same IPCW binomial learner, competing death as censoring versus as an event",True,
cv,logistic - logistic_cr,logistic,logistic_cr,secondary,True,5.0,e90_concordant,0.0022139424070095,-0.0010059674503281,0.0054100271314382,-0.0023816703247863,0.0068095551388053,0.0023404745633523,0.209718413357059,664.7866860415747,30,False,"same IPCW binomial learner, competing death as censoring versus as an event",True,
cv,logistic - logistic_cr,logistic,logistic_cr,secondary,True,5.0,auc,-6.1492125193278e-06,-0.000527323782444,0.0005100414156913,-0.0005280025530251,0.0005157041279865,0.0002662061951085,0.0618314463751494,6393.954430056745,30,False,"same IPCW binomial learner, competing death as censoring versus as an event",True,
cv,logistic - logistic_cr,logistic,logistic_cr,secondary,True,5.0,cindex,9.696880976359047e-05,-0.0004631951451301,0.0006389051675796,-0.0004561756151387,0.0006501132346659,0.0002821675462642,0.0623540661969563,6304.384337474864,30,False,"same IPCW binomial learner, competing death as censoring versus as an event",True,
cv,logistic - logistic_cr,logistic,logistic_cr,secondary,True,5.0,auc_marginal_ipcw,-0.0001042743523915,-0.0006310999393463,0.0004074066877365,-0.0006239573150962,0.0004154086103131,0.0002650652201825,0.0831318137644571,3819.599876272107,30,False,"same IPCW binomial learner, competing death as censoring versus as an event",True,
cv,logistic - logistic_cr,logistic,logistic_cr,secondary,True,5.0,cindex_marginal_ipcw,-0.0001064836978912,-0.0006262734532356,0.0004007309675216,-0.0006233703580586,0.0004104029622761,0.0002636333811323,0.0861654666363889,3580.5232516303613,30,False,"same IPCW binomial learner, competing death as censoring versus as an event",True,
cv,logistic - logistic_cr,logistic,logistic_cr,secondary,True,5.0,at_risk_fraction,0.0,0.0,0.0,0.0,0.0,0.0,4.860149189361204e-05,41148.00014579739,30,False,"same IPCW binomial learner, competing death as censoring versus as an event",True,
cv,logistic - logistic_cr,logistic,logistic_cr,secondary,True,5.0,nb_at_0.01,-5.103865017493566e-06,-6.512934342026711e-05,6.298162043094635e-05,-6.783330244526909e-05,5.762557241028195e-05,3.164201136043076e-05,0.5384750411040847,106.57801605784978,30,False,"same IPCW binomial learner, competing death as censoring versus as an event",True,
cv,logistic - logistic_cr,logistic,logistic_cr,secondary,True,5.0,nb_at_0.02,0.000111129740253,-6.300637032836675e-05,0.0002998200245201,-7.45113923641803e-05,0.0002967708728703,9.42074455177244e-05,0.366137320653655,225.1369464124203,30,False,"same IPCW binomial learner, competing death as censoring versus as an event",True,
cv,logistic - logistic_cr,logistic,logistic_cr,secondary,True,5.0,nb_at_0.03,-7.988262611130873e-05,-0.0002461671130731,0.0001083048409782,-0.0002599115225742,0.0001001462703516,9.157621941277065e-05,0.2719346817993024,401.4133360834412,30,False,"same IPCW binomial learner, competing death as censoring versus as an event",True,
cv,logistic - logistic_cr,logistic,logistic_cr,secondary,True,5.0,nb_at_0.05,-1.1373994251092275e-05,-0.0002730284351855,0.0002778681111522,-0.0002908185479242,0.000268070559422,0.0001422477080808,0.236842664477795,525.042620380528,30,False,"same IPCW binomial learner, competing death as censoring versus as an event",True,
cv,logistic - logistic_cr,logistic,logistic_cr,secondary,True,5.0,nb_at_0.075,1.0639145815124114e-05,-0.0002993288828292,0.000364025835006,-0.0003209828123911,0.0003422611040213,0.0001690493321276,0.1436778710799176,1377.6203775383026,30,False,"same IPCW binomial learner, competing death as censoring versus as an event",True,
cv,logistic - logistic_cr,logistic,logistic_cr,secondary,True,5.0,nb_at_0.2,-0.0004886348712413,-0.0007134486251743,-0.0002457740498357,-0.0007222077835929,-0.0002550619588897,0.0001189056804715,0.2331073424328106,541.502433998083,30,True,"same IPCW binomial learner, competing death as censoring versus as an event",True,
cv,logistic - logistic_cr,logistic,logistic_cr,secondary,True,5.0,frac_above_0.01,0.0019616107145945,0.0007128417491912,0.0030619204044342,0.0007575615216598,0.0031656599075291,0.0005976856708028,0.8454977648983505,44.66605843462037,30,True,"same IPCW binomial learner, competing death as censoring versus as an event",True,
cv,logistic - logistic_cr,logistic,logistic_cr,secondary,True,5.0,frac_above_0.02,0.0120286027590433,0.0110325515270233,0.0129846930503845,0.0110503636668332,0.0130068418512534,0.0004962046619676,0.3815051269171097,207.8538940224078,30,True,"same IPCW binomial learner, competing death as censoring versus as an event",True,
cv,logistic - logistic_cr,logistic,logistic_cr,secondary,True,5.0,frac_above_0.03,0.0164729351798693,0.0153013616800308,0.0175856351852417,0.0153161535116452,0.0176297168480934,0.0005867482561679,0.3826940253174905,206.60154552063432,30,True,"same IPCW binomial learner, competing death as censoring versus as an event",True,
cv,logistic - logistic_cr,logistic,logistic_cr,secondary,True,5.0,frac_above_0.05,0.0179377302527427,0.0167513117194175,0.019157089293003,0.0167059422226185,0.0191695182828669,0.0006258086528288,0.3241437538197401,285.28711477250664,30,True,"same IPCW binomial learner, competing death as censoring versus as an event",True,
cv,logistic - logistic_cr,logistic,logistic_cr,secondary,True,5.0,frac_above_0.075,0.0148040146877368,0.0137299224734306,0.0159412920475006,0.0136914159641693,0.0159166134113042,0.0005666710938065,0.2053021330635044,692.775572407612,30,True,"same IPCW binomial learner, competing death as censoring versus as an event",True,
cv,logistic - logistic_cr,logistic,logistic_cr,secondary,True,5.0,frac_above_0.2,0.0034542160729567,0.0028755883686244,0.0040744254365563,0.0028427218256458,0.0040657103202675,0.0003103686599058,0.3601113471860623,232.51502934311665,30,True,"same IPCW binomial learner, competing death as censoring versus as an event",True,
cv,logistic - logistic_cr,logistic,logistic_cr,secondary,True,5.0,nb_all_at_0.01,0.0,0.0,0.0,0.0,0.0,0.0,4.860149189361204e-05,41148.00014579739,30,False,"same IPCW binomial learner, competing death as censoring versus as an event",True,
cv,logistic - logistic_cr,logistic,logistic_cr,secondary,True,5.0,nb_all_at_0.02,0.0,0.0,0.0,0.0,0.0,0.0,4.860149189361204e-05,41148.00014579739,30,False,"same IPCW binomial learner, competing death as censoring versus as an event",True,
cv,logistic - logistic_cr,logistic,logistic_cr,secondary,True,5.0,nb_all_at_0.03,0.0,0.0,0.0,0.0,0.0,0.0,4.860149189361204e-05,41148.00014579739,30,False,"same IPCW binomial learner, competing death as censoring versus as an event",True,
cv,logistic - logistic_cr,logistic,logistic_cr,secondary,True,5.0,nb_all_at_0.05,0.0,0.0,0.0,0.0,0.0,0.0,4.860149189361204e-05,41148.00014579739,30,False,"same IPCW binomial learner, competing death as censoring versus as an event",True,
cv,logistic - logistic_cr,logistic,logistic_cr,secondary,True,5.0,nb_all_at_0.075,0.0,0.0,0.0,0.0,0.0,0.0,4.860149189361204e-05,41148.00014579739,30,False,"same IPCW binomial learner, competing death as censoring versus as an event",True,
cv,logistic - logistic_cr,logistic,logistic_cr,secondary,True,5.0,nb_all_at_0.2,0.0,0.0,0.0,0.0,0.0,0.0,4.860149189361204e-05,41148.00014579739,30,False,"same IPCW binomial learner, competing death as censoring versus as an event",True,
cv,logistic - logistic_cr,logistic,logistic_cr,secondary,True,5.0,log_eo_ratio,0.1173889735064694,0.1148374931886792,0.1201358955353498,0.1147093594954255,0.1200685875175133,0.0013463317045436,0.6272907900495469,79.36614303526923,30,True,"same IPCW binomial learner, competing death as censoring versus as an event",True,
cv,logistic - logistic_cr,logistic,logistic_cr,secondary,True,10.0,mean_pred,0.0152330641945203,0.0148557156324386,0.0156244478188455,0.0148454194774942,0.0156207089115463,0.0001974332506389,0.2061476363371151,687.2814557022002,30,True,"same IPCW binomial learner, competing death as censoring versus as an event",True,
cv,logistic - logistic_cr,logistic,logistic_cr,secondary,True,10.0,obs_cif,0.0,0.0,0.0,0.0,0.0,0.0,4.860149189361204e-05,41148.00014579739,30,False,"same IPCW binomial learner, competing death as censoring versus as an event",True,
cv,logistic - logistic_cr,logistic,logistic_cr,secondary,True,10.0,eo,0.4141354004542033,0.3902682870626449,0.4383627206087112,0.3895901289265675,0.438680671981839,0.0125222162427469,0.0374909880049087,13636.061351225357,30,True,"same IPCW binomial learner, competing death as censoring versus as an event",True,
cv,logistic - logistic_cr,logistic,logistic_cr,secondary,True,10.0,calib_intercept,-0.4934665977954864,-0.5100395098328591,-0.4790459796786308,-0.5090590971384837,-0.4778740984524892,0.007910691454035,0.3750521266133593,214.8568796533968,30,True,"same IPCW binomial learner, competing death as censoring versus as an event",True,
cv,logistic - logistic_cr,logistic,logistic_cr,secondary,True,10.0,calib_slope,-0.1433955132961273,-0.1572470873594284,-0.1316448166966438,-0.1558880230877945,-0.1309030035044601,0.0063727165544367,0.0594441032560904,6826.814537192957,30,True,"same IPCW binomial learner, competing death as censoring versus as an event",True,
cv,logistic - logistic_cr,logistic,logistic_cr,secondary,True,10.0,ici,0.0150429465187092,0.0137206030311062,0.0154802666511386,0.0141782899198871,0.0159076031175314,0.0004410972962853,0.0515335610441354,8593.441404410121,30,True,"same IPCW binomial learner, competing death as censoring versus as an event",True,
cv,logistic - logistic_cr,logistic,logistic_cr,secondary,True,10.0,e50,0.0027804086450487,-0.0004472351400181,0.0065541283693164,-0.0007894465708081,0.0063502638609056,0.0018212149776852,0.0394595979003261,12728.828426823506,30,False,"same IPCW binomial learner, competing death as censoring versus as an event",True,
cv,logistic - logistic_cr,logistic,logistic_cr,secondary,True,10.0,e90,0.0539609417319297,0.04267442477867,0.0554444658569991,0.0475222645709929,0.0603996188928666,0.0032849871352681,0.0104975382609132,35313.24285989578,30,True,"same IPCW binomial learner, competing death as censoring versus as an event",True,
cv,logistic - logistic_cr,logistic,logistic_cr,secondary,True,10.0,obs_concordant,0.0018207095563411,0.0016697029583156,0.0019799681380391,0.0016671128413198,0.0019743062713624,7.836480578296227e-05,4.860149189361204e-05,41148.00014579739,30,True,"same IPCW binomial learner, competing death as censoring versus as an event",True,
cv,logistic - logistic_cr,logistic,logistic_cr,secondary,True,10.0,eo_concordant,0.3362002968788147,0.3161312103271484,0.356732103228569,0.3154395071100152,0.3569610866476141,0.0105911358776906,0.0470809841189327,9873.92129879497,30,True,"same IPCW binomial learner, competing death as censoring versus as an event",True,
cv,logistic - logistic_cr,logistic,logistic_cr,secondary,True,10.0,calib_intercept_concordant,-0.4076554387807846,-0.4233762234449386,-0.393912048637867,-0.4223534129684626,-0.3929574645931065,0.0074524933011101,0.3945563809203551,194.70997194469857,30,True,"same IPCW binomial learner, competing death as censoring versus as an event",True,
cv,logistic - logistic_cr,logistic,logistic_cr,secondary,True,10.0,calib_slope_concordant,-0.129371166229248,-0.1442575126886368,-0.116627150774002,-0.1429324256291694,-0.1158099068293266,0.006918271676972,0.0477110700483531,9677.642645042191,30,True,"same IPCW binomial learner, competing death as censoring versus as an event",True,
cv,logistic - logistic_cr,logistic,logistic_cr,secondary,True,10.0,ici_concordant,0.0129478749198218,0.0113761334214359,0.0134838184341788,0.0119180209335664,0.0139777289060771,0.0005254039406671,0.0341769063048696,15353.747411911856,30,True,"same IPCW binomial learner, competing death as censoring versus as an event",True,
cv,logistic - logistic_cr,logistic,logistic_cr,secondary,True,10.0,e50_concordant,0.0027696764251838,0.0007720942259766,0.0049203700153157,0.0006975879022997,0.0048417649480678,0.0010571343886588,0.0305910672224481,17514.523769298572,30,True,"same IPCW binomial learner, competing death as censoring versus as an event",True,
cv,logistic - logistic_cr,logistic,logistic_cr,secondary,True,10.0,e90_concordant,0.0449123088270425,0.0332852904684841,0.0465696353465318,0.0381896376644144,0.0516349799896707,0.003429882734702,0.009476356745044,36239.37980380095,30,True,"same IPCW binomial learner, competing death as censoring versus as an event",True,
cv,logistic - logistic_cr,logistic,logistic_cr,secondary,True,10.0,auc,-0.000118730465571,-0.0010473236441612,0.0008112207055091,-0.0010529155699338,0.0008154546387917,0.0004766140683387,0.0166752904965022,29220.254938086822,30,False,"same IPCW binomial learner, competing death as censoring versus as an event",True,
cv,logistic - logistic_cr,logistic,logistic_cr,secondary,True,10.0,cindex,0.0004473706086476,-0.0005057469010353,0.0014296188950538,-0.0005249239071859,0.0014196651244812,0.0004960558085525,0.0185528852381747,27370.21086979012,30,False,"same IPCW binomial learner, competing death as censoring versus as an event",True,
cv,logistic - logistic_cr,logistic,logistic_cr,secondary,True,10.0,auc_marginal_ipcw,-0.0002771476904551,-0.0011864408850669,0.0006428092718124,-0.0011874348421637,0.0006331394612535,0.0004644139408357,0.0257842249284074,20964.789562822563,30,False,"same IPCW binomial learner, competing death as censoring versus as an event",True,
cv,logistic - logistic_cr,logistic,logistic_cr,secondary,True,10.0,cindex_marginal_ipcw,-0.0003272871176401,-0.0012160554528236,0.000571846961975,-0.0012184186718214,0.000563844436541,0.0004546335150113,0.0325657482279256,16283.449733590023,30,False,"same IPCW binomial learner, competing death as censoring versus as an event",True,
cv,logistic - logistic_cr,logistic,logistic_cr,secondary,True,10.0,at_risk_fraction,0.0,0.0,0.0,0.0,0.0,0.0,4.860149189361204e-05,41148.00014579739,30,False,"same IPCW binomial learner, competing death as censoring versus as an event",True,
cv,logistic - logistic_cr,logistic,logistic_cr,secondary,True,10.0,nb_at_0.01,2.0524859428405763e-05,-0.0001803664024919,0.000198042532429,-0.000169924365864,0.0002109740847208,9.709596656752596e-05,0.1330990772921658,1593.815656532541,30,False,"same IPCW binomial learner, competing death as censoring versus as an event",True,
cv,logistic - logistic_cr,logistic,logistic_cr,secondary,True,10.0,nb_at_0.02,7.762207339207331e-05,-8.818693459033966e-05,0.0002363940235227,-8.433951560298375e-05,0.0002395836623871,8.232151338586854e-05,0.3060248389306642,319.048258926956,30,False,"same IPCW binomial learner, competing death as censoring versus as an event",True,
cv,logistic - logistic_cr,logistic,logistic_cr,secondary,True,10.0,nb_at_0.03,-5.478958288828532e-05,-0.0002649023663252,0.0001967292744666,-0.0002896212579102,0.0001800420921336,0.0001195251688603,0.2424835472016676,501.58038566771694,30,False,"same IPCW binomial learner, competing death as censoring versus as an event",True,
cv,logistic - logistic_cr,logistic,logistic_cr,secondary,True,10.0,nb_at_0.05,-0.0001567147982617,-0.0005913806147873,0.0003163829445838,-0.0006158761130042,0.0003024465164807,0.0002339629629653,0.1770241697253193,922.644894667576,30,False,"same IPCW binomial learner, competing death as censoring versus as an event",True,
cv,logistic - logistic_cr,logistic,logistic_cr,secondary,True,10.0,nb_at_0.075,-0.0008122515243788,-0.0014110584044829,-0.0001661736052483,-0.001437214794413,-0.0001872882543447,0.0003185817365809,0.1444239906358728,1364.052473199505,30,True,"same IPCW binomial learner, competing death as censoring versus as an event",True,
cv,logistic - logistic_cr,logistic,logistic_cr,secondary,True,10.0,nb_at_0.2,-0.0034932738170027,-0.0046171100693754,-0.00232231807895,-0.004636619529018,-0.0023499281049874,0.0005831704754592,0.0818817761984901,3924.911177186244,30,True,"same IPCW binomial learner, competing death as censoring versus as an event",True,
cv,logistic - logistic_cr,logistic,logistic_cr,secondary,True,10.0,frac_above_0.01,-0.0355957369009653,-0.0377795696258544,-0.0336724892258644,-0.0377089596479387,-0.0334825141539919,0.0010700569001878,0.4360847881342745,160.3414760531559,30,True,"same IPCW binomial learner, competing death as censoring versus as an event",True,
cv,logistic - logistic_cr,logistic,logistic_cr,secondary,True,10.0,frac_above_0.02,-0.0058035552501678,-0.0070391297340393,-0.0046576261520385,-0.0070272350150441,-0.0045798754852915,0.0006197915158166,0.4281004225849144,166.19284544875737,30,True,"same IPCW binomial learner, competing death as censoring versus as an event",True,
cv,logistic - logistic_cr,logistic,logistic_cr,secondary,True,10.0,frac_above_0.03,0.0110301067431767,0.0096392929553985,0.0124095678329467,0.0096168696839346,0.0124433438024188,0.0007161812529399,0.411869660769087,179.13593249966536,30,True,"same IPCW binomial learner, competing death as censoring versus as an event",True,
cv,logistic - logistic_cr,logistic,logistic_cr,secondary,True,10.0,frac_above_0.05,0.0315007875363032,0.0297927260398864,0.0332029163837432,0.0297743450950151,0.0332272299775912,0.0008775512976183,0.3042026719955254,322.77499127941564,30,True,"same IPCW binomial learner, competing death as censoring versus as an event",True,
cv,logistic - logistic_cr,logistic,logistic_cr,secondary,True,10.0,frac_above_0.075,0.0485704417030016,0.0466250330209732,0.0506103634834289,0.0465885211766751,0.0505523622293281,0.0010104442847507,0.1322144199806013,1614.1469296686298,30,True,"same IPCW binomial learner, competing death as censoring versus as an event",True,
cv,logistic - logistic_cr,logistic,logistic_cr,secondary,True,10.0,frac_above_0.2,0.0476561927547057,0.0456287041306495,0.0497922301292419,0.0455858733614938,0.0497265121479176,0.001055828108381,0.1008937781366219,2681.954383097738,30,True,"same IPCW binomial learner, competing death as censoring versus as an event",True,
cv,logistic - logistic_cr,logistic,logistic_cr,secondary,True,10.0,nb_all_at_0.01,0.0,0.0,0.0,0.0,0.0,0.0,4.860149189361204e-05,41148.00014579739,30,False,"same IPCW binomial learner, competing death as censoring versus as an event",True,
cv,logistic - logistic_cr,logistic,logistic_cr,secondary,True,10.0,nb_all_at_0.02,0.0,0.0,0.0,0.0,0.0,0.0,4.860149189361204e-05,41148.00014579739,30,False,"same IPCW binomial learner, competing death as censoring versus as an event",True,
cv,logistic - logistic_cr,logistic,logistic_cr,secondary,True,10.0,nb_all_at_0.03,0.0,0.0,0.0,0.0,0.0,0.0,4.860149189361204e-05,41148.00014579739,30,False,"same IPCW binomial learner, competing death as censoring versus as an event",True,
cv,logistic - logistic_cr,logistic,logistic_cr,secondary,True,10.0,nb_all_at_0.05,0.0,0.0,0.0,0.0,0.0,0.0,4.860149189361204e-05,41148.00014579739,30,False,"same IPCW binomial learner, competing death as censoring versus as an event",True,
cv,logistic - logistic_cr,logistic,logistic_cr,secondary,True,10.0,nb_all_at_0.075,0.0,0.0,0.0,0.0,0.0,0.0,4.860149189361204e-05,41148.00014579739,30,False,"same IPCW binomial learner, competing death as censoring versus as an event",True,
cv,logistic - logistic_cr,logistic,logistic_cr,secondary,True,10.0,nb_all_at_0.2,0.0,0.0,0.0,0.0,0.0,0.0,4.860149189361204e-05,41148.00014579739,30,False,"same IPCW binomial learner, competing death as censoring versus as an event",True,
cv,logistic - logistic_cr,logistic,logistic_cr,secondary,True,10.0,log_eo_ratio,0.2885135708998965,0.2850084044039249,0.2928227476775646,0.2846022370092417,0.2924249047905513,0.0019729890732186,0.5380783651015094,106.72997893829586,30,True,"same IPCW binomial learner, competing death as censoring versus as an event",True,
cv,logistic - logistic_cr,logistic,logistic_cr,secondary,True,15.0,mean_pred,0.0792677566409111,0.0778596522286534,0.0806826801970601,0.0778296192666225,0.0807058940151996,0.0007329606504373,0.1604321517491783,1115.1522107579387,30,True,"same IPCW binomial learner, competing death as censoring versus as an event",True,
cv,logistic - logistic_cr,logistic,logistic_cr,secondary,True,15.0,obs_cif,0.0,0.0,0.0,0.0,0.0,0.0,4.860149189361204e-05,41148.00014579739,30,False,"same IPCW binomial learner, competing death as censoring versus as an event",True,
cv,logistic - logistic_cr,logistic,logistic_cr,secondary,True,15.0,eo,1.235050654411316,1.1727824449539184,1.301284447312355,1.1706805175232018,1.2994207912994302,0.0328410206819852,0.0192582087045003,26689.84406338296,30,True,"same IPCW binomial learner, competing death as censoring versus as an event",True,
cv,logistic - logistic_cr,logistic,logistic_cr,secondary,True,15.0,calib_intercept,-1.1041843136151632,-1.1245042592287064,-1.0834188342094422,-1.1250806616453168,-1.0832879655850096,0.0106069003284124,0.3574422956402898,235.90082496393555,30,True,"same IPCW binomial learner, competing death as censoring versus as an event",True,
cv,logistic - logistic_cr,logistic,logistic_cr,secondary,True,15.0,calib_slope,-0.3435113688309987,-0.3694206908345222,-0.3202571541070938,-0.368199609341066,-0.3188231283209315,0.0125941440702755,0.0577324953204843,7162.924643486645,30,True,"same IPCW binomial learner, competing death as censoring versus as an event",True,
cv,logistic - logistic_cr,logistic,logistic_cr,secondary,True,15.0,ici,0.0783948401610056,0.0764818308874964,0.0803013011813163,0.0764815910792356,0.0803080892427756,0.0009756683297288,0.1076682237080853,2376.8056056395144,30,True,"same IPCW binomial learner, competing death as censoring versus as an event",True,
cv,logistic - logistic_cr,logistic,logistic_cr,secondary,True,15.0,e50,0.0137583383669455,0.0050283480435609,0.027050510328263,0.0015418566136487,0.0259748201202423,0.0062321710448506,0.0501845795712961,8956.222580089527,30,True,"same IPCW binomial learner, competing death as censoring versus as an event",True,
cv,logistic - logistic_cr,logistic,logistic_cr,secondary,True,15.0,e90,0.3077159643173218,0.2941243663430214,0.3137441053986549,0.2983928737018532,0.3170390549327904,0.0047512606753999,0.1658863865389579,1045.7151724380633,30,True,"same IPCW binomial learner, competing death as censoring versus as an event",True,
cv,logistic - logistic_cr,logistic,logistic_cr,secondary,True,15.0,obs_concordant,0.005816675722599,0.0053884993307292,0.0062777185812592,0.0053625457139491,0.0062708057312489,0.0002316964260799,4.860149189361204e-05,41148.00014579739,30,True,"same IPCW binomial learner, competing death as censoring versus as an event",True,
cv,logistic - logistic_cr,logistic,logistic_cr,secondary,True,15.0,eo_concordant,1.007319188117981,0.9543632179498672,1.064260709285736,0.9521625683046998,1.0624758079312622,0.0281402659512627,0.0214800397259897,24616.05722136224,30,True,"same IPCW binomial learner, competing death as censoring versus as an event",True,
cv,logistic - logistic_cr,logistic,logistic_cr,secondary,True,15.0,calib_intercept_concordant,-0.941322527329127,-0.9619071796536446,-0.9205471336841584,-0.9624043256056188,-0.9202407290526352,0.0107077870012064,0.3342239848761902,268.7970429087361,30,True,"same IPCW binomial learner, competing death as censoring versus as an event",True,
cv,logistic - logistic_cr,logistic,logistic_cr,secondary,True,15.0,calib_slope_concordant,-0.3121506452560424,-0.3388643994927406,-0.2881051048636436,-0.3375410337652893,-0.2867602567467956,0.0129529534940572,0.0466142192040994,10022.794639012023,30,True,"same IPCW binomial learner, competing death as censoring versus as an event",True,
cv,logistic - logistic_cr,logistic,logistic_cr,secondary,True,15.0,ici_concordant,0.0717135968307654,0.0698532866314053,0.0736032987013459,0.0698260196573918,0.0736011740041389,0.0009626062223173,0.1041554649285654,2528.2436047037872,30,True,"same IPCW binomial learner, competing death as censoring versus as an event",True,
cv,logistic - logistic_cr,logistic,logistic_cr,secondary,True,15.0,e50_concordant,0.0196539008369048,0.0100343911908566,0.0291839962359517,0.0093762984791239,0.0299315031946857,0.005242789591583,0.0614133828444879,6466.904957751735,30,True,"same IPCW binomial learner, competing death as censoring versus as an event",True,
cv,logistic - logistic_cr,logistic,logistic_cr,secondary,True,15.0,e90_concordant,0.2788115561008453,0.2641585297882557,0.285406994074583,0.2687624162489339,0.2888606959527567,0.0051224124625509,0.1484308354171669,1294.491608110097,30,True,"same IPCW binomial learner, competing death as censoring versus as an event",True,
cv,logistic - logistic_cr,logistic,logistic_cr,secondary,True,15.0,auc,-7.040103276570639e-05,-0.0025488674640655,0.0026014685630798,-0.0026585947442902,0.0025177926787588,0.0013204744587579,0.0177670235546866,28138.508341753102,30,False,"same IPCW binomial learner, competing death as censoring versus as an event",True,
cv,logistic - logistic_cr,logistic,logistic_cr,secondary,True,15.0,cindex,0.0008816679318745,-0.0050055742263793,0.0069060489535331,-0.0048785537725278,0.006641889636277,0.0029388506265226,0.0064349236063677,38664.30215197157,30,False,"same IPCW binomial learner, competing death as censoring versus as an event",True,
cv,logistic - logistic_cr,logistic,logistic_cr,secondary,True,15.0,auc_marginal_ipcw,0.0011237104733784,-0.00076385140419,0.0030309587717056,-0.0007899509790107,0.0030373719257677,0.0009763414590025,0.0114778271337821,34387.76630837369,30,False,"same IPCW binomial learner, competing death as censoring versus as an event",True,
cv,logistic - logistic_cr,logistic,logistic_cr,secondary,True,15.0,cindex_marginal_ipcw,-0.0014511128266652,-0.0032954812049865,0.0003668382763862,-0.0032927478586187,0.0003905222052882,0.0009395521296798,0.0344637125556303,15194.989891139136,30,False,"same IPCW binomial learner, competing death as censoring versus as an event",True,
cv,logistic - logistic_cr,logistic,logistic_cr,secondary,True,15.0,at_risk_fraction,0.0,0.0,0.0,0.0,0.0,0.0,4.860149189361204e-05,41148.00014579739,30,False,"same IPCW binomial learner, competing death as censoring versus as an event",True,
cv,logistic - logistic_cr,logistic,logistic_cr,secondary,True,15.0,nb_at_0.01,0.0011279446383317,0.0006918511353433,0.0015179236419498,0.0007156843908232,0.0015402048858401,0.0002102439702943,0.1019389550002364,2631.233955900582,30,True,"same IPCW binomial learner, competing death as censoring versus as an event",True,
cv,logistic - logistic_cr,logistic,logistic_cr,secondary,True,15.0,nb_at_0.02,0.0015506520867347,0.0010444018989801,0.0020594682544469,0.0010356306198306,0.0020656735536388,0.0002623844459864,0.1878166863731739,823.0072804143543,30,True,"same IPCW binomial learner, competing death as censoring versus as an event",True,
cv,logistic - logistic_cr,logistic,logistic_cr,secondary,True,15.0,nb_at_0.03,0.0010028023272752,0.0004981921054422,0.0014767288230359,0.0005148374670439,0.0014907671875065,0.0002487742605543,0.1341730972184942,1569.6408838892216,30,True,"same IPCW binomial learner, competing death as censoring versus as an event",True,
cv,logistic - logistic_cr,logistic,logistic_cr,secondary,True,15.0,nb_at_0.05,0.0003094017505645,-0.0001134502701461,0.0007439312525093,-0.0001247020099192,0.0007435055110483,0.0002211919511449,0.1779948676198601,912.9617176277192,30,False,"same IPCW binomial learner, competing death as censoring versus as an event",True,
cv,logistic - logistic_cr,logistic,logistic_cr,secondary,True,15.0,nb_at_0.075,-0.0018007311349113,-0.0024521213490515,-0.001082404423505,-0.0024903460218849,-0.0011111162479378,0.0003517270792873,0.0880580518182514,3442.2769660490785,30,True,"same IPCW binomial learner, competing death as censoring versus as an event",True,
cv,logistic - logistic_cr,logistic,logistic_cr,secondary,True,15.0,nb_at_0.2,-0.0155171254960199,-0.0178886785171926,-0.0131035301834344,-0.0179359196667131,-0.0130983313253267,0.0012338960932005,0.0571731732962305,7277.783686955434,30,True,"same IPCW binomial learner, competing death as censoring versus as an event",True,
cv,logistic - logistic_cr,logistic,logistic_cr,secondary,True,15.0,frac_above_0.01,-0.1399139662583669,-0.1444112062454223,-0.135978877544403,-0.144187874038709,-0.1356400584780248,0.002167148838157,0.3930964661704899,196.1165365958673,30,True,"same IPCW binomial learner, competing death as censoring versus as an event",True,
cv,logistic - logistic_cr,logistic,logistic_cr,secondary,True,15.0,frac_above_0.02,-0.1056329111258188,-0.1098474860191345,-0.1019740104675293,-0.1097165426700546,-0.1015492795815831,0.0020581543114922,0.5583127381359105,99.37993053645286,30,True,"same IPCW binomial learner, competing death as censoring versus as an event",True,
cv,logistic - logistic_cr,logistic,logistic_cr,secondary,True,15.0,frac_above_0.03,-0.0597922543684641,-0.0627121329307556,-0.057066261768341,-0.0626582480575466,-0.0569262606793816,0.0014518275326845,0.4237878847592847,169.48950758882168,30,True,"same IPCW binomial learner, competing death as censoring versus as an event",True,
cv,logistic - logistic_cr,logistic,logistic_cr,secondary,True,15.0,frac_above_0.05,0.0014731665452321,-0.0003888607025146,0.0032724753022193,-0.0003984459549199,0.0033447790453842,0.0009512641921361,0.3075539144447879,315.9710237847445,30,False,"same IPCW binomial learner, competing death as censoring versus as an event",True,
cv,logistic - logistic_cr,logistic,logistic_cr,secondary,True,15.0,frac_above_0.075,0.0480612019697825,0.0458069145679473,0.0503592491149902,0.0457697747358356,0.0503526292037293,0.0011660430996737,0.2534363228855531,460.3232210677684,30,True,"same IPCW binomial learner, competing death as censoring versus as an event",True,
cv,logistic - logistic_cr,logistic,logistic_cr,secondary,True,15.0,frac_above_0.2,0.1585002665718396,0.1551195595413446,0.1621183756738901,0.1549866288352691,0.1620139043084102,0.001792276821526,0.0708779046318122,5064.528360454461,30,True,"same IPCW binomial learner, competing death as censoring versus as an event",True,
cv,logistic - logistic_cr,logistic,logistic_cr,secondary,True,15.0,nb_all_at_0.01,0.0,0.0,0.0,0.0,0.0,0.0,4.860149189361204e-05,41148.00014579739,30,False,"same IPCW binomial learner, competing death as censoring versus as an event",True,
cv,logistic - logistic_cr,logistic,logistic_cr,secondary,True,15.0,nb_all_at_0.02,0.0,0.0,0.0,0.0,0.0,0.0,4.860149189361204e-05,41148.00014579739,30,False,"same IPCW binomial learner, competing death as censoring versus as an event",True,
cv,logistic - logistic_cr,logistic,logistic_cr,secondary,True,15.0,nb_all_at_0.03,0.0,0.0,0.0,0.0,0.0,0.0,4.860149189361204e-05,41148.00014579739,30,False,"same IPCW binomial learner, competing death as censoring versus as an event",True,
cv,logistic - logistic_cr,logistic,logistic_cr,secondary,True,15.0,nb_all_at_0.05,0.0,0.0,0.0,0.0,0.0,0.0,4.860149189361204e-05,41148.00014579739,30,False,"same IPCW binomial learner, competing death as censoring versus as an event",True,
cv,logistic - logistic_cr,logistic,logistic_cr,secondary,True,15.0,nb_all_at_0.075,0.0,0.0,0.0,0.0,0.0,0.0,4.860149189361204e-05,41148.00014579739,30,False,"same IPCW binomial learner, competing death as censoring versus as an event",True,
cv,logistic - logistic_cr,logistic,logistic_cr,secondary,True,15.0,nb_all_at_0.2,0.0,0.0,0.0,0.0,0.0,0.0,4.860149189361204e-05,41148.00014579739,30,False,"same IPCW binomial learner, competing death as censoring versus as an event",True,
cv,logistic - logistic_cr,logistic,logistic_cr,secondary,True,15.0,log_eo_ratio,0.5990355129713587,0.5944949597120285,0.6035629659891129,0.5944092399098676,0.6036617860328498,0.0023432559794908,0.4273638728588242,166.7489441661019,30,True,"same IPCW binomial learner, competing death as censoring versus as an event",True,
cv,cox_naive - fine_gray,cox_naive,fine_gray,secondary,False,5.0,mean_pred,0.0009164780378341,0.0008478429168462,0.0009837797842919,0.0008486469319201,0.0009843091437482,3.46050398581286e-05,0.0395675797013597,12681.320145383372,30,True,differs in the target of estimation as well as in the handling of competing risk,True,
cv,cox_naive - fine_gray,cox_naive,fine_gray,secondary,False,5.0,obs_cif,0.0,0.0,0.0,0.0,0.0,0.0,4.860149189361204e-05,41148.00014579739,30,False,differs in the target of estimation as well as in the handling of competing risk,True,
cv,cox_naive - fine_gray,cox_naive,fine_gray,secondary,False,5.0,eo,0.0577823917071024,0.0524559438228607,0.0639804691076278,0.0521198645258233,0.0634449188883815,0.0028889497008413,0.0225635833314937,23648.63556835968,30,True,differs in the target of estimation as well as in the handling of competing risk,True,
cv,cox_naive - fine_gray,cox_naive,fine_gray,secondary,False,5.0,calib_intercept,-0.1869499176740646,-0.206494627892971,-0.1689277853816747,-0.2055311217295861,-0.168368713618543,0.0094755722104109,0.1074336353203174,2386.4960723681625,30,True,differs in the target of estimation as well as in the handling of competing risk,True,
cv,cox_naive - fine_gray,cox_naive,fine_gray,secondary,False,5.0,calib_slope,-0.1400677998860677,-0.1675138682126999,-0.1197297722101211,-0.163900019832947,-0.1162355799391884,0.0121564758815527,0.0727819866476965,4835.768778570861,30,True,differs in the target of estimation as well as in the handling of competing risk,True,
cv,cox_naive - fine_gray,cox_naive,fine_gray,secondary,False,5.0,ici,0.0004425058529401,-0.0010417495970614,0.0013679402240086,-0.0008394399538471,0.0017244516597274,0.0006540417075324,0.0133166345594854,32586.37477713994,30,False,differs in the target of estimation as well as in the handling of competing risk,True,
cv,cox_naive - fine_gray,cox_naive,fine_gray,secondary,False,5.0,e50,-0.0005876784717353,-0.0010934770776657,9.880358411464712e-05,-0.0011649908048064,-1.0366138664248854e-05,0.0002945346354307,0.0271285880095121,19932.94059921172,30,False,differs in the target of estimation as well as in the handling of competing risk,True,
cv,cox_naive - fine_gray,cox_naive,fine_gray,secondary,False,5.0,e90,-0.0005370270848895,-0.0030281339364591,0.0034889209666289,-0.0035691061246404,0.0024950519548614,0.0015469537767803,0.0110082039044495,34834.99354220285,30,False,differs in the target of estimation as well as in the handling of competing risk,True,
cv,cox_naive - fine_gray,cox_naive,fine_gray,secondary,False,5.0,obs_concordant,0.0003157760947942,0.0002804042072966,0.000350953778252,0.0002808414929035,0.0003507106966849,1.7823579702808287e-05,4.860149189361204e-05,41148.00014579739,30,True,differs in the target of estimation as well as in the handling of competing risk,True,
cv,cox_naive - fine_gray,cox_naive,fine_gray,secondary,False,5.0,eo_concordant,0.0369810779889424,0.0325237989425659,0.042012819647789,0.0323010412187348,0.0416611147591501,0.0023876486153381,0.03125527242602,17088.83154774812,30,True,differs in the target of estimation as well as in the handling of competing risk,True,
cv,cox_naive - fine_gray,cox_naive,fine_gray,secondary,False,5.0,calib_intercept_concordant,-0.1546854605277379,-0.1734779071062803,-0.137231508269906,-0.1726107306196792,-0.1367601904357966,0.0091408748010852,0.1098996440401949,2287.466127051413,30,True,differs in the target of estimation as well as in the handling of competing risk,True,
cv,cox_naive - fine_gray,cox_naive,fine_gray,secondary,False,5.0,calib_slope_concordant,-0.1347601890563964,-0.162631008028984,-0.1141671359539032,-0.1589966647223079,-0.110523713390485,0.0123626748823207,0.0728637215869054,4826.284026802315,30,True,differs in the target of estimation as well as in the handling of competing risk,True,
cv,cox_naive - fine_gray,cox_naive,fine_gray,secondary,False,5.0,ici_concordant,0.0004931039526127,-0.000936379416089,0.0012804971309378,-0.0006864477764362,0.0016726556816617,0.000601799171157,0.0155385523586086,30358.45201146405,30,False,differs in the target of estimation as well as in the handling of competing risk,True,
cv,cox_naive - fine_gray,cox_naive,fine_gray,secondary,False,5.0,e50_concordant,-0.0003698804066516,-0.0009289047069614,0.0002317572805623,-0.0009320568634966,0.0001922960501933,0.0002868095784728,0.0313873850761225,17005.57886552085,30,False,differs in the target of estimation as well as in the handling of competing risk,True,
cv,cox_naive - fine_gray,cox_naive,fine_gray,secondary,False,5.0,e90_concordant,0.0001776775112375,-0.0021633634751196,0.0021660072379745,-0.0019509199201001,0.0023062749425752,0.001085977730444,0.0251925667635279,21435.5708042213,30,False,differs in the target of estimation as well as in the handling of competing risk,True,
cv,cox_naive - fine_gray,cox_naive,fine_gray,secondary,False,5.0,auc,0.0021402994791666,0.0009481891989707,0.0033311858773231,0.000959160685442,0.0033214382728912,0.0006024856780802,0.07178040157366,4954.205293628067,30,True,differs in the target of estimation as well as in the handling of competing risk,True,
cv,cox_naive - fine_gray,cox_naive,fine_gray,secondary,False,5.0,cindex,0.0023866315682729,0.0009866341948509,0.0038602575659751,0.0009699621399774,0.0038033009965683,0.0007226825260761,0.0574847334847595,7213.488479707167,30,True,differs in the target of estimation as well as in the handling of competing risk,True,
cv,cox_naive - fine_gray,cox_naive,fine_gray,secondary,False,5.0,auc_marginal_ipcw,0.0019515395164489,0.000777244567871,0.003129543364048,0.000783897025232,0.0031191820076658,0.0005956204965503,0.0661514401905634,5703.962785970874,30,True,differs in the target of estimation as well as in the handling of competing risk,True,
cv,cox_naive - fine_gray,cox_naive,fine_gray,secondary,False,5.0,cindex_marginal_ipcw,0.0018671810626983,0.0007081001996994,0.0030441954731941,0.0007071671502706,0.003027194975126,0.0005917206541168,0.068714323529256,5343.787487133694,30,True,differs in the target of estimation as well as in the handling of competing risk,True,
cv,cox_naive - fine_gray,cox_naive,fine_gray,secondary,False,5.0,at_risk_fraction,0.0,0.0,0.0,0.0,0.0,0.0,4.860149189361204e-05,41148.00014579739,30,False,differs in the target of estimation as well as in the handling of competing risk,True,
cv,cox_naive - fine_gray,cox_naive,fine_gray,secondary,False,5.0,nb_at_0.01,0.0001290013703207,-3.9537018164992335e-05,0.0002623854437842,-2.543675301463732e-05,0.000283439493656,7.850257286148706e-05,0.3033433534191527,324.5554080195672,30,False,differs in the target of estimation as well as in the handling of competing risk,True,
cv,cox_naive - fine_gray,cox_naive,fine_gray,secondary,False,5.0,nb_at_0.02,7.463493384420871e-05,-7.998805958777666e-05,0.0002156959031708,-7.304042530250504e-05,0.0002223102929909,7.516231368068921e-05,0.243738394929332,496.5763519291152,30,False,differs in the target of estimation as well as in the handling of competing risk,True,
cv,cox_naive - fine_gray,cox_naive,fine_gray,secondary,False,5.0,nb_at_0.03,0.0001424169788757,-4.705247702077031e-05,0.0003554757335223,-6.027715930499345e-05,0.0003451111170565,0.0001031274697993,0.2618864596001554,431.8956087056513,30,False,differs in the target of estimation as well as in the handling of competing risk,True,
cv,cox_naive - fine_gray,cox_naive,fine_gray,secondary,False,5.0,nb_at_0.05,0.0001943356590345,-0.0001000871998257,0.0005358626833185,-0.0001244894172724,0.0005131607353415,0.0001624532422647,0.1779725293672739,913.1828350473724,30,False,differs in the target of estimation as well as in the handling of competing risk,True,
cv,cox_naive - fine_gray,cox_naive,fine_gray,secondary,False,5.0,nb_at_0.075,0.0004166929536343,2.669232781045139e-05,0.0008320323366206,1.3500949275647891e-05,0.0008198849579931,0.0002055124784768,0.1520827338865462,1235.6080439685982,30,True,differs in the target of estimation as well as in the handling of competing risk,True,
cv,cox_naive - fine_gray,cox_naive,fine_gray,secondary,False,5.0,nb_at_0.2,-7.18294855990583e-05,-0.0002922149345977,0.0001672700600465,-0.0003018685659993,0.0001582095948012,0.0001172706211802,0.1402062737193189,1443.4771370710912,30,False,differs in the target of estimation as well as in the handling of competing risk,True,
cv,cox_naive - fine_gray,cox_naive,fine_gray,secondary,False,5.0,frac_above_0.01,-0.0321104675531387,-0.0338914394378662,-0.0304488241672515,-0.0338348149739071,-0.0303861201323703,0.000877608246516,0.2456446723348366,489.1175308078832,30,True,differs in the target of estimation as well as in the handling of competing risk,True,
cv,cox_naive - fine_gray,cox_naive,fine_gray,secondary,False,5.0,frac_above_0.02,-0.0091165592273076,-0.0102549195289611,-0.0079949498176574,-0.0102622104866434,-0.0079709079679718,0.0005814008651551,0.3651550347367165,226.31517363103856,30,True,differs in the target of estimation as well as in the handling of competing risk,True,
cv,cox_naive - fine_gray,cox_naive,fine_gray,secondary,False,5.0,frac_above_0.03,0.0051768700281778,0.0041797306388616,0.0061399787664413,0.0041878695135484,0.0061658705428073,0.0005022863340327,0.3374674655197774,263.79749567180943,30,True,differs in the target of estimation as well as in the handling of competing risk,True,
cv,cox_naive - fine_gray,cox_naive,fine_gray,secondary,False,5.0,frac_above_0.05,0.0163484628001848,0.0152041688561439,0.0175613388419151,0.015167900446192,0.0175290251541777,0.0006015680095772,0.1747612168085821,945.8261366008076,30,True,differs in the target of estimation as well as in the handling of competing risk,True,
cv,cox_naive - fine_gray,cox_naive,fine_gray,secondary,False,5.0,frac_above_0.075,0.015512246141831,0.0143293384462594,0.0167756155133247,0.0142935572880547,0.0167309349956074,0.0006207705866453,0.1988188940094687,737.1904748420042,30,True,differs in the target of estimation as well as in the handling of competing risk,True,
cv,cox_naive - fine_gray,cox_naive,fine_gray,secondary,False,5.0,frac_above_0.2,0.0021570962388068,0.001701052300632,0.0026325806975364,0.0016888045225195,0.0026253879550941,0.0002384311323965,0.2247746822165687,581.146753173176,30,True,differs in the target of estimation as well as in the handling of competing risk,True,
cv,cox_naive - fine_gray,cox_naive,fine_gray,secondary,False,5.0,nb_all_at_0.01,0.0,0.0,0.0,0.0,0.0,0.0,4.860149189361204e-05,41148.00014579739,30,False,differs in the target of estimation as well as in the handling of competing risk,True,
cv,cox_naive - fine_gray,cox_naive,fine_gray,secondary,False,5.0,nb_all_at_0.02,0.0,0.0,0.0,0.0,0.0,0.0,4.860149189361204e-05,41148.00014579739,30,False,differs in the target of estimation as well as in the handling of competing risk,True,
cv,cox_naive - fine_gray,cox_naive,fine_gray,secondary,False,5.0,nb_all_at_0.03,0.0,0.0,0.0,0.0,0.0,0.0,4.860149189361204e-05,41148.00014579739,30,False,differs in the target of estimation as well as in the handling of competing risk,True,
cv,cox_naive - fine_gray,cox_naive,fine_gray,secondary,False,5.0,nb_all_at_0.05,0.0,0.0,0.0,0.0,0.0,0.0,4.860149189361204e-05,41148.00014579739,30,False,differs in the target of estimation as well as in the handling of competing risk,True,
cv,cox_naive - fine_gray,cox_naive,fine_gray,secondary,False,5.0,nb_all_at_0.075,0.0,0.0,0.0,0.0,0.0,0.0,4.860149189361204e-05,41148.00014579739,30,False,differs in the target of estimation as well as in the handling of competing risk,True,
cv,cox_naive - fine_gray,cox_naive,fine_gray,secondary,False,5.0,nb_all_at_0.2,0.0,0.0,0.0,0.0,0.0,0.0,4.860149189361204e-05,41148.00014579739,30,False,differs in the target of estimation as well as in the handling of competing risk,True,
cv,cox_naive - fine_gray,cox_naive,fine_gray,secondary,False,5.0,log_eo_ratio,0.0557499713021694,0.0522198374383151,0.0590993792749941,0.0523061523219423,0.0591937902823965,0.0017568364738063,0.0513783106886911,8634.15610234593,30,True,differs in the target of estimation as well as in the handling of competing risk,True,
cv,cox_naive - fine_gray,cox_naive,fine_gray,secondary,False,10.0,mean_pred,0.0055150916179021,0.0053292038850486,0.0057018142193555,0.0053279069103128,0.0057022763254913,9.545526987490273e-05,0.1079677388121371,2364.5173675252795,30,True,differs in the target of estimation as well as in the handling of competing risk,True,
cv,cox_naive - fine_gray,cox_naive,fine_gray,secondary,False,10.0,obs_cif,0.0,0.0,0.0,0.0,0.0,0.0,4.860149189361204e-05,41148.00014579739,30,False,differs in the target of estimation as well as in the handling of competing risk,True,
cv,cox_naive - fine_gray,cox_naive,fine_gray,secondary,False,10.0,eo,0.1499366402626037,0.1408708661794662,0.1590456187725067,0.1406826660584347,0.1591906144667727,0.004721152196044,0.0324895166913234,16329.068472998288,30,True,differs in the target of estimation as well as in the handling of competing risk,True,
cv,cox_naive - fine_gray,cox_naive,fine_gray,secondary,False,10.0,calib_intercept,-0.284331206480662,-0.2977142214775085,-0.2716253250837326,-0.2974943721327174,-0.2711680408286066,0.0067102476785863,0.1420893089568437,1407.187048539241,30,True,differs in the target of estimation as well as in the handling of competing risk,True,
cv,cox_naive - fine_gray,cox_naive,fine_gray,secondary,False,10.0,calib_slope,-0.14309850136439,-0.158712363243103,-0.1300148174166679,-0.157313834804152,-0.1288831679246281,0.0072517700287458,0.053518331290963,8095.42858186391,30,True,differs in the target of estimation as well as in the handling of competing risk,True,
cv,cox_naive - fine_gray,cox_naive,fine_gray,secondary,False,10.0,ici,0.0024993328222384,0.000440365448594,0.0042262541130185,0.0005847494664296,0.0044139161780471,0.0009768150664963,0.0073658711969103,37985.54097014182,30,True,differs in the target of estimation as well as in the handling of competing risk,True,
cv,cox_naive - fine_gray,cox_naive,fine_gray,secondary,False,10.0,e50,-0.0014674617598454,-0.0025230529950931,-0.0006707935972372,-0.0024004338171332,-0.0005344897025575,0.0004759973087574,0.0131472017201938,32754.840445114496,30,True,differs in the target of estimation as well as in the handling of competing risk,True,
cv,cox_naive - fine_gray,cox_naive,fine_gray,secondary,False,10.0,e90,0.0011867977057894,-0.0063265089178457,0.0125863310648128,-0.009282367848406,0.0116559632599848,0.0053412730591354,0.0185382626142342,27384.413014548245,30,False,differs in the target of estimation as well as in the handling of competing risk,True,
cv,cox_naive - fine_gray,cox_naive,fine_gray,secondary,False,10.0,obs_concordant,0.0018207095563411,0.0016697029583156,0.0019799681380391,0.0016671128413198,0.0019743062713624,7.836480578296227e-05,4.860149189361204e-05,41148.00014579739,30,True,differs in the target of estimation as well as in the handling of competing risk,True,
cv,cox_naive - fine_gray,cox_naive,fine_gray,secondary,False,10.0,eo_concordant,0.0953838586807251,0.0885950431227684,0.102627819776535,0.0883940605730609,0.1023736567883892,0.0035658160516569,0.0495796557762719,9125.715861030269,30,True,differs in the target of estimation as well as in the handling of competing risk,True,
cv,cox_naive - fine_gray,cox_naive,fine_gray,secondary,False,10.0,calib_intercept_concordant,-0.1988297825058301,-0.2112403992563486,-0.1869721140712499,-0.2109245394601647,-0.1867350255514955,0.0061653605792776,0.1454092943090702,1346.4386175164775,30,True,differs in the target of estimation as well as in the handling of competing risk,True,
cv,cox_naive - fine_gray,cox_naive,fine_gray,secondary,False,10.0,calib_slope_concordant,-0.1275519112745921,-0.1442677170038223,-0.1136232241988182,-0.1428089157010122,-0.1122949068481719,0.0077833865211977,0.0466937963594839,9997.201342518914,30,True,differs in the target of estimation as well as in the handling of competing risk,True,
cv,cox_naive - fine_gray,cox_naive,fine_gray,secondary,False,10.0,ici_concordant,0.0023692375825097,0.0006254934938624,0.0036502650822512,0.0008511107194348,0.0038873644455846,0.0007745427956948,0.0096166612039649,36114.803949882094,30,True,differs in the target of estimation as well as in the handling of competing risk,True,
cv,cox_naive - fine_gray,cox_naive,fine_gray,secondary,False,10.0,e50_concordant,-0.0003152094470957,-0.0013021126855164,0.0005230480688624,-0.0012253614942791,0.0005949426000875,0.0004643540994726,0.0141895128380931,31713.802809869536,30,False,differs in the target of estimation as well as in the handling of competing risk,True,
cv,cox_naive - fine_gray,cox_naive,fine_gray,secondary,False,10.0,e90_concordant,0.0002054838153223,-0.0019982484867796,0.0042489758343435,-0.0025782647202521,0.0029892323508968,0.0014202623628066,0.0052527028265821,39427.94092537822,30,False,differs in the target of estimation as well as in the handling of competing risk,True,
cv,cox_naive - fine_gray,cox_naive,fine_gray,secondary,False,10.0,auc,0.0008314907550811,3.63573431968689e-05,0.0016691103577613,3.089858900448984e-06,0.0016598916512619,0.0004225865125791,0.0593656341274548,6841.734264812048,30,True,differs in the target of estimation as well as in the handling of competing risk,True,
cv,cox_naive - fine_gray,cox_naive,fine_gray,secondary,False,10.0,cindex,0.0012058079242706,0.0002882987260818,0.0022149249911308,0.0002412999182044,0.0021703159303367,0.0004920298413767,0.0542208379537011,7928.701806679111,30,True,differs in the target of estimation as well as in the handling of competing risk,True,
cv,cox_naive - fine_gray,cox_naive,fine_gray,secondary,False,10.0,auc_marginal_ipcw,0.0007381896177927,-3.9225816726684565e-05,0.0015523493289947,-6.190582372116735e-05,0.0015382850593066,0.0004081602378638,0.0525116781785916,8342.896609756186,30,False,differs in the target of estimation as well as in the handling of competing risk,True,
cv,cox_naive - fine_gray,cox_naive,fine_gray,secondary,False,10.0,cindex_marginal_ipcw,0.0003900369008382,-0.0003542944788932,0.0011808291077613,-0.0003865240870068,0.0011665978886833,0.0003961560116529,0.0515625086106252,8585.879006724372,30,False,differs in the target of estimation as well as in the handling of competing risk,True,
cv,cox_naive - fine_gray,cox_naive,fine_gray,secondary,False,10.0,at_risk_fraction,0.0,0.0,0.0,0.0,0.0,0.0,4.860149189361204e-05,41148.00014579739,30,False,differs in the target of estimation as well as in the handling of competing risk,True,
cv,cox_naive - fine_gray,cox_naive,fine_gray,secondary,False,10.0,nb_at_0.01,4.909752557675044e-05,-0.0001757561229169,0.0002539006061851,-0.0001678029119734,0.0002659979631269,0.0001104963448601,0.1916188818294348,791.7266377946936,30,False,differs in the target of estimation as well as in the handling of competing risk,True,
cv,cox_naive - fine_gray,cox_naive,fine_gray,secondary,False,10.0,nb_at_0.02,5.186231185992559e-05,-0.0001695816870778,0.0002261591143906,-0.0001498596961693,0.0002535843198891,0.0001025620073385,0.2932154556448809,346.710169796072,30,False,differs in the target of estimation as well as in the handling of competing risk,True,
cv,cox_naive - fine_gray,cox_naive,fine_gray,secondary,False,10.0,nb_at_0.03,0.0001238962635397,-6.559872999787331e-05,0.0003112694714218,-6.843551087956046e-05,0.0003162280379591,9.786779096468424e-05,0.255680730537337,452.50301648033496,30,False,differs in the target of estimation as well as in the handling of competing risk,True,
cv,cox_naive - fine_gray,cox_naive,fine_gray,secondary,False,10.0,nb_at_0.05,3.888451804717382e-05,-0.0002825960284098,0.0003964516799896,-0.000307690475513,0.0003854595116073,0.0001758727724348,0.366909955709286,224.21672275560783,30,False,differs in the target of estimation as well as in the handling of competing risk,True,
cv,cox_naive - fine_gray,cox_naive,fine_gray,secondary,False,10.0,nb_at_0.075,0.0002112895560761,-0.0002606835216283,0.0007376589812338,-0.0002867519334759,0.0007093310456282,0.0002539723905656,0.1101725770841522,2276.8805720325727,30,False,differs in the target of estimation as well as in the handling of competing risk,True,
cv,cox_naive - fine_gray,cox_naive,fine_gray,secondary,False,10.0,nb_at_0.2,0.000217733879496,-0.0005697165237506,0.0009952016844181,-0.0005726731641492,0.0010081409231413,0.0004028777760394,0.1527848846088276,1224.7462144299832,30,False,differs in the target of estimation as well as in the handling of competing risk,True,
cv,cox_naive - fine_gray,cox_naive,fine_gray,secondary,False,10.0,frac_above_0.01,-0.0395062685012817,-0.0415461659431457,-0.0375932455062866,-0.0415255372344958,-0.0374869997680675,0.001025355407231,0.3438749059245605,254.326659404212,30,True,differs in the target of estimation as well as in the handling of competing risk,True,
cv,cox_naive - fine_gray,cox_naive,fine_gray,secondary,False,10.0,frac_above_0.02,-0.0160163551568984,-0.0173021554946899,-0.0147343277931213,-0.0173261135910807,-0.0147065967227162,0.0006658098831172,0.3004841824459966,330.5876276035803,30,True,differs in the target of estimation as well as in the handling of competing risk,True,
cv,cox_naive - fine_gray,cox_naive,fine_gray,secondary,False,10.0,frac_above_0.03,-0.0034957955280939,-0.0045199394226074,-0.0024705827236175,-0.0045339782498498,-0.0024576128063381,0.0005273024568496,0.3347550841390997,267.9686093416553,30,True,differs in the target of estimation as well as in the handling of competing risk,True,
cv,cox_naive - fine_gray,cox_naive,fine_gray,secondary,False,10.0,frac_above_0.05,0.0132174476981163,0.0120369791984558,0.0144427567720413,0.0120036270244766,0.0144312683717559,0.0006173147839188,0.2811931575647049,376.1157515770563,30,True,differs in the target of estimation as well as in the handling of competing risk,True,
cv,cox_naive - fine_gray,cox_naive,fine_gray,secondary,False,10.0,frac_above_0.075,0.0254453102747599,0.0240739285945892,0.0268685221672058,0.0240453373404369,0.0268452832090829,0.0007138362689524,0.1204222020811725,1926.493551854816,30,True,differs in the target of estimation as well as in the handling of competing risk,True,
cv,cox_naive - fine_gray,cox_naive,fine_gray,secondary,False,10.0,frac_above_0.2,0.0202770827338099,0.0189059805124998,0.021668165968731,0.0188688777517847,0.0216852877158351,0.0007173314927932,0.196544287291678,753.7927197423352,30,True,differs in the target of estimation as well as in the handling of competing risk,True,
cv,cox_naive - fine_gray,cox_naive,fine_gray,secondary,False,10.0,nb_all_at_0.01,0.0,0.0,0.0,0.0,0.0,0.0,4.860149189361204e-05,41148.00014579739,30,False,differs in the target of estimation as well as in the handling of competing risk,True,
cv,cox_naive - fine_gray,cox_naive,fine_gray,secondary,False,10.0,nb_all_at_0.02,0.0,0.0,0.0,0.0,0.0,0.0,4.860149189361204e-05,41148.00014579739,30,False,differs in the target of estimation as well as in the handling of competing risk,True,
cv,cox_naive - fine_gray,cox_naive,fine_gray,secondary,False,10.0,nb_all_at_0.03,0.0,0.0,0.0,0.0,0.0,0.0,4.860149189361204e-05,41148.00014579739,30,False,differs in the target of estimation as well as in the handling of competing risk,True,
cv,cox_naive - fine_gray,cox_naive,fine_gray,secondary,False,10.0,nb_all_at_0.05,0.0,0.0,0.0,0.0,0.0,0.0,4.860149189361204e-05,41148.00014579739,30,False,differs in the target of estimation as well as in the handling of competing risk,True,
cv,cox_naive - fine_gray,cox_naive,fine_gray,secondary,False,10.0,nb_all_at_0.075,0.0,0.0,0.0,0.0,0.0,0.0,4.860149189361204e-05,41148.00014579739,30,False,differs in the target of estimation as well as in the handling of competing risk,True,
cv,cox_naive - fine_gray,cox_naive,fine_gray,secondary,False,10.0,nb_all_at_0.2,0.0,0.0,0.0,0.0,0.0,0.0,4.860149189361204e-05,41148.00014579739,30,False,differs in the target of estimation as well as in the handling of competing risk,True,
cv,cox_naive - fine_gray,cox_naive,fine_gray,secondary,False,10.0,log_eo_ratio,0.1388361593054836,0.1358136001974344,0.1418472807854414,0.1357995752719333,0.141872743339034,0.0015467034471728,0.2011843373856263,720.5017665029899,30,True,differs in the target of estimation as well as in the handling of competing risk,True,
cv,cox_naive - fine_gray,cox_naive,fine_gray,secondary,False,15.0,mean_pred,0.0191042097906271,0.0186928043141961,0.0195365415886044,0.0186778567211535,0.0195305628601007,0.0002170825921613,0.2236063506058703,587.0533624188091,30,True,differs in the target of estimation as well as in the handling of competing risk,True,
cv,cox_naive - fine_gray,cox_naive,fine_gray,secondary,False,15.0,obs_cif,0.0,0.0,0.0,0.0,0.0,0.0,4.860149189361204e-05,41148.00014579739,30,False,differs in the target of estimation as well as in the handling of competing risk,True,
cv,cox_naive - fine_gray,cox_naive,fine_gray,secondary,False,15.0,eo,0.2976577997207641,0.2826416507363319,0.3140812009572982,0.2818406163431258,0.3134749830984025,0.0080693886865011,0.0388435799123075,13004.250330972822,30,True,differs in the target of estimation as well as in the handling of competing risk,True,
cv,cox_naive - fine_gray,cox_naive,fine_gray,secondary,False,15.0,calib_intercept,-0.4289137423038482,-0.4423555582761764,-0.4163081705570221,-0.4419771342040314,-0.4158503504036651,0.0066494192687166,0.2394863330993869,513.8450661320629,30,True,differs in the target of estimation as well as in the handling of competing risk,True,
cv,cox_naive - fine_gray,cox_naive,fine_gray,secondary,False,15.0,calib_slope,-0.1429902215798696,-0.1562214821577072,-0.1313130125403404,-0.1553619399589339,-0.1306185032008052,0.0063113528254439,0.050612846428736,8838.815165453747,30,True,differs in the target of estimation as well as in the handling of competing risk,True,
cv,cox_naive - fine_gray,cox_naive,fine_gray,secondary,False,15.0,ici,0.0095768697870274,0.0061727223685011,0.0137601079884916,0.0057539584860933,0.0133997810879615,0.0019504290030159,0.0130147828654804,32886.23745591351,30,True,differs in the target of estimation as well as in the handling of competing risk,True,
cv,cox_naive - fine_gray,cox_naive,fine_gray,secondary,False,15.0,e50,-0.0017078317701816,-0.0040816261898726,0.0013948845095001,-0.0045390241453543,0.001123360604991,0.0014444395822554,0.0221724346489227,23994.298893663046,30,False,differs in the target of estimation as well as in the handling of competing risk,True,
cv,cox_naive - fine_gray,cox_naive,fine_gray,secondary,False,15.0,e90,0.0255630053579807,0.0014154049567878,0.0462692374363541,0.0028570559492863,0.048268954766675,0.0115843803749119,0.0178955875595944,28012.15100837933,30,True,differs in the target of estimation as well as in the handling of competing risk,True,
cv,cox_naive - fine_gray,cox_naive,fine_gray,secondary,False,15.0,obs_concordant,0.005816675722599,0.0053884993307292,0.0062777185812592,0.0053625457139491,0.0062708057312489,0.0002316964260799,4.860149189361204e-05,41148.00014579739,30,True,differs in the target of estimation as well as in the handling of competing risk,True,
cv,cox_naive - fine_gray,cox_naive,fine_gray,secondary,False,15.0,eo_concordant,0.1892541011174519,0.1776738673448562,0.2015107780694961,0.1772583727730913,0.2012498294618126,0.0061194985549226,0.0523446667830302,8384.958797172967,30,True,differs in the target of estimation as well as in the handling of competing risk,True,
cv,cox_naive - fine_gray,cox_naive,fine_gray,secondary,False,15.0,calib_intercept_concordant,-0.2574014236529668,-0.2715513095259666,-0.2434760704636573,-0.2715440337378494,-0.2432588135680841,0.0072079842436607,0.1597275694434519,1124.6229681370185,30,True,differs in the target of estimation as well as in the handling of competing risk,True,
cv,cox_naive - fine_gray,cox_naive,fine_gray,secondary,False,15.0,calib_slope_concordant,-0.1061103085676829,-0.1200768008828163,-0.0941355735063552,-0.1188812012834543,-0.0933394158519114,0.0065151834671349,0.042953460366731,11301.196605481122,30,True,differs in the target of estimation as well as in the handling of competing risk,True,
cv,cox_naive - fine_gray,cox_naive,fine_gray,secondary,False,15.0,ici_concordant,0.0072685828121999,0.0049509902019053,0.0098167407093569,0.0048545066713005,0.0096826589530994,0.0012316393201777,0.0187305950434222,27197.915454927155,30,True,differs in the target of estimation as well as in the handling of competing risk,True,
cv,cox_naive - fine_gray,cox_naive,fine_gray,secondary,False,15.0,e50_concordant,0.0008789291294912,-0.0007028224878013,0.0026178123429417,-0.0007467982193037,0.0025046564782862,0.000829410355629,0.0307287848794646,17425.27604572578,30,False,differs in the target of estimation as well as in the handling of competing risk,True,
cv,cox_naive - fine_gray,cox_naive,fine_gray,secondary,False,15.0,e90_concordant,0.0005455975731213,-0.0047061141580343,0.0184387675020843,-0.0114940905323201,0.0125852856785629,0.0061426256552927,0.0039204559526673,40138.779109952746,30,False,differs in the target of estimation as well as in the handling of competing risk,True,
cv,cox_naive - fine_gray,cox_naive,fine_gray,secondary,False,15.0,auc,0.0009921371936798,6.478279829025269e-05,0.0019874706864356,2.682038004698606e-05,0.0019574540073126,0.0004924621774846,0.0444593909304637,10750.473881225296,30,True,differs in the target of estimation as well as in the handling of competing risk,True,
cv,cox_naive - fine_gray,cox_naive,fine_gray,secondary,False,15.0,cindex,0.001198931535085,-0.0008929401636123,0.003309690952301,-0.0008749040041042,0.0032727670742742,0.0010580587408012,0.0139337151790215,31970.16585794699,30,False,differs in the target of estimation as well as in the handling of competing risk,True,
cv,cox_naive - fine_gray,cox_naive,fine_gray,secondary,False,15.0,auc_marginal_ipcw,0.0013992587725321,0.0007119759917259,0.0021315217018127,0.0006917854747265,0.0021067320703377,0.00036093568814,0.0324417491064711,16357.730248966633,30,True,differs in the target of estimation as well as in the handling of competing risk,True,
cv,cox_naive - fine_gray,cox_naive,fine_gray,secondary,False,15.0,cindex_marginal_ipcw,0.0002356429894765,-0.0004022121429443,0.0009088546037673,-0.0004234608750953,0.0008947468540483,0.0003362672109007,0.0213406455178965,24742.72011873772,30,False,differs in the target of estimation as well as in the handling of competing risk,True,
cv,cox_naive - fine_gray,cox_naive,fine_gray,secondary,False,15.0,at_risk_fraction,0.0,0.0,0.0,0.0,0.0,0.0,4.860149189361204e-05,41148.00014579739,30,False,differs in the target of estimation as well as in the handling of competing risk,True,
cv,cox_naive - fine_gray,cox_naive,fine_gray,secondary,False,15.0,nb_at_0.01,0.0002338801821072,3.966866061091423e-05,0.0003952051512897,5.698205558147049e-05,0.0004107783086331,9.006648805414074e-05,0.2256027318899438,577.014542517302,30,True,differs in the target of estimation as well as in the handling of competing risk,True,
cv,cox_naive - fine_gray,cox_naive,fine_gray,secondary,False,15.0,nb_at_0.02,-5.969218909740448e-05,-0.0003000798635184,0.00019336277619,-0.0003054912157074,0.0001861068375126,0.0001251726946006,0.213920790961566,639.7043563614916,30,False,differs in the target of estimation as well as in the handling of competing risk,True,
cv,cox_naive - fine_gray,cox_naive,fine_gray,secondary,False,15.0,nb_at_0.03,3.434419631958008e-05,-0.0001804954372346,0.0002898363396525,-0.0002015430306855,0.0002702314233247,0.0001201708772177,0.1905247185385646,800.5427117438937,30,False,differs in the target of estimation as well as in the handling of competing risk,True,
cv,cox_naive - fine_gray,cox_naive,fine_gray,secondary,False,15.0,nb_at_0.05,5.7219589749972025e-05,-0.0004017031751573,0.0005396546795964,-0.0004224058068764,0.0005368449863764,0.0002443694183687,0.1829039162880902,866.2512194924263,30,False,differs in the target of estimation as well as in the handling of competing risk,True,
cv,cox_naive - fine_gray,cox_naive,fine_gray,secondary,False,15.0,nb_at_0.075,0.0003868984058499,-0.000325229903683,0.0011587237473577,-0.0003608074543004,0.0011346042660003,0.0003812840546305,0.1109666430623034,2246.4918130857563,30,False,differs in the target of estimation as well as in the handling of competing risk,True,
cv,cox_naive - fine_gray,cox_naive,fine_gray,secondary,False,15.0,nb_at_0.2,-0.0004413449205458,-0.0020590614818502,0.0012735746568068,-0.0021024159632138,0.0012197261221221,0.000847222956477,0.0847160096324,3691.946628203337,30,False,differs in the target of estimation as well as in the handling of competing risk,True,
cv,cox_naive - fine_gray,cox_naive,fine_gray,secondary,False,15.0,frac_above_0.01,-0.0246398707230885,-0.0263339281082153,-0.0231181368231773,-0.0262889299691197,-0.0229908114770574,0.0008348881118257,0.4407982368807716,157.0331626667411,30,True,differs in the target of estimation as well as in the handling of competing risk,True,
cv,cox_naive - fine_gray,cox_naive,fine_gray,secondary,False,15.0,frac_above_0.02,-0.0017283221085866,-0.0027459859848022,-0.0007857084274291,-0.0027409696951003,-0.0007156745220729,0.0005135780464981,0.3867009507898256,202.46414955659023,30,True,differs in the target of estimation as well as in the handling of competing risk,True,
cv,cox_naive - fine_gray,cox_naive,fine_gray,secondary,False,15.0,frac_above_0.03,0.0107970873514811,0.0096879005432128,0.0119235515594482,0.0096553746793918,0.0119388000235703,0.0005790291385759,0.3870455531342622,202.114218853738,30,True,differs in the target of estimation as well as in the handling of competing risk,True,
cv,cox_naive - fine_gray,cox_naive,fine_gray,secondary,False,15.0,frac_above_0.05,0.0273909856875737,0.025945097208023,0.0288935899734497,0.0259160783026504,0.028865893072497,0.0007515539909471,0.174821091319927,945.2015938256648,30,True,differs in the target of estimation as well as in the handling of competing risk,True,
cv,cox_naive - fine_gray,cox_naive,fine_gray,secondary,False,15.0,frac_above_0.075,0.0396561165650685,0.0378767549991607,0.0413598716259002,0.0378956393240237,0.0414165938061133,0.0008977986952955,0.1029069717338562,2585.5083018621053,30,True,differs in the target of estimation as well as in the handling of competing risk,True,
cv,cox_naive - fine_gray,cox_naive,fine_gray,secondary,False,15.0,frac_above_0.2,0.0569296273092428,0.0546604841947555,0.0592695251107215,0.0546071423825159,0.0592521122359697,0.0011840845277075,0.1314294769430981,1632.5115494780498,30,True,differs in the target of estimation as well as in the handling of competing risk,True,
cv,cox_naive - fine_gray,cox_naive,fine_gray,secondary,False,15.0,nb_all_at_0.01,0.0,0.0,0.0,0.0,0.0,0.0,4.860149189361204e-05,41148.00014579739,30,False,differs in the target of estimation as well as in the handling of competing risk,True,
cv,cox_naive - fine_gray,cox_naive,fine_gray,secondary,False,15.0,nb_all_at_0.02,0.0,0.0,0.0,0.0,0.0,0.0,4.860149189361204e-05,41148.00014579739,30,False,differs in the target of estimation as well as in the handling of competing risk,True,
cv,cox_naive - fine_gray,cox_naive,fine_gray,secondary,False,15.0,nb_all_at_0.03,0.0,0.0,0.0,0.0,0.0,0.0,4.860149189361204e-05,41148.00014579739,30,False,differs in the target of estimation as well as in the handling of competing risk,True,
cv,cox_naive - fine_gray,cox_naive,fine_gray,secondary,False,15.0,nb_all_at_0.05,0.0,0.0,0.0,0.0,0.0,0.0,4.860149189361204e-05,41148.00014579739,30,False,differs in the target of estimation as well as in the handling of competing risk,True,
cv,cox_naive - fine_gray,cox_naive,fine_gray,secondary,False,15.0,nb_all_at_0.075,0.0,0.0,0.0,0.0,0.0,0.0,4.860149189361204e-05,41148.00014579739,30,False,differs in the target of estimation as well as in the handling of competing risk,True,
cv,cox_naive - fine_gray,cox_naive,fine_gray,secondary,False,15.0,nb_all_at_0.2,0.0,0.0,0.0,0.0,0.0,0.0,4.860149189361204e-05,41148.00014579739,30,False,differs in the target of estimation as well as in the handling of competing risk,True,
cv,cox_naive - fine_gray,cox_naive,fine_gray,secondary,False,15.0,log_eo_ratio,0.2589908107455387,0.256442179530859,0.2623040772974491,0.2561187079111763,0.2618629135799011,0.0014474541366905,0.559744817376583,98.88922732624778,30,True,differs in the target of estimation as well as in the handling of competing risk,True,
cv,gbs_naive - deephit,gbs_naive,deephit,not_matched,False,5.0,mean_pred,-6.899312138557434e-05,-0.0004417383112013,0.0002603332046419,-0.000402125049444,0.0002641388066728,0.0001649789499786,0.8816229851260711,41.20290132765624,30,False,NOT a learner-matched pair: gradient-boosted Cox against a deep ranking model. They share no learner. Reported to show that the pairing structure carries the result.,True,
cv,gbs_naive - deephit,gbs_naive,deephit,not_matched,False,5.0,obs_cif,0.0,0.0,0.0,0.0,0.0,0.0,4.860149189361204e-05,41148.00014579739,30,False,NOT a learner-matched pair: gradient-boosted Cox against a deep ranking model. They share no learner. Reported to show that the pairing structure carries the result.,True,
cv,gbs_naive - deephit,gbs_naive,deephit,not_matched,False,5.0,eo,-0.0043498754501342,-0.027717500925064,0.0164322063326835,-0.0253713314788138,0.0166715805785452,0.0104118212579285,0.8798251307379839,41.365673634205066,30,False,NOT a learner-matched pair: gradient-boosted Cox against a deep ranking model. They share no learner. Reported to show that the pairing structure carries the result.,True,
cv,gbs_naive - deephit,gbs_naive,deephit,not_matched,False,5.0,calib_intercept,-0.1915259778499603,-0.2487161092460155,-0.1376165308058262,-0.2475890787697987,-0.135462876930122,0.0285229558325529,0.2636208221271683,426.3895557143823,30,True,NOT a learner-matched pair: gradient-boosted Cox against a deep ranking model. They share no learner. Reported to show that the pairing structure carries the result.,True,
cv,gbs_naive - deephit,gbs_naive,deephit,not_matched,False,5.0,calib_slope,-0.2843069394429525,-0.3895357519388199,-0.194118170440197,-0.3824783428704463,-0.1861355360154586,0.0500725491147324,0.0829858669442135,3831.682012872135,30,True,NOT a learner-matched pair: gradient-boosted Cox against a deep ranking model. They share no learner. Reported to show that the pairing structure carries the result.,True,
cv,gbs_naive - deephit,gbs_naive,deephit,not_matched,False,5.0,ici,0.0012051310390233,-0.0006799891096306,0.003093053237535,-0.0007231912311234,0.0031334533091702,0.0009834138280157,0.1006644027930905,2693.2780590389025,30,False,NOT a learner-matched pair: gradient-boosted Cox against a deep ranking model. They share no learner. Reported to show that the pairing structure carries the result.,True,
cv,gbs_naive - deephit,gbs_naive,deephit,not_matched,False,5.0,e50,0.0001236686327805,-0.0008978275916888,0.0015582955849822,-0.0010910739259049,0.0013384111914659,0.000619380175027,0.1217981970105818,1885.625451386957,30,False,NOT a learner-matched pair: gradient-boosted Cox against a deep ranking model. They share no learner. Reported to show that the pairing structure carries the result.,True,
cv,gbs_naive - deephit,gbs_naive,deephit,not_matched,False,5.0,e90,-0.0007801562702904,-0.0032409739797003,0.0048987862188369,-0.0049060790780234,0.0033457665374425,0.0021045546943428,0.0743259285335796,4661.035761436531,30,False,NOT a learner-matched pair: gradient-boosted Cox against a deep ranking model. They share no learner. Reported to show that the pairing structure carries the result.,True,
cv,gbs_naive - deephit,gbs_naive,deephit,not_matched,False,5.0,obs_concordant,0.0003157760947942,0.0002804042072966,0.000350953778252,0.0002808414929035,0.0003507106966849,1.7823579702808287e-05,4.860149189361204e-05,41148.00014579739,30,True,NOT a learner-matched pair: gradient-boosted Cox against a deep ranking model. They share no learner. Reported to show that the pairing structure carries the result.,True,
cv,gbs_naive - deephit,gbs_naive,deephit,not_matched,False,5.0,eo_concordant,-0.0254751443862915,-0.0485984712839126,-0.0046536296606063,-0.0465547655868298,-0.0043955231857531,0.0104460674430643,0.8719055526217185,42.09411986540256,30,True,NOT a learner-matched pair: gradient-boosted Cox against a deep ranking model. They share no learner. Reported to show that the pairing structure carries the result.,True,
cv,gbs_naive - deephit,gbs_naive,deephit,not_matched,False,5.0,calib_intercept_concordant,-0.1584565793474515,-0.2144835155457258,-0.1052705675363541,-0.2136515551122097,-0.1032616035826932,0.0280795617610101,0.2665276202086243,417.3963897083021,30,True,NOT a learner-matched pair: gradient-boosted Cox against a deep ranking model. They share no learner. Reported to show that the pairing structure carries the result.,True,
cv,gbs_naive - deephit,gbs_naive,deephit,not_matched,False,5.0,calib_slope_concordant,-0.2801042477289835,-0.3853154107928276,-0.1900513455271721,-0.3782983126727565,-0.1819101827852106,0.0500846792439624,0.0813012751116973,3975.256057347695,30,True,NOT a learner-matched pair: gradient-boosted Cox against a deep ranking model. They share no learner. Reported to show that the pairing structure carries the result.,True,
cv,gbs_naive - deephit,gbs_naive,deephit,not_matched,False,5.0,ici_concordant,0.0011417195045699,-0.0009279435063945,0.0031432494695764,-0.0009490429691014,0.0032324819782413,0.001066263427741,0.0997907867509693,2737.057029410808,30,False,NOT a learner-matched pair: gradient-boosted Cox against a deep ranking model. They share no learner. Reported to show that the pairing structure carries the result.,True,
cv,gbs_naive - deephit,gbs_naive,deephit,not_matched,False,5.0,e50_concordant,0.0002131407517784,-0.0008727029839064,0.0016939805092988,-0.0010831594131498,0.0015094409167067,0.0006608350911075,0.1402229347707821,1443.1499495269554,30,False,NOT a learner-matched pair: gradient-boosted Cox against a deep ranking model. They share no learner. Reported to show that the pairing structure carries the result.,True,
cv,gbs_naive - deephit,gbs_naive,deephit,not_matched,False,5.0,e90_concordant,-0.0005806016580512,-0.004055126721505,0.0057785495766438,-0.0058168373384785,0.0046556340223761,0.0026708517191271,0.0774580774703004,4333.478371147727,30,False,NOT a learner-matched pair: gradient-boosted Cox against a deep ranking model. They share no learner. Reported to show that the pairing structure carries the result.,True,
cv,gbs_naive - deephit,gbs_naive,deephit,not_matched,False,5.0,auc,-0.0047878364721934,-0.0091615706682205,-0.0004491701722145,-0.0091555998634723,-0.0004200730809144,0.0022260174323906,0.1623373466166807,1090.1330035614358,30,True,NOT a learner-matched pair: gradient-boosted Cox against a deep ranking model. They share no learner. Reported to show that the pairing structure carries the result.,True,
cv,gbs_naive - deephit,gbs_naive,deephit,not_matched,False,5.0,cindex,-0.0045055290063222,-0.0092441871762275,0.0001756742596626,-0.0092829113884213,0.0002718533757768,0.0024328690231574,0.2140169517841931,639.1471825826516,30,False,NOT a learner-matched pair: gradient-boosted Cox against a deep ranking model. They share no learner. Reported to show that the pairing structure carries the result.,True,
cv,gbs_naive - deephit,gbs_naive,deephit,not_matched,False,5.0,auc_marginal_ipcw,-0.0052691181500752,-0.0095834285020828,-0.0009972959756851,-0.0095505245678531,-0.0009877117322973,0.0021823926640468,0.1482815217305549,1296.9877835160771,30,True,NOT a learner-matched pair: gradient-boosted Cox against a deep ranking model. They share no learner. Reported to show that the pairing structure carries the result.,True,
cv,gbs_naive - deephit,gbs_naive,deephit,not_matched,False,5.0,cindex_marginal_ipcw,-0.0051846404870351,-0.0094766303896904,-0.0009567081928253,-0.0094362066428552,-0.000933074331215,0.0021672304512971,0.1464146606793491,1328.8138461573817,30,True,NOT a learner-matched pair: gradient-boosted Cox against a deep ranking model. They share no learner. Reported to show that the pairing structure carries the result.,True,
cv,gbs_naive - deephit,gbs_naive,deephit,not_matched,False,5.0,at_risk_fraction,0.0,0.0,0.0,0.0,0.0,0.0,4.860149189361204e-05,41148.00014579739,30,False,NOT a learner-matched pair: gradient-boosted Cox against a deep ranking model. They share no learner. Reported to show that the pairing structure carries the result.,True,
cv,gbs_naive - deephit,gbs_naive,deephit,not_matched,False,5.0,nb_at_0.01,-8.978166927893957e-06,-0.0002505076583474,0.0002333890879526,-0.0002517301676644,0.0002337738338086,0.0001235808280149,0.2320986792911811,546.0806787956049,30,False,NOT a learner-matched pair: gradient-boosted Cox against a deep ranking model. They share no learner. Reported to show that the pairing structure carries the result.,True,
cv,gbs_naive - deephit,gbs_naive,deephit,not_matched,False,5.0,nb_at_0.02,-8.932144070665042e-06,-0.0003291572560556,0.0002883254317566,-0.000318360321677,0.0003004960335357,0.0001576218101013,0.1961906948002533,756.423996328804,30,False,NOT a learner-matched pair: gradient-boosted Cox against a deep ranking model. They share no learner. Reported to show that the pairing structure carries the result.,True,
cv,gbs_naive - deephit,gbs_naive,deephit,not_matched,False,5.0,nb_at_0.03,-2.5705418859918912e-05,-0.0003993836580775,0.0003479060716927,-0.0003998142666053,0.0003484034288854,0.00018983746926,0.3683041348096367,222.57061890536923,30,False,NOT a learner-matched pair: gradient-boosted Cox against a deep ranking model. They share no learner. Reported to show that the pairing structure carries the result.,True,
cv,gbs_naive - deephit,gbs_naive,deephit,not_matched,False,5.0,nb_at_0.05,-0.0003561526459331,-0.0008037347521167,7.873713038861743e-05,-0.0008001752080935,8.786991622731404e-05,0.0002260641076474,0.227305516872319,568.6551366919529,30,False,NOT a learner-matched pair: gradient-boosted Cox against a deep ranking model. They share no learner. Reported to show that the pairing structure carries the result.,True,
cv,gbs_naive - deephit,gbs_naive,deephit,not_matched,False,5.0,nb_at_0.075,-0.000289903084437,-0.0007711689191637,0.0001661378133576,-0.0007605988738321,0.000180792704958,0.0002392702466983,0.3015138029900767,328.39593872895017,30,False,NOT a learner-matched pair: gradient-boosted Cox against a deep ranking model. They share no learner. Reported to show that the pairing structure carries the result.,True,
cv,gbs_naive - deephit,gbs_naive,deephit,not_matched,False,5.0,nb_at_0.2,-0.0001776150020911,-0.0005033170324168,0.0001616263660253,-0.000515632668227,0.0001604026640447,0.0001720323006133,0.2462689533645035,486.71159397725006,30,False,NOT a learner-matched pair: gradient-boosted Cox against a deep ranking model. They share no learner. Reported to show that the pairing structure carries the result.,True,
cv,gbs_naive - deephit,gbs_naive,deephit,not_matched,False,5.0,frac_above_0.01,-0.0207450032234191,-0.0257506966590881,-0.0123445749282837,-0.0275929749561059,-0.0138970314907324,0.0033678785268855,0.9798455761027336,33.51906219911288,30,True,NOT a learner-matched pair: gradient-boosted Cox against a deep ranking model. They share no learner. Reported to show that the pairing structure carries the result.,True,
cv,gbs_naive - deephit,gbs_naive,deephit,not_matched,False,5.0,frac_above_0.02,-0.0257193724314371,-0.0294201225042343,-0.0201939340680837,-0.030642798664096,-0.0207959461987783,0.0024341302751367,0.9068248925483706,39.01659978672251,30,True,NOT a learner-matched pair: gradient-boosted Cox against a deep ranking model. They share no learner. Reported to show that the pairing structure carries the result.,True,
cv,gbs_naive - deephit,gbs_naive,deephit,not_matched,False,5.0,frac_above_0.03,-0.0262817963957786,-0.0311535596847534,-0.0223485827445983,-0.0310070167008964,-0.0215565760906608,0.0023346466488218,0.9161185866300772,38.252611753773614,30,True,NOT a learner-matched pair: gradient-boosted Cox against a deep ranking model. They share no learner. Reported to show that the pairing structure carries the result.,True,
cv,gbs_naive - deephit,gbs_naive,deephit,not_matched,False,5.0,frac_above_0.05,-0.0134966341157754,-0.0177314430475235,-0.009542092680931,-0.017629174851257,-0.0093640933802937,0.002045829276221,0.8871703591790904,40.70656063138645,30,True,NOT a learner-matched pair: gradient-boosted Cox against a deep ranking model. They share no learner. Reported to show that the pairing structure carries the result.,True,
cv,gbs_naive - deephit,gbs_naive,deephit,not_matched,False,5.0,frac_above_0.075,0.0011750761419534,-0.0031347945332527,0.0044796405360102,-0.0022078960834372,0.0045580483673442,0.0016736412131417,0.8970705980873807,39.84228081400109,30,False,NOT a learner-matched pair: gradient-boosted Cox against a deep ranking model. They share no learner. Reported to show that the pairing structure carries the result.,True,
cv,gbs_naive - deephit,gbs_naive,deephit,not_matched,False,5.0,frac_above_0.2,0.0045175086862097,0.0038719191215932,0.0052003599703311,0.0038461326292152,0.0051888847432042,0.0003414836078657,0.275793651112651,390.5654472784892,30,True,NOT a learner-matched pair: gradient-boosted Cox against a deep ranking model. They share no learner. Reported to show that the pairing structure carries the result.,True,
cv,gbs_naive - deephit,gbs_naive,deephit,not_matched,False,5.0,nb_all_at_0.01,0.0,0.0,0.0,0.0,0.0,0.0,4.860149189361204e-05,41148.00014579739,30,False,NOT a learner-matched pair: gradient-boosted Cox against a deep ranking model. They share no learner. Reported to show that the pairing structure carries the result.,True,
cv,gbs_naive - deephit,gbs_naive,deephit,not_matched,False,5.0,nb_all_at_0.02,0.0,0.0,0.0,0.0,0.0,0.0,4.860149189361204e-05,41148.00014579739,30,False,NOT a learner-matched pair: gradient-boosted Cox against a deep ranking model. They share no learner. Reported to show that the pairing structure carries the result.,True,
cv,gbs_naive - deephit,gbs_naive,deephit,not_matched,False,5.0,nb_all_at_0.03,0.0,0.0,0.0,0.0,0.0,0.0,4.860149189361204e-05,41148.00014579739,30,False,NOT a learner-matched pair: gradient-boosted Cox against a deep ranking model. They share no learner. Reported to show that the pairing structure carries the result.,True,
cv,gbs_naive - deephit,gbs_naive,deephit,not_matched,False,5.0,nb_all_at_0.05,0.0,0.0,0.0,0.0,0.0,0.0,4.860149189361204e-05,41148.00014579739,30,False,NOT a learner-matched pair: gradient-boosted Cox against a deep ranking model. They share no learner. Reported to show that the pairing structure carries the result.,True,
cv,gbs_naive - deephit,gbs_naive,deephit,not_matched,False,5.0,nb_all_at_0.075,0.0,0.0,0.0,0.0,0.0,0.0,4.860149189361204e-05,41148.00014579739,30,False,NOT a learner-matched pair: gradient-boosted Cox against a deep ranking model. They share no learner. Reported to show that the pairing structure carries the result.,True,
cv,gbs_naive - deephit,gbs_naive,deephit,not_matched,False,5.0,nb_all_at_0.2,0.0,0.0,0.0,0.0,0.0,0.0,4.860149189361204e-05,41148.00014579739,30,False,NOT a learner-matched pair: gradient-boosted Cox against a deep ranking model. They share no learner. Reported to show that the pairing structure carries the result.,True,
cv,gbs_naive - deephit,gbs_naive,deephit,not_matched,False,5.0,log_eo_ratio,-0.0039793940851482,-0.0254111899062991,0.0152170471381396,-0.02332742738161,0.0153686392113134,0.0095827660302934,0.8801684628884281,41.33451620530781,30,False,NOT a learner-matched pair: gradient-boosted Cox against a deep ranking model. They share no learner. Reported to show that the pairing structure carries the result.,True,
cv,gbs_naive - deephit,gbs_naive,deephit,not_matched,False,10.0,mean_pred,0.0038921885192394,0.0031270544975996,0.004524418246001,0.0032153802222118,0.004568996816267,0.0003367199595114,0.8093187232448513,48.59069751661964,30,True,NOT a learner-matched pair: gradient-boosted Cox against a deep ranking model. They share no learner. Reported to show that the pairing structure carries the result.,True,
cv,gbs_naive - deephit,gbs_naive,deephit,not_matched,False,10.0,obs_cif,0.0,0.0,0.0,0.0,0.0,0.0,4.860149189361204e-05,41148.00014579739,30,False,NOT a learner-matched pair: gradient-boosted Cox against a deep ranking model. They share no learner. Reported to show that the pairing structure carries the result.,True,
cv,gbs_naive - deephit,gbs_naive,deephit,not_matched,False,10.0,eo,0.1058154066403706,0.0852191448211669,0.1240039199590683,0.0867487254996152,0.1248820877811261,0.0095211713278422,0.7457102260140961,56.88100938648889,30,True,NOT a learner-matched pair: gradient-boosted Cox against a deep ranking model. They share no learner. Reported to show that the pairing structure carries the result.,True,
cv,gbs_naive - deephit,gbs_naive,deephit,not_matched,False,10.0,calib_intercept,-0.3591549346844355,-0.4001314550638198,-0.3192698955535888,-0.4004530901212258,-0.3178567792476452,0.020973022371546,0.33958433274498,260.61020309783265,30,True,NOT a learner-matched pair: gradient-boosted Cox against a deep ranking model. They share no learner. Reported to show that the pairing structure carries the result.,True,
cv,gbs_naive - deephit,gbs_naive,deephit,not_matched,False,10.0,calib_slope,-0.3603847702344259,-0.4332238003611565,-0.301041167974472,-0.4278080124143731,-0.2929615280544786,0.0343920263915624,0.0708672092528857,5065.8568514656245,30,True,NOT a learner-matched pair: gradient-boosted Cox against a deep ranking model. They share no learner. Reported to show that the pairing structure carries the result.,True,
cv,gbs_naive - deephit,gbs_naive,deephit,not_matched,False,10.0,ici,0.0079313491471111,0.0049832564895041,0.0105089823948219,0.005125925696222,0.0107367725980003,0.0014306448824433,0.1069543237679918,2406.477910218465,30,True,NOT a learner-matched pair: gradient-boosted Cox against a deep ranking model. They share no learner. Reported to show that the pairing structure carries the result.,True,
cv,gbs_naive - deephit,gbs_naive,deephit,not_matched,False,10.0,e50,0.0022254075622186,-0.0002232033497421,0.004438388638664,-0.0001128863334228,0.00456370145786,0.0011926150470974,0.0874172366291387,3488.199929345732,30,False,NOT a learner-matched pair: gradient-boosted Cox against a deep ranking model. They share no learner. Reported to show that the pairing structure carries the result.,True,
cv,gbs_naive - deephit,gbs_naive,deephit,not_matched,False,10.0,e90,0.0088811105738083,0.0042337104212492,0.0120290687540545,0.0048820831203812,0.0128801380272354,0.0020364943967964,0.2140023699565065,639.2316253978906,30,True,NOT a learner-matched pair: gradient-boosted Cox against a deep ranking model. They share no learner. Reported to show that the pairing structure carries the result.,True,
cv,gbs_naive - deephit,gbs_naive,deephit,not_matched,False,10.0,obs_concordant,0.0018207095563411,0.0016697029583156,0.0019799681380391,0.0016671128413198,0.0019743062713624,7.836480578296227e-05,4.860149189361204e-05,41148.00014579739,30,True,NOT a learner-matched pair: gradient-boosted Cox against a deep ranking model. They share no learner. Reported to show that the pairing structure carries the result.,True,
cv,gbs_naive - deephit,gbs_naive,deephit,not_matched,False,10.0,eo_concordant,0.049668550491333,0.0288425534963607,0.0669833302497863,0.0313537385853587,0.0679833623973072,0.0091135547125262,0.806195262035602,48.95371229503314,30,True,NOT a learner-matched pair: gradient-boosted Cox against a deep ranking model. They share no learner. Reported to show that the pairing structure carries the result.,True,
cv,gbs_naive - deephit,gbs_naive,deephit,not_matched,False,10.0,calib_intercept_concordant,-0.2689897169669469,-0.3075972974300384,-0.2309889696538448,-0.3082991268705015,-0.2296803070633922,0.0199556688746303,0.3531741698989147,241.4727736043111,30,True,NOT a learner-matched pair: gradient-boosted Cox against a deep ranking model. They share no learner. Reported to show that the pairing structure carries the result.,True,
cv,gbs_naive - deephit,gbs_naive,deephit,not_matched,False,10.0,calib_slope_concordant,-0.347025712331136,-0.4208895817399025,-0.2872495606541634,-0.4149255358556447,-0.2791258888066273,0.0346353859185757,0.0695777487945741,5229.75917431974,30,True,NOT a learner-matched pair: gradient-boosted Cox against a deep ranking model. They share no learner. Reported to show that the pairing structure carries the result.,True,
cv,gbs_naive - deephit,gbs_naive,deephit,not_matched,False,10.0,ici_concordant,0.0076225025268892,0.0043299090466462,0.0104938993928954,0.0045042070384227,0.0107407980153557,0.0015903945596553,0.0916571883099742,3200.062180703022,30,True,NOT a learner-matched pair: gradient-boosted Cox against a deep ranking model. They share no learner. Reported to show that the pairing structure carries the result.,True,
cv,gbs_naive - deephit,gbs_naive,deephit,not_matched,False,10.0,e50_concordant,0.0030494101345539,0.0006133689457783,0.0051240130327641,0.0008173232902821,0.0052814969788256,0.0011384941422371,0.0812824647926866,3976.9030731693233,30,True,NOT a learner-matched pair: gradient-boosted Cox against a deep ranking model. They share no learner. Reported to show that the pairing structure carries the result.,True,
cv,gbs_naive - deephit,gbs_naive,deephit,not_matched,False,10.0,e90_concordant,0.0048273293146242,-0.001610411144793,0.0161891496740281,-0.0046590536910224,0.0143137123202709,0.0048390576187621,0.0659852606315087,5728.500648816761,30,False,NOT a learner-matched pair: gradient-boosted Cox against a deep ranking model. They share no learner. Reported to show that the pairing structure carries the result.,True,
cv,gbs_naive - deephit,gbs_naive,deephit,not_matched,False,10.0,auc,-0.0045513093471527,-0.0076508581638336,-0.0015033811330795,-0.0076032168924484,-0.0014994018018569,0.0015561150924075,0.1224236099456325,1867.4744544328628,30,True,NOT a learner-matched pair: gradient-boosted Cox against a deep ranking model. They share no learner. Reported to show that the pairing structure carries the result.,True,
cv,gbs_naive - deephit,gbs_naive,deephit,not_matched,False,10.0,cindex,-0.004915585120519,-0.0083074241876602,-0.0015344619750976,-0.0082977086033397,-0.0015334616376982,0.0017239095076813,0.1523212056764323,1231.902943214482,30,True,NOT a learner-matched pair: gradient-boosted Cox against a deep ranking model. They share no learner. Reported to show that the pairing structure carries the result.,True,
cv,gbs_naive - deephit,gbs_naive,deephit,not_matched,False,10.0,auc_marginal_ipcw,-0.0043481190999348,-0.0073262691497802,-0.0014040559530258,-0.0072999375229603,-0.0013963006769094,0.0015050898115157,0.1218620565460183,1883.760114865069,30,True,NOT a learner-matched pair: gradient-boosted Cox against a deep ranking model. They share no learner. Reported to show that the pairing structure carries the result.,True,
cv,gbs_naive - deephit,gbs_naive,deephit,not_matched,False,10.0,cindex_marginal_ipcw,-0.004084293047587,-0.0069940134882926,-0.0012009978294372,-0.0069748310969383,-0.0011937549982358,0.0014736513565424,0.1343493605605827,1565.7256428729831,30,True,NOT a learner-matched pair: gradient-boosted Cox against a deep ranking model. They share no learner. Reported to show that the pairing structure carries the result.,True,
cv,gbs_naive - deephit,gbs_naive,deephit,not_matched,False,10.0,at_risk_fraction,0.0,0.0,0.0,0.0,0.0,0.0,4.860149189361204e-05,41148.00014579739,30,False,NOT a learner-matched pair: gradient-boosted Cox against a deep ranking model. They share no learner. Reported to show that the pairing structure carries the result.,True,
cv,gbs_naive - deephit,gbs_naive,deephit,not_matched,False,10.0,nb_at_0.01,0.0001423041025797,-0.0001344241201877,0.0004104650579392,-0.0001299919784144,0.0004146001835739,0.000138746331895,0.1772978335288486,919.8994280337032,30,False,NOT a learner-matched pair: gradient-boosted Cox against a deep ranking model. They share no learner. Reported to show that the pairing structure carries the result.,True,
cv,gbs_naive - deephit,gbs_naive,deephit,not_matched,False,10.0,nb_at_0.02,-7.502734661102295e-05,-0.0004537377972155,0.0002717843744903,-0.0004429297768613,0.0002928750836393,0.0001868934395971,0.328102275063373,278.63316803731414,30,False,NOT a learner-matched pair: gradient-boosted Cox against a deep ranking model. They share no learner. Reported to show that the pairing structure carries the result.,True,
cv,gbs_naive - deephit,gbs_naive,deephit,not_matched,False,10.0,nb_at_0.03,-0.0001127557829022,-0.0005844895262271,0.0002877588383853,-0.0005523795753006,0.0003268680094961,0.0002234138147052,0.3128506045706154,305.6520040969142,30,False,NOT a learner-matched pair: gradient-boosted Cox against a deep ranking model. They share no learner. Reported to show that the pairing structure carries the result.,True,
cv,gbs_naive - deephit,gbs_naive,deephit,not_matched,False,10.0,nb_at_0.05,-0.0002697103967269,-0.000823286618106,0.000243904069066,-0.0008112074204819,0.0002717866270281,0.0002755626440564,0.2516375592993109,466.7389826110513,30,False,NOT a learner-matched pair: gradient-boosted Cox against a deep ranking model. They share no learner. Reported to show that the pairing structure carries the result.,True,
cv,gbs_naive - deephit,gbs_naive,deephit,not_matched,False,10.0,nb_at_0.075,-0.0002031287178397,-0.0008037447929382,0.0003960955422371,-0.0008099055100333,0.0004036480743538,0.0003092111847047,0.169735036327103,1000.5440083973176,30,False,NOT a learner-matched pair: gradient-boosted Cox against a deep ranking model. They share no learner. Reported to show that the pairing structure carries the result.,True,
cv,gbs_naive - deephit,gbs_naive,deephit,not_matched,False,10.0,nb_at_0.2,-0.0010656400137425,-0.0019322728767292,-0.0001731495311105,-0.0019528493816384,-0.0001784306458466,0.0004517186099594,0.2253645936345224,578.198373712881,30,True,NOT a learner-matched pair: gradient-boosted Cox against a deep ranking model. They share no learner. Reported to show that the pairing structure carries the result.,True,
cv,gbs_naive - deephit,gbs_naive,deephit,not_matched,False,10.0,frac_above_0.01,-0.0136513570944468,-0.0206151008605957,-0.0091127753257751,-0.0198188711764778,-0.0074838430124158,0.0030408681115642,0.94588748059994,35.9416430603088,30,True,NOT a learner-matched pair: gradient-boosted Cox against a deep ranking model. They share no learner. Reported to show that the pairing structure carries the result.,True,
cv,gbs_naive - deephit,gbs_naive,deephit,not_matched,False,10.0,frac_above_0.02,-0.0113560080528259,-0.0158278942108154,-0.0050950348377227,-0.0172513651208119,-0.0054606509848399,0.0029059189791268,0.9495240542256084,35.67233842320143,30,True,NOT a learner-matched pair: gradient-boosted Cox against a deep ranking model. They share no learner. Reported to show that the pairing structure carries the result.,True,
cv,gbs_naive - deephit,gbs_naive,deephit,not_matched,False,10.0,frac_above_0.03,-0.0144632587830225,-0.0192221038043499,-0.0070553123950958,-0.0205815473201223,-0.0083449702459228,0.0030128271120513,0.9630215718478754,34.694734368404966,30,True,NOT a learner-matched pair: gradient-boosted Cox against a deep ranking model. They share no learner. Reported to show that the pairing structure carries the result.,True,
cv,gbs_naive - deephit,gbs_naive,deephit,not_matched,False,10.0,frac_above_0.05,-0.0214254289865493,-0.0249568670988082,-0.0158926840871572,-0.0260268101036734,-0.0168240478694252,0.0022777791600397,0.8881659881917826,40.61840919083778,30,True,NOT a learner-matched pair: gradient-boosted Cox against a deep ranking model. They share no learner. Reported to show that the pairing structure carries the result.,True,
cv,gbs_naive - deephit,gbs_naive,deephit,not_matched,False,10.0,frac_above_0.075,-0.0205273787180582,-0.0251836627721786,-0.0164192020893096,-0.0250322251689449,-0.0160225322671715,0.0022262375449377,0.9130334796372014,38.503835738342936,30,True,NOT a learner-matched pair: gradient-boosted Cox against a deep ranking model. They share no learner. Reported to show that the pairing structure carries the result.,True,
cv,gbs_naive - deephit,gbs_naive,deephit,not_matched,False,10.0,frac_above_0.2,0.0255425143366058,0.0225915945600718,0.0279539600014686,0.0228979046670159,0.0281871240061958,0.0013217495786297,0.7302622193005845,59.21953145049736,30,True,NOT a learner-matched pair: gradient-boosted Cox against a deep ranking model. They share no learner. Reported to show that the pairing structure carries the result.,True,
cv,gbs_naive - deephit,gbs_naive,deephit,not_matched,False,10.0,nb_all_at_0.01,0.0,0.0,0.0,0.0,0.0,0.0,4.860149189361204e-05,41148.00014579739,30,False,NOT a learner-matched pair: gradient-boosted Cox against a deep ranking model. They share no learner. Reported to show that the pairing structure carries the result.,True,
cv,gbs_naive - deephit,gbs_naive,deephit,not_matched,False,10.0,nb_all_at_0.02,0.0,0.0,0.0,0.0,0.0,0.0,4.860149189361204e-05,41148.00014579739,30,False,NOT a learner-matched pair: gradient-boosted Cox against a deep ranking model. They share no learner. Reported to show that the pairing structure carries the result.,True,
cv,gbs_naive - deephit,gbs_naive,deephit,not_matched,False,10.0,nb_all_at_0.03,0.0,0.0,0.0,0.0,0.0,0.0,4.860149189361204e-05,41148.00014579739,30,False,NOT a learner-matched pair: gradient-boosted Cox against a deep ranking model. They share no learner. Reported to show that the pairing structure carries the result.,True,
cv,gbs_naive - deephit,gbs_naive,deephit,not_matched,False,10.0,nb_all_at_0.05,0.0,0.0,0.0,0.0,0.0,0.0,4.860149189361204e-05,41148.00014579739,30,False,NOT a learner-matched pair: gradient-boosted Cox against a deep ranking model. They share no learner. Reported to show that the pairing structure carries the result.,True,
cv,gbs_naive - deephit,gbs_naive,deephit,not_matched,False,10.0,nb_all_at_0.075,0.0,0.0,0.0,0.0,0.0,0.0,4.860149189361204e-05,41148.00014579739,30,False,NOT a learner-matched pair: gradient-boosted Cox against a deep ranking model. They share no learner. Reported to show that the pairing structure carries the result.,True,
cv,gbs_naive - deephit,gbs_naive,deephit,not_matched,False,10.0,nb_all_at_0.2,0.0,0.0,0.0,0.0,0.0,0.0,4.860149189361204e-05,41148.00014579739,30,False,NOT a learner-matched pair: gradient-boosted Cox against a deep ranking model. They share no learner. Reported to show that the pairing structure carries the result.,True,
cv,gbs_naive - deephit,gbs_naive,deephit,not_matched,False,10.0,log_eo_ratio,0.0931073443403818,0.0739110046997666,0.1084052877500653,0.0767852305849106,0.1094294580958531,0.008095140341559,0.8592114706600922,43.30205772466171,30,True,NOT a learner-matched pair: gradient-boosted Cox against a deep ranking model. They share no learner. Reported to show that the pairing structure carries the result.,True,
cv,gbs_naive - deephit,gbs_naive,deephit,not_matched,False,15.0,mean_pred,0.0174359935025374,0.0163671795278787,0.0185732673853635,0.0162595643163586,0.0186124226887162,0.0005877101719798,0.7381916685951203,58.001252023525126,30,True,NOT a learner-matched pair: gradient-boosted Cox against a deep ranking model. They share no learner. Reported to show that the pairing structure carries the result.,True,
cv,gbs_naive - deephit,gbs_naive,deephit,not_matched,False,15.0,obs_cif,0.0,0.0,0.0,0.0,0.0,0.0,4.860149189361204e-05,41148.00014579739,30,False,NOT a learner-matched pair: gradient-boosted Cox against a deep ranking model. They share no learner. Reported to show that the pairing structure carries the result.,True,
cv,gbs_naive - deephit,gbs_naive,deephit,not_matched,False,15.0,eo,0.2716657439867655,0.2511572957038879,0.293760147690773,0.2496135116922997,0.2937179762812313,0.0111442203273252,0.49162818685298,127.10102325852776,30,True,NOT a learner-matched pair: gradient-boosted Cox against a deep ranking model. They share no learner. Reported to show that the pairing structure carries the result.,True,
cv,gbs_naive - deephit,gbs_naive,deephit,not_matched,False,15.0,calib_intercept,-0.5537851909796397,-0.596177265048027,-0.5142989933490754,-0.5956698518264851,-0.5119005301327944,0.021260609925324,0.3572269317990351,236.177280907631,30,True,NOT a learner-matched pair: gradient-boosted Cox against a deep ranking model. They share no learner. Reported to show that the pairing structure carries the result.,True,
cv,gbs_naive - deephit,gbs_naive,deephit,not_matched,False,15.0,calib_slope,-0.4071523070335388,-0.4754524260759353,-0.351328007876873,-0.4694163813942861,-0.3448882326727915,0.0317535048322055,0.101375515512101,2658.399324085964,30,True,NOT a learner-matched pair: gradient-boosted Cox against a deep ranking model. They share no learner. Reported to show that the pairing structure carries the result.,True,
cv,gbs_naive - deephit,gbs_naive,deephit,not_matched,False,15.0,ici,0.0228262954081098,0.0198145142290741,0.0259396294597536,0.0197476267178924,0.0259049640983271,0.0015688567644667,0.1707196300734438,989.4576459999636,30,True,NOT a learner-matched pair: gradient-boosted Cox against a deep ranking model. They share no learner. Reported to show that the pairing structure carries the result.,True,
cv,gbs_naive - deephit,gbs_naive,deephit,not_matched,False,15.0,e50,0.0055126271365831,0.0030217055464163,0.0097204484976828,0.0021278796936644,0.0088973745795017,0.0017265596821895,0.0679833235665425,5443.128354101194,30,True,NOT a learner-matched pair: gradient-boosted Cox against a deep ranking model. They share no learner. Reported to show that the pairing structure carries the result.,True,
cv,gbs_naive - deephit,gbs_naive,deephit,not_matched,False,15.0,e90,0.0564380625883738,0.0475938396528363,0.0619812819175422,0.0491063245767349,0.0637698006000127,0.0037367786337228,0.1586270808728106,1139.6580029076492,30,True,NOT a learner-matched pair: gradient-boosted Cox against a deep ranking model. They share no learner. Reported to show that the pairing structure carries the result.,True,
cv,gbs_naive - deephit,gbs_naive,deephit,not_matched,False,15.0,obs_concordant,0.005816675722599,0.0053884993307292,0.0062777185812592,0.0053625457139491,0.0062708057312489,0.0002316964260799,4.860149189361204e-05,41148.00014579739,30,True,NOT a learner-matched pair: gradient-boosted Cox against a deep ranking model. They share no learner. Reported to show that the pairing structure carries the result.,True,
cv,gbs_naive - deephit,gbs_naive,deephit,not_matched,False,15.0,eo_concordant,0.1588043808937072,0.1409549444913864,0.1781076610088348,0.139426961884279,0.1781817999031354,0.0097426383550745,0.6125707483103983,83.08606092919551,30,True,NOT a learner-matched pair: gradient-boosted Cox against a deep ranking model. They share no learner. Reported to show that the pairing structure carries the result.,True,
cv,gbs_naive - deephit,gbs_naive,deephit,not_matched,False,15.0,calib_intercept_concordant,-0.3651272594928741,-0.4048102088272571,-0.3273679278790951,-0.404650150662758,-0.3256043683229903,0.0200695747566028,0.3430937320179326,255.45345443671792,30,True,NOT a learner-matched pair: gradient-boosted Cox against a deep ranking model. They share no learner. Reported to show that the pairing structure carries the result.,True,
cv,gbs_naive - deephit,gbs_naive,deephit,not_matched,False,15.0,calib_slope_concordant,-0.3741029262542724,-0.4426058277487755,-0.3180977195501328,-0.4365303310790009,-0.3116755214295439,0.0318364553883791,0.1026689718948453,2596.641375835191,30,True,NOT a learner-matched pair: gradient-boosted Cox against a deep ranking model. They share no learner. Reported to show that the pairing structure carries the result.,True,
cv,gbs_naive - deephit,gbs_naive,deephit,not_matched,False,15.0,ici_concordant,0.0205178289363781,0.0165839079301804,0.0244131619110703,0.0165841028353684,0.0244515550373879,0.0020059030129993,0.1139773070389186,2136.561474715043,30,True,NOT a learner-matched pair: gradient-boosted Cox against a deep ranking model. They share no learner. Reported to show that the pairing structure carries the result.,True,
cv,gbs_naive - deephit,gbs_naive,deephit,not_matched,False,15.0,e50_concordant,0.0092173732817173,0.0055308314273133,0.0124079278670251,0.0057935593788598,0.0126411871845747,0.0017464854644325,0.0681884938174895,5414.981524740263,30,True,NOT a learner-matched pair: gradient-boosted Cox against a deep ranking model. They share no learner. Reported to show that the pairing structure carries the result.,True,
cv,gbs_naive - deephit,gbs_naive,deephit,not_matched,False,15.0,e90_concordant,0.0268491386125485,0.0192067144438624,0.033594992570579,0.0195019495616385,0.0341963276634584,0.0037440163152884,0.1713552144462493,982.3985886999736,30,True,NOT a learner-matched pair: gradient-boosted Cox against a deep ranking model. They share no learner. Reported to show that the pairing structure carries the result.,True,
cv,gbs_naive - deephit,gbs_naive,deephit,not_matched,False,15.0,auc,-0.0038113931814829,-0.0069640398025512,-0.000641193985939,-0.0070095619903494,-0.0006132243726164,0.0016284426621657,0.2216090576694592,597.3625210315498,30,True,NOT a learner-matched pair: gradient-boosted Cox against a deep ranking model. They share no learner. Reported to show that the pairing structure carries the result.,True,
cv,gbs_naive - deephit,gbs_naive,deephit,not_matched,False,15.0,cindex,-0.0062950690587361,-0.0116024017333984,-0.0016107931733131,-0.011355926860142,-0.0012342112573302,0.0025713755541541,0.3209031472077642,290.9153357712315,30,True,NOT a learner-matched pair: gradient-boosted Cox against a deep ranking model. They share no learner. Reported to show that the pairing structure carries the result.,True,
cv,gbs_naive - deephit,gbs_naive,deephit,not_matched,False,15.0,auc_marginal_ipcw,-0.0034942249457041,-0.0061463251709938,-0.0006891950964927,-0.0062622782377106,-0.0007261716536976,0.0014107133206124,0.1632335398759885,1078.6538070922245,30,True,NOT a learner-matched pair: gradient-boosted Cox against a deep ranking model. They share no learner. Reported to show that the pairing structure carries the result.,True,
cv,gbs_naive - deephit,gbs_naive,deephit,not_matched,False,15.0,cindex_marginal_ipcw,-0.0028069198131561,-0.0053093507885932,-0.0001663893461227,-0.0054172852272152,-0.0001965543990969,0.0013303701116994,0.1620369837813343,1094.0212536871666,30,True,NOT a learner-matched pair: gradient-boosted Cox against a deep ranking model. They share no learner. Reported to show that the pairing structure carries the result.,True,
cv,gbs_naive - deephit,gbs_naive,deephit,not_matched,False,15.0,at_risk_fraction,0.0,0.0,0.0,0.0,0.0,0.0,4.860149189361204e-05,41148.00014579739,30,False,NOT a learner-matched pair: gradient-boosted Cox against a deep ranking model. They share no learner. Reported to show that the pairing structure carries the result.,True,
cv,gbs_naive - deephit,gbs_naive,deephit,not_matched,False,15.0,nb_at_0.01,6.111711263656616e-05,-0.0003915806300938,0.0005158545449376,-0.0003924235462983,0.0005146577715714,0.0002309905638647,0.207313045159958,679.8154168518848,30,False,NOT a learner-matched pair: gradient-boosted Cox against a deep ranking model. They share no learner. Reported to show that the pairing structure carries the result.,True,
cv,gbs_naive - deephit,gbs_naive,deephit,not_matched,False,15.0,nb_at_0.02,-8.26515257358551e-05,-0.0004984617233276,0.0003471243195235,-0.0005064626674783,0.0003411596160066,0.0002156247534142,0.2626501904953976,429.4578425426418,30,False,NOT a learner-matched pair: gradient-boosted Cox against a deep ranking model. They share no learner. Reported to show that the pairing structure carries the result.,True,
cv,gbs_naive - deephit,gbs_naive,deephit,not_matched,False,15.0,nb_at_0.03,-7.193100949128468e-05,-0.0005840179510414,0.0004370926879346,-0.0005905980679554,0.0004467360489728,0.0002635146509165,0.3231948288880895,286.917977773834,30,False,NOT a learner-matched pair: gradient-boosted Cox against a deep ranking model. They share no learner. Reported to show that the pairing structure carries the result.,True,
cv,gbs_naive - deephit,gbs_naive,deephit,not_matched,False,15.0,nb_at_0.05,-2.585078279177348e-05,-0.0006673481315374,0.0006236681714653,-0.0006841010744193,0.0006323995088358,0.000334546000851,0.3094832681113366,312.1519685679876,30,False,NOT a learner-matched pair: gradient-boosted Cox against a deep ranking model. They share no learner. Reported to show that the pairing structure carries the result.,True,
cv,gbs_naive - deephit,gbs_naive,deephit,not_matched,False,15.0,nb_at_0.075,-0.0003802304466565,-0.0011978547554463,0.0004001786001026,-0.0011941774208748,0.0004337165275617,0.0004127991463114,0.3871156807370288,202.0431194811395,30,False,NOT a learner-matched pair: gradient-boosted Cox against a deep ranking model. They share no learner. Reported to show that the pairing structure carries the result.,True,
cv,gbs_naive - deephit,gbs_naive,deephit,not_matched,False,15.0,nb_at_0.2,-0.0012108913622796,-0.0024171067634597,6.0758308973163145e-05,-0.0024547420693428,3.2959344783563835e-05,0.0006338506542716,0.1709949823078791,986.3901675981466,30,False,NOT a learner-matched pair: gradient-boosted Cox against a deep ranking model. They share no learner. Reported to show that the pairing structure carries the result.,True,
cv,gbs_naive - deephit,gbs_naive,deephit,not_matched,False,15.0,frac_above_0.01,0.0109744886557261,0.0004453420639038,0.0273061037063598,-0.0008900598228737,0.022839037134326,0.0058140469672929,1.023445502169081,30.57266039067605,30,True,NOT a learner-matched pair: gradient-boosted Cox against a deep ranking model. They share no learner. Reported to show that the pairing structure carries the result.,True,
cv,gbs_naive - deephit,gbs_naive,deephit,not_matched,False,15.0,frac_above_0.02,0.0104995469252268,0.0060023069381713,0.0164353847503662,0.0047928916944023,0.0162062021560513,0.0028161785659854,0.9332659503478729,36.8974356838224,30,True,NOT a learner-matched pair: gradient-boosted Cox against a deep ranking model. They share no learner. Reported to show that the pairing structure carries the result.,True,
cv,gbs_naive - deephit,gbs_naive,deephit,not_matched,False,15.0,frac_above_0.03,0.0074470976988474,0.0037099123001098,0.0141268372535705,0.0025466579565583,0.0123475374411365,0.0024245250740131,0.8961247604092551,39.9236881466254,30,True,NOT a learner-matched pair: gradient-boosted Cox against a deep ranking model. They share no learner. Reported to show that the pairing structure carries the result.,True,
cv,gbs_naive - deephit,gbs_naive,deephit,not_matched,False,15.0,frac_above_0.05,0.0010470906893412,-0.0023006729781627,0.0071363151073455,-0.0041830044160057,0.0062771857946881,0.0025818974017163,0.9283375896630834,37.279997273007965,30,False,NOT a learner-matched pair: gradient-boosted Cox against a deep ranking model. They share no learner. Reported to show that the pairing structure carries the result.,True,
cv,gbs_naive - deephit,gbs_naive,deephit,not_matched,False,15.0,frac_above_0.075,-0.005834878484408,-0.0097284018993377,-0.0005508065223693,-0.0107065640651722,-0.0009631929036438,0.0024074824548661,0.9132886830946572,38.482965260758405,30,True,NOT a learner-matched pair: gradient-boosted Cox against a deep ranking model. They share no learner. Reported to show that the pairing structure carries the result.,True,
cv,gbs_naive - deephit,gbs_naive,deephit,not_matched,False,15.0,frac_above_0.2,0.0217880497376124,0.0166055185720324,0.0262853058055043,0.0169277573429568,0.0266483421322679,0.0023980963304782,0.9356820711993428,36.711847567303536,30,True,NOT a learner-matched pair: gradient-boosted Cox against a deep ranking model. They share no learner. Reported to show that the pairing structure carries the result.,True,
cv,gbs_naive - deephit,gbs_naive,deephit,not_matched,False,15.0,nb_all_at_0.01,0.0,0.0,0.0,0.0,0.0,0.0,4.860149189361204e-05,41148.00014579739,30,False,NOT a learner-matched pair: gradient-boosted Cox against a deep ranking model. They share no learner. Reported to show that the pairing structure carries the result.,True,
cv,gbs_naive - deephit,gbs_naive,deephit,not_matched,False,15.0,nb_all_at_0.02,0.0,0.0,0.0,0.0,0.0,0.0,4.860149189361204e-05,41148.00014579739,30,False,NOT a learner-matched pair: gradient-boosted Cox against a deep ranking model. They share no learner. Reported to show that the pairing structure carries the result.,True,
cv,gbs_naive - deephit,gbs_naive,deephit,not_matched,False,15.0,nb_all_at_0.03,0.0,0.0,0.0,0.0,0.0,0.0,4.860149189361204e-05,41148.00014579739,30,False,NOT a learner-matched pair: gradient-boosted Cox against a deep ranking model. They share no learner. Reported to show that the pairing structure carries the result.,True,
cv,gbs_naive - deephit,gbs_naive,deephit,not_matched,False,15.0,nb_all_at_0.05,0.0,0.0,0.0,0.0,0.0,0.0,4.860149189361204e-05,41148.00014579739,30,False,NOT a learner-matched pair: gradient-boosted Cox against a deep ranking model. They share no learner. Reported to show that the pairing structure carries the result.,True,
cv,gbs_naive - deephit,gbs_naive,deephit,not_matched,False,15.0,nb_all_at_0.075,0.0,0.0,0.0,0.0,0.0,0.0,4.860149189361204e-05,41148.00014579739,30,False,NOT a learner-matched pair: gradient-boosted Cox against a deep ranking model. They share no learner. Reported to show that the pairing structure carries the result.,True,
cv,gbs_naive - deephit,gbs_naive,deephit,not_matched,False,15.0,nb_all_at_0.2,0.0,0.0,0.0,0.0,0.0,0.0,4.860149189361204e-05,41148.00014579739,30,False,NOT a learner-matched pair: gradient-boosted Cox against a deep ranking model. They share no learner. Reported to show that the pairing structure carries the result.,True,
cv,gbs_naive - deephit,gbs_naive,deephit,not_matched,False,15.0,log_eo_ratio,0.2231808844311804,0.2098362293094396,0.2379307437688112,0.2084154268369681,0.2379463420253928,0.0073196809431801,0.8664249508656066,42.6094131789544,30,True,NOT a learner-matched pair: gradient-boosted Cox against a deep ranking model. They share no learner. Reported to show that the pairing structure carries the result.,True,
cv,deephit - nfg,deephit,nfg,secondary,False,5.0,mean_pred,0.0015215487529834,0.0012651244178414,0.0019157360540702,0.0012343653728112,0.0018087321331556,0.0001404730083633,1.0405992744130368,29.27262744275138,30,True,"Both are competing-risk deep models fitted as 10-member ensembles, so this contrast isolates the training objective (ranking-weighted likelihood versus a monotone cumulative-incidence parameterisation) rather than the competing-risk assumption. Not learner-matched in the sense used for the naive-versus-competing pairs.",True,
cv,deephit - nfg,deephit,nfg,secondary,False,5.0,obs_cif,0.0,0.0,0.0,0.0,0.0,0.0,4.860149189361204e-05,41148.00014579739,30,False,"Both are competing-risk deep models fitted as 10-member ensembles, so this contrast isolates the training objective (ranking-weighted likelihood versus a monotone cumulative-incidence parameterisation) rather than the competing-risk assumption. Not learner-matched in the sense used for the naive-versus-competing pairs.",True,
cv,deephit - nfg,deephit,nfg,secondary,False,5.0,eo,0.095931057135264,0.0782079473137855,0.1185439482331275,0.0765123060917374,0.1153498081787907,0.0096219189241102,0.873650125237452,41.93203201561355,30,True,"Both are competing-risk deep models fitted as 10-member ensembles, so this contrast isolates the training objective (ranking-weighted likelihood versus a monotone cumulative-incidence parameterisation) rather than the competing-risk assumption. Not learner-matched in the sense used for the naive-versus-competing pairs.",True,
cv,deephit - nfg,deephit,nfg,secondary,False,5.0,calib_intercept,-0.0727372981607914,-0.0954645877704024,-0.049100992642343,-0.0962086200838928,-0.04926597623769,0.0116689438583225,0.8209685411738994,47.27201172965621,30,True,"Both are competing-risk deep models fitted as 10-member ensembles, so this contrast isolates the training objective (ranking-weighted likelihood versus a monotone cumulative-incidence parameterisation) rather than the competing-risk assumption. Not learner-matched in the sense used for the naive-versus-competing pairs.",True,
cv,deephit - nfg,deephit,nfg,secondary,False,5.0,calib_slope,0.0703446229298909,0.0193662345409393,0.1235265344381332,0.0185705745589456,0.1221186713008362,0.0262431842469752,0.4048820632118899,185.18531891466947,30,True,"Both are competing-risk deep models fitted as 10-member ensembles, so this contrast isolates the training objective (ranking-weighted likelihood versus a monotone cumulative-incidence parameterisation) rather than the competing-risk assumption. Not learner-matched in the sense used for the naive-versus-competing pairs.",True,
cv,deephit - nfg,deephit,nfg,secondary,False,5.0,ici,0.0010857343130434,-0.0009274032723624,0.0018118143081665,-0.0003715063087191,0.002542974934806,0.0007433730385407,0.059147950668057,6883.364106372992,30,False,"Both are competing-risk deep models fitted as 10-member ensembles, so this contrast isolates the training objective (ranking-weighted likelihood versus a monotone cumulative-incidence parameterisation) rather than the competing-risk assumption. Not learner-matched in the sense used for the naive-versus-competing pairs.",True,
cv,deephit - nfg,deephit,nfg,secondary,False,5.0,e50,0.0004895217241331,-0.0002188752958318,0.0008646533402497,-7.010348702760549e-05,0.0010491469352938,0.0002854234984323,0.0901681430941365,3297.149994572021,30,False,"Both are competing-risk deep models fitted as 10-member ensembles, so this contrast isolates the training objective (ranking-weighted likelihood versus a monotone cumulative-incidence parameterisation) rather than the competing-risk assumption. Not learner-matched in the sense used for the naive-versus-competing pairs.",True,
cv,deephit - nfg,deephit,nfg,secondary,False,5.0,e90,0.0030414520995691,-0.0038610965653788,0.0055314479279331,-0.0019788562806801,0.0080617604798184,0.0025610321470851,0.0547152666526978,7814.197468520094,30,False,"Both are competing-risk deep models fitted as 10-member ensembles, so this contrast isolates the training objective (ranking-weighted likelihood versus a monotone cumulative-incidence parameterisation) rather than the competing-risk assumption. Not learner-matched in the sense used for the naive-versus-competing pairs.",True,
cv,deephit - nfg,deephit,nfg,secondary,False,5.0,obs_concordant,0.0,0.0,0.0,0.0,0.0,0.0,4.860149189361204e-05,41148.00014579739,30,False,"Both are competing-risk deep models fitted as 10-member ensembles, so this contrast isolates the training objective (ranking-weighted likelihood versus a monotone cumulative-incidence parameterisation) rather than the competing-risk assumption. Not learner-matched in the sense used for the naive-versus-competing pairs.",True,
cv,deephit - nfg,deephit,nfg,secondary,False,5.0,eo_concordant,0.095931057135264,0.0782079473137855,0.1185439482331275,0.0765123060917374,0.1153498081787907,0.0096219189241102,0.873650125237452,41.93203201561355,30,True,"Both are competing-risk deep models fitted as 10-member ensembles, so this contrast isolates the training objective (ranking-weighted likelihood versus a monotone cumulative-incidence parameterisation) rather than the competing-risk assumption. Not learner-matched in the sense used for the naive-versus-competing pairs.",True,
cv,deephit - nfg,deephit,nfg,secondary,False,5.0,calib_intercept_concordant,-0.0727372981607914,-0.0954645877704024,-0.049100992642343,-0.0962086200838928,-0.04926597623769,0.0116689438583225,0.8209685411738994,47.27201172965621,30,True,"Both are competing-risk deep models fitted as 10-member ensembles, so this contrast isolates the training objective (ranking-weighted likelihood versus a monotone cumulative-incidence parameterisation) rather than the competing-risk assumption. Not learner-matched in the sense used for the naive-versus-competing pairs.",True,
cv,deephit - nfg,deephit,nfg,secondary,False,5.0,calib_slope_concordant,0.0703446229298909,0.0193662345409393,0.1235265344381332,0.0185705745589456,0.1221186713008362,0.0262431842469752,0.4048820632118899,185.18531891466947,30,True,"Both are competing-risk deep models fitted as 10-member ensembles, so this contrast isolates the training objective (ranking-weighted likelihood versus a monotone cumulative-incidence parameterisation) rather than the competing-risk assumption. Not learner-matched in the sense used for the naive-versus-competing pairs.",True,
cv,deephit - nfg,deephit,nfg,secondary,False,5.0,ici_concordant,0.0010857343130434,-0.0009274032723624,0.0018118143081665,-0.0003715063087191,0.002542974934806,0.0007433730385407,0.059147950668057,6883.364106372992,30,False,"Both are competing-risk deep models fitted as 10-member ensembles, so this contrast isolates the training objective (ranking-weighted likelihood versus a monotone cumulative-incidence parameterisation) rather than the competing-risk assumption. Not learner-matched in the sense used for the naive-versus-competing pairs.",True,
cv,deephit - nfg,deephit,nfg,secondary,False,5.0,e50_concordant,0.0004895217241331,-0.0002188752958318,0.0008646533402497,-7.010348702760549e-05,0.0010491469352938,0.0002854234984323,0.0901681430941365,3297.149994572021,30,False,"Both are competing-risk deep models fitted as 10-member ensembles, so this contrast isolates the training objective (ranking-weighted likelihood versus a monotone cumulative-incidence parameterisation) rather than the competing-risk assumption. Not learner-matched in the sense used for the naive-versus-competing pairs.",True,
cv,deephit - nfg,deephit,nfg,secondary,False,5.0,e90_concordant,0.0030414520995691,-0.0038610965653788,0.0055314479279331,-0.0019788562806801,0.0080617604798184,0.0025610321470851,0.0547152666526978,7814.197468520094,30,False,"Both are competing-risk deep models fitted as 10-member ensembles, so this contrast isolates the training objective (ranking-weighted likelihood versus a monotone cumulative-incidence parameterisation) rather than the competing-risk assumption. Not learner-matched in the sense used for the naive-versus-competing pairs.",True,
cv,deephit - nfg,deephit,nfg,secondary,False,5.0,auc,0.0004191716512044,-0.0017479747533798,0.0026506319642066,-0.0018071370063392,0.002645480308748,0.0011322054869714,0.2824559355329173,372.8531162190651,30,False,"Both are competing-risk deep models fitted as 10-member ensembles, so this contrast isolates the training objective (ranking-weighted likelihood versus a monotone cumulative-incidence parameterisation) rather than the competing-risk assumption. Not learner-matched in the sense used for the naive-versus-competing pairs.",True,
cv,deephit - nfg,deephit,nfg,secondary,False,5.0,cindex,0.0007227222124735,-0.001719020307064,0.0033189564943313,-0.0018528833706751,0.0032983277956222,0.0013089240070643,0.3122685740306591,306.7607510466669,30,False,"Both are competing-risk deep models fitted as 10-member ensembles, so this contrast isolates the training objective (ranking-weighted likelihood versus a monotone cumulative-incidence parameterisation) rather than the competing-risk assumption. Not learner-matched in the sense used for the naive-versus-competing pairs.",True,
cv,deephit - nfg,deephit,nfg,secondary,False,5.0,auc_marginal_ipcw,0.0003738602002461,-0.0018174573779106,0.002645519375801,-0.0018884437868522,0.0026361641873446,0.0011496572518605,0.3139125854187917,303.6445567131257,30,False,"Both are competing-risk deep models fitted as 10-member ensembles, so this contrast isolates the training objective (ranking-weighted likelihood versus a monotone cumulative-incidence parameterisation) rather than the competing-risk assumption. Not learner-matched in the sense used for the naive-versus-competing pairs.",True,
cv,deephit - nfg,deephit,nfg,secondary,False,5.0,cindex_marginal_ipcw,0.0002896805604298,-0.0018965646624565,0.0025552839040756,-0.0019689079585583,0.0025482690794181,0.0011476077020357,0.3195392276684024,293.3346158431682,30,False,"Both are competing-risk deep models fitted as 10-member ensembles, so this contrast isolates the training objective (ranking-weighted likelihood versus a monotone cumulative-incidence parameterisation) rather than the competing-risk assumption. Not learner-matched in the sense used for the naive-versus-competing pairs.",True,
cv,deephit - nfg,deephit,nfg,secondary,False,5.0,at_risk_fraction,0.0,0.0,0.0,0.0,0.0,0.0,4.860149189361204e-05,41148.00014579739,30,False,"Both are competing-risk deep models fitted as 10-member ensembles, so this contrast isolates the training objective (ranking-weighted likelihood versus a monotone cumulative-incidence parameterisation) rather than the competing-risk assumption. Not learner-matched in the sense used for the naive-versus-competing pairs.",True,
cv,deephit - nfg,deephit,nfg,secondary,False,5.0,nb_at_0.01,9.135892614722251e-05,-0.0001427947776392,0.0003496576333418,-0.0001587601292345,0.000341477981529,0.0001273655045577,0.2171676168826012,621.2883802883854,30,False,"Both are competing-risk deep models fitted as 10-member ensembles, so this contrast isolates the training objective (ranking-weighted likelihood versus a monotone cumulative-incidence parameterisation) rather than the competing-risk assumption. Not learner-matched in the sense used for the naive-versus-competing pairs.",True,
cv,deephit - nfg,deephit,nfg,secondary,False,5.0,nb_at_0.02,-0.0001614321644107,-0.0004233525251038,0.0001273479545488,-0.0004383980474379,0.0001155337186164,0.0001409392032434,0.2537774308199009,459.1216016920631,30,False,"Both are competing-risk deep models fitted as 10-member ensembles, so this contrast isolates the training objective (ranking-weighted likelihood versus a monotone cumulative-incidence parameterisation) rather than the competing-risk assumption. Not learner-matched in the sense used for the naive-versus-competing pairs.",True,
cv,deephit - nfg,deephit,nfg,secondary,False,5.0,nb_at_0.03,-0.0002439851562182,-0.0005092690582387,4.7113676555454246e-05,-0.0005283807893045,4.0410476868152416e-05,0.000144771169188,0.2356815373724996,530.0773945198883,30,False,"Both are competing-risk deep models fitted as 10-member ensembles, so this contrast isolates the training objective (ranking-weighted likelihood versus a monotone cumulative-incidence parameterisation) rather than the competing-risk assumption. Not learner-matched in the sense used for the naive-versus-competing pairs.",True,
cv,deephit - nfg,deephit,nfg,secondary,False,5.0,nb_at_0.05,9.46437396729986e-05,-0.0002018597675487,0.0004290473356377,-0.0002236089003956,0.0004128963797416,0.0001616957398312,0.3222480959638161,288.5591995116209,30,False,"Both are competing-risk deep models fitted as 10-member ensembles, so this contrast isolates the training objective (ranking-weighted likelihood versus a monotone cumulative-incidence parameterisation) rather than the competing-risk assumption. Not learner-matched in the sense used for the naive-versus-competing pairs.",True,
cv,deephit - nfg,deephit,nfg,secondary,False,5.0,nb_at_0.075,-7.51224501679341e-05,-0.0003125387389445,0.0001643970477744,-0.0003191872789701,0.0001689423786342,0.0001238725308702,0.3613876005087506,230.92206602235456,30,False,"Both are competing-risk deep models fitted as 10-member ensembles, so this contrast isolates the training objective (ranking-weighted likelihood versus a monotone cumulative-incidence parameterisation) rather than the competing-risk assumption. Not learner-matched in the sense used for the naive-versus-competing pairs.",True,
cv,deephit - nfg,deephit,nfg,secondary,False,5.0,nb_at_0.2,1.043807913750546e-05,-6.075186684029177e-05,0.0001032781729009,-7.262978363922637e-05,9.35059419142373e-05,4.230964864135794e-05,0.2033579683992446,705.6623196734212,30,False,"Both are competing-risk deep models fitted as 10-member ensembles, so this contrast isolates the training objective (ranking-weighted likelihood versus a monotone cumulative-incidence parameterisation) rather than the competing-risk assumption. Not learner-matched in the sense used for the naive-versus-competing pairs.",True,
cv,deephit - nfg,deephit,nfg,secondary,False,5.0,frac_above_0.01,0.0546507577101389,0.0474674701690673,0.060589849948883,0.0475644662843818,0.061737049135896,0.0034843004513591,0.98277859766689,33.31821676694108,30,True,"Both are competing-risk deep models fitted as 10-member ensembles, so this contrast isolates the training objective (ranking-weighted likelihood versus a monotone cumulative-incidence parameterisation) rather than the competing-risk assumption. Not learner-matched in the sense used for the naive-versus-competing pairs.",True,
cv,deephit - nfg,deephit,nfg,secondary,False,5.0,frac_above_0.02,0.0443642561634381,0.0394482165575027,0.0479293845593929,0.0399679176650907,0.0487605946617855,0.0021770147144242,0.8830837734804425,41.07134010227777,30,True,"Both are competing-risk deep models fitted as 10-member ensembles, so this contrast isolates the training objective (ranking-weighted likelihood versus a monotone cumulative-incidence parameterisation) rather than the competing-risk assumption. Not learner-matched in the sense used for the naive-versus-competing pairs.",True,
cv,deephit - nfg,deephit,nfg,secondary,False,5.0,frac_above_0.03,0.034324263036251,0.0304488390684127,0.038184568285942,0.0303745855188679,0.0382739405536341,0.0019537371410541,0.8990965288762192,39.66872117811074,30,True,"Both are competing-risk deep models fitted as 10-member ensembles, so this contrast isolates the training objective (ranking-weighted likelihood versus a monotone cumulative-incidence parameterisation) rather than the competing-risk assumption. Not learner-matched in the sense used for the naive-versus-competing pairs.",True,
cv,deephit - nfg,deephit,nfg,secondary,False,5.0,frac_above_0.05,0.0160268820822238,0.0131143033504486,0.0210365515202283,0.0121824687597342,0.0198712954047135,0.0018908376516561,0.9789513261787888,33.5805154706468,30,True,"Both are competing-risk deep models fitted as 10-member ensembles, so this contrast isolates the training objective (ranking-weighted likelihood versus a monotone cumulative-incidence parameterisation) rather than the competing-risk assumption. Not learner-matched in the sense used for the naive-versus-competing pairs.",True,
cv,deephit - nfg,deephit,nfg,secondary,False,5.0,frac_above_0.075,0.0020056214183568,-0.0008262246847152,0.0056460773572325,-0.0007345009969999,0.0047457438337137,0.0013461647857722,0.9936225776748496,32.583810456920816,30,False,"Both are competing-risk deep models fitted as 10-member ensembles, so this contrast isolates the training objective (ranking-weighted likelihood versus a monotone cumulative-incidence parameterisation) rather than the competing-risk assumption. Not learner-matched in the sense used for the naive-versus-competing pairs.",True,
cv,deephit - nfg,deephit,nfg,secondary,False,5.0,frac_above_0.2,0.000292958994881,0.0001134034828282,0.000550816883333,6.0192085116185566e-05,0.000525725904646,0.0001164848163655,0.7064008383701434,63.13056620689681,30,True,"Both are competing-risk deep models fitted as 10-member ensembles, so this contrast isolates the training objective (ranking-weighted likelihood versus a monotone cumulative-incidence parameterisation) rather than the competing-risk assumption. Not learner-matched in the sense used for the naive-versus-competing pairs.",True,
cv,deephit - nfg,deephit,nfg,secondary,False,5.0,nb_all_at_0.01,0.0,0.0,0.0,0.0,0.0,0.0,4.860149189361204e-05,41148.00014579739,30,False,"Both are competing-risk deep models fitted as 10-member ensembles, so this contrast isolates the training objective (ranking-weighted likelihood versus a monotone cumulative-incidence parameterisation) rather than the competing-risk assumption. Not learner-matched in the sense used for the naive-versus-competing pairs.",True,
cv,deephit - nfg,deephit,nfg,secondary,False,5.0,nb_all_at_0.02,0.0,0.0,0.0,0.0,0.0,0.0,4.860149189361204e-05,41148.00014579739,30,False,"Both are competing-risk deep models fitted as 10-member ensembles, so this contrast isolates the training objective (ranking-weighted likelihood versus a monotone cumulative-incidence parameterisation) rather than the competing-risk assumption. Not learner-matched in the sense used for the naive-versus-competing pairs.",True,
cv,deephit - nfg,deephit,nfg,secondary,False,5.0,nb_all_at_0.03,0.0,0.0,0.0,0.0,0.0,0.0,4.860149189361204e-05,41148.00014579739,30,False,"Both are competing-risk deep models fitted as 10-member ensembles, so this contrast isolates the training objective (ranking-weighted likelihood versus a monotone cumulative-incidence parameterisation) rather than the competing-risk assumption. Not learner-matched in the sense used for the naive-versus-competing pairs.",True,
cv,deephit - nfg,deephit,nfg,secondary,False,5.0,nb_all_at_0.05,0.0,0.0,0.0,0.0,0.0,0.0,4.860149189361204e-05,41148.00014579739,30,False,"Both are competing-risk deep models fitted as 10-member ensembles, so this contrast isolates the training objective (ranking-weighted likelihood versus a monotone cumulative-incidence parameterisation) rather than the competing-risk assumption. Not learner-matched in the sense used for the naive-versus-competing pairs.",True,
cv,deephit - nfg,deephit,nfg,secondary,False,5.0,nb_all_at_0.075,0.0,0.0,0.0,0.0,0.0,0.0,4.860149189361204e-05,41148.00014579739,30,False,"Both are competing-risk deep models fitted as 10-member ensembles, so this contrast isolates the training objective (ranking-weighted likelihood versus a monotone cumulative-incidence parameterisation) rather than the competing-risk assumption. Not learner-matched in the sense used for the naive-versus-competing pairs.",True,
cv,deephit - nfg,deephit,nfg,secondary,False,5.0,nb_all_at_0.2,0.0,0.0,0.0,0.0,0.0,0.0,4.860149189361204e-05,41148.00014579739,30,False,"Both are competing-risk deep models fitted as 10-member ensembles, so this contrast isolates the training objective (ranking-weighted likelihood versus a monotone cumulative-incidence parameterisation) rather than the competing-risk assumption. Not learner-matched in the sense used for the naive-versus-competing pairs.",True,
cv,deephit - nfg,deephit,nfg,secondary,False,5.0,log_eo_ratio,0.0924216617167987,0.0771046819165349,0.1151611566543578,0.0753130577943202,0.1095302656392772,0.0083671943822472,1.0418168418419822,29.166014167417565,30,True,"Both are competing-risk deep models fitted as 10-member ensembles, so this contrast isolates the training objective (ranking-weighted likelihood versus a monotone cumulative-incidence parameterisation) rather than the competing-risk assumption. Not learner-matched in the sense used for the naive-versus-competing pairs.",True,
cv,deephit - nfg,deephit,nfg,secondary,False,10.0,mean_pred,0.0033423673361539,0.0028558771125972,0.0042125463485717,0.0027596653386764,0.0039250693336315,0.0002848895692394,1.0440935822493471,28.957205139118017,30,True,"Both are competing-risk deep models fitted as 10-member ensembles, so this contrast isolates the training objective (ranking-weighted likelihood versus a monotone cumulative-incidence parameterisation) rather than the competing-risk assumption. Not learner-matched in the sense used for the naive-versus-competing pairs.",True,
cv,deephit - nfg,deephit,nfg,secondary,False,10.0,obs_cif,0.0,0.0,0.0,0.0,0.0,0.0,4.860149189361204e-05,41148.00014579739,30,False,"Both are competing-risk deep models fitted as 10-member ensembles, so this contrast isolates the training objective (ranking-weighted likelihood versus a monotone cumulative-incidence parameterisation) rather than the competing-risk assumption. Not learner-matched in the sense used for the naive-versus-competing pairs.",True,
cv,deephit - nfg,deephit,nfg,secondary,False,10.0,eo,0.0908676544825236,0.07659462839365,0.1128103122115135,0.0742948237196371,0.10744048524541,0.0081806635305934,0.9295678582962644,37.18398866748743,30,True,"Both are competing-risk deep models fitted as 10-member ensembles, so this contrast isolates the training objective (ranking-weighted likelihood versus a monotone cumulative-incidence parameterisation) rather than the competing-risk assumption. Not learner-matched in the sense used for the naive-versus-competing pairs.",True,
cv,deephit - nfg,deephit,nfg,secondary,False,10.0,calib_intercept,-0.0927553628881772,-0.1158945655450224,-0.0770514488220214,-0.1110452356557089,-0.0744654901206454,0.0090082260039645,0.9603929513751196,34.8825307889954,30,True,"Both are competing-risk deep models fitted as 10-member ensembles, so this contrast isolates the training objective (ranking-weighted likelihood versus a monotone cumulative-incidence parameterisation) rather than the competing-risk assumption. Not learner-matched in the sense used for the naive-versus-competing pairs.",True,
cv,deephit - nfg,deephit,nfg,secondary,False,10.0,calib_slope,0.0249941945075988,-0.0054186135530471,0.0586287453770637,-0.0080852371884198,0.0580736262036176,0.0167135964857841,0.4967893785474921,124.55697914962887,30,False,"Both are competing-risk deep models fitted as 10-member ensembles, so this contrast isolates the training objective (ranking-weighted likelihood versus a monotone cumulative-incidence parameterisation) rather than the competing-risk assumption. Not learner-matched in the sense used for the naive-versus-competing pairs.",True,
cv,deephit - nfg,deephit,nfg,secondary,False,10.0,ici,0.0018969901643383,-0.001660646739765,0.003591343446169,-0.0008883754809435,0.0046823558096201,0.0014208557823771,0.0626818646547945,6249.107306139601,30,False,"Both are competing-risk deep models fitted as 10-member ensembles, so this contrast isolates the training objective (ranking-weighted likelihood versus a monotone cumulative-incidence parameterisation) rather than the competing-risk assumption. Not learner-matched in the sense used for the naive-versus-competing pairs.",True,
cv,deephit - nfg,deephit,nfg,secondary,False,10.0,e50,0.0010685060716544,-0.0003197564808942,0.0015894121257588,0.0001070219404372,0.0020299902028717,0.0004902059167982,0.1299991075147211,1666.7857483770108,30,False,"Both are competing-risk deep models fitted as 10-member ensembles, so this contrast isolates the training objective (ranking-weighted likelihood versus a monotone cumulative-incidence parameterisation) rather than the competing-risk assumption. Not learner-matched in the sense used for the naive-versus-competing pairs.",True,
cv,deephit - nfg,deephit,nfg,secondary,False,10.0,e90,0.0052761913665259,-0.0069436474936082,0.0114213538356125,-0.0046374460713133,0.0151898288043653,0.0050571351930511,0.0609985816763137,6540.452917305511,30,False,"Both are competing-risk deep models fitted as 10-member ensembles, so this contrast isolates the training objective (ranking-weighted likelihood versus a monotone cumulative-incidence parameterisation) rather than the competing-risk assumption. Not learner-matched in the sense used for the naive-versus-competing pairs.",True,
cv,deephit - nfg,deephit,nfg,secondary,False,10.0,obs_concordant,0.0,0.0,0.0,0.0,0.0,0.0,4.860149189361204e-05,41148.00014579739,30,False,"Both are competing-risk deep models fitted as 10-member ensembles, so this contrast isolates the training objective (ranking-weighted likelihood versus a monotone cumulative-incidence parameterisation) rather than the competing-risk assumption. Not learner-matched in the sense used for the naive-versus-competing pairs.",True,
cv,deephit - nfg,deephit,nfg,secondary,False,10.0,eo_concordant,0.0908676544825236,0.07659462839365,0.1128103122115135,0.0742948237196371,0.10744048524541,0.0081806635305934,0.9295678582962644,37.18398866748743,30,True,"Both are competing-risk deep models fitted as 10-member ensembles, so this contrast isolates the training objective (ranking-weighted likelihood versus a monotone cumulative-incidence parameterisation) rather than the competing-risk assumption. Not learner-matched in the sense used for the naive-versus-competing pairs.",True,
cv,deephit - nfg,deephit,nfg,secondary,False,10.0,calib_intercept_concordant,-0.0927553628881772,-0.1158945655450224,-0.0770514488220214,-0.1110452356557089,-0.0744654901206454,0.0090082260039645,0.9603929513751196,34.8825307889954,30,True,"Both are competing-risk deep models fitted as 10-member ensembles, so this contrast isolates the training objective (ranking-weighted likelihood versus a monotone cumulative-incidence parameterisation) rather than the competing-risk assumption. Not learner-matched in the sense used for the naive-versus-competing pairs.",True,
cv,deephit - nfg,deephit,nfg,secondary,False,10.0,calib_slope_concordant,0.0249941945075988,-0.0054186135530471,0.0586287453770637,-0.0080852371884198,0.0580736262036176,0.0167135964857841,0.4967893785474921,124.55697914962887,30,False,"Both are competing-risk deep models fitted as 10-member ensembles, so this contrast isolates the training objective (ranking-weighted likelihood versus a monotone cumulative-incidence parameterisation) rather than the competing-risk assumption. Not learner-matched in the sense used for the naive-versus-competing pairs.",True,
cv,deephit - nfg,deephit,nfg,secondary,False,10.0,ici_concordant,0.0018969901643383,-0.001660646739765,0.003591343446169,-0.0008883754809435,0.0046823558096201,0.0014208557823771,0.0626818646547945,6249.107306139601,30,False,"Both are competing-risk deep models fitted as 10-member ensembles, so this contrast isolates the training objective (ranking-weighted likelihood versus a monotone cumulative-incidence parameterisation) rather than the competing-risk assumption. Not learner-matched in the sense used for the naive-versus-competing pairs.",True,
cv,deephit - nfg,deephit,nfg,secondary,False,10.0,e50_concordant,0.0010685060716544,-0.0003197564808942,0.0015894121257588,0.0001070219404372,0.0020299902028717,0.0004902059167982,0.1299991075147211,1666.7857483770108,30,False,"Both are competing-risk deep models fitted as 10-member ensembles, so this contrast isolates the training objective (ranking-weighted likelihood versus a monotone cumulative-incidence parameterisation) rather than the competing-risk assumption. Not learner-matched in the sense used for the naive-versus-competing pairs.",True,
cv,deephit - nfg,deephit,nfg,secondary,False,10.0,e90_concordant,0.0052761913665259,-0.0069436474936082,0.0114213538356125,-0.0046374460713133,0.0151898288043653,0.0050571351930511,0.0609985816763137,6540.452917305511,30,False,"Both are competing-risk deep models fitted as 10-member ensembles, so this contrast isolates the training objective (ranking-weighted likelihood versus a monotone cumulative-incidence parameterisation) rather than the competing-risk assumption. Not learner-matched in the sense used for the naive-versus-competing pairs.",True,
cv,deephit - nfg,deephit,nfg,secondary,False,10.0,auc,0.0012359797954559,-0.000293555855751,0.0028264537453651,-0.0003455078106209,0.0028174674015328,0.0008046888938132,0.2586612945718752,442.4242225950899,30,False,"Both are competing-risk deep models fitted as 10-member ensembles, so this contrast isolates the training objective (ranking-weighted likelihood versus a monotone cumulative-incidence parameterisation) rather than the competing-risk assumption. Not learner-matched in the sense used for the naive-versus-competing pairs.",True,
cv,deephit - nfg,deephit,nfg,secondary,False,10.0,cindex,0.0014123320579528,-0.0002642825245857,0.0031632885336875,-0.0003450948400858,0.0031697589559916,0.000893354087586,0.3017091352861604,327.9826309090243,30,False,"Both are competing-risk deep models fitted as 10-member ensembles, so this contrast isolates the training objective (ranking-weighted likelihood versus a monotone cumulative-incidence parameterisation) rather than the competing-risk assumption. Not learner-matched in the sense used for the naive-versus-competing pairs.",True,
cv,deephit - nfg,deephit,nfg,secondary,False,10.0,auc_marginal_ipcw,0.0011012236277262,-0.0004423335194587,0.0027228876948356,-0.000478970122038,0.0026814173774905,0.0008046030511345,0.2215770217899413,597.5300934471948,30,False,"Both are competing-risk deep models fitted as 10-member ensembles, so this contrast isolates the training objective (ranking-weighted likelihood versus a monotone cumulative-incidence parameterisation) rather than the competing-risk assumption. Not learner-matched in the sense used for the naive-versus-competing pairs.",True,
cv,deephit - nfg,deephit,nfg,secondary,False,10.0,cindex_marginal_ipcw,0.0011145114898681,-0.0003807052969932,0.0027105838060379,-0.0004248451509585,0.0026538681306949,0.0007839385030123,0.2121306524571679,650.2117514052896,30,False,"Both are competing-risk deep models fitted as 10-member ensembles, so this contrast isolates the training objective (ranking-weighted likelihood versus a monotone cumulative-incidence parameterisation) rather than the competing-risk assumption. Not learner-matched in the sense used for the naive-versus-competing pairs.",True,
cv,deephit - nfg,deephit,nfg,secondary,False,10.0,at_risk_fraction,0.0,0.0,0.0,0.0,0.0,0.0,4.860149189361204e-05,41148.00014579739,30,False,"Both are competing-risk deep models fitted as 10-member ensembles, so this contrast isolates the training objective (ranking-weighted likelihood versus a monotone cumulative-incidence parameterisation) rather than the competing-risk assumption. Not learner-matched in the sense used for the naive-versus-competing pairs.",True,
cv,deephit - nfg,deephit,nfg,secondary,False,10.0,nb_at_0.01,-3.1958396236101785e-05,-0.0002534510567784,0.0002210595179349,-0.0002712459488088,0.0002073291563366,0.0001217975710127,0.2405953592113397,509.2546793185657,30,False,"Both are competing-risk deep models fitted as 10-member ensembles, so this contrast isolates the training objective (ranking-weighted likelihood versus a monotone cumulative-incidence parameterisation) rather than the competing-risk assumption. Not learner-matched in the sense used for the naive-versus-competing pairs.",True,
cv,deephit - nfg,deephit,nfg,secondary,False,10.0,nb_at_0.02,-7.307336976130804e-05,-0.0003697778098285,0.0002492778468877,-0.0003880984957675,0.0002419517562449,0.0001601084519644,0.3090798248676492,312.9447595644,30,False,"Both are competing-risk deep models fitted as 10-member ensembles, so this contrast isolates the training objective (ranking-weighted likelihood versus a monotone cumulative-incidence parameterisation) rather than the competing-risk assumption. Not learner-matched in the sense used for the naive-versus-competing pairs.",True,
cv,deephit - nfg,deephit,nfg,secondary,False,10.0,nb_at_0.03,7.914546877145767e-05,-0.0003610937390476,0.0005310813896358,-0.0003708586302254,0.0005291495677683,0.0002280190712497,0.4156776129389586,175.96493289816766,30,False,"Both are competing-risk deep models fitted as 10-member ensembles, so this contrast isolates the training objective (ranking-weighted likelihood versus a monotone cumulative-incidence parameterisation) rather than the competing-risk assumption. Not learner-matched in the sense used for the naive-versus-competing pairs.",True,
cv,deephit - nfg,deephit,nfg,secondary,False,10.0,nb_at_0.05,-7.597915828227997e-06,-0.0004632915602996,0.0004861691966652,-0.0004907013611742,0.0004755055295178,0.0002454640505507,0.3203217087335289,291.9429619059485,30,False,"Both are competing-risk deep models fitted as 10-member ensembles, so this contrast isolates the training objective (ranking-weighted likelihood versus a monotone cumulative-incidence parameterisation) rather than the competing-risk assumption. Not learner-matched in the sense used for the naive-versus-competing pairs.",True,
cv,deephit - nfg,deephit,nfg,secondary,False,10.0,nb_at_0.075,-0.0002104975904027,-0.0006659277947619,0.0002972847782075,-0.0006943597053568,0.0002733645245513,0.0002463030802835,0.2370132836890514,524.30887995502,30,False,"Both are competing-risk deep models fitted as 10-member ensembles, so this contrast isolates the training objective (ranking-weighted likelihood versus a monotone cumulative-incidence parameterisation) rather than the competing-risk assumption. Not learner-matched in the sense used for the naive-versus-competing pairs.",True,
cv,deephit - nfg,deephit,nfg,secondary,False,10.0,nb_at_0.2,-6.49585349795719e-05,-0.0005174863312277,0.0003899517090758,-0.0005303681589477,0.0004004510889886,0.0002352857781712,0.481604876747441,132.27347137205666,30,False,"Both are competing-risk deep models fitted as 10-member ensembles, so this contrast isolates the training objective (ranking-weighted likelihood versus a monotone cumulative-incidence parameterisation) rather than the competing-risk assumption. Not learner-matched in the sense used for the naive-versus-competing pairs.",True,
cv,deephit - nfg,deephit,nfg,secondary,False,10.0,frac_above_0.01,0.0318728665510813,0.0249406695365905,0.0386543869972229,0.0240238620890007,0.0397218710131619,0.0038501900593346,1.0121087352212486,31.34583542052091,30,True,"Both are competing-risk deep models fitted as 10-member ensembles, so this contrast isolates the training objective (ranking-weighted likelihood versus a monotone cumulative-incidence parameterisation) rather than the competing-risk assumption. Not learner-matched in the sense used for the naive-versus-competing pairs.",True,
cv,deephit - nfg,deephit,nfg,secondary,False,10.0,frac_above_0.02,0.0374452879031499,0.0318340063095092,0.0422670841217041,0.0314718022515261,0.0434187735547737,0.0029365708810482,0.9852772366044416,33.14793089716361,30,True,"Both are competing-risk deep models fitted as 10-member ensembles, so this contrast isolates the training objective (ranking-weighted likelihood versus a monotone cumulative-incidence parameterisation) rather than the competing-risk assumption. Not learner-matched in the sense used for the naive-versus-competing pairs.",True,
cv,deephit - nfg,deephit,nfg,secondary,False,10.0,frac_above_0.03,0.0360712180534998,0.030456930398941,0.0405012376606464,0.0301680660213027,0.0419743700856969,0.0029018988585878,0.985703194125357,33.11897167334976,30,True,"Both are competing-risk deep models fitted as 10-member ensembles, so this contrast isolates the training objective (ranking-weighted likelihood versus a monotone cumulative-incidence parameterisation) rather than the competing-risk assumption. Not learner-matched in the sense used for the naive-versus-competing pairs.",True,
cv,deephit - nfg,deephit,nfg,secondary,False,10.0,frac_above_0.05,0.0317794382572174,0.0268037315458059,0.035033568739891,0.0275282628474827,0.0360306136669521,0.0020988295738172,0.92706596541769,37.3795941743296,30,True,"Both are competing-risk deep models fitted as 10-member ensembles, so this contrast isolates the training objective (ranking-weighted likelihood versus a monotone cumulative-incidence parameterisation) rather than the competing-risk assumption. Not learner-matched in the sense used for the naive-versus-competing pairs.",True,
cv,deephit - nfg,deephit,nfg,secondary,False,10.0,frac_above_0.075,0.0253445953130722,0.021198347210884,0.0297927115112543,0.0211662725907811,0.0295229180353632,0.0020592550712806,0.951594680402171,35.52015890630036,30,True,"Both are competing-risk deep models fitted as 10-member ensembles, so this contrast isolates the training objective (ranking-weighted likelihood versus a monotone cumulative-incidence parameterisation) rather than the competing-risk assumption. Not learner-matched in the sense used for the naive-versus-competing pairs.",True,
cv,deephit - nfg,deephit,nfg,secondary,False,10.0,frac_above_0.2,0.0049268411472439,0.0029808916151523,0.0066908039152622,0.002934559434091,0.0069191228603969,0.0009818447209981,0.9521048559523178,35.482790816670416,30,True,"Both are competing-risk deep models fitted as 10-member ensembles, so this contrast isolates the training objective (ranking-weighted likelihood versus a monotone cumulative-incidence parameterisation) rather than the competing-risk assumption. Not learner-matched in the sense used for the naive-versus-competing pairs.",True,
cv,deephit - nfg,deephit,nfg,secondary,False,10.0,nb_all_at_0.01,0.0,0.0,0.0,0.0,0.0,0.0,4.860149189361204e-05,41148.00014579739,30,False,"Both are competing-risk deep models fitted as 10-member ensembles, so this contrast isolates the training objective (ranking-weighted likelihood versus a monotone cumulative-incidence parameterisation) rather than the competing-risk assumption. Not learner-matched in the sense used for the naive-versus-competing pairs.",True,
cv,deephit - nfg,deephit,nfg,secondary,False,10.0,nb_all_at_0.02,0.0,0.0,0.0,0.0,0.0,0.0,4.860149189361204e-05,41148.00014579739,30,False,"Both are competing-risk deep models fitted as 10-member ensembles, so this contrast isolates the training objective (ranking-weighted likelihood versus a monotone cumulative-incidence parameterisation) rather than the competing-risk assumption. Not learner-matched in the sense used for the naive-versus-competing pairs.",True,
cv,deephit - nfg,deephit,nfg,secondary,False,10.0,nb_all_at_0.03,0.0,0.0,0.0,0.0,0.0,0.0,4.860149189361204e-05,41148.00014579739,30,False,"Both are competing-risk deep models fitted as 10-member ensembles, so this contrast isolates the training objective (ranking-weighted likelihood versus a monotone cumulative-incidence parameterisation) rather than the competing-risk assumption. Not learner-matched in the sense used for the naive-versus-competing pairs.",True,
cv,deephit - nfg,deephit,nfg,secondary,False,10.0,nb_all_at_0.05,0.0,0.0,0.0,0.0,0.0,0.0,4.860149189361204e-05,41148.00014579739,30,False,"Both are competing-risk deep models fitted as 10-member ensembles, so this contrast isolates the training objective (ranking-weighted likelihood versus a monotone cumulative-incidence parameterisation) rather than the competing-risk assumption. Not learner-matched in the sense used for the naive-versus-competing pairs.",True,
cv,deephit - nfg,deephit,nfg,secondary,False,10.0,nb_all_at_0.075,0.0,0.0,0.0,0.0,0.0,0.0,4.860149189361204e-05,41148.00014579739,30,False,"Both are competing-risk deep models fitted as 10-member ensembles, so this contrast isolates the training objective (ranking-weighted likelihood versus a monotone cumulative-incidence parameterisation) rather than the competing-risk assumption. Not learner-matched in the sense used for the naive-versus-competing pairs.",True,
cv,deephit - nfg,deephit,nfg,secondary,False,10.0,nb_all_at_0.2,0.0,0.0,0.0,0.0,0.0,0.0,4.860149189361204e-05,41148.00014579739,30,False,"Both are competing-risk deep models fitted as 10-member ensembles, so this contrast isolates the training objective (ranking-weighted likelihood versus a monotone cumulative-incidence parameterisation) rather than the competing-risk assumption. Not learner-matched in the sense used for the naive-versus-competing pairs.",True,
cv,deephit - nfg,deephit,nfg,secondary,False,10.0,log_eo_ratio,0.0874890559011807,0.075051219202578,0.1092503551393747,0.0725024070373955,0.1024757047649658,0.0073176634281939,1.0517219679791106,28.12099918974771,30,True,"Both are competing-risk deep models fitted as 10-member ensembles, so this contrast isolates the training objective (ranking-weighted likelihood versus a monotone cumulative-incidence parameterisation) rather than the competing-risk assumption. Not learner-matched in the sense used for the naive-versus-competing pairs.",True,
cv,deephit - nfg,deephit,nfg,secondary,False,15.0,mean_pred,0.0052514940500259,0.0043642424046993,0.006191605515778,0.0043109672274997,0.0061920208725521,0.0004599161691451,1.0428116603206568,29.07640994604804,30,True,"Both are competing-risk deep models fitted as 10-member ensembles, so this contrast isolates the training objective (ranking-weighted likelihood versus a monotone cumulative-incidence parameterisation) rather than the competing-risk assumption. Not learner-matched in the sense used for the naive-versus-competing pairs.",True,
cv,deephit - nfg,deephit,nfg,secondary,False,15.0,obs_cif,0.0,0.0,0.0,0.0,0.0,0.0,4.860149189361204e-05,41148.00014579739,30,False,"Both are competing-risk deep models fitted as 10-member ensembles, so this contrast isolates the training objective (ranking-weighted likelihood versus a monotone cumulative-incidence parameterisation) rather than the competing-risk assumption. Not learner-matched in the sense used for the naive-versus-competing pairs.",True,
cv,deephit - nfg,deephit,nfg,secondary,False,15.0,eo,0.0818222045898437,0.0679160431027412,0.0961653739213943,0.0666965617061253,0.0969478474735621,0.007450087108213,0.9598016067957976,34.92494481576833,30,True,"Both are competing-risk deep models fitted as 10-member ensembles, so this contrast isolates the training objective (ranking-weighted likelihood versus a monotone cumulative-incidence parameterisation) rather than the competing-risk assumption. Not learner-matched in the sense used for the naive-versus-competing pairs.",True,
cv,deephit - nfg,deephit,nfg,secondary,False,15.0,calib_intercept,-0.1111562686661879,-0.1253271680325269,-0.0959551451727747,-0.1270966964121336,-0.0952158409202422,0.0078350577749989,0.9873619356213278,33.00638549277663,30,True,"Both are competing-risk deep models fitted as 10-member ensembles, so this contrast isolates the training objective (ranking-weighted likelihood versus a monotone cumulative-incidence parameterisation) rather than the competing-risk assumption. Not learner-matched in the sense used for the naive-versus-competing pairs.",True,
cv,deephit - nfg,deephit,nfg,secondary,False,15.0,calib_slope,-0.0286839604377746,-0.0546552419662475,0.0004444539546965,-0.0566972259365587,-0.0006706949389906,0.0141221638366325,0.5525552399615584,101.3907292216972,30,False,"Both are competing-risk deep models fitted as 10-member ensembles, so this contrast isolates the training objective (ranking-weighted likelihood versus a monotone cumulative-incidence parameterisation) rather than the competing-risk assumption. Not learner-matched in the sense used for the naive-versus-competing pairs.",True,
cv,deephit - nfg,deephit,nfg,secondary,False,15.0,ici,0.0016468076889092,-0.0039561750600114,0.0054510688642039,-0.0033014123215844,0.0065950276994029,0.0025244714961006,0.030970584408724,17269.826585513372,30,False,"Both are competing-risk deep models fitted as 10-member ensembles, so this contrast isolates the training objective (ranking-weighted likelihood versus a monotone cumulative-incidence parameterisation) rather than the competing-risk assumption. Not learner-matched in the sense used for the naive-versus-competing pairs.",True,
cv,deephit - nfg,deephit,nfg,secondary,False,15.0,e50,0.0005489891550193,-0.0015630932350177,0.0019770714570768,-0.0013400004386031,0.0024379787486417,0.0009630855143761,0.1302468871814757,1660.772281917651,30,False,"Both are competing-risk deep models fitted as 10-member ensembles, so this contrast isolates the training objective (ranking-weighted likelihood versus a monotone cumulative-incidence parameterisation) rather than the competing-risk assumption. Not learner-matched in the sense used for the naive-versus-competing pairs.",True,
cv,deephit - nfg,deephit,nfg,secondary,False,15.0,e90,0.0051510564982891,-0.0139873447827994,0.0197819665540009,-0.0126593515158212,0.0229614645123994,0.0090864367645264,0.0324697627514081,16340.914185904016,30,False,"Both are competing-risk deep models fitted as 10-member ensembles, so this contrast isolates the training objective (ranking-weighted likelihood versus a monotone cumulative-incidence parameterisation) rather than the competing-risk assumption. Not learner-matched in the sense used for the naive-versus-competing pairs.",True,
cv,deephit - nfg,deephit,nfg,secondary,False,15.0,obs_concordant,0.0,0.0,0.0,0.0,0.0,0.0,4.860149189361204e-05,41148.00014579739,30,False,"Both are competing-risk deep models fitted as 10-member ensembles, so this contrast isolates the training objective (ranking-weighted likelihood versus a monotone cumulative-incidence parameterisation) rather than the competing-risk assumption. Not learner-matched in the sense used for the naive-versus-competing pairs.",True,
cv,deephit - nfg,deephit,nfg,secondary,False,15.0,eo_concordant,0.0818222045898437,0.0679160431027412,0.0961653739213943,0.0666965617061253,0.0969478474735621,0.007450087108213,0.9598016067957976,34.92494481576833,30,True,"Both are competing-risk deep models fitted as 10-member ensembles, so this contrast isolates the training objective (ranking-weighted likelihood versus a monotone cumulative-incidence parameterisation) rather than the competing-risk assumption. Not learner-matched in the sense used for the naive-versus-competing pairs.",True,
cv,deephit - nfg,deephit,nfg,secondary,False,15.0,calib_intercept_concordant,-0.1111562686661879,-0.1253271680325269,-0.0959551451727747,-0.1270966964121336,-0.0952158409202422,0.0078350577749989,0.9873619356213278,33.00638549277663,30,True,"Both are competing-risk deep models fitted as 10-member ensembles, so this contrast isolates the training objective (ranking-weighted likelihood versus a monotone cumulative-incidence parameterisation) rather than the competing-risk assumption. Not learner-matched in the sense used for the naive-versus-competing pairs.",True,
cv,deephit - nfg,deephit,nfg,secondary,False,15.0,calib_slope_concordant,-0.0286839604377746,-0.0546552419662475,0.0004444539546965,-0.0566972259365587,-0.0006706949389906,0.0141221638366325,0.5525552399615584,101.3907292216972,30,False,"Both are competing-risk deep models fitted as 10-member ensembles, so this contrast isolates the training objective (ranking-weighted likelihood versus a monotone cumulative-incidence parameterisation) rather than the competing-risk assumption. Not learner-matched in the sense used for the naive-versus-competing pairs.",True,
cv,deephit - nfg,deephit,nfg,secondary,False,15.0,ici_concordant,0.0016468076889092,-0.0039561750600114,0.0054510688642039,-0.0033014123215844,0.0065950276994029,0.0025244714961006,0.030970584408724,17269.826585513372,30,False,"Both are competing-risk deep models fitted as 10-member ensembles, so this contrast isolates the training objective (ranking-weighted likelihood versus a monotone cumulative-incidence parameterisation) rather than the competing-risk assumption. Not learner-matched in the sense used for the naive-versus-competing pairs.",True,
cv,deephit - nfg,deephit,nfg,secondary,False,15.0,e50_concordant,0.0005489891550193,-0.0015630932350177,0.0019770714570768,-0.0013400004386031,0.0024379787486417,0.0009630855143761,0.1302468871814757,1660.772281917651,30,False,"Both are competing-risk deep models fitted as 10-member ensembles, so this contrast isolates the training objective (ranking-weighted likelihood versus a monotone cumulative-incidence parameterisation) rather than the competing-risk assumption. Not learner-matched in the sense used for the naive-versus-competing pairs.",True,
cv,deephit - nfg,deephit,nfg,secondary,False,15.0,e90_concordant,0.0051510564982891,-0.0139873447827994,0.0197819665540009,-0.0126593515158212,0.0229614645123994,0.0090864367645264,0.0324697627514081,16340.914185904016,30,False,"Both are competing-risk deep models fitted as 10-member ensembles, so this contrast isolates the training objective (ranking-weighted likelihood versus a monotone cumulative-incidence parameterisation) rather than the competing-risk assumption. Not learner-matched in the sense used for the naive-versus-competing pairs.",True,
cv,deephit - nfg,deephit,nfg,secondary,False,15.0,auc,0.0017666717370351,0.0001799136400222,0.003501358628273,6.534464818431216e-05,0.0034679988258859,0.0008640820090448,0.3363989357968047,265.4288505022179,30,True,"Both are competing-risk deep models fitted as 10-member ensembles, so this contrast isolates the training objective (ranking-weighted likelihood versus a monotone cumulative-incidence parameterisation) rather than the competing-risk assumption. Not learner-matched in the sense used for the naive-versus-competing pairs.",True,
cv,deephit - nfg,deephit,nfg,secondary,False,15.0,cindex,0.0009082396825154,-0.0011685296893119,0.0034215003252029,-0.001440866880949,0.00325734624598,0.0011929281523311,0.3412013074272498,258.2147685818823,30,False,"Both are competing-risk deep models fitted as 10-member ensembles, so this contrast isolates the training objective (ranking-weighted likelihood versus a monotone cumulative-incidence parameterisation) rather than the competing-risk assumption. Not learner-matched in the sense used for the naive-versus-competing pairs.",True,
cv,deephit - nfg,deephit,nfg,secondary,False,15.0,auc_marginal_ipcw,0.0007536828517913,-0.0007801085710525,0.0024107798933982,-0.0008649607439841,0.0023723264475668,0.0008212801067204,0.3717926179814002,218.5312992821847,30,False,"Both are competing-risk deep models fitted as 10-member ensembles, so this contrast isolates the training objective (ranking-weighted likelihood versus a monotone cumulative-incidence parameterisation) rather than the competing-risk assumption. Not learner-matched in the sense used for the naive-versus-competing pairs.",True,
cv,deephit - nfg,deephit,nfg,secondary,False,15.0,cindex_marginal_ipcw,0.0004532436529795,-0.0009337797760963,0.0019217133522033,-0.0009871545598188,0.0018936418657778,0.0007323957058098,0.2902287154972941,353.6819928696881,30,False,"Both are competing-risk deep models fitted as 10-member ensembles, so this contrast isolates the training objective (ranking-weighted likelihood versus a monotone cumulative-incidence parameterisation) rather than the competing-risk assumption. Not learner-matched in the sense used for the naive-versus-competing pairs.",True,
cv,deephit - nfg,deephit,nfg,secondary,False,15.0,at_risk_fraction,0.0,0.0,0.0,0.0,0.0,0.0,4.860149189361204e-05,41148.00014579739,30,False,"Both are competing-risk deep models fitted as 10-member ensembles, so this contrast isolates the training objective (ranking-weighted likelihood versus a monotone cumulative-incidence parameterisation) rather than the competing-risk assumption. Not learner-matched in the sense used for the naive-versus-competing pairs.",True,
cv,deephit - nfg,deephit,nfg,secondary,False,15.0,nb_at_0.01,0.0001483805477619,-0.0002084635198116,0.0004953369498252,-0.0002079646388174,0.0005047257343412,0.0001812802150472,0.2677482065956117,413.70534605123873,30,False,"Both are competing-risk deep models fitted as 10-member ensembles, so this contrast isolates the training objective (ranking-weighted likelihood versus a monotone cumulative-incidence parameterisation) rather than the competing-risk assumption. Not learner-matched in the sense used for the naive-versus-competing pairs.",True,
cv,deephit - nfg,deephit,nfg,secondary,False,15.0,nb_at_0.02,-4.551137487093608e-05,-0.0003934703767299,0.0003088418394327,-0.0004029321830124,0.0003119094332705,0.0001814659272811,0.3493752548035645,246.60199026903865,30,False,"Both are competing-risk deep models fitted as 10-member ensembles, so this contrast isolates the training objective (ranking-weighted likelihood versus a monotone cumulative-incidence parameterisation) rather than the competing-risk assumption. Not learner-matched in the sense used for the naive-versus-competing pairs.",True,
cv,deephit - nfg,deephit,nfg,secondary,False,15.0,nb_at_0.03,-0.0001430901388327,-0.0005358334630727,0.0002886804752051,-0.0005622166476674,0.000276036370002,0.0002120764730705,0.4570088505006552,146.41414443166929,30,False,"Both are competing-risk deep models fitted as 10-member ensembles, so this contrast isolates the training objective (ranking-weighted likelihood versus a monotone cumulative-incidence parameterisation) rather than the competing-risk assumption. Not learner-matched in the sense used for the naive-versus-competing pairs.",True,
cv,deephit - nfg,deephit,nfg,secondary,False,15.0,nb_at_0.05,-0.0001130712529023,-0.0005639591254293,0.0003559646196663,-0.0005789178666483,0.0003527753608436,0.0002370161836125,0.2616783112623249,432.5636276710344,30,False,"Both are competing-risk deep models fitted as 10-member ensembles, so this contrast isolates the training objective (ranking-weighted likelihood versus a monotone cumulative-incidence parameterisation) rather than the competing-risk assumption. Not learner-matched in the sense used for the naive-versus-competing pairs.",True,
cv,deephit - nfg,deephit,nfg,secondary,False,15.0,nb_at_0.075,-1.844031115372976e-05,-0.0005580939818173,0.000578944850713,-0.0005974862361888,0.0005606056138813,0.0002934862577687,0.4070411806844339,183.2833406197205,30,False,"Both are competing-risk deep models fitted as 10-member ensembles, so this contrast isolates the training objective (ranking-weighted likelihood versus a monotone cumulative-incidence parameterisation) rather than the competing-risk assumption. Not learner-matched in the sense used for the naive-versus-competing pairs.",True,
cv,deephit - nfg,deephit,nfg,secondary,False,15.0,nb_at_0.2,0.0006372211656222,-0.0005856659379787,0.0018677840591408,-0.0005993448523945,0.0018737871836391,0.0006291601683775,0.2606982688703707,435.72999789420464,30,False,"Both are competing-risk deep models fitted as 10-member ensembles, so this contrast isolates the training objective (ranking-weighted likelihood versus a monotone cumulative-incidence parameterisation) rather than the competing-risk assumption. Not learner-matched in the sense used for the naive-versus-competing pairs.",True,
cv,deephit - nfg,deephit,nfg,secondary,False,15.0,frac_above_0.01,-0.0532869458198547,-0.0664463639259338,-0.0390027150511741,-0.0676306178959931,-0.0389432737437163,0.0070139243677792,1.0429259209709316,29.06596264458922,30,True,"Both are competing-risk deep models fitted as 10-member ensembles, so this contrast isolates the training objective (ranking-weighted likelihood versus a monotone cumulative-incidence parameterisation) rather than the competing-risk assumption. Not learner-matched in the sense used for the naive-versus-competing pairs.",True,
cv,deephit - nfg,deephit,nfg,secondary,False,15.0,frac_above_0.02,0.0145969152450561,0.0075494647026062,0.0214413404464721,0.0074300140188448,0.0217638164712674,0.0035134496003283,1.019058707781211,30.875265229913538,30,True,"Both are competing-risk deep models fitted as 10-member ensembles, so this contrast isolates the training objective (ranking-weighted likelihood versus a monotone cumulative-incidence parameterisation) rather than the competing-risk assumption. Not learner-matched in the sense used for the naive-versus-competing pairs.",True,
cv,deephit - nfg,deephit,nfg,secondary,False,15.0,frac_above_0.03,0.0193982054789861,0.0124743871390819,0.0258559882640838,0.01310886958528,0.0256875413726921,0.0030846682165971,1.013813096554284,31.231114424395777,30,True,"Both are competing-risk deep models fitted as 10-member ensembles, so this contrast isolates the training objective (ranking-weighted likelihood versus a monotone cumulative-incidence parameterisation) rather than the competing-risk assumption. Not learner-matched in the sense used for the naive-versus-competing pairs.",True,
cv,deephit - nfg,deephit,nfg,secondary,False,15.0,frac_above_0.05,0.0160495628913243,0.0103116035461425,0.0202101171016693,0.0109848121303863,0.0211143136522623,0.0024866775608027,1.0012599711858292,32.071959875554235,30,True,"Both are competing-risk deep models fitted as 10-member ensembles, so this contrast isolates the training objective (ranking-weighted likelihood versus a monotone cumulative-incidence parameterisation) rather than the competing-risk assumption. Not learner-matched in the sense used for the naive-versus-competing pairs.",True,
cv,deephit - nfg,deephit,nfg,secondary,False,15.0,frac_above_0.075,0.0183705568313598,0.0136651389300823,0.0219354629516601,0.0135579096784542,0.0231832039842654,0.0023644228428566,0.9932494283136388,32.608905087763326,30,True,"Both are competing-risk deep models fitted as 10-member ensembles, so this contrast isolates the training objective (ranking-weighted likelihood versus a monotone cumulative-incidence parameterisation) rather than the competing-risk assumption. Not learner-matched in the sense used for the naive-versus-competing pairs.",True,
cv,deephit - nfg,deephit,nfg,secondary,False,15.0,frac_above_0.2,0.0252808752159277,0.0210687518119812,0.0302544236183166,0.0206026825106369,0.0299590679212185,0.0023026017708371,0.9693148140242452,34.24985976106212,30,True,"Both are competing-risk deep models fitted as 10-member ensembles, so this contrast isolates the training objective (ranking-weighted likelihood versus a monotone cumulative-incidence parameterisation) rather than the competing-risk assumption. Not learner-matched in the sense used for the naive-versus-competing pairs.",True,
cv,deephit - nfg,deephit,nfg,secondary,False,15.0,nb_all_at_0.01,0.0,0.0,0.0,0.0,0.0,0.0,4.860149189361204e-05,41148.00014579739,30,False,"Both are competing-risk deep models fitted as 10-member ensembles, so this contrast isolates the training objective (ranking-weighted likelihood versus a monotone cumulative-incidence parameterisation) rather than the competing-risk assumption. Not learner-matched in the sense used for the naive-versus-competing pairs.",True,
cv,deephit - nfg,deephit,nfg,secondary,False,15.0,nb_all_at_0.02,0.0,0.0,0.0,0.0,0.0,0.0,4.860149189361204e-05,41148.00014579739,30,False,"Both are competing-risk deep models fitted as 10-member ensembles, so this contrast isolates the training objective (ranking-weighted likelihood versus a monotone cumulative-incidence parameterisation) rather than the competing-risk assumption. Not learner-matched in the sense used for the naive-versus-competing pairs.",True,
cv,deephit - nfg,deephit,nfg,secondary,False,15.0,nb_all_at_0.03,0.0,0.0,0.0,0.0,0.0,0.0,4.860149189361204e-05,41148.00014579739,30,False,"Both are competing-risk deep models fitted as 10-member ensembles, so this contrast isolates the training objective (ranking-weighted likelihood versus a monotone cumulative-incidence parameterisation) rather than the competing-risk assumption. Not learner-matched in the sense used for the naive-versus-competing pairs.",True,
cv,deephit - nfg,deephit,nfg,secondary,False,15.0,nb_all_at_0.05,0.0,0.0,0.0,0.0,0.0,0.0,4.860149189361204e-05,41148.00014579739,30,False,"Both are competing-risk deep models fitted as 10-member ensembles, so this contrast isolates the training objective (ranking-weighted likelihood versus a monotone cumulative-incidence parameterisation) rather than the competing-risk assumption. Not learner-matched in the sense used for the naive-versus-competing pairs.",True,
cv,deephit - nfg,deephit,nfg,secondary,False,15.0,nb_all_at_0.075,0.0,0.0,0.0,0.0,0.0,0.0,4.860149189361204e-05,41148.00014579739,30,False,"Both are competing-risk deep models fitted as 10-member ensembles, so this contrast isolates the training objective (ranking-weighted likelihood versus a monotone cumulative-incidence parameterisation) rather than the competing-risk assumption. Not learner-matched in the sense used for the naive-versus-competing pairs.",True,
cv,deephit - nfg,deephit,nfg,secondary,False,15.0,nb_all_at_0.2,0.0,0.0,0.0,0.0,0.0,0.0,4.860149189361204e-05,41148.00014579739,30,False,"Both are competing-risk deep models fitted as 10-member ensembles, so this contrast isolates the training objective (ranking-weighted likelihood versus a monotone cumulative-incidence parameterisation) rather than the competing-risk assumption. Not learner-matched in the sense used for the naive-versus-competing pairs.",True,
cv,deephit - nfg,deephit,nfg,secondary,False,15.0,log_eo_ratio,0.0782894186508002,0.0645667785778641,0.0917702727019786,0.0644268954653377,0.0921519418362628,0.0067637435501588,1.0549756760626614,27.66236283377931,30,True,"Both are competing-risk deep models fitted as 10-member ensembles, so this contrast isolates the training objective (ranking-weighted likelihood versus a monotone cumulative-incidence parameterisation) rather than the competing-risk assumption. Not learner-matched in the sense used for the naive-versus-competing pairs.",True,
temporal,cox_naive - csc_cox,cox_naive,csc_cox,primary,True,5.0,mean_pred,0.0012616900727152,0.0011792795732617,0.0013523476663976,0.0011748294912126,0.0013485506542179,4.430664639355138e-05,0.0509874766944155,4970.736469786907,30,True,"same Cox proportional hazards learner, competing death censored versus modelled",True,
temporal,cox_naive - csc_cox,cox_naive,csc_cox,primary,True,5.0,obs_cif,0.0,0.0,0.0,0.0,0.0,0.0,0.0002143852355178,9326.000643017896,30,False,"same Cox proportional hazards learner, competing death censored versus modelled",True,
temporal,cox_naive - csc_cox,cox_naive,csc_cox,primary,True,5.0,eo,0.0912426908810933,0.0770907014608383,0.1101721882820129,0.0746959237676456,0.107789457994541,0.0084412608053926,0.0075079738151345,9103.648060451913,30,True,"same Cox proportional hazards learner, competing death censored versus modelled",True,
temporal,cox_naive - csc_cox,cox_naive,csc_cox,primary,True,5.0,calib_intercept,-0.1203643878300984,-0.1454120978713035,-0.0985758818686008,-0.1439100766058615,-0.0968186990543354,0.0120103764790841,0.0514763227263481,4927.650499249228,30,True,"same Cox proportional hazards learner, competing death censored versus modelled",True,
temporal,cox_naive - csc_cox,cox_naive,csc_cox,primary,True,5.0,calib_slope,-0.0529810587565104,-0.0815762087702751,-0.0328215613961219,-0.077643449117237,-0.0283186683957838,0.0125806331446693,0.0381860716706352,6215.600659198429,30,True,"same Cox proportional hazards learner, competing death censored versus modelled",True,
temporal,cox_naive - csc_cox,cox_naive,csc_cox,primary,True,5.0,ici,0.0012580734988053,0.0010416406323201,0.001364939531777,0.0011039222826693,0.0014122247149413,7.863870067629556e-05,0.0171682942989509,8406.333422745885,30,True,"same Cox proportional hazards learner, competing death censored versus modelled",True,
temporal,cox_naive - csc_cox,cox_naive,csc_cox,primary,True,5.0,e50,0.0001548019160206,-0.0001254155766218,0.0003842199337668,-8.33783018899797e-05,0.0003929821339312,0.0001215055598413,0.0154665103990636,8555.26602666966,30,False,"same Cox proportional hazards learner, competing death censored versus modelled",True,
temporal,cox_naive - csc_cox,cox_naive,csc_cox,primary,True,5.0,e90,0.0033362178752819,0.0029258699854835,0.0037759764818474,0.0028118284308231,0.0038606073197408,0.0002674055882178,0.0985453392497755,2233.8852482723446,30,True,"same Cox proportional hazards learner, competing death censored versus modelled",True,
temporal,cox_naive - csc_cox,cox_naive,csc_cox,primary,True,5.0,obs_concordant,0.0002894140779972,0.0002243885537609,0.0003605457954108,0.0002217608586268,0.0003570672973675,3.451310311052082e-05,0.0002143852355178,9326.000643017896,30,True,"same Cox proportional hazards learner, competing death censored versus modelled",True,
temporal,cox_naive - csc_cox,cox_naive,csc_cox,primary,True,5.0,eo_concordant,0.0594993313153584,0.0492364734411239,0.0727691054344177,0.0476777573624449,0.071320905268272,0.0060307077488103,0.0106434151475251,8920.638602229043,30,True,"same Cox proportional hazards learner, competing death censored versus modelled",True,
temporal,cox_naive - csc_cox,cox_naive,csc_cox,primary,True,5.0,calib_intercept_concordant,-0.0847680787245432,-0.1078545719385147,-0.0643788147717714,-0.1068042014311179,-0.0627319560179685,0.0112404079882656,0.0505897475185912,5006.052124461276,30,True,"same Cox proportional hazards learner, competing death censored versus modelled",True,
temporal,cox_naive - csc_cox,cox_naive,csc_cox,primary,True,5.0,calib_slope_concordant,-0.0454575479030609,-0.0742147371172905,-0.0246513560414314,-0.0706636050161634,-0.0202514907899583,0.012857914801672,0.0393629200377814,6092.927518985575,30,True,"same Cox proportional hazards learner, competing death censored versus modelled",True,
temporal,cox_naive - csc_cox,cox_naive,csc_cox,primary,True,5.0,ici_concordant,0.0008857669619222,0.0007515631848946,0.0010277700726874,0.0007436608999058,0.0010278730239386,7.24930390029655e-05,0.0242713111786502,7707.308859990197,30,True,"same Cox proportional hazards learner, competing death censored versus modelled",True,
temporal,cox_naive - csc_cox,cox_naive,csc_cox,primary,True,5.0,e50_concordant,9.922150056809186e-05,-0.0001012289052596,0.0004269467550329,-0.0001554309551436,0.0003538739562798,0.000129905864952,0.0271452668284553,7402.226244078292,30,False,"same Cox proportional hazards learner, competing death censored versus modelled",True,
temporal,cox_naive - csc_cox,cox_naive,csc_cox,primary,True,5.0,e90_concordant,0.0019319870198766,0.0014044541167095,0.0024538163561373,0.0013645760168523,0.0024993980229009,0.0002893759197164,0.0840031415212844,2807.466631255937,30,True,"same Cox proportional hazards learner, competing death censored versus modelled",True,
temporal,cox_naive - csc_cox,cox_naive,csc_cox,primary,True,5.0,auc,0.0001758873462677,-0.0001938939094543,0.0005510449409484,-0.0001969513805627,0.0005487260730981,0.0001901529568637,0.0780901731834801,3095.5437360876617,30,False,"same Cox proportional hazards learner, competing death censored versus modelled",True,
temporal,cox_naive - csc_cox,cox_naive,csc_cox,primary,True,5.0,cindex,0.0001657585302988,-0.0002102851867675,0.0005524769425392,-0.0002264323741078,0.0005579494347055,0.0001999465926876,0.123564211318768,1567.7442590852736,30,False,"same Cox proportional hazards learner, competing death censored versus modelled",True,
temporal,cox_naive - csc_cox,cox_naive,csc_cox,primary,True,5.0,auc_marginal_ipcw,0.0001758873462677,-0.0001938939094543,0.0005510449409484,-0.0001969513805627,0.0005487260730981,0.0001901529568637,0.0780901731834801,3095.5437360876617,30,False,"same Cox proportional hazards learner, competing death censored versus modelled",True,
temporal,cox_naive - csc_cox,cox_naive,csc_cox,primary,True,5.0,cindex_marginal_ipcw,0.0001657585302988,-0.0002102851867675,0.0005524769425392,-0.0002264323741078,0.0005579494347055,0.0001999465926876,0.123564211318768,1567.7442590852736,30,False,"same Cox proportional hazards learner, competing death censored versus modelled",True,
temporal,cox_naive - csc_cox,cox_naive,csc_cox,primary,True,5.0,at_risk_fraction,0.0,0.0,0.0,0.0,0.0,0.0,0.0002143852355178,9326.000643017896,30,False,"same Cox proportional hazards learner, competing death censored versus modelled",True,
temporal,cox_naive - csc_cox,cox_naive,csc_cox,primary,True,5.0,nb_at_0.01,-2.544472614924113e-05,-4.6558678150177e-05,-1.0827556252479552e-05,-8.118278949794953e-05,3.029333719946728e-05,2.813970588988427e-05,0.5123597150942122,115.2485917352283,30,True,"same Cox proportional hazards learner, competing death censored versus modelled",True,
temporal,cox_naive - csc_cox,cox_naive,csc_cox,primary,True,5.0,nb_at_0.02,3.463708174725373e-05,-0.0001334440894424,0.0004440834745764,-0.0002959658960908,0.0003652400595854,0.0001670455008141,0.4910314586523808,125.03096322385392,30,False,"same Cox proportional hazards learner, competing death censored versus modelled",True,
temporal,cox_naive - csc_cox,cox_naive,csc_cox,primary,True,5.0,nb_at_0.03,-2.980027347803116e-05,-0.0002486426383256,0.0003867775667458,-0.0003774997471071,0.0003178992001511,0.0001762225315613,0.4033018686594301,182.1876877532355,30,False,"same Cox proportional hazards learner, competing death censored versus modelled",True,
temporal,cox_naive - csc_cox,cox_naive,csc_cox,primary,True,5.0,nb_at_0.05,1.1095382312002282e-05,-0.0003892784880008,0.0006150883244117,-0.0005234663090068,0.0005456570736308,0.000270874843564,0.4095532361947024,176.91439212897615,30,False,"same Cox proportional hazards learner, competing death censored versus modelled",True,
temporal,cox_naive - csc_cox,cox_naive,csc_cox,primary,True,5.0,nb_at_0.075,-0.0001858005465085,-0.00070109765511,0.0004780212184414,-0.000788916379354,0.0004173152863368,0.0003068020387382,0.2639409237185026,406.6840294704234,30,False,"same Cox proportional hazards learner, competing death censored versus modelled",True,
temporal,cox_naive - csc_cox,cox_naive,csc_cox,primary,True,5.0,nb_at_0.2,-0.0003894665365805,-0.0006967521039769,-2.6798166800290343e-05,-0.0007229180857494,-5.601498741170422e-05,0.000170052248011,0.0887852356165111,2599.349963117513,30,True,"same Cox proportional hazards learner, competing death censored versus modelled",True,
temporal,cox_naive - csc_cox,cox_naive,csc_cox,primary,True,5.0,frac_above_0.01,0.0028763343890508,0.0015006959438323,0.0046092867851257,0.0012161587314935,0.004536510046608,0.0008356385882205,0.58332547232448,89.8659074796495,30,True,"same Cox proportional hazards learner, competing death censored versus modelled",True,
temporal,cox_naive - csc_cox,cox_naive,csc_cox,primary,True,5.0,frac_above_0.02,0.00527030924956,0.0035373568534851,0.0071818828582763,0.0034160810547055,0.0071245374444145,0.0009404958887629,0.3780898339270871,206.062858833888,30,True,"same Cox proportional hazards learner, competing death censored versus modelled",True,
temporal,cox_naive - csc_cox,cox_naive,csc_cox,primary,True,5.0,frac_above_0.03,0.0067995856205622,0.004716470837593,0.0092185586690902,0.0044948536247655,0.0091043176163589,0.0011649537736373,0.4812604591419613,129.93832586267874,30,True,"same Cox proportional hazards learner, competing death censored versus modelled",True,
temporal,cox_naive - csc_cox,cox_naive,csc_cox,primary,True,5.0,frac_above_0.05,0.0073641337454319,0.0052524358034133,0.0098617151379585,0.0049871858657838,0.0097410816250799,0.0012017551536848,0.4745631944655436,133.47257500562432,30,True,"same Cox proportional hazards learner, competing death censored versus modelled",True,
temporal,cox_naive - csc_cox,cox_naive,csc_cox,primary,True,5.0,frac_above_0.075,0.0099617683639129,0.0077178701758384,0.0122199617326259,0.0076762396198657,0.01224729710796,0.0011637747985005,0.213042961701437,605.0294614032972,30,True,"same Cox proportional hazards learner, competing death censored versus modelled",True,
temporal,cox_naive - csc_cox,cox_naive,csc_cox,primary,True,5.0,frac_above_0.2,0.0021831564915676,0.0011791188735514,0.0033229710534214,0.0011268976300012,0.0032394153531341,0.0005381073419259,0.1819994996349456,805.1288449360021,30,True,"same Cox proportional hazards learner, competing death censored versus modelled",True,
temporal,cox_naive - csc_cox,cox_naive,csc_cox,primary,True,5.0,nb_all_at_0.01,0.0,0.0,0.0,0.0,0.0,0.0,0.0002143852355178,9326.000643017896,30,False,"same Cox proportional hazards learner, competing death censored versus modelled",True,
temporal,cox_naive - csc_cox,cox_naive,csc_cox,primary,True,5.0,nb_all_at_0.02,0.0,0.0,0.0,0.0,0.0,0.0,0.0002143852355178,9326.000643017896,30,False,"same Cox proportional hazards learner, competing death censored versus modelled",True,
temporal,cox_naive - csc_cox,cox_naive,csc_cox,primary,True,5.0,nb_all_at_0.03,0.0,0.0,0.0,0.0,0.0,0.0,0.0002143852355178,9326.000643017896,30,False,"same Cox proportional hazards learner, competing death censored versus modelled",True,
temporal,cox_naive - csc_cox,cox_naive,csc_cox,primary,True,5.0,nb_all_at_0.05,0.0,0.0,0.0,0.0,0.0,0.0,0.0002143852355178,9326.000643017896,30,False,"same Cox proportional hazards learner, competing death censored versus modelled",True,
temporal,cox_naive - csc_cox,cox_naive,csc_cox,primary,True,5.0,nb_all_at_0.075,0.0,0.0,0.0,0.0,0.0,0.0,0.0002143852355178,9326.000643017896,30,False,"same Cox proportional hazards learner, competing death censored versus modelled",True,
temporal,cox_naive - csc_cox,cox_naive,csc_cox,primary,True,5.0,nb_all_at_0.2,0.0,0.0,0.0,0.0,0.0,0.0,0.0002143852355178,9326.000643017896,30,False,"same Cox proportional hazards learner, competing death censored versus modelled",True,
temporal,cox_naive - csc_cox,cox_naive,csc_cox,primary,True,5.0,log_eo_ratio,0.0607339641910369,0.0582121007144451,0.0634100154042244,0.0581124433381037,0.0633554850439702,0.0013371889072947,0.0544320219556919,4674.715417829085,30,True,"same Cox proportional hazards learner, competing death censored versus modelled",True,
temporal,cox_naive - csc_cox,cox_naive,csc_cox,primary,True,10.0,mean_pred,0.0066455298413832,0.0062802555039525,0.0070440745912492,0.006264037592776,0.0070270220899905,0.0001945924155086,0.0540606876225632,4705.776064997939,30,True,"same Cox proportional hazards learner, competing death censored versus modelled",True,
temporal,cox_naive - csc_cox,cox_naive,csc_cox,primary,True,10.0,obs_cif,0.0,0.0,0.0,0.0,0.0,0.0,0.0002143852355178,9326.000643017896,30,False,"same Cox proportional hazards learner, competing death censored versus modelled",True,
temporal,cox_naive - csc_cox,cox_naive,csc_cox,primary,True,10.0,eo,0.2016192515691121,0.1804067969322204,0.2270561754703521,0.1783049385637935,0.2249335645744307,0.0118936250424579,0.0134445686045265,8719.513016232573,30,True,"same Cox proportional hazards learner, competing death censored versus modelled",True,
temporal,cox_naive - csc_cox,cox_naive,csc_cox,primary,True,10.0,calib_intercept,-0.2750578314065933,-0.3100089691579342,-0.2457377776503563,-0.3071698282878101,-0.2429458345253766,0.0163805687090848,0.0419800958567615,5825.25900025806,30,True,"same Cox proportional hazards learner, competing death censored versus modelled",True,
temporal,cox_naive - csc_cox,cox_naive,csc_cox,primary,True,10.0,calib_slope,-0.1199177006880442,-0.1592082470655441,-0.0873402565717697,-0.1555329235759911,-0.0843024778000973,0.0181671167409986,0.0487116166350072,5175.949566350931,30,True,"same Cox proportional hazards learner, competing death censored versus modelled",True,
temporal,cox_naive - csc_cox,cox_naive,csc_cox,primary,True,10.0,ici,0.0067462051597734,0.0050726546673104,0.0072596928104758,0.0056904859912195,0.0078019243283273,0.0005385670052979,0.0139649588106561,8678.663224823986,30,True,"same Cox proportional hazards learner, competing death censored versus modelled",True,
temporal,cox_naive - csc_cox,cox_naive,csc_cox,primary,True,10.0,e50,0.0013354458690931,-0.0006730659864842,0.0022634233930148,4.26377611674085e-05,0.0026282539770188,0.0006595206137142,0.0070510376584181,9126.234501392068,30,False,"same Cox proportional hazards learner, competing death censored versus modelled",True,
temporal,cox_naive - csc_cox,cox_naive,csc_cox,primary,True,10.0,e90,0.0198245714108149,0.0160361812449991,0.0217902236618101,0.0165749452451248,0.023074197576505,0.0016577170082945,0.0307101471246378,7016.932355526359,30,True,"same Cox proportional hazards learner, competing death censored versus modelled",True,
temporal,cox_naive - csc_cox,cox_naive,csc_cox,primary,True,10.0,obs_concordant,0.0016423687338829,0.0014024003408849,0.0018906554207205,0.0013951257565184,0.0018896117112473,0.0001261303224081,0.0002143852355178,9326.000643017896,30,True,"same Cox proportional hazards learner, competing death censored versus modelled",True,
temporal,cox_naive - csc_cox,cox_naive,csc_cox,primary,True,10.0,eo_concordant,0.13130491177241,0.1161207258701324,0.1494922429323196,0.1146645729827771,0.147945250562043,0.0084888877750425,0.0182491548944393,8307.271765846008,30,True,"same Cox proportional hazards learner, competing death censored versus modelled",True,
temporal,cox_naive - csc_cox,cox_naive,csc_cox,primary,True,10.0,calib_intercept_concordant,-0.1885114779074986,-0.2186357900500297,-0.1626685265451669,-0.2165034270208729,-0.1605195287941244,0.0142789159156831,0.0417016941096433,5853.367671995874,30,True,"same Cox proportional hazards learner, competing death censored versus modelled",True,
temporal,cox_naive - csc_cox,cox_naive,csc_cox,primary,True,10.0,calib_slope_concordant,-0.1020183145999908,-0.1427908644080162,-0.068356043100357,-0.1388437348591136,-0.065192894340868,0.0187844593598467,0.0483508125091542,5209.174315461157,30,True,"same Cox proportional hazards learner, competing death censored versus modelled",True,
temporal,cox_naive - csc_cox,cox_naive,csc_cox,primary,True,10.0,ici_concordant,0.0046832596572736,0.0039678316563367,0.0054342600516974,0.003979853014264,0.0053866663002833,0.0003588122753285,0.042512146127957,5771.796652869312,30,True,"same Cox proportional hazards learner, competing death censored versus modelled",True,
temporal,cox_naive - csc_cox,cox_naive,csc_cox,primary,True,10.0,e50_concordant,0.0007356518879532,0.0001298262854106,0.0020866805571131,-0.0001867733885636,0.0016580771644702,0.0004705672614385,0.0153820842065152,8562.41238037048,30,True,"same Cox proportional hazards learner, competing death censored versus modelled",True,
temporal,cox_naive - csc_cox,cox_naive,csc_cox,primary,True,10.0,e90_concordant,0.0117784669001897,0.0072500593960285,0.0139708030037581,0.0084927432364652,0.0150641905639141,0.0016761429414588,0.0279810697929573,7312.308945683785,30,True,"same Cox proportional hazards learner, competing death censored versus modelled",True,
temporal,cox_naive - csc_cox,cox_naive,csc_cox,primary,True,10.0,auc,0.0001504441102345,-0.0004764825105667,0.00076604783535,-0.0004751500815723,0.0007760383020415,0.0003191171805763,0.0445819195107289,5567.153830034377,30,False,"same Cox proportional hazards learner, competing death censored versus modelled",True,
temporal,cox_naive - csc_cox,cox_naive,csc_cox,primary,True,10.0,cindex,0.0001721541086832,-0.0004266530275344,0.0007608577609062,-0.0004284968694064,0.0007728050867729,0.0003063952826845,0.0431033652727469,5712.791602932964,30,False,"same Cox proportional hazards learner, competing death censored versus modelled",True,
temporal,cox_naive - csc_cox,cox_naive,csc_cox,primary,True,10.0,auc_marginal_ipcw,0.0001778582731882,-0.0004373282194137,0.0007782638072967,-0.0004359102173192,0.0007916267636957,0.0003130856185249,0.0439419898590678,5629.843073587115,30,False,"same Cox proportional hazards learner, competing death censored versus modelled",True,
temporal,cox_naive - csc_cox,cox_naive,csc_cox,primary,True,10.0,cindex_marginal_ipcw,0.0002347449461619,-0.0003598943352699,0.0008119344711303,-0.0003571256854062,0.00082661557773,0.0003019157571525,0.043659981689933,5657.637105540957,30,False,"same Cox proportional hazards learner, competing death censored versus modelled",True,
temporal,cox_naive - csc_cox,cox_naive,csc_cox,primary,True,10.0,at_risk_fraction,0.0,0.0,0.0,0.0,0.0,0.0,0.0002143852355178,9326.000643017896,30,False,"same Cox proportional hazards learner, competing death censored versus modelled",True,
temporal,cox_naive - csc_cox,cox_naive,csc_cox,primary,True,10.0,nb_at_0.01,-2.513937652111053e-05,-5.587749183177948e-05,0.0001750707626342,-0.0001364774461032,8.619869306098729e-05,5.62892901693501e-05,0.4754513302538839,132.99557102313972,30,False,"same Cox proportional hazards learner, competing death censored versus modelled",True,
temporal,cox_naive - csc_cox,cox_naive,csc_cox,primary,True,10.0,nb_at_0.02,-9.38713550567627e-05,-0.0001741185784339,0.0001995025202631,-0.0002849249901887,9.718228007523116e-05,9.61066842765982e-05,0.596829278438632,86.0041017474227,30,False,"same Cox proportional hazards learner, competing death censored versus modelled",True,
temporal,cox_naive - csc_cox,cox_naive,csc_cox,primary,True,10.0,nb_at_0.03,-1.6437160472075144e-05,-0.000308843422681,0.0004551663994789,-0.0004249483469792,0.000392074026035,0.0002074148038227,0.3423006161090164,248.98958101379023,30,False,"same Cox proportional hazards learner, competing death censored versus modelled",True,
temporal,cox_naive - csc_cox,cox_naive,csc_cox,primary,True,10.0,nb_at_0.05,-0.0002546819858253,-0.0007214570418,0.0004383035236969,-0.0008592405447178,0.0003498765730672,0.0003055964847873,0.4799216362965575,130.63341179389164,30,False,"same Cox proportional hazards learner, competing death censored versus modelled",True,
temporal,cox_naive - csc_cox,cox_naive,csc_cox,primary,True,10.0,nb_at_0.075,-0.0004793097730726,-0.0011951791704632,0.0004656063392758,-0.0013357642476877,0.0003771447015425,0.0004335268829506,0.4413077746467972,153.38275249039344,30,False,"same Cox proportional hazards learner, competing death censored versus modelled",True,
temporal,cox_naive - csc_cox,cox_naive,csc_cox,primary,True,10.0,nb_at_0.2,-0.001504063194928,-0.0029152968782,-6.499546725535746e-05,-0.0029384029296248,-6.972346023129085e-05,0.0007313389766427,0.1116906408003255,1843.571770471832,30,True,"same Cox proportional hazards learner, competing death censored versus modelled",True,
temporal,cox_naive - csc_cox,cox_naive,csc_cox,primary,True,10.0,frac_above_0.01,0.0037946224212646,0.0023581981658935,0.0053596496582031,0.0022348835157782,0.005354361326751,0.0007915794195657,0.3583585241068639,228.20683758151523,30,True,"same Cox proportional hazards learner, competing death censored versus modelled",True,
temporal,cox_naive - csc_cox,cox_naive,csc_cox,primary,True,10.0,frac_above_0.02,0.0065208842356999,0.004394918680191,0.0090041756629943,0.0041584578177993,0.0088833106536005,0.0011924907238705,0.5164614495294868,113.50068267564188,30,True,"same Cox proportional hazards learner, competing death censored versus modelled",True,
temporal,cox_naive - csc_cox,cox_naive,csc_cox,primary,True,10.0,frac_above_0.03,0.0090470612049102,0.0068603157997131,0.0117911994457244,0.0065094824247617,0.0115846399850588,0.0012856028649139,0.4155023176827493,172.1074452584424,30,True,"same Cox proportional hazards learner, competing death censored versus modelled",True,
temporal,cox_naive - csc_cox,cox_naive,csc_cox,primary,True,10.0,frac_above_0.05,0.0134169459342956,0.0109336376190185,0.0160788893699646,0.0108417530639909,0.0159921388046003,0.0013121109418173,0.1720756297278376,889.846802508398,30,True,"same Cox proportional hazards learner, competing death censored versus modelled",True,
temporal,cox_naive - csc_cox,cox_naive,csc_cox,primary,True,10.0,frac_above_0.075,0.0170865034063657,0.0143638104200363,0.0200450122356414,0.014210287672315,0.0199627191404164,0.0014655665567105,0.1682174082208318,926.3252295567692,30,True,"same Cox proportional hazards learner, competing death censored versus modelled",True,
temporal,cox_naive - csc_cox,cox_naive,csc_cox,primary,True,10.0,frac_above_0.2,0.0217636757219831,0.0185443256050348,0.0249758809804916,0.0185243756591157,0.0250029757848504,0.0016502239580079,0.1830590243880809,796.7889953223053,30,True,"same Cox proportional hazards learner, competing death censored versus modelled",True,
temporal,cox_naive - csc_cox,cox_naive,csc_cox,primary,True,10.0,nb_all_at_0.01,0.0,0.0,0.0,0.0,0.0,0.0,0.0002143852355178,9326.000643017896,30,False,"same Cox proportional hazards learner, competing death censored versus modelled",True,
temporal,cox_naive - csc_cox,cox_naive,csc_cox,primary,True,10.0,nb_all_at_0.02,0.0,0.0,0.0,0.0,0.0,0.0,0.0002143852355178,9326.000643017896,30,False,"same Cox proportional hazards learner, competing death censored versus modelled",True,
temporal,cox_naive - csc_cox,cox_naive,csc_cox,primary,True,10.0,nb_all_at_0.03,0.0,0.0,0.0,0.0,0.0,0.0,0.0002143852355178,9326.000643017896,30,False,"same Cox proportional hazards learner, competing death censored versus modelled",True,
temporal,cox_naive - csc_cox,cox_naive,csc_cox,primary,True,10.0,nb_all_at_0.05,0.0,0.0,0.0,0.0,0.0,0.0,0.0002143852355178,9326.000643017896,30,False,"same Cox proportional hazards learner, competing death censored versus modelled",True,
temporal,cox_naive - csc_cox,cox_naive,csc_cox,primary,True,10.0,nb_all_at_0.075,0.0,0.0,0.0,0.0,0.0,0.0,0.0002143852355178,9326.000643017896,30,False,"same Cox proportional hazards learner, competing death censored versus modelled",True,
temporal,cox_naive - csc_cox,cox_naive,csc_cox,primary,True,10.0,nb_all_at_0.2,0.0,0.0,0.0,0.0,0.0,0.0,0.0002143852355178,9326.000643017896,30,False,"same Cox proportional hazards learner, competing death censored versus modelled",True,
temporal,cox_naive - csc_cox,cox_naive,csc_cox,primary,True,10.0,log_eo_ratio,0.1462919505850544,0.1416144371032714,0.1512267429381609,0.1414601578702264,0.1511237432998825,0.0024645143741216,0.0620832819158758,4080.2294738108,30,True,"same Cox proportional hazards learner, competing death censored versus modelled",True,
temporal,rsf_naive - rsf_cr,rsf_naive,rsf_cr,secondary,True,5.0,mean_pred,0.0013406089817484,0.0011754574719816,0.0015107564162462,0.0011687736761133,0.0015124442873835,8.711357037701547e-05,0.3947771536392892,189.7703190498875,30,True,"same random survival forest learner, logrank versus logrankCR splitting",True,
temporal,rsf_naive - rsf_cr,rsf_naive,rsf_cr,secondary,True,5.0,obs_cif,0.0,0.0,0.0,0.0,0.0,0.0,0.0002143852355178,9326.000643017896,30,False,"same random survival forest learner, logrank versus logrankCR splitting",True,
temporal,rsf_naive - rsf_cr,rsf_naive,rsf_cr,secondary,True,5.0,eo,0.0969499230384826,0.0793915867805481,0.1191619396209716,0.076701570297305,0.1171982757796603,0.0103205713560344,0.1448935851114025,1201.07650853472,30,True,"same random survival forest learner, logrank versus logrankCR splitting",True,
temporal,rsf_naive - rsf_cr,rsf_naive,rsf_cr,secondary,True,5.0,calib_intercept,-0.1068049112955729,-0.1404123768210411,-0.0738841038197278,-0.1405268872697487,-0.0730829353213971,0.0171461736657772,0.2852363517236289,351.55735286995366,30,True,"same random survival forest learner, logrank versus logrankCR splitting",True,
temporal,rsf_naive - rsf_cr,rsf_naive,rsf_cr,secondary,True,5.0,calib_slope,-0.085232126712799,-0.2806883990764617,0.0309187024831772,-0.246748446208783,0.0762841927831849,0.0823064222060168,0.1625615611421692,983.8608933872188,30,False,"same random survival forest learner, logrank versus logrankCR splitting",True,
temporal,rsf_naive - rsf_cr,rsf_naive,rsf_cr,secondary,True,5.0,ici,0.0013044245385875,0.0004789880942553,0.0017882918124087,0.0006296680473399,0.0019791810298351,0.0003441819003092,0.0536749825471602,4738.2570500933,30,True,"same random survival forest learner, logrank versus logrankCR splitting",True,
temporal,rsf_naive - rsf_cr,rsf_naive,rsf_cr,secondary,True,5.0,e50,-0.0004202522337436,-0.0014107319351751,0.0006349631701596,-0.0014436362038404,0.000603131736353,0.0005217146824051,0.1284420660772011,1471.1119280900004,30,False,"same random survival forest learner, logrank versus logrankCR splitting",True,
temporal,rsf_naive - rsf_cr,rsf_naive,rsf_cr,secondary,True,5.0,e90,0.0046528121456503,0.0026365445926785,0.0066064862767234,0.0025164472731683,0.0067891770181324,0.0010883840827412,0.1807219160809235,815.3562808021642,30,True,"same random survival forest learner, logrank versus logrankCR splitting",True,
temporal,rsf_naive - rsf_cr,rsf_naive,rsf_cr,secondary,True,5.0,obs_concordant,0.0002894140779972,0.0002243885537609,0.0003605457954108,0.0002217608586268,0.0003570672973675,3.451310311052082e-05,0.0002143852355178,9326.000643017896,30,True,"same random survival forest learner, logrank versus logrankCR splitting",True,
temporal,rsf_naive - rsf_cr,rsf_naive,rsf_cr,secondary,True,5.0,eo_concordant,0.0647844632466634,0.0504363298416137,0.0825553476810455,0.0485846330501303,0.0809842934431964,0.0082480375926749,0.2185919756804255,577.1245904644957,30,True,"same random survival forest learner, logrank versus logrankCR splitting",True,
temporal,rsf_naive - rsf_cr,rsf_naive,rsf_cr,secondary,True,5.0,calib_intercept_concordant,-0.0725396712621053,-0.1053821131587028,-0.0401220478117465,-0.1057795448358569,-0.0392997976883536,0.0169002979003806,0.2871703480899065,347.113379650518,30,True,"same random survival forest learner, logrank versus logrankCR splitting",True,
temporal,rsf_naive - rsf_cr,rsf_naive,rsf_cr,secondary,True,5.0,calib_slope_concordant,-0.0747589985529581,-0.2723007917404175,0.041520094871521,-0.2375619487398686,0.0880439516339522,0.0829649854639054,0.1598999680588076,1012.7471781283372,30,False,"same random survival forest learner, logrank versus logrankCR splitting",True,
temporal,rsf_naive - rsf_cr,rsf_naive,rsf_cr,secondary,True,5.0,ici_concordant,0.0009610316405693,0.0001246152911335,0.0014300988288596,0.0002805776548528,0.0016414856262859,0.0003470925707302,0.0507698181531304,4990.034163963179,30,True,"same random survival forest learner, logrank versus logrankCR splitting",True,
temporal,rsf_naive - rsf_cr,rsf_naive,rsf_cr,secondary,True,5.0,e50_concordant,-0.0003508073355381,-0.0013648710271809,0.0006552265782374,-0.0013690816722043,0.000667467001128,0.000519079559216,0.1338334552454455,1373.838847426722,30,False,"same random survival forest learner, logrank versus logrankCR splitting",True,
temporal,rsf_naive - rsf_cr,rsf_naive,rsf_cr,secondary,True,5.0,e90_concordant,0.0033247676988442,0.0012493584537878,0.0052729785442352,0.0011764757939187,0.0054730596037698,0.001094336647818,0.1882464759403128,757.7308657194886,30,True,"same random survival forest learner, logrank versus logrankCR splitting",True,
temporal,rsf_naive - rsf_cr,rsf_naive,rsf_cr,secondary,True,5.0,auc,0.0012035191059112,-0.0042030379176139,0.0065769091248512,-0.0043440410656694,0.0067510792774919,0.0028044084184047,0.4781123354853261,131.58174802466272,30,False,"same random survival forest learner, logrank versus logrankCR splitting",True,
temporal,rsf_naive - rsf_cr,rsf_naive,rsf_cr,secondary,True,5.0,cindex,0.0012275477250417,-0.0041590541601181,0.0065400198101997,-0.0042768814196618,0.0067319768697452,0.0027827204695999,0.476992587846476,132.17389427403344,30,False,"same random survival forest learner, logrank versus logrankCR splitting",True,
temporal,rsf_naive - rsf_cr,rsf_naive,rsf_cr,secondary,True,5.0,auc_marginal_ipcw,0.0012035191059112,-0.0042030379176139,0.0065769091248512,-0.0043440410656694,0.0067510792774919,0.0028044084184047,0.4781123354853261,131.58174802466272,30,False,"same random survival forest learner, logrank versus logrankCR splitting",True,
temporal,rsf_naive - rsf_cr,rsf_naive,rsf_cr,secondary,True,5.0,cindex_marginal_ipcw,0.0012275477250417,-0.0041590541601181,0.0065400198101997,-0.0042768814196618,0.0067319768697452,0.0027827204695999,0.476992587846476,132.17389427403344,30,False,"same random survival forest learner, logrank versus logrankCR splitting",True,
temporal,rsf_naive - rsf_cr,rsf_naive,rsf_cr,secondary,True,5.0,at_risk_fraction,0.0,0.0,0.0,0.0,0.0,0.0,0.0002143852355178,9326.000643017896,30,False,"same random survival forest learner, logrank versus logrankCR splitting",True,
temporal,rsf_naive - rsf_cr,rsf_naive,rsf_cr,secondary,True,5.0,nb_at_0.01,4.25878291328748e-06,-0.0004558395594358,0.0004092808812856,-0.0004010160217075,0.0004095335875341,0.0002048802643941,0.4774130970006794,131.9510475356158,30,False,"same random survival forest learner, logrank versus logrankCR splitting",True,
temporal,rsf_naive - rsf_cr,rsf_naive,rsf_cr,secondary,True,5.0,nb_at_0.02,4.477292920152346e-05,-0.0004659597820136,0.0005359631031751,-0.0004533200791825,0.0005428659375855,0.0002523942378789,0.4096859294336383,176.80497143174682,30,False,"same random survival forest learner, logrank versus logrankCR splitting",True,
temporal,rsf_naive - rsf_cr,rsf_naive,rsf_cr,secondary,True,5.0,nb_at_0.03,4.0851075512667495e-05,-0.0005890069296583,0.0006564168725162,-0.000567649986691,0.0006493521377164,0.0003070788694922,0.5226528838647713,110.93741757664448,30,False,"same random survival forest learner, logrank versus logrankCR splitting",True,
temporal,rsf_naive - rsf_cr,rsf_naive,rsf_cr,secondary,True,5.0,nb_at_0.05,-0.0001628575768942,-0.0008970330236479,0.0005133963422849,-0.0008662666022866,0.0005405514484981,0.0003550909764927,0.5144433091156747,114.3556299766518,30,False,"same random survival forest learner, logrank versus logrankCR splitting",True,
temporal,rsf_naive - rsf_cr,rsf_naive,rsf_cr,secondary,True,5.0,nb_at_0.075,-0.0001773989652671,-0.0008141569705912,0.0006344644352793,-0.0009161831072612,0.0005613851767269,0.0003754808071528,0.3032837658465969,313.15157862400605,30,False,"same random survival forest learner, logrank versus logrankCR splitting",True,
temporal,rsf_naive - rsf_cr,rsf_naive,rsf_cr,secondary,True,5.0,nb_at_0.2,-0.0001054060818811,-0.0004287704941816,0.0002947797183878,-0.0004660017093356,0.0002551895455732,0.0001825816829758,0.4328799602401427,159.14416530366293,30,False,"same random survival forest learner, logrank versus logrankCR splitting",True,
temporal,rsf_naive - rsf_cr,rsf_naive,rsf_cr,secondary,True,5.0,frac_above_0.01,-0.0075677971045176,-0.0128630995750427,-0.0021438300609588,-0.0132068999435049,-0.0019286942655303,0.0028345279844167,0.6130573019775559,81.68678974937374,30,True,"same random survival forest learner, logrank versus logrankCR splitting",True,
temporal,rsf_naive - rsf_cr,rsf_naive,rsf_cr,secondary,True,5.0,frac_above_0.02,-0.0052309999863306,-0.0098617076873779,-0.0008575320243835,-0.0097568975460224,-0.0007051024266388,0.0022833240720882,0.5297675791194741,108.09881586453496,30,True,"same random survival forest learner, logrank versus logrankCR splitting",True,
temporal,rsf_naive - rsf_cr,rsf_naive,rsf_cr,secondary,True,5.0,frac_above_0.03,-0.0003680283824602,-0.0052524507045745,0.0049308538436889,-0.00578517342347,0.0050491166585495,0.0027131971532643,0.6852532822576709,65.95294292992477,30,False,"same random survival forest learner, logrank versus logrankCR splitting",True,
temporal,rsf_naive - rsf_cr,rsf_naive,rsf_cr,secondary,True,5.0,frac_above_0.05,0.0078107719620068,0.0038589239120483,0.0125415474176406,0.0032957820864898,0.0123257618375239,0.0022683438727777,0.623662913517641,79.0401525411793,30,True,"same random survival forest learner, logrank versus logrankCR splitting",True,
temporal,rsf_naive - rsf_cr,rsf_naive,rsf_cr,secondary,True,5.0,frac_above_0.075,0.0118590772151947,0.0082538276910781,0.0156501233577728,0.0079664931939889,0.0157516612364004,0.0019602187368623,0.572869179944046,93.0397242591697,30,True,"same random survival forest learner, logrank versus logrankCR splitting",True,
temporal,rsf_naive - rsf_cr,rsf_naive,rsf_cr,secondary,True,5.0,frac_above_0.2,0.0009933183212221,0.000214385217987,0.0020366599783301,-3.6789756317218885e-05,0.0020234263987614,0.0005173617354808,0.6303928380424775,77.42743629597885,30,True,"same random survival forest learner, logrank versus logrankCR splitting",True,
temporal,rsf_naive - rsf_cr,rsf_naive,rsf_cr,secondary,True,5.0,nb_all_at_0.01,0.0,0.0,0.0,0.0,0.0,0.0,0.0002143852355178,9326.000643017896,30,False,"same random survival forest learner, logrank versus logrankCR splitting",True,
temporal,rsf_naive - rsf_cr,rsf_naive,rsf_cr,secondary,True,5.0,nb_all_at_0.02,0.0,0.0,0.0,0.0,0.0,0.0,0.0002143852355178,9326.000643017896,30,False,"same random survival forest learner, logrank versus logrankCR splitting",True,
temporal,rsf_naive - rsf_cr,rsf_naive,rsf_cr,secondary,True,5.0,nb_all_at_0.03,0.0,0.0,0.0,0.0,0.0,0.0,0.0002143852355178,9326.000643017896,30,False,"same random survival forest learner, logrank versus logrankCR splitting",True,
temporal,rsf_naive - rsf_cr,rsf_naive,rsf_cr,secondary,True,5.0,nb_all_at_0.05,0.0,0.0,0.0,0.0,0.0,0.0,0.0002143852355178,9326.000643017896,30,False,"same random survival forest learner, logrank versus logrankCR splitting",True,
temporal,rsf_naive - rsf_cr,rsf_naive,rsf_cr,secondary,True,5.0,nb_all_at_0.075,0.0,0.0,0.0,0.0,0.0,0.0,0.0002143852355178,9326.000643017896,30,False,"same random survival forest learner, logrank versus logrankCR splitting",True,
temporal,rsf_naive - rsf_cr,rsf_naive,rsf_cr,secondary,True,5.0,nb_all_at_0.2,0.0,0.0,0.0,0.0,0.0,0.0,0.0002143852355178,9326.000643017896,30,False,"same random survival forest learner, logrank versus logrankCR splitting",True,
temporal,rsf_naive - rsf_cr,rsf_naive,rsf_cr,secondary,True,5.0,log_eo_ratio,0.0637814878740281,0.056758164614439,0.0709550477564334,0.0564411223462353,0.0711218534018208,0.0037116618477351,0.4711591816026497,135.3250368221188,30,True,"same random survival forest learner, logrank versus logrankCR splitting",True,
temporal,rsf_naive - rsf_cr,rsf_naive,rsf_cr,secondary,True,10.0,mean_pred,0.006392166763544,0.0059700996614992,0.0068160185590386,0.0059632535536052,0.0068210799734829,0.0002179213367599,0.3163433759088459,289.1551104821284,30,True,"same random survival forest learner, logrank versus logrankCR splitting",True,
temporal,rsf_naive - rsf_cr,rsf_naive,rsf_cr,secondary,True,10.0,obs_cif,0.0,0.0,0.0,0.0,0.0,0.0,0.0002143852355178,9326.000643017896,30,False,"same random survival forest learner, logrank versus logrankCR splitting",True,
temporal,rsf_naive - rsf_cr,rsf_naive,rsf_cr,secondary,True,10.0,eo,0.1939324577649434,0.1727885752916336,0.2190139681100845,0.1707084392084129,0.2171564763214739,0.0118429035020422,0.0973358691993701,2275.277273052769,30,True,"same random survival forest learner, logrank versus logrankCR splitting",True,
temporal,rsf_naive - rsf_cr,rsf_naive,rsf_cr,secondary,True,10.0,calib_intercept,-0.2144352376461029,-0.2390628576278686,-0.190787598490715,-0.2391657388136536,-0.1897047364785521,0.012562977027759,0.3227531969642558,278.37571562966895,30,True,"same random survival forest learner, logrank versus logrankCR splitting",True,
temporal,rsf_naive - rsf_cr,rsf_naive,rsf_cr,secondary,True,10.0,calib_slope,-0.1107644617557525,-0.1932092472910881,-0.0495950490236282,-0.1823923807841946,-0.0391365427273105,0.0364380254436657,0.262305800368753,411.4417773353546,30,True,"same random survival forest learner, logrank versus logrankCR splitting",True,
temporal,rsf_naive - rsf_cr,rsf_naive,rsf_cr,secondary,True,10.0,ici,0.0063382032637794,0.005489587620832,0.0069683096720837,0.0055963432800187,0.0070800632475402,0.0003778116269156,0.2033391982828572,658.8575262233458,30,True,"same random survival forest learner, logrank versus logrankCR splitting",True,
temporal,rsf_naive - rsf_cr,rsf_naive,rsf_cr,secondary,True,10.0,e50,-0.0002914019006614,-0.001754661736777,0.0017412029206752,-0.0019901874000257,0.0014073835987028,0.0008659870059493,0.1330584621068561,1387.248227854865,30,False,"same random survival forest learner, logrank versus logrankCR splitting",True,
temporal,rsf_naive - rsf_cr,rsf_naive,rsf_cr,secondary,True,10.0,e90,0.0230237860232591,0.0204641665332019,0.0256349199917167,0.0203623216827583,0.02568525036376,0.0013547810559165,0.2302380524573117,524.4340136574674,30,True,"same random survival forest learner, logrank versus logrankCR splitting",True,
temporal,rsf_naive - rsf_cr,rsf_naive,rsf_cr,secondary,True,10.0,obs_concordant,0.0016423687338829,0.0014024003408849,0.0018906554207205,0.0013951257565184,0.0018896117112473,0.0001261303224081,0.0002143852355178,9326.000643017896,30,True,"same random survival forest learner, logrank versus logrankCR splitting",True,
temporal,rsf_naive - rsf_cr,rsf_naive,rsf_cr,secondary,True,10.0,eo_concordant,0.1232652386029561,0.1075714021921157,0.1416139841079712,0.106080569620841,0.1404499075850712,0.008757486427018,0.1588890883359847,1024.0412745698125,30,True,"same random survival forest learner, logrank versus logrankCR splitting",True,
temporal,rsf_naive - rsf_cr,rsf_naive,rsf_cr,secondary,True,10.0,calib_intercept_concordant,-0.1333169251680374,-0.1567444134503603,-0.11088223233819,-0.1568550101201781,-0.1097788402158967,0.011955245138834,0.3291859445036568,268.15392798437136,30,True,"same random survival forest learner, logrank versus logrankCR splitting",True,
temporal,rsf_naive - rsf_cr,rsf_naive,rsf_cr,secondary,True,10.0,calib_slope_concordant,-0.0894840598106384,-0.1744435757398605,-0.0276347413659095,-0.162832952776711,-0.0161351668445658,0.0373253086960524,0.2468437528381221,460.8513074173392,30,True,"same random survival forest learner, logrank versus logrankCR splitting",True,
temporal,rsf_naive - rsf_cr,rsf_naive,rsf_cr,secondary,True,10.0,ici_concordant,0.0045007669366896,0.00336957690306,0.0051120904739946,0.003643252222204,0.0053582816511751,0.0004370701116084,0.1457641724246999,1188.8239727600785,30,True,"same random survival forest learner, logrank versus logrankCR splitting",True,
temporal,rsf_naive - rsf_cr,rsf_naive,rsf_cr,secondary,True,10.0,e50_concordant,0.0003288772034769,-0.0014888497942592,0.0023461137141566,-0.0015641354365123,0.0022218898434661,0.0009651649810036,0.1162383357841143,1730.470000569262,30,False,"same random survival forest learner, logrank versus logrankCR splitting",True,
temporal,rsf_naive - rsf_cr,rsf_naive,rsf_cr,secondary,True,10.0,e90_concordant,0.0152401684472958,0.0125869584269821,0.0178502083756029,0.0125377554389107,0.0179425814556808,0.001376348148671,0.2000749204281684,678.5608725388379,30,True,"same random survival forest learner, logrank versus logrankCR splitting",True,
temporal,rsf_naive - rsf_cr,rsf_naive,rsf_cr,secondary,True,10.0,auc,0.0016289313634236,-0.0015406712889671,0.0048874661326408,-0.0016399239644779,0.0048977866913253,0.0016580361547389,0.3777358817337671,206.43102763190123,30,False,"same random survival forest learner, logrank versus logrankCR splitting",True,
temporal,rsf_naive - rsf_cr,rsf_naive,rsf_cr,secondary,True,10.0,cindex,0.0015541573365529,-0.0014423310756683,0.0046399295330047,-0.0015419555858466,0.0046502702589525,0.0015708837216296,0.3676279068098836,217.3786835125887,30,False,"same random survival forest learner, logrank versus logrankCR splitting",True,
temporal,rsf_naive - rsf_cr,rsf_naive,rsf_cr,secondary,True,10.0,auc_marginal_ipcw,0.0015880425771077,-0.0015420600771903,0.0048071280121803,-0.0016468259831685,0.004822911137384,0.0016410861552531,0.3717749246021423,212.7835896802577,30,False,"same random survival forest learner, logrank versus logrankCR splitting",True,
temporal,rsf_naive - rsf_cr,rsf_naive,rsf_cr,secondary,True,10.0,cindex_marginal_ipcw,0.0015975058078765,-0.0014145404100418,0.0046828478574752,-0.0015041397680295,0.0046991513837827,0.0015733814036892,0.3743512872775023,210.00227116315065,30,False,"same random survival forest learner, logrank versus logrankCR splitting",True,
temporal,rsf_naive - rsf_cr,rsf_naive,rsf_cr,secondary,True,10.0,at_risk_fraction,0.0,0.0,0.0,0.0,0.0,0.0,0.0002143852355178,9326.000643017896,30,False,"same random survival forest learner, logrank versus logrankCR splitting",True,
temporal,rsf_naive - rsf_cr,rsf_naive,rsf_cr,secondary,True,10.0,nb_at_0.01,-5.000705520311991e-06,-0.0004169031511992,0.0003916865680366,-0.00039135753543,0.0003813561243893,0.0001951346528895,0.5019237513462137,119.88430293681222,30,False,"same random survival forest learner, logrank versus logrankCR splitting",True,
temporal,rsf_naive - rsf_cr,rsf_naive,rsf_cr,secondary,True,10.0,nb_at_0.02,-4.8859603703022e-05,-0.0005122653674334,0.0003826839849352,-0.0004835275944576,0.0003858083870516,0.0002206227455838,0.3542660767832922,233.24800337470185,30,False,"same random survival forest learner, logrank versus logrankCR splitting",True,
temporal,rsf_naive - rsf_cr,rsf_naive,rsf_cr,secondary,True,10.0,nb_at_0.03,-0.0001278527701894,-0.0007234330289065,0.0004552646540105,-0.0007154358632815,0.0004597303229027,0.0002976352678319,0.420579390323883,168.15956903063363,30,False,"same random survival forest learner, logrank versus logrankCR splitting",True,
temporal,rsf_naive - rsf_cr,rsf_naive,rsf_cr,secondary,True,10.0,nb_at_0.05,-0.0002741027933855,-0.0011624663835391,0.0006594481645151,-0.0012051162786996,0.0006569106919285,0.0004678720438122,0.6179111739934153,80.45910934566413,30,False,"same random survival forest learner, logrank versus logrankCR splitting",True,
temporal,rsf_naive - rsf_cr,rsf_naive,rsf_cr,secondary,True,10.0,nb_at_0.075,-0.0002330583985894,-0.0013661767588928,0.0009093970293179,-0.001403879985651,0.0009377631884721,0.0005910614554436,0.5138523945483942,114.60780845074568,30,False,"same random survival forest learner, logrank versus logrankCR splitting",True,
temporal,rsf_naive - rsf_cr,rsf_naive,rsf_cr,secondary,True,10.0,nb_at_0.2,-0.0024943110688279,-0.0043568208813667,-0.0005468067771289,-0.0044421520600331,-0.0005464700776226,0.0009900581001009,0.2997379873003224,320.18356124754786,30,True,"same random survival forest learner, logrank versus logrankCR splitting",True,
temporal,rsf_naive - rsf_cr,rsf_naive,rsf_cr,secondary,True,10.0,frac_above_0.01,-0.0010540624459584,-0.0060027837753295,0.0040733218193054,-0.0064188732320447,0.0043107483401278,0.0026913909718901,0.6532836274984415,72.29900275719035,30,False,"same random survival forest learner, logrank versus logrankCR splitting",True,
temporal,rsf_naive - rsf_cr,rsf_naive,rsf_cr,secondary,True,10.0,frac_above_0.02,-0.0009968916575113,-0.0055740177631378,0.0036445558071136,-0.0057544832881259,0.0037606999731032,0.0023891662484356,0.6328787470086553,76.84429986829697,30,False,"same random survival forest learner, logrank versus logrankCR splitting",True,
temporal,rsf_naive - rsf_cr,rsf_naive,rsf_cr,secondary,True,10.0,frac_above_0.03,0.0025690495967864,-0.0019294917583465,0.0072890818119049,-0.002091644607294,0.007229743800867,0.0023416656573077,0.6225955458962918,79.30059537965097,30,False,"same random survival forest learner, logrank versus logrankCR splitting",True,
temporal,rsf_naive - rsf_cr,rsf_naive,rsf_cr,secondary,True,10.0,frac_above_0.05,0.0090434829394022,0.004394918680191,0.0137206614017486,0.0042184475421128,0.0138685183366917,0.0024219603316788,0.6419568301514896,74.77025782865293,30,True,"same random survival forest learner, logrank versus logrankCR splitting",True,
temporal,rsf_naive - rsf_cr,rsf_naive,rsf_cr,secondary,True,10.0,frac_above_0.075,0.0170650656024614,0.0118983834981918,0.0229392200708389,0.0113002892255471,0.0228298419793758,0.0028840899621892,0.7062117842541147,62.237344038803165,30,True,"same random survival forest learner, logrank versus logrankCR splitting",True,
temporal,rsf_naive - rsf_cr,rsf_naive,rsf_cr,secondary,True,10.0,frac_above_0.2,0.0323828920722007,0.0280844680964946,0.0368742644786834,0.0278744170525303,0.0368913670918712,0.0022875652180829,0.3663099614159891,218.87041170527053,30,True,"same random survival forest learner, logrank versus logrankCR splitting",True,
temporal,rsf_naive - rsf_cr,rsf_naive,rsf_cr,secondary,True,10.0,nb_all_at_0.01,0.0,0.0,0.0,0.0,0.0,0.0,0.0002143852355178,9326.000643017896,30,False,"same random survival forest learner, logrank versus logrankCR splitting",True,
temporal,rsf_naive - rsf_cr,rsf_naive,rsf_cr,secondary,True,10.0,nb_all_at_0.02,0.0,0.0,0.0,0.0,0.0,0.0,0.0002143852355178,9326.000643017896,30,False,"same random survival forest learner, logrank versus logrankCR splitting",True,
temporal,rsf_naive - rsf_cr,rsf_naive,rsf_cr,secondary,True,10.0,nb_all_at_0.03,0.0,0.0,0.0,0.0,0.0,0.0,0.0002143852355178,9326.000643017896,30,False,"same random survival forest learner, logrank versus logrankCR splitting",True,
temporal,rsf_naive - rsf_cr,rsf_naive,rsf_cr,secondary,True,10.0,nb_all_at_0.05,0.0,0.0,0.0,0.0,0.0,0.0,0.0002143852355178,9326.000643017896,30,False,"same random survival forest learner, logrank versus logrankCR splitting",True,
temporal,rsf_naive - rsf_cr,rsf_naive,rsf_cr,secondary,True,10.0,nb_all_at_0.075,0.0,0.0,0.0,0.0,0.0,0.0,0.0002143852355178,9326.000643017896,30,False,"same random survival forest learner, logrank versus logrankCR splitting",True,
temporal,rsf_naive - rsf_cr,rsf_naive,rsf_cr,secondary,True,10.0,nb_all_at_0.2,0.0,0.0,0.0,0.0,0.0,0.0,0.0002143852355178,9326.000643017896,30,False,"same random survival forest learner, logrank versus logrankCR splitting",True,
temporal,rsf_naive - rsf_cr,rsf_naive,rsf_cr,secondary,True,10.0,log_eo_ratio,0.1395506498041493,0.1326416838914156,0.1463934499770403,0.1325183137729264,0.1465829858353722,0.0035539907046634,0.4856487162859639,127.69891215711036,30,True,"same random survival forest learner, logrank versus logrankCR splitting",True,
temporal,logistic - logistic_cr,logistic,logistic_cr,secondary,True,5.0,mean_pred,0.0021267441411813,0.001969199348241,0.0022784310393035,0.0019700086313904,0.0022834796509721,7.955288792249025e-05,0.3546011359596001,232.82899155956576,30,True,"same IPCW binomial learner, competing death as censoring versus as an event",True,
temporal,logistic - logistic_cr,logistic,logistic_cr,secondary,True,5.0,obs_cif,0.0,0.0,0.0,0.0,0.0,0.0,0.0002143852355178,9326.000643017896,30,False,"same IPCW binomial learner, competing death as censoring versus as an event",True,
temporal,logistic - logistic_cr,logistic,logistic_cr,secondary,True,5.0,eo,0.1538015166918436,0.1296783596277237,0.1855504870414734,0.125644967682636,0.1819580657010512,0.014362026644048,0.0559787962504981,4547.551104384347,30,True,"same IPCW binomial learner, competing death as censoring versus as an event",True,
temporal,logistic - logistic_cr,logistic,logistic_cr,secondary,True,5.0,calib_intercept,-0.1831955442825953,-0.2083840250968933,-0.1640372566878795,-0.2055965014379056,-0.1607945871272849,0.011361173364916,0.3809490936505911,203.12476104792435,30,True,"same IPCW binomial learner, competing death as censoring versus as an event",True,
temporal,logistic - logistic_cr,logistic,logistic_cr,secondary,True,5.0,calib_slope,-0.0409500479698181,-0.0550851970911026,-0.0312845453619956,-0.052940034547685,-0.0289600613919511,0.0061029327245638,0.2337537321809282,509.9279954745626,30,True,"same IPCW binomial learner, competing death as censoring versus as an event",True,
temporal,logistic - logistic_cr,logistic,logistic_cr,secondary,True,5.0,ici,0.0021323506565143,0.0012447731336578,0.0022773138713091,0.0015633457457275,0.0027013555673011,0.0002902403664317,0.0532477455189405,4774.495068991715,30,True,"same IPCW binomial learner, competing death as censoring versus as an event",True,
temporal,logistic - logistic_cr,logistic,logistic_cr,secondary,True,5.0,e50,0.0003486351808533,-0.0006272045546211,0.0009439564542844,-0.0004180635551856,0.0011153339168922,0.0003910977581327,0.0426684915742592,5756.151342171886,30,False,"same IPCW binomial learner, competing death as censoring versus as an event",True,
temporal,logistic - logistic_cr,logistic,logistic_cr,secondary,True,5.0,e90,0.006463341632237,0.0003750503412447,0.0072031730087473,0.0034491158797325,0.0094775673847415,0.0015376651850353,0.0216514852620725,7976.7072400223105,30,True,"same IPCW binomial learner, competing death as censoring versus as an event",True,
temporal,logistic - logistic_cr,logistic,logistic_cr,secondary,True,5.0,obs_concordant,0.0002894140779972,0.0002243885537609,0.0003605457954108,0.0002217608586268,0.0003570672973675,3.451310311052082e-05,0.0002143852355178,9326.000643017896,30,True,"same IPCW binomial learner, competing death as censoring versus as an event",True,
temporal,logistic - logistic_cr,logistic,logistic_cr,secondary,True,5.0,eo_concordant,0.1212359388669332,0.1014275014400482,0.147054436802864,0.098422435434229,0.1440494422996373,0.0116352291165246,0.077777095783632,3111.821520237593,30,True,"same IPCW binomial learner, competing death as censoring versus as an event",True,
temporal,logistic - logistic_cr,logistic,logistic_cr,secondary,True,5.0,calib_intercept_concordant,-0.1449040164550145,-0.1682926833629608,-0.1272061876952648,-0.1655620499953435,-0.1242459829146855,0.0104712376805028,0.3995287530055016,185.4862876997148,30,True,"same IPCW binomial learner, competing death as censoring versus as an event",True,
temporal,logistic - logistic_cr,logistic,logistic_cr,secondary,True,5.0,calib_slope_concordant,-0.033812266588211,-0.0486638158559799,-0.0234671518206596,-0.0465142285889685,-0.0211103045874535,0.0064685964753113,0.2053013015433407,647.4178401421751,30,True,"same IPCW binomial learner, competing death as censoring versus as an event",True,
temporal,logistic - logistic_cr,logistic,logistic_cr,secondary,True,5.0,ici_concordant,0.0017505233020832,0.0010689895018003,0.0019312965450808,0.0012774191333288,0.0022236274708375,0.000241279404735,0.0843815872110463,2790.223451920873,30,True,"same IPCW binomial learner, competing death as censoring versus as an event",True,
temporal,logistic - logistic_cr,logistic,logistic_cr,secondary,True,5.0,e50_concordant,0.0002243611418331,-0.0004828208417166,0.0006829324876889,-0.0003436711433229,0.0007923934269892,0.0002897428026741,0.0543383053715489,4682.534988024852,30,False,"same IPCW binomial learner, competing death as censoring versus as an event",True,
temporal,logistic - logistic_cr,logistic,logistic_cr,secondary,True,5.0,e90_concordant,0.0050589811988174,6.224244134500623e-05,0.0058320269221439,0.0023043044927817,0.0078136579048532,0.0014052494923221,0.025226275304793,7606.809781776469,30,True,"same IPCW binomial learner, competing death as censoring versus as an event",True,
temporal,logistic - logistic_cr,logistic,logistic_cr,secondary,True,5.0,auc,9.57647959391276e-07,-0.0012296453118324,0.0011845856904983,-0.0012087375493958,0.0012106528453146,0.0006162228929624,0.1876110839785909,762.3619987094457,30,False,"same IPCW binomial learner, competing death as censoring versus as an event",True,
temporal,logistic - logistic_cr,logistic,logistic_cr,secondary,True,5.0,cindex,4.410743713378907e-07,-0.0012334614992141,0.0011778518557548,-0.0012108189543219,0.0012117011030646,0.0006169813062882,0.1916780777310744,733.4194954654065,30,False,"same IPCW binomial learner, competing death as censoring versus as an event",True,
temporal,logistic - logistic_cr,logistic,logistic_cr,secondary,True,5.0,auc_marginal_ipcw,9.57647959391276e-07,-0.0012296453118324,0.0011845856904983,-0.0012087375493958,0.0012106528453146,0.0006162228929624,0.1876110839785909,762.3619987094457,30,False,"same IPCW binomial learner, competing death as censoring versus as an event",True,
temporal,logistic - logistic_cr,logistic,logistic_cr,secondary,True,5.0,cindex_marginal_ipcw,4.410743713378907e-07,-0.0012334614992141,0.0011778518557548,-0.0012108189543219,0.0012117011030646,0.0006169813062882,0.1916780777310744,733.4194954654065,30,False,"same IPCW binomial learner, competing death as censoring versus as an event",True,
temporal,logistic - logistic_cr,logistic,logistic_cr,secondary,True,5.0,at_risk_fraction,0.0,0.0,0.0,0.0,0.0,0.0,0.0002143852355178,9326.000643017896,30,False,"same IPCW binomial learner, competing death as censoring versus as an event",True,
temporal,logistic - logistic_cr,logistic,logistic_cr,secondary,True,5.0,nb_at_0.01,-4.475253323713938e-06,-0.000210054218769,0.0002111373469233,-0.0001751211596137,0.0001661706529663,8.601854268323989e-05,0.550011013806311,100.59851002712668,30,False,"same IPCW binomial learner, competing death as censoring versus as an event",True,
temporal,logistic - logistic_cr,logistic,logistic_cr,secondary,True,5.0,nb_at_0.02,3.179321065545082e-05,-0.0002559497952461,0.0005118995904922,-0.0003760715455884,0.0004396579668993,0.0002071063252028,0.3387672074269894,253.94483612721143,30,False,"same IPCW binomial learner, competing death as censoring versus as an event",True,
temporal,logistic - logistic_cr,logistic,logistic_cr,secondary,True,5.0,nb_at_0.03,-5.4406669611732165e-05,-0.0004442415665835,0.0005967426113784,-0.0005934574339443,0.0004846440947209,0.000272890305136,0.4381776944492452,155.48512082795662,30,False,"same IPCW binomial learner, competing death as censoring versus as an event",True,
temporal,logistic - logistic_cr,logistic,logistic_cr,secondary,True,5.0,nb_at_0.05,-0.0002907364774728,-0.0008462575497105,0.0004456955939531,-0.0009519071209168,0.0003704341659711,0.0003356758037274,0.3447831497533674,245.59464375037325,30,False,"same IPCW binomial learner, competing death as censoring versus as an event",True,
temporal,logistic - logistic_cr,logistic,logistic_cr,secondary,True,5.0,nb_at_0.075,-0.0006834254095641,-0.0012370608747005,3.186811227351427e-05,-0.0013371533226951,-2.969749643307777e-05,0.0003315828908396,0.3779843788017915,206.17244587320533,30,False,"same IPCW binomial learner, competing death as censoring versus as an event",True,
temporal,logistic - logistic_cr,logistic,logistic_cr,secondary,True,5.0,nb_at_0.2,-0.0003850001783575,-0.0008575409883633,0.0001875871093943,-0.0009064821947856,0.0001364818380704,0.0002653369832985,0.2527352752563967,441.0308999908814,30,False,"same IPCW binomial learner, competing death as censoring versus as an event",True,
temporal,logistic - logistic_cr,logistic,logistic_cr,secondary,True,5.0,frac_above_0.01,-0.0006288637717564,-0.005145251750946,0.0026798248291015,-0.0046234579030302,0.0033657303595173,0.0019823207140361,0.8427060641377183,44.20009293873016,30,False,"same IPCW binomial learner, competing death as censoring versus as an event",True,
temporal,logistic - logistic_cr,logistic,logistic_cr,secondary,True,5.0,frac_above_0.02,0.0105906317631403,0.0073963105678558,0.0136134624481201,0.0073937887779278,0.0137874747483528,0.0016116605965943,0.5469608797080601,101.67715964487246,30,True,"same IPCW binomial learner, competing death as censoring versus as an event",True,
temporal,logistic - logistic_cr,logistic,logistic_cr,secondary,True,5.0,frac_above_0.03,0.0141458541154861,0.0112552195787429,0.0172580182552337,0.0110649448752395,0.0172267633557327,0.0015616092202453,0.4006706908059342,184.4785006798689,30,True,"same IPCW binomial learner, competing death as censoring versus as an event",True,
temporal,logistic - logistic_cr,logistic,logistic_cr,secondary,True,5.0,frac_above_0.05,0.0184585695465405,0.015221357345581,0.0218672901391983,0.0151074092091574,0.0218097298839237,0.0017021989693827,0.3267302013698152,271.98849677040715,30,True,"same IPCW binomial learner, competing death as censoring versus as an event",True,
temporal,logistic - logistic_cr,logistic,logistic_cr,secondary,True,5.0,frac_above_0.075,0.0158609356731176,0.0126487277448177,0.0194018669426441,0.0124156705730904,0.0193062007731448,0.0017438297232619,0.4433291861182142,152.0478231170436,30,True,"same IPCW binomial learner, competing death as censoring versus as an event",True,
temporal,logistic - logistic_cr,logistic,logistic_cr,secondary,True,5.0,frac_above_0.2,0.0030942937514434,0.0017150822095572,0.0045020901598036,0.0017029560040517,0.004485631498835,0.0007061915326261,0.3544869959354336,232.97160307990384,30,True,"same IPCW binomial learner, competing death as censoring versus as an event",True,
temporal,logistic - logistic_cr,logistic,logistic_cr,secondary,True,5.0,nb_all_at_0.01,0.0,0.0,0.0,0.0,0.0,0.0,0.0002143852355178,9326.000643017896,30,False,"same IPCW binomial learner, competing death as censoring versus as an event",True,
temporal,logistic - logistic_cr,logistic,logistic_cr,secondary,True,5.0,nb_all_at_0.02,0.0,0.0,0.0,0.0,0.0,0.0,0.0002143852355178,9326.000643017896,30,False,"same IPCW binomial learner, competing death as censoring versus as an event",True,
temporal,logistic - logistic_cr,logistic,logistic_cr,secondary,True,5.0,nb_all_at_0.03,0.0,0.0,0.0,0.0,0.0,0.0,0.0002143852355178,9326.000643017896,30,False,"same IPCW binomial learner, competing death as censoring versus as an event",True,
temporal,logistic - logistic_cr,logistic,logistic_cr,secondary,True,5.0,nb_all_at_0.05,0.0,0.0,0.0,0.0,0.0,0.0,0.0002143852355178,9326.000643017896,30,False,"same IPCW binomial learner, competing death as censoring versus as an event",True,
temporal,logistic - logistic_cr,logistic,logistic_cr,secondary,True,5.0,nb_all_at_0.075,0.0,0.0,0.0,0.0,0.0,0.0,0.0002143852355178,9326.000643017896,30,False,"same IPCW binomial learner, competing death as censoring versus as an event",True,
temporal,logistic - logistic_cr,logistic,logistic_cr,secondary,True,5.0,nb_all_at_0.2,0.0,0.0,0.0,0.0,0.0,0.0,0.0002143852355178,9326.000643017896,30,False,"same IPCW binomial learner, competing death as censoring versus as an event",True,
temporal,logistic - logistic_cr,logistic,logistic_cr,secondary,True,5.0,log_eo_ratio,0.1018312715372238,0.096455443650484,0.1061308674514293,0.0970087668300042,0.1066537762444435,0.0024173725020743,0.6692625476605321,69.01723336789712,30,True,"same IPCW binomial learner, competing death as censoring versus as an event",True,
temporal,logistic - logistic_cr,logistic,logistic_cr,secondary,True,10.0,mean_pred,0.0112379049261411,0.0106604861095547,0.0118388574570417,0.0106497761364209,0.0118260337158613,0.0002996450624195,0.1763037995724939,852.2298016071184,30,True,"same IPCW binomial learner, competing death as censoring versus as an event",True,
temporal,logistic - logistic_cr,logistic,logistic_cr,secondary,True,10.0,obs_cif,0.0,0.0,0.0,0.0,0.0,0.0,0.0002143852355178,9326.000643017896,30,False,"same IPCW binomial learner, competing death as censoring versus as an event",True,
temporal,logistic - logistic_cr,logistic,logistic_cr,secondary,True,10.0,eo,0.340947683652242,0.3060399979352951,0.3826538234949112,0.302394967930442,0.379500399374042,0.0196663284856956,0.0374912986346349,6288.618686733371,30,True,"same IPCW binomial learner, competing death as censoring versus as an event",True,
temporal,logistic - logistic_cr,logistic,logistic_cr,secondary,True,10.0,calib_intercept,-0.3946197738250097,-0.4182783812284469,-0.3730531327426433,-0.4173282311816232,-0.3719113164683961,0.0115602923623762,0.2261484835362157,542.0921914651581,30,True,"same IPCW binomial learner, competing death as censoring versus as an event",True,
temporal,logistic - logistic_cr,logistic,logistic_cr,secondary,True,10.0,calib_slope,-0.0936428626378377,-0.1112849727272987,-0.0794213756918907,-0.1096820770175337,-0.0776036482581417,0.0081749834077351,0.1468638019510339,1173.603220280478,30,True,"same IPCW binomial learner, competing death as censoring versus as an event",True,
temporal,logistic - logistic_cr,logistic,logistic_cr,secondary,True,10.0,ici,0.0105561366304755,0.0072761495830491,0.0116153817391023,0.0081891297420389,0.012923143518912,0.0012073096134516,0.0637835079797587,3959.663082103911,30,True,"same IPCW binomial learner, competing death as censoring versus as an event",True,
temporal,logistic - logistic_cr,logistic,logistic_cr,secondary,True,10.0,e50,0.0018236130165557,-0.00212428154191,0.004133968881797,-0.0013198922922825,0.0049671183253939,0.0016036345744745,0.0141856494627841,8661.03293607712,30,False,"same IPCW binomial learner, competing death as censoring versus as an event",True,
temporal,logistic - logistic_cr,logistic,logistic_cr,secondary,True,10.0,e90,0.0408879068990548,0.0313065899536013,0.0436099109239876,0.0349643127554123,0.0468115010426973,0.0030216221754381,0.046135771590113,5417.19338053506,30,True,"same IPCW binomial learner, competing death as censoring versus as an event",True,
temporal,logistic - logistic_cr,logistic,logistic_cr,secondary,True,10.0,obs_concordant,0.0016423687338829,0.0014024003408849,0.0018906554207205,0.0013951257565184,0.0018896117112473,0.0001261303224081,0.0002143852355178,9326.000643017896,30,True,"same IPCW binomial learner, competing death as censoring versus as an event",True,
temporal,logistic - logistic_cr,logistic,logistic_cr,secondary,True,10.0,eo_concordant,0.2637948234875997,0.2360686957836151,0.2965590447187424,0.2333779938373949,0.2942116531378044,0.0155153545071074,0.050125020546082,5047.611816082339,30,True,"same IPCW binomial learner, competing death as censoring versus as an event",True,
temporal,logistic - logistic_cr,logistic,logistic_cr,secondary,True,10.0,calib_intercept_concordant,-0.3059641391038895,-0.3268453821539879,-0.2863289207220078,-0.3263008118702873,-0.2856274663374916,0.0103460027875115,0.26008787016535,418.02930598500814,30,True,"same IPCW binomial learner, competing death as censoring versus as an event",True,
temporal,logistic - logistic_cr,logistic,logistic_cr,secondary,True,10.0,calib_slope_concordant,-0.076596309741338,-0.0963094159960746,-0.0606485992670059,-0.0944054821154838,-0.0587871373671923,0.0090797095093455,0.120891644516165,1624.5181187854175,30,True,"same IPCW binomial learner, competing death as censoring versus as an event",True,
temporal,logistic - logistic_cr,logistic,logistic_cr,secondary,True,10.0,ici_concordant,0.008447212477525,0.0058000511489808,0.0096371742198243,0.0062612764830806,0.0106331484719695,0.0011148520268689,0.0788881082035222,3054.539623105072,30,True,"same IPCW binomial learner, competing death as censoring versus as an event",True,
temporal,logistic - logistic_cr,logistic,logistic_cr,secondary,True,10.0,e50_concordant,0.0011220729444175,-0.0021005876595154,0.0028027401305735,-0.001433707076749,0.0036778529655842,0.0013038162969921,0.0107468299549817,8913.811186087996,30,False,"same IPCW binomial learner, competing death as censoring versus as an event",True,
temporal,logistic - logistic_cr,logistic,logistic_cr,secondary,True,10.0,e90_concordant,0.0328539977471033,0.0225337386596947,0.0356131575070321,0.0265512426583318,0.0391567528358749,0.0032151077277069,0.0397224785552499,6055.718034098857,30,True,"same IPCW binomial learner, competing death as censoring versus as an event",True,
temporal,logistic - logistic_cr,logistic,logistic_cr,secondary,True,10.0,auc,-0.000262705485026,-0.0016882434487342,0.0011535361409187,-0.0016832706358955,0.0011578596658434,0.0007243212732781,0.1108435246142739,1865.7671325833992,30,False,"same IPCW binomial learner, competing death as censoring versus as an event",True,
temporal,logistic - logistic_cr,logistic,logistic_cr,secondary,True,10.0,cindex,-0.0002473096052805,-0.0016042098402976,0.0010971501469612,-0.0016041401553805,0.0011095209448193,0.0006917526786752,0.1215763580935281,1609.7006160441192,30,False,"same IPCW binomial learner, competing death as censoring versus as an event",True,
temporal,logistic - logistic_cr,logistic,logistic_cr,secondary,True,10.0,auc_marginal_ipcw,-0.0001322269439697,-0.0015524640679359,0.0012779906392097,-0.0015467779592504,0.0012823240713109,0.0007212526180528,0.1111678127561459,1857.2269346167689,30,False,"same IPCW binomial learner, competing death as censoring versus as an event",True,
temporal,logistic - logistic_cr,logistic,logistic_cr,secondary,True,10.0,cindex_marginal_ipcw,-5.652308464050293e-05,-0.001418650150299,0.0012920543551445,-0.0014130667875491,0.001300020618268,0.0006916100178587,0.1210599413065536,1620.8583998197971,30,False,"same IPCW binomial learner, competing death as censoring versus as an event",True,
temporal,logistic - logistic_cr,logistic,logistic_cr,secondary,True,10.0,at_risk_fraction,0.0,0.0,0.0,0.0,0.0,0.0,0.0002143852355178,9326.000643017896,30,False,"same IPCW binomial learner, competing death as censoring versus as an event",True,
temporal,logistic - logistic_cr,logistic,logistic_cr,secondary,True,10.0,nb_at_0.01,0.0001668139050404,-0.0001289960462599,0.000246087135747,-2.1284441860651443e-05,0.0003549122519414,9.538814304960724e-05,0.3845564741677295,199.50727199392216,30,False,"same IPCW binomial learner, competing death as censoring versus as an event",True,
temporal,logistic - logistic_cr,logistic,logistic_cr,secondary,True,10.0,nb_at_0.02,-7.376062373320262e-05,-0.0004888541530817,0.0003297956660389,-0.0004630725721221,0.0003155513246557,0.0001969306640813,0.4606923354577191,141.2717747837016,30,False,"same IPCW binomial learner, competing death as censoring versus as an event",True,
temporal,logistic - logistic_cr,logistic,logistic_cr,secondary,True,10.0,nb_at_0.03,-0.0002111928537487,-0.0006391862407326,0.0002512051723897,-0.0006496659101441,0.0002272802026465,0.0002230665220497,0.2602208850149695,417.6298112692658,30,False,"same IPCW binomial learner, competing death as censoring versus as an event",True,
temporal,logistic - logistic_cr,logistic,logistic_cr,secondary,True,10.0,nb_at_0.05,-0.0001050947854916,-0.0008577013388276,0.0008320138789713,-0.000964009115455,0.0007538195444717,0.0004370826336453,0.2463960536958826,462.4114472820387,30,False,"same IPCW binomial learner, competing death as censoring versus as an event",True,
temporal,logistic - logistic_cr,logistic,logistic_cr,secondary,True,10.0,nb_at_0.075,-0.0003019616318245,-0.0015138047630898,0.0010947077302262,-0.0016273456944857,0.0010234224308366,0.0006734167854002,0.3152556644188088,291.0464499679308,30,False,"same IPCW binomial learner, competing death as censoring versus as an event",True,
temporal,logistic - logistic_cr,logistic,logistic_cr,secondary,True,10.0,nb_at_0.2,-0.0038475799529502,-0.0056757451966404,-0.0019363435014383,-0.0057141366994173,-0.0019810232064832,0.0009513167195962,0.1506077470356535,1123.8332213922636,30,True,"same IPCW binomial learner, competing death as censoring versus as an event",True,
temporal,logistic - logistic_cr,logistic,logistic_cr,secondary,True,10.0,frac_above_0.01,-0.0213349084059397,-0.0249758958816528,-0.0179011225700378,-0.0249510616411423,-0.0177187551707371,0.0018352241540575,0.3583827830490725,228.17744628167583,30,True,"same IPCW binomial learner, competing death as censoring versus as an event",True,
temporal,logistic - logistic_cr,logistic,logistic_cr,secondary,True,10.0,frac_above_0.02,-0.0002715567747751,-0.0032157599925994,0.0030013918876647,-0.003380488535951,0.0028373749864006,0.0015705555911444,0.4961943695226444,122.55055424918544,30,False,"same IPCW binomial learner, competing death as censoring versus as an event",True,
temporal,logistic - logistic_cr,logistic,logistic_cr,secondary,True,10.0,frac_above_0.03,0.0126594513654708,0.0094329714775085,0.015971690416336,0.0093214439397317,0.01599745879121,0.0016928874906897,0.3821614221592591,201.89806420763912,30,True,"same IPCW binomial learner, competing death as censoring versus as an event",True,
temporal,logistic - logistic_cr,logistic,logistic_cr,secondary,True,10.0,frac_above_0.05,0.0273198197285334,0.0234751999378204,0.0310858488082885,0.0235187471970486,0.0311208922600182,0.0019345283765507,0.2398979386896245,485.9705979753445,30,True,"same IPCW binomial learner, competing death as censoring versus as an event",True,
temporal,logistic - logistic_cr,logistic,logistic_cr,secondary,True,10.0,frac_above_0.075,0.0380962590376536,0.0339800715446472,0.0425554811954498,0.0337732015666037,0.0424193165087034,0.0022010036270447,0.2199449834494544,570.6098064576947,30,True,"same IPCW binomial learner, competing death as censoring versus as an event",True,
temporal,logistic - logistic_cr,logistic,logistic_cr,secondary,True,10.0,frac_above_0.2,0.0393396937598784,0.0351591780781745,0.0435202047228813,0.0350732444209804,0.0436061430987765,0.0021739687760174,0.1677779658312138,930.6177003011672,30,True,"same IPCW binomial learner, competing death as censoring versus as an event",True,
temporal,logistic - logistic_cr,logistic,logistic_cr,secondary,True,10.0,nb_all_at_0.01,0.0,0.0,0.0,0.0,0.0,0.0,0.0002143852355178,9326.000643017896,30,False,"same IPCW binomial learner, competing death as censoring versus as an event",True,
temporal,logistic - logistic_cr,logistic,logistic_cr,secondary,True,10.0,nb_all_at_0.02,0.0,0.0,0.0,0.0,0.0,0.0,0.0002143852355178,9326.000643017896,30,False,"same IPCW binomial learner, competing death as censoring versus as an event",True,
temporal,logistic - logistic_cr,logistic,logistic_cr,secondary,True,10.0,nb_all_at_0.03,0.0,0.0,0.0,0.0,0.0,0.0,0.0002143852355178,9326.000643017896,30,False,"same IPCW binomial learner, competing death as censoring versus as an event",True,
temporal,logistic - logistic_cr,logistic,logistic_cr,secondary,True,10.0,nb_all_at_0.05,0.0,0.0,0.0,0.0,0.0,0.0,0.0002143852355178,9326.000643017896,30,False,"same IPCW binomial learner, competing death as censoring versus as an event",True,
temporal,logistic - logistic_cr,logistic,logistic_cr,secondary,True,10.0,nb_all_at_0.075,0.0,0.0,0.0,0.0,0.0,0.0,0.0002143852355178,9326.000643017896,30,False,"same IPCW binomial learner, competing death as censoring versus as an event",True,
temporal,logistic - logistic_cr,logistic,logistic_cr,secondary,True,10.0,nb_all_at_0.2,0.0,0.0,0.0,0.0,0.0,0.0,0.0002143852355178,9326.000643017896,30,False,"same IPCW binomial learner, competing death as censoring versus as an event",True,
temporal,logistic - logistic_cr,logistic,logistic_cr,secondary,True,10.0,log_eo_ratio,0.2353960658308848,0.2298417963087558,0.2415917985141277,0.229514530844972,0.2412776008167977,0.0029768834444845,0.4440129134152778,151.60027168033054,30,True,"same IPCW binomial learner, competing death as censoring versus as an event",True,
temporal,cox_naive - fine_gray,cox_naive,fine_gray,secondary,False,5.0,mean_pred,0.001180059959491,0.0009830350521951,0.001386328972876,0.0009773485504676,0.0013827713685145,0.0001033593388811,0.1104806603376979,1875.387816748076,30,True,differs in the target of estimation as well as in the handling of competing risk,True,
temporal,cox_naive - fine_gray,cox_naive,fine_gray,secondary,False,5.0,obs_cif,0.0,0.0,0.0,0.0,0.0,0.0,0.0002143852355178,9326.000643017896,30,False,differs in the target of estimation as well as in the handling of competing risk,True,
temporal,cox_naive - fine_gray,cox_naive,fine_gray,secondary,False,5.0,eo,0.0853393793106079,0.0679036110639572,0.1070407718420028,0.0656772374161257,0.1050015212050901,0.0100289563972166,0.0612630053896331,4139.866519561517,30,True,differs in the target of estimation as well as in the handling of competing risk,True,
temporal,cox_naive - fine_gray,cox_naive,fine_gray,secondary,False,5.0,calib_intercept,-0.2264120876789093,-0.2739179186522961,-0.183934923261404,-0.2719194850279084,-0.1809046903299102,0.0232125734701392,0.053504764493915,4752.662170677807,30,True,differs in the target of estimation as well as in the handling of competing risk,True,
temporal,cox_naive - fine_gray,cox_naive,fine_gray,secondary,False,5.0,calib_slope,-0.1660477558771769,-0.2338820561766624,-0.1210265323519706,-0.2233817556957713,-0.1087137560585825,0.0292468870169239,0.0381328313484613,6221.180980239686,30,True,differs in the target of estimation as well as in the handling of competing risk,True,
temporal,cox_naive - fine_gray,cox_naive,fine_gray,secondary,False,5.0,ici,0.0011902129743248,0.000932659371756,0.0015922310529276,0.0008686205890352,0.0015118053596143,0.0001640387060798,0.0538660875037398,4722.135927067835,30,True,differs in the target of estimation as well as in the handling of competing risk,True,
temporal,cox_naive - fine_gray,cox_naive,fine_gray,secondary,False,5.0,e50,-0.0016618978309755,-0.0022742464556358,-0.0006877625768538,-0.0025026155158179,-0.0008211801461331,0.000428659390346,0.1128119918340154,1814.750259157878,30,True,differs in the target of estimation as well as in the handling of competing risk,True,
temporal,cox_naive - fine_gray,cox_naive,fine_gray,secondary,False,5.0,e90,0.0064196699609359,0.0043750222888775,0.0074459479190409,0.004689267734755,0.0081500721871168,0.0008827051974458,0.0372725435124877,6311.694366477081,30,True,differs in the target of estimation as well as in the handling of competing risk,True,
temporal,cox_naive - fine_gray,cox_naive,fine_gray,secondary,False,5.0,obs_concordant,0.0002894140779972,0.0002243885537609,0.0003605457954108,0.0002217608586268,0.0003570672973675,3.451310311052082e-05,0.0002143852355178,9326.000643017896,30,True,differs in the target of estimation as well as in the handling of competing risk,True,
temporal,cox_naive - fine_gray,cox_naive,fine_gray,secondary,False,5.0,eo_concordant,0.053596019744873,0.0393156915903091,0.0707007765769958,0.0378825089265067,0.0693095305632393,0.0080135083662306,0.0888387104876254,2597.138795761621,30,True,differs in the target of estimation as well as in the handling of competing risk,True,
temporal,cox_naive - fine_gray,cox_naive,fine_gray,secondary,False,5.0,calib_intercept_concordant,-0.190815778573354,-0.2362963870167732,-0.1498207319527864,-0.2345470319106249,-0.1470845252360832,0.02230654944795,0.053919968730271,4717.600511595492,30,True,differs in the target of estimation as well as in the handling of competing risk,True,
temporal,cox_naive - fine_gray,cox_naive,fine_gray,secondary,False,5.0,calib_slope_concordant,-0.1585242450237274,-0.2267057701945304,-0.113338565826416,-0.2160896877804139,-0.1009588022670409,0.0293648610102955,0.0390398309071375,6126.47342533168,30,True,differs in the target of estimation as well as in the handling of competing risk,True,
temporal,cox_naive - fine_gray,cox_naive,fine_gray,secondary,False,5.0,ici_concordant,0.0008179064374417,0.0005716557498089,0.0013594678253866,0.0004459399392491,0.0011898729356342,0.0001897431763645,0.0415440570484446,5869.323521344809,30,True,differs in the target of estimation as well as in the handling of competing risk,True,
temporal,cox_naive - fine_gray,cox_naive,fine_gray,secondary,False,5.0,e50_concordant,-0.001717478246428,-0.0022438617481384,-0.0005978413973934,-0.0025086181497358,-0.0009263383431203,0.0004034801918862,0.0825848490717684,2873.325789140892,30,True,differs in the target of estimation as well as in the handling of competing risk,True,
temporal,cox_naive - fine_gray,cox_naive,fine_gray,secondary,False,5.0,e90_concordant,0.0050154391055305,0.0027224993566051,0.0060573564143851,0.0032622387531902,0.0067686394578709,0.0008943320909365,0.0382319289512958,6210.796233846751,30,True,differs in the target of estimation as well as in the handling of competing risk,True,
temporal,cox_naive - fine_gray,cox_naive,fine_gray,secondary,False,5.0,auc,0.0020776132742563,-0.000752568244934,0.0048176661133766,-0.0007396303949623,0.0048948569434751,0.0014352738852513,0.1801555440513936,819.9512212750308,30,False,differs in the target of estimation as well as in the handling of competing risk,True,
temporal,cox_naive - fine_gray,cox_naive,fine_gray,secondary,False,5.0,cindex,0.0020324925581614,-0.0007881000638008,0.0047654539346694,-0.0007741107317841,0.0048390958481069,0.0014297944737209,0.1829237771606673,797.846499395491,30,False,differs in the target of estimation as well as in the handling of competing risk,True,
temporal,cox_naive - fine_gray,cox_naive,fine_gray,secondary,False,5.0,auc_marginal_ipcw,0.0020776132742563,-0.000752568244934,0.0048176661133766,-0.0007396303949623,0.0048948569434751,0.0014352738852513,0.1801555440513936,819.9512212750308,30,False,differs in the target of estimation as well as in the handling of competing risk,True,
temporal,cox_naive - fine_gray,cox_naive,fine_gray,secondary,False,5.0,cindex_marginal_ipcw,0.0020324925581614,-0.0007881000638008,0.0047654539346694,-0.0007741107317841,0.0048390958481069,0.0014297944737209,0.1829237771606673,797.846499395491,30,False,differs in the target of estimation as well as in the handling of competing risk,True,
temporal,cox_naive - fine_gray,cox_naive,fine_gray,secondary,False,5.0,at_risk_fraction,0.0,0.0,0.0,0.0,0.0,0.0,0.0002143852355178,9326.000643017896,30,False,differs in the target of estimation as well as in the handling of competing risk,True,
temporal,cox_naive - fine_gray,cox_naive,fine_gray,secondary,False,5.0,nb_at_0.01,0.0003120856980482,-1.2992892879992724e-05,0.0005489559844136,1.905895062891908e-05,0.0006051124454676,0.0001494865243537,0.0053197018886347,9201.767582548657,30,False,differs in the target of estimation as well as in the handling of competing risk,True,
temporal,cox_naive - fine_gray,cox_naive,fine_gray,secondary,False,5.0,nb_at_0.02,0.00019258215713,-0.0003566343453712,0.0006322176195681,-0.0003042259644273,0.0006893902786874,0.0002519171428351,0.3876176979496443,196.5132219211293,30,False,differs in the target of estimation as well as in the handling of competing risk,True,
temporal,cox_naive - fine_gray,cox_naive,fine_gray,secondary,False,5.0,nb_at_0.03,-2.6890309527516363e-06,-0.0005094413645565,0.0004608177143381,-0.0004846453839542,0.0004792673220487,0.0002451324471129,0.2708611686043524,387.4311828967026,30,False,differs in the target of estimation as well as in the handling of competing risk,True,
temporal,cox_naive - fine_gray,cox_naive,fine_gray,secondary,False,5.0,nb_at_0.05,-0.0001752693429201,-0.0006826477474533,0.0004795459099113,-0.000772771737183,0.0004222330513427,0.0003034609066222,0.3313180906616201,264.89021781218497,30,False,differs in the target of estimation as well as in the handling of competing risk,True,
temporal,cox_naive - fine_gray,cox_naive,fine_gray,secondary,False,5.0,nb_at_0.075,0.0001485245588507,-0.0008257454173872,0.001208089874126,-0.0008758203346706,0.001172869452372,0.0005219463700485,0.1689549952929135,919.185055873064,30,False,differs in the target of estimation as well as in the handling of competing risk,True,
temporal,cox_naive - fine_gray,cox_naive,fine_gray,secondary,False,5.0,nb_at_0.2,-0.0006628077283191,-0.001018329989165,-0.0002679815515875,-0.0010410959346728,-0.0002845195219653,0.0001928846641375,0.1096313564103946,1898.175402866082,30,True,differs in the target of estimation as well as in the handling of competing risk,True,
temporal,cox_naive - fine_gray,cox_naive,fine_gray,secondary,False,5.0,frac_above_0.01,-0.0523350129524866,-0.0572408735752105,-0.0473791360855102,-0.0573358030658079,-0.0473342228391654,0.002547915154481,0.1744296743909282,868.6110580279563,30,True,differs in the target of estimation as well as in the handling of competing risk,True,
temporal,cox_naive - fine_gray,cox_naive,fine_gray,secondary,False,5.0,frac_above_0.02,-0.022120984395345,-0.0256190299987792,-0.0186515152454376,-0.02562572214637,-0.01861624664432,0.0017842706910414,0.2230995585666884,555.8373301721967,30,True,differs in the target of estimation as well as in the handling of competing risk,True,
temporal,cox_naive - fine_gray,cox_naive,fine_gray,secondary,False,5.0,frac_above_0.03,-0.0036052465438842,-0.0066459476947784,-0.0004287809133529,-0.0067424806420588,-0.0004680124457097,0.0015921414564198,0.3589977959667692,227.4342199841836,30,True,differs in the target of estimation as well as in the handling of competing risk,True,
temporal,cox_naive - fine_gray,cox_naive,fine_gray,secondary,False,5.0,frac_above_0.05,0.0131203770637512,0.0102904960513114,0.0159717053174972,0.0102582322211192,0.0159825219063832,0.0014574382422166,0.21085760293324,616.5694586919723,30,True,differs in the target of estimation as well as in the handling of competing risk,True,
temporal,cox_naive - fine_gray,cox_naive,fine_gray,secondary,False,5.0,frac_above_0.075,0.0239897098392248,0.0204737931489944,0.0275485031306743,0.0204775181007579,0.0275019015776917,0.0017885034263034,0.2090972547474663,626.1034215378351,30,True,differs in the target of estimation as well as in the handling of competing risk,True,
temporal,cox_naive - fine_gray,cox_naive,fine_gray,secondary,False,5.0,frac_above_0.2,0.0032765212856854,0.0021438524127006,0.0045020906254649,0.0020295022015142,0.0045235403698565,0.0006354890940817,0.15947191327153,1017.5074767771938,30,True,differs in the target of estimation as well as in the handling of competing risk,True,
temporal,cox_naive - fine_gray,cox_naive,fine_gray,secondary,False,5.0,nb_all_at_0.01,0.0,0.0,0.0,0.0,0.0,0.0,0.0002143852355178,9326.000643017896,30,False,differs in the target of estimation as well as in the handling of competing risk,True,
temporal,cox_naive - fine_gray,cox_naive,fine_gray,secondary,False,5.0,nb_all_at_0.02,0.0,0.0,0.0,0.0,0.0,0.0,0.0002143852355178,9326.000643017896,30,False,differs in the target of estimation as well as in the handling of competing risk,True,
temporal,cox_naive - fine_gray,cox_naive,fine_gray,secondary,False,5.0,nb_all_at_0.03,0.0,0.0,0.0,0.0,0.0,0.0,0.0002143852355178,9326.000643017896,30,False,differs in the target of estimation as well as in the handling of competing risk,True,
temporal,cox_naive - fine_gray,cox_naive,fine_gray,secondary,False,5.0,nb_all_at_0.05,0.0,0.0,0.0,0.0,0.0,0.0,0.0002143852355178,9326.000643017896,30,False,differs in the target of estimation as well as in the handling of competing risk,True,
temporal,cox_naive - fine_gray,cox_naive,fine_gray,secondary,False,5.0,nb_all_at_0.075,0.0,0.0,0.0,0.0,0.0,0.0,0.0002143852355178,9326.000643017896,30,False,differs in the target of estimation as well as in the handling of competing risk,True,
temporal,cox_naive - fine_gray,cox_naive,fine_gray,secondary,False,5.0,nb_all_at_0.2,0.0,0.0,0.0,0.0,0.0,0.0,0.0002143852355178,9326.000643017896,30,False,differs in the target of estimation as well as in the handling of competing risk,True,
temporal,cox_naive - fine_gray,cox_naive,fine_gray,secondary,False,5.0,log_eo_ratio,0.0566886752162755,0.0483693655580282,0.0649327374994754,0.0483649054365148,0.0650124449960361,0.0042433041547064,0.130671053717743,1429.7461331333147,30,True,differs in the target of estimation as well as in the handling of competing risk,True,
temporal,cox_naive - fine_gray,cox_naive,fine_gray,secondary,False,10.0,mean_pred,0.0063148355732361,0.0058447930030524,0.0067976042628288,0.0058381204239443,0.0067915507225279,0.0002430867410278,0.1024617132945373,2106.6479517505777,30,True,differs in the target of estimation as well as in the handling of competing risk,True,
temporal,cox_naive - fine_gray,cox_naive,fine_gray,secondary,False,10.0,obs_cif,0.0,0.0,0.0,0.0,0.0,0.0,0.0002143852355178,9326.000643017896,30,False,differs in the target of estimation as well as in the handling of competing risk,True,
temporal,cox_naive - fine_gray,cox_naive,fine_gray,secondary,False,10.0,eo,0.1915862957636515,0.1700680643320083,0.2164241403341293,0.1683253574024579,0.2148472341248451,0.011865678858055,0.0395451624919792,6074.051463566867,30,True,differs in the target of estimation as well as in the handling of competing risk,True,
temporal,cox_naive - fine_gray,cox_naive,fine_gray,secondary,False,10.0,calib_intercept,-0.3161503771940867,-0.3501175038516521,-0.2865333832800388,-0.3479529855605848,-0.2843477688275886,0.0162194307819787,0.0812626386159667,2936.522955891746,30,True,differs in the target of estimation as well as in the handling of competing risk,True,
temporal,cox_naive - fine_gray,cox_naive,fine_gray,secondary,False,10.0,calib_slope,-0.1583005507787068,-0.1905940622091293,-0.1315104886889457,-0.1879188868524685,-0.1286822147049451,0.0151063388710072,0.0720629510305085,3428.5529434527,30,True,differs in the target of estimation as well as in the handling of competing risk,True,
temporal,cox_naive - fine_gray,cox_naive,fine_gray,secondary,False,10.0,ici,0.0062832558217147,0.0041832512244582,0.0067655598511919,0.0050118190974032,0.0075546925460263,0.0006486096886692,0.0181755169777775,8314.122526658992,30,True,differs in the target of estimation as well as in the handling of competing risk,True,
temporal,cox_naive - fine_gray,cox_naive,fine_gray,secondary,False,10.0,e50,-0.0006681239542861,-0.0028117653098888,0.0006474568741396,-0.0023004819744468,0.0009642340658745,0.0008326988969204,0.0343233775553031,6626.178367477187,30,False,differs in the target of estimation as well as in the handling of competing risk,True,
temporal,cox_naive - fine_gray,cox_naive,fine_gray,secondary,False,10.0,e90,0.0265146498878796,0.0122144022723659,0.0287677206099033,0.0181440331491823,0.034885266626577,0.0042702208710487,0.0108671121324517,8905.809869138451,30,True,differs in the target of estimation as well as in the handling of competing risk,True,
temporal,cox_naive - fine_gray,cox_naive,fine_gray,secondary,False,10.0,obs_concordant,0.0016423687338829,0.0014024003408849,0.0018906554207205,0.0013951257565184,0.0018896117112473,0.0001261303224081,0.0002143852355178,9326.000643017896,30,True,differs in the target of estimation as well as in the handling of competing risk,True,
temporal,cox_naive - fine_gray,cox_naive,fine_gray,secondary,False,10.0,eo_concordant,0.1212719559669494,0.1053298503160476,0.1391968011856079,0.104508173987228,0.1380357379466709,0.0085505238846061,0.0631027164092512,4007.4494912452506,30,True,differs in the target of estimation as well as in the handling of competing risk,True,
temporal,cox_naive - fine_gray,cox_naive,fine_gray,secondary,False,10.0,calib_intercept_concordant,-0.229604023694992,-0.2593607403337955,-0.2033090263605117,-0.2574932615808071,-0.201714785809177,0.0142226673970618,0.0903954569621896,2533.8397975675875,30,True,differs in the target of estimation as well as in the handling of competing risk,True,
temporal,cox_naive - fine_gray,cox_naive,fine_gray,secondary,False,10.0,calib_slope_concordant,-0.1404011646906534,-0.1745967298746109,-0.1119749993085861,-0.1717043426999234,-0.1090979866813834,0.0159662384317094,0.0658708552327562,3817.16163057652,30,True,differs in the target of estimation as well as in the handling of competing risk,True,
temporal,cox_naive - fine_gray,cox_naive,fine_gray,secondary,False,10.0,ici_concordant,0.004220310319215,0.0029845991637557,0.0048894869862124,0.003306889411791,0.005133731226639,0.0004659451232411,0.0405745736533719,5968.075124884032,30,True,differs in the target of estimation as well as in the handling of competing risk,True,
temporal,cox_naive - fine_gray,cox_naive,fine_gray,secondary,False,10.0,e50_concordant,-0.001267917935426,-0.0021280396962538,-0.0004557802109047,-0.0020689396772305,-0.0004668961936215,0.0004085751701504,0.0600284693564581,4231.449068306138,30,True,differs in the target of estimation as well as in the handling of competing risk,True,
temporal,cox_naive - fine_gray,cox_naive,fine_gray,secondary,False,10.0,e90_concordant,0.0184685453772544,0.0034131341148167,0.0209713669959455,0.0097432292214852,0.0271938615330236,0.0044511714708835,0.0102383840179334,8946.91214516003,30,True,differs in the target of estimation as well as in the handling of competing risk,True,
temporal,cox_naive - fine_gray,cox_naive,fine_gray,secondary,False,10.0,auc,0.0003031412760416,-0.0015969365835189,0.0022507384419441,-0.0016295884209702,0.0022358709730535,0.0009850478564313,0.1501826731138253,1129.3291468948685,30,False,differs in the target of estimation as well as in the handling of competing risk,True,
temporal,cox_naive - fine_gray,cox_naive,fine_gray,secondary,False,10.0,cindex,0.0004549880822499,-0.0013526678085327,0.0023190408945083,-0.0013824593970908,0.0022924355615907,0.0009364742366311,0.151171612297603,1116.6021661747702,30,False,differs in the target of estimation as well as in the handling of competing risk,True,
temporal,cox_naive - fine_gray,cox_naive,fine_gray,secondary,False,10.0,auc_marginal_ipcw,0.000523034731547,-0.0013702511787414,0.0024497538805007,-0.0013925783136672,0.0024386477767613,0.0009763748401947,0.1459052381839231,1186.8555620386278,30,False,differs in the target of estimation as well as in the handling of competing risk,True,
temporal,cox_naive - fine_gray,cox_naive,fine_gray,secondary,False,10.0,cindex_marginal_ipcw,0.0006794691085815,-0.0011205092072486,0.0025332018733024,-0.0011495534863749,0.0025084917035379,0.000932156913141,0.1531903911816709,1091.2566235155366,30,False,differs in the target of estimation as well as in the handling of competing risk,True,
temporal,cox_naive - fine_gray,cox_naive,fine_gray,secondary,False,10.0,at_risk_fraction,0.0,0.0,0.0,0.0,0.0,0.0,0.0002143852355178,9326.000643017896,30,False,differs in the target of estimation as well as in the handling of competing risk,True,
temporal,cox_naive - fine_gray,cox_naive,fine_gray,secondary,False,10.0,nb_at_0.01,0.0003651173164447,-0.0001074467319995,0.0006699324119836,-3.263463400091717e-05,0.0007628692668903,0.0002025254889278,0.2150215448027643,594.8548379378749,30,False,differs in the target of estimation as well as in the handling of competing risk,True,
temporal,cox_naive - fine_gray,cox_naive,fine_gray,secondary,False,10.0,nb_at_0.02,0.0004518723736206,4.049874842166901e-05,0.0007342235650867,9.271346479959e-05,0.0008110312824417,0.000182799345332,0.2376184898677273,494.65938284462806,30,True,differs in the target of estimation as well as in the handling of competing risk,True,
temporal,cox_naive - fine_gray,cox_naive,fine_gray,secondary,False,10.0,nb_at_0.03,0.0002646434431274,-0.000261838780716,0.0006878164596855,-0.0002104576966085,0.0007397445828634,0.0002408066372949,0.4014808850106247,183.768494775102,30,False,differs in the target of estimation as well as in the handling of competing risk,True,
temporal,cox_naive - fine_gray,cox_naive,fine_gray,secondary,False,10.0,nb_at_0.05,1.266685624917348e-05,-0.0006451900349929,0.0006979457335546,-0.0006591879427967,0.0006845216552951,0.000341222779083,0.3313626895789274,264.82258883796203,30,False,differs in the target of estimation as well as in the handling of competing risk,True,
temporal,cox_naive - fine_gray,cox_naive,fine_gray,secondary,False,10.0,nb_at_0.075,-0.0006726066116243,-0.0014967364142648,0.0002794865402393,-0.0015816202298619,0.0002364070066132,0.0004616802989014,0.3306294044818764,265.937836080454,30,False,differs in the target of estimation as well as in the handling of competing risk,True,
temporal,cox_naive - fine_gray,cox_naive,fine_gray,secondary,False,10.0,nb_at_0.2,-0.0016036620596423,-0.0032149524020496,4.416639130795375e-05,-0.0032495140406469,4.218992136220895e-05,0.0008393165241661,0.0932239049718993,2423.960539853433,30,False,differs in the target of estimation as well as in the handling of competing risk,True,
temporal,cox_naive - fine_gray,cox_naive,fine_gray,secondary,False,10.0,frac_above_0.01,-0.0645335296789805,-0.0698896050453186,-0.0594918727874755,-0.0698800382990509,-0.05918702105891,0.0027234168833821,0.1903093511136793,742.9769362170214,30,True,differs in the target of estimation as well as in the handling of competing risk,True,
temporal,cox_naive - fine_gray,cox_naive,fine_gray,secondary,False,10.0,frac_above_0.02,-0.0338728725910186,-0.0382677614688873,-0.0297995507717132,-0.0381578444572607,-0.0295879007247766,0.0021802269062336,0.2532710254530689,439.2918514404233,30,True,differs in the target of estimation as well as in the handling of competing risk,True,
temporal,cox_naive - fine_gray,cox_naive,fine_gray,secondary,False,10.0,frac_above_0.03,-0.0151355942090352,-0.0186515152454376,-0.0117911994457244,-0.018596187530398,-0.0116750008876724,0.001755452581353,0.3746092360423654,209.7268271434655,30,True,differs in the target of estimation as well as in the handling of competing risk,True,
temporal,cox_naive - fine_gray,cox_naive,fine_gray,secondary,False,10.0,frac_above_0.05,0.004541395107905,0.0010719299316406,0.0078250765800476,0.0010183057971307,0.0080644844186794,0.0017825351910142,0.4543089012511425,145.09501297994103,30,True,differs in the target of estimation as well as in the handling of competing risk,True,
temporal,cox_naive - fine_gray,cox_naive,fine_gray,secondary,False,10.0,frac_above_0.075,0.0205988486607869,0.0172580182552337,0.0240111351013183,0.0172241208105964,0.0239735765109774,0.0017191397607971,0.1860126225293502,774.1979974059415,30,True,differs in the target of estimation as well as in the handling of competing risk,True,
temporal,cox_naive - fine_gray,cox_naive,fine_gray,secondary,False,10.0,frac_above_0.2,0.0281845142443974,0.0244399197399616,0.0318362116813659,0.02449243593229,0.0318765925565049,0.0018801748149262,0.2069440266769719,638.0643254056969,30,True,differs in the target of estimation as well as in the handling of competing risk,True,
temporal,cox_naive - fine_gray,cox_naive,fine_gray,secondary,False,10.0,nb_all_at_0.01,0.0,0.0,0.0,0.0,0.0,0.0,0.0002143852355178,9326.000643017896,30,False,differs in the target of estimation as well as in the handling of competing risk,True,
temporal,cox_naive - fine_gray,cox_naive,fine_gray,secondary,False,10.0,nb_all_at_0.02,0.0,0.0,0.0,0.0,0.0,0.0,0.0002143852355178,9326.000643017896,30,False,differs in the target of estimation as well as in the handling of competing risk,True,
temporal,cox_naive - fine_gray,cox_naive,fine_gray,secondary,False,10.0,nb_all_at_0.03,0.0,0.0,0.0,0.0,0.0,0.0,0.0002143852355178,9326.000643017896,30,False,differs in the target of estimation as well as in the handling of competing risk,True,
temporal,cox_naive - fine_gray,cox_naive,fine_gray,secondary,False,10.0,nb_all_at_0.05,0.0,0.0,0.0,0.0,0.0,0.0,0.0002143852355178,9326.000643017896,30,False,differs in the target of estimation as well as in the handling of competing risk,True,
temporal,cox_naive - fine_gray,cox_naive,fine_gray,secondary,False,10.0,nb_all_at_0.075,0.0,0.0,0.0,0.0,0.0,0.0,0.0002143852355178,9326.000643017896,30,False,differs in the target of estimation as well as in the handling of competing risk,True,
temporal,cox_naive - fine_gray,cox_naive,fine_gray,secondary,False,10.0,nb_all_at_0.2,0.0,0.0,0.0,0.0,0.0,0.0,0.0002143852355178,9326.000643017896,30,False,differs in the target of estimation as well as in the handling of competing risk,True,
temporal,cox_naive - fine_gray,cox_naive,fine_gray,secondary,False,10.0,log_eo_ratio,0.1384819863975348,0.131431183964014,0.1453706562519073,0.1314781140849035,0.1454858587101661,0.0035692997444868,0.1577351734162394,1037.157969176449,30,True,differs in the target of estimation as well as in the handling of competing risk,True,
temporal,gbs_naive - deephit,gbs_naive,deephit,not_matched,False,5.0,mean_pred,4.658860464890798e-05,-0.0010536692105233,0.0009943049401044,-0.0010125731111237,0.0011057503204215,0.0005234818702843,0.90203351830348,38.63526596704226,30,False,NOT a learner-matched pair: gradient-boosted Cox against a deep ranking model. They share no learner. Reported to show that the pairing structure carries the result.,True,
temporal,gbs_naive - deephit,gbs_naive,deephit,not_matched,False,5.0,obs_cif,0.0,0.0,0.0,0.0,0.0,0.0,0.0002143852355178,9326.000643017896,30,False,NOT a learner-matched pair: gradient-boosted Cox against a deep ranking model. They share no learner. Reported to show that the pairing structure carries the result.,True,
temporal,gbs_naive - deephit,gbs_naive,deephit,not_matched,False,5.0,eo,0.0033691922823588,-0.0755303680896759,0.0726725399494171,-0.0734847665243992,0.0802231510891168,0.0380042883965504,0.8947081817670077,39.27121488771438,30,False,NOT a learner-matched pair: gradient-boosted Cox against a deep ranking model. They share no learner. Reported to show that the pairing structure carries the result.,True,
temporal,gbs_naive - deephit,gbs_naive,deephit,not_matched,False,5.0,calib_intercept,-0.2454622536897659,-0.4367469631135464,-0.0982680201530456,-0.4171101811466934,-0.0738143262328384,0.0871968078969182,0.3225398364527155,278.724736014284,30,True,NOT a learner-matched pair: gradient-boosted Cox against a deep ranking model. They share no learner. Reported to show that the pairing structure carries the result.,True,
temporal,gbs_naive - deephit,gbs_naive,deephit,not_matched,False,5.0,calib_slope,-0.234641416867574,-0.4503969222307205,-0.0262210577726363,-0.446778205425936,-0.0225046283092121,0.1078232425399901,0.3007752930591689,318.10205679478423,30,True,NOT a learner-matched pair: gradient-boosted Cox against a deep ranking model. They share no learner. Reported to show that the pairing structure carries the result.,True,
temporal,gbs_naive - deephit,gbs_naive,deephit,not_matched,False,5.0,ici,0.0001828958125164,-0.0009988384088501,0.0020826481515541,-0.0013581436138329,0.0017239352388657,0.0007790472256806,0.4774432104509276,131.935110912142,30,False,NOT a learner-matched pair: gradient-boosted Cox against a deep ranking model. They share no learner. Reported to show that the pairing structure carries the result.,True,
temporal,gbs_naive - deephit,gbs_naive,deephit,not_matched,False,5.0,e50,-0.0008765200657459,-0.0022647761623375,0.0008859246765496,-0.0024781253162872,0.0007250851847953,0.0008133174082404,0.3364085310532475,257.3357475990582,30,False,NOT a learner-matched pair: gradient-boosted Cox against a deep ranking model. They share no learner. Reported to show that the pairing structure carries the result.,True,
temporal,gbs_naive - deephit,gbs_naive,deephit,not_matched,False,5.0,e90,-0.0033911224454641,-0.0084973928052932,0.0025916507467627,-0.0091852341013102,0.002402989210382,0.0029130561858943,0.6085773534062008,82.84524649978543,30,False,NOT a learner-matched pair: gradient-boosted Cox against a deep ranking model. They share no learner. Reported to show that the pairing structure carries the result.,True,
temporal,gbs_naive - deephit,gbs_naive,deephit,not_matched,False,5.0,obs_concordant,0.0002894140779972,0.0002243885537609,0.0003605457954108,0.0002217608586268,0.0003570672973675,3.451310311052082e-05,0.0002143852355178,9326.000643017896,30,True,NOT a learner-matched pair: gradient-boosted Cox against a deep ranking model. They share no learner. Reported to show that the pairing structure carries the result.,True,
temporal,gbs_naive - deephit,gbs_naive,deephit,not_matched,False,5.0,eo_concordant,-0.0285168011983235,-0.1069582879543304,0.0394808977842331,-0.1053142243272257,0.0482806219305786,0.0379854499570413,0.8913111075381146,39.570506864412806,30,False,NOT a learner-matched pair: gradient-boosted Cox against a deep ranking model. They share no learner. Reported to show that the pairing structure carries the result.,True,
temporal,gbs_naive - deephit,gbs_naive,deephit,not_matched,False,5.0,calib_intercept_concordant,-0.2089140325784683,-0.394881372153759,-0.0648856692016124,-0.3765847253855343,-0.0412433397714023,0.0851629760650689,0.3286290899495467,269.01627836257927,30,True,NOT a learner-matched pair: gradient-boosted Cox against a deep ranking model. They share no learner. Reported to show that the pairing structure carries the result.,True,
temporal,gbs_naive - deephit,gbs_naive,deephit,not_matched,False,5.0,calib_slope_concordant,-0.2291154185930888,-0.445591352880001,-0.0227399364113806,-0.444051229000037,-0.0141796081861405,0.1092689081360265,0.2918685146409857,336.662109225971,30,True,NOT a learner-matched pair: gradient-boosted Cox against a deep ranking model. They share no learner. Reported to show that the pairing structure carries the result.,True,
temporal,gbs_naive - deephit,gbs_naive,deephit,not_matched,False,5.0,ici_concordant,-0.0001752662317206,-0.0013404990080744,0.0018641244038008,-0.0022343935658793,0.001883861102438,0.0010474595437052,0.2643166975781888,405.6022479452049,30,False,NOT a learner-matched pair: gradient-boosted Cox against a deep ranking model. They share no learner. Reported to show that the pairing structure carries the result.,True,
temporal,gbs_naive - deephit,gbs_naive,deephit,not_matched,False,5.0,e50_concordant,-0.0008519499950731,-0.0022257829608861,0.0009284506857511,-0.002453760383901,0.0007498603937547,0.0008137287807997,0.3219507440021962,279.6918111273799,30,False,NOT a learner-matched pair: gradient-boosted Cox against a deep ranking model. They share no learner. Reported to show that the pairing structure carries the result.,True,
temporal,gbs_naive - deephit,gbs_naive,deephit,not_matched,False,5.0,e90_concordant,-0.0047794020424286,-0.0098877574317157,0.0013109190389513,-0.0144767815201079,0.0049179774352506,0.0049382323721859,0.2083387774530053,630.2785805209635,30,False,NOT a learner-matched pair: gradient-boosted Cox against a deep ranking model. They share no learner. Reported to show that the pairing structure carries the result.,True,
temporal,gbs_naive - deephit,gbs_naive,deephit,not_matched,False,5.0,auc,-0.0019036293029785,-0.0134092673659324,0.0096609130501747,-0.0135368581976914,0.0097295995917344,0.0059215889027081,0.2315336083624953,519.0179261997527,30,False,NOT a learner-matched pair: gradient-boosted Cox against a deep ranking model. They share no learner. Reported to show that the pairing structure carries the result.,True,
temporal,gbs_naive - deephit,gbs_naive,deephit,not_matched,False,5.0,cindex,-0.0018161674340566,-0.0132745891809463,0.0096834897994995,-0.0133847692716504,0.0097524344035372,0.0058889230246428,0.2294262472736559,527.8706608538076,30,False,NOT a learner-matched pair: gradient-boosted Cox against a deep ranking model. They share no learner. Reported to show that the pairing structure carries the result.,True,
temporal,gbs_naive - deephit,gbs_naive,deephit,not_matched,False,5.0,auc_marginal_ipcw,-0.0019036293029785,-0.0134092673659324,0.0096609130501747,-0.0135368581976914,0.0097295995917344,0.0059215889027081,0.2315336083624953,519.0179261997527,30,False,NOT a learner-matched pair: gradient-boosted Cox against a deep ranking model. They share no learner. Reported to show that the pairing structure carries the result.,True,
temporal,gbs_naive - deephit,gbs_naive,deephit,not_matched,False,5.0,cindex_marginal_ipcw,-0.0018161674340566,-0.0132745891809463,0.0096834897994995,-0.0133847692716504,0.0097524344035372,0.0058889230246428,0.2294262472736559,527.8706608538076,30,False,NOT a learner-matched pair: gradient-boosted Cox against a deep ranking model. They share no learner. Reported to show that the pairing structure carries the result.,True,
temporal,gbs_naive - deephit,gbs_naive,deephit,not_matched,False,5.0,at_risk_fraction,0.0,0.0,0.0,0.0,0.0,0.0,0.0002143852355178,9326.000643017896,30,False,NOT a learner-matched pair: gradient-boosted Cox against a deep ranking model. They share no learner. Reported to show that the pairing structure carries the result.,True,
temporal,gbs_naive - deephit,gbs_naive,deephit,not_matched,False,5.0,nb_at_0.01,0.0002950866396228,-0.0004298528656363,0.0009885542094707,-0.0004056493737655,0.0009958226530112,0.0003556164650825,0.3595902897021336,226.7216539051676,30,False,NOT a learner-matched pair: gradient-boosted Cox against a deep ranking model. They share no learner. Reported to show that the pairing structure carries the result.,True,
temporal,gbs_naive - deephit,gbs_naive,deephit,not_matched,False,5.0,nb_at_0.02,0.0003105669127156,-0.0004834607243537,0.0011091157793998,-0.0004924626606138,0.001113596486045,0.0004072846105561,0.3801921849936404,203.8963550426953,30,False,NOT a learner-matched pair: gradient-boosted Cox against a deep ranking model. They share no learner. Reported to show that the pairing structure carries the result.,True,
temporal,gbs_naive - deephit,gbs_naive,deephit,not_matched,False,5.0,nb_at_0.03,0.0001327199318135,-0.0007426128722727,0.0009525776840746,-0.0007253193060261,0.0009907591696532,0.0004355525834685,0.3508939335245818,237.5291068579629,30,False,NOT a learner-matched pair: gradient-boosted Cox against a deep ranking model. They share no learner. Reported to show that the pairing structure carries the result.,True,
temporal,gbs_naive - deephit,gbs_naive,deephit,not_matched,False,5.0,nb_at_0.05,0.0001944511837791,-0.000953450333327,0.0013427287340164,-0.0009797576681657,0.001368660035724,0.0005932683421166,0.4923705519673046,124.38036507546148,30,False,NOT a learner-matched pair: gradient-boosted Cox against a deep ranking model. They share no learner. Reported to show that the pairing structure carries the result.,True,
temporal,gbs_naive - deephit,gbs_naive,deephit,not_matched,False,5.0,nb_at_0.075,-0.0004221071818998,-0.0016658313106745,0.0007619367679581,-0.0016717282118303,0.0008275138480306,0.000631959547559,0.4673612208967259,137.43824340033456,30,False,NOT a learner-matched pair: gradient-boosted Cox against a deep ranking model. They share no learner. Reported to show that the pairing structure carries the result.,True,
temporal,gbs_naive - deephit,gbs_naive,deephit,not_matched,False,5.0,nb_at_0.2,-0.000582413264783,-0.0014738985337316,0.0004287704941816,-0.0015384229761014,0.0003735964465352,0.0004864343175869,0.2523437225279664,442.3083838710257,30,False,NOT a learner-matched pair: gradient-boosted Cox against a deep ranking model. They share no learner. Reported to show that the pairing structure carries the result.,True,
temporal,gbs_naive - deephit,gbs_naive,deephit,not_matched,False,5.0,frac_above_0.01,-0.0159931361675262,-0.0406259901821613,0.0071819126605987,-0.0404440026550322,0.0084577303199798,0.0119667287428081,1.0151775236116871,29.66592715407943,30,False,NOT a learner-matched pair: gradient-boosted Cox against a deep ranking model. They share no learner. Reported to show that the pairing structure carries the result.,True,
temporal,gbs_naive - deephit,gbs_naive,deephit,not_matched,False,5.0,frac_above_0.02,-0.0177189419666926,-0.0332297086715698,-0.0057883858680725,-0.0317014359156061,-0.003736448017779,0.0068933032518988,0.9359928778540926,35.83562383120342,30,True,NOT a learner-matched pair: gradient-boosted Cox against a deep ranking model. They share no learner. Reported to show that the pairing structure carries the result.,True,
temporal,gbs_naive - deephit,gbs_naive,deephit,not_matched,False,5.0,frac_above_0.03,-0.0217994083960851,-0.035373568534851,-0.0112525399774311,-0.0351196337891557,-0.0084791830030144,0.0065712955972478,0.9270505182177944,36.55159195053671,30,True,NOT a learner-matched pair: gradient-boosted Cox against a deep ranking model. They share no learner. Reported to show that the pairing structure carries the result.,True,
temporal,gbs_naive - deephit,gbs_naive,deephit,not_matched,False,5.0,frac_above_0.05,-0.023918247471253,-0.0349447876214981,-0.0141494274139404,-0.0352019921635762,-0.0126345027789299,0.0055822305300719,0.8885633207231245,39.8146903444974,30,True,NOT a learner-matched pair: gradient-boosted Cox against a deep ranking model. They share no learner. Reported to show that the pairing structure carries the result.,True,
temporal,gbs_naive - deephit,gbs_naive,deephit,not_matched,False,5.0,frac_above_0.075,-0.0073712793489297,-0.0170436277985572,0.0038616184145213,-0.0186427397688944,0.0039001810710349,0.0055637231487977,0.9194973559936562,37.16738847097229,30,False,NOT a learner-matched pair: gradient-boosted Cox against a deep ranking model. They share no learner. Reported to show that the pairing structure carries the result.,True,
temporal,gbs_naive - deephit,gbs_naive,deephit,not_matched,False,5.0,frac_above_0.2,0.0084217672857145,0.0056812092661857,0.0108264554291963,0.0058326878268487,0.0110108467445803,0.0013092516241855,0.4694587877799364,136.26501552791402,30,True,NOT a learner-matched pair: gradient-boosted Cox against a deep ranking model. They share no learner. Reported to show that the pairing structure carries the result.,True,
temporal,gbs_naive - deephit,gbs_naive,deephit,not_matched,False,5.0,nb_all_at_0.01,0.0,0.0,0.0,0.0,0.0,0.0,0.0002143852355178,9326.000643017896,30,False,NOT a learner-matched pair: gradient-boosted Cox against a deep ranking model. They share no learner. Reported to show that the pairing structure carries the result.,True,
temporal,gbs_naive - deephit,gbs_naive,deephit,not_matched,False,5.0,nb_all_at_0.02,0.0,0.0,0.0,0.0,0.0,0.0,0.0002143852355178,9326.000643017896,30,False,NOT a learner-matched pair: gradient-boosted Cox against a deep ranking model. They share no learner. Reported to show that the pairing structure carries the result.,True,
temporal,gbs_naive - deephit,gbs_naive,deephit,not_matched,False,5.0,nb_all_at_0.03,0.0,0.0,0.0,0.0,0.0,0.0,0.0002143852355178,9326.000643017896,30,False,NOT a learner-matched pair: gradient-boosted Cox against a deep ranking model. They share no learner. Reported to show that the pairing structure carries the result.,True,
temporal,gbs_naive - deephit,gbs_naive,deephit,not_matched,False,5.0,nb_all_at_0.05,0.0,0.0,0.0,0.0,0.0,0.0,0.0002143852355178,9326.000643017896,30,False,NOT a learner-matched pair: gradient-boosted Cox against a deep ranking model. They share no learner. Reported to show that the pairing structure carries the result.,True,
temporal,gbs_naive - deephit,gbs_naive,deephit,not_matched,False,5.0,nb_all_at_0.075,0.0,0.0,0.0,0.0,0.0,0.0,0.0002143852355178,9326.000643017896,30,False,NOT a learner-matched pair: gradient-boosted Cox against a deep ranking model. They share no learner. Reported to show that the pairing structure carries the result.,True,
temporal,gbs_naive - deephit,gbs_naive,deephit,not_matched,False,5.0,nb_all_at_0.2,0.0,0.0,0.0,0.0,0.0,0.0,0.0002143852355178,9326.000643017896,30,False,NOT a learner-matched pair: gradient-boosted Cox against a deep ranking model. They share no learner. Reported to show that the pairing structure carries the result.,True,
temporal,gbs_naive - deephit,gbs_naive,deephit,not_matched,False,5.0,log_eo_ratio,0.0023523141520004,-0.0482625432312488,0.0465975448489189,-0.0469757460906241,0.0516803743946251,0.0243778993583056,0.9032224644312624,38.53322723818651,30,False,NOT a learner-matched pair: gradient-boosted Cox against a deep ranking model. They share no learner. Reported to show that the pairing structure carries the result.,True,
temporal,gbs_naive - deephit,gbs_naive,deephit,not_matched,False,10.0,mean_pred,0.0047127412011226,0.0029995668679475,0.0064102069474756,0.0029426871683884,0.0064827952338567,0.00087961139689,0.8211096138672004,46.49828782504602,30,True,NOT a learner-matched pair: gradient-boosted Cox against a deep ranking model. They share no learner. Reported to show that the pairing structure carries the result.,True,
temporal,gbs_naive - deephit,gbs_naive,deephit,not_matched,False,10.0,obs_cif,0.0,0.0,0.0,0.0,0.0,0.0,0.0002143852355178,9326.000643017896,30,False,NOT a learner-matched pair: gradient-boosted Cox against a deep ranking model. They share no learner. Reported to show that the pairing structure carries the result.,True,
temporal,gbs_naive - deephit,gbs_naive,deephit,not_matched,False,10.0,eo,0.1429802378018697,0.0906140625476837,0.1978467732667923,0.087567326286646,0.1983931493170934,0.0276336732510493,0.7634770925390009,53.5471598171783,30,True,NOT a learner-matched pair: gradient-boosted Cox against a deep ranking model. They share no learner. Reported to show that the pairing structure carries the result.,True,
temporal,gbs_naive - deephit,gbs_naive,deephit,not_matched,False,10.0,calib_intercept,-0.4250259975592295,-0.5405084952712059,-0.3292442575097083,-0.5323493320991923,-0.3177026630192667,0.0544448657920785,0.3727141511393951,211.76324169082685,30,True,NOT a learner-matched pair: gradient-boosted Cox against a deep ranking model. They share no learner. Reported to show that the pairing structure carries the result.,True,
temporal,gbs_naive - deephit,gbs_naive,deephit,not_matched,False,10.0,calib_slope,-0.2974110146363576,-0.4542114093899727,-0.1861608654260635,-0.4327867317109756,-0.1620352975617395,0.0688613662954899,0.2663931891804212,399.7012186844127,30,True,NOT a learner-matched pair: gradient-boosted Cox against a deep ranking model. They share no learner. Reported to show that the pairing structure carries the result.,True,
temporal,gbs_naive - deephit,gbs_naive,deephit,not_matched,False,10.0,ici,0.0060763252278168,0.0037469255272299,0.0093007598537951,0.0032770236378885,0.0088756268177452,0.0014210452554333,0.3488324480429987,240.20484732549727,30,True,NOT a learner-matched pair: gradient-boosted Cox against a deep ranking model. They share no learner. Reported to show that the pairing structure carries the result.,True,
temporal,gbs_naive - deephit,gbs_naive,deephit,not_matched,False,10.0,e50,0.0007495204530035,-0.0025571368343662,0.0038730894506443,-0.0024857859028607,0.0039848268088678,0.0016457357377034,0.2653320633542638,402.7006099813216,30,False,NOT a learner-matched pair: gradient-boosted Cox against a deep ranking model. They share no learner. Reported to show that the pairing structure carries the result.,True,
temporal,gbs_naive - deephit,gbs_naive,deephit,not_matched,False,10.0,e90,0.0081652487317721,0.0002860690467059,0.0166597285307943,-0.0002263071812748,0.016556804644819,0.0042245189168704,0.5797074820931689,90.9452586282194,30,True,NOT a learner-matched pair: gradient-boosted Cox against a deep ranking model. They share no learner. Reported to show that the pairing structure carries the result.,True,
temporal,gbs_naive - deephit,gbs_naive,deephit,not_matched,False,10.0,obs_concordant,0.0016423687338829,0.0014024003408849,0.0018906554207205,0.0013951257565184,0.0018896117112473,0.0001261303224081,0.0002143852355178,9326.000643017896,30,True,NOT a learner-matched pair: gradient-boosted Cox against a deep ranking model. They share no learner. Reported to show that the pairing structure carries the result.,True,
temporal,gbs_naive - deephit,gbs_naive,deephit,not_matched,False,10.0,eo_concordant,0.0708395322163899,0.0197333484888076,0.1228179633617401,0.0174633586043794,0.1242157058284004,0.0265177434254434,0.8252864711262835,46.04076782212412,30,True,NOT a learner-matched pair: gradient-boosted Cox against a deep ranking model. They share no learner. Reported to show that the pairing structure carries the result.,True,
temporal,gbs_naive - deephit,gbs_naive,deephit,not_matched,False,10.0,calib_intercept_concordant,-0.3326236347357432,-0.4396000646054744,-0.242047169804573,-0.4330660204041339,-0.2321812490673524,0.0509178121528922,0.3963108446672806,188.3713487000641,30,True,NOT a learner-matched pair: gradient-boosted Cox against a deep ranking model. They share no learner. Reported to show that the pairing structure carries the result.,True,
temporal,gbs_naive - deephit,gbs_naive,deephit,not_matched,False,10.0,calib_slope_concordant,-0.2830125053723653,-0.4407776981592178,-0.1717388048768043,-0.4191359280236192,-0.1468890827211114,0.0692460218404696,0.263455795863889,408.08700533263817,30,True,NOT a learner-matched pair: gradient-boosted Cox against a deep ranking model. They share no learner. Reported to show that the pairing structure carries the result.,True,
temporal,gbs_naive - deephit,gbs_naive,deephit,not_matched,False,10.0,ici_concordant,0.0047590722019473,0.0020662663737311,0.0084914835635572,0.0014923623827998,0.0080257820210948,0.0016611823293153,0.2798809098078316,364.3175591399499,30,True,NOT a learner-matched pair: gradient-boosted Cox against a deep ranking model. They share no learner. Reported to show that the pairing structure carries the result.,True,
temporal,gbs_naive - deephit,gbs_naive,deephit,not_matched,False,10.0,e50_concordant,0.0011240593235318,-0.0022723224246874,0.0044296383042819,-0.0024407110879894,0.0046888297350532,0.0018124747888764,0.2866265277846853,348.3544373929291,30,False,NOT a learner-matched pair: gradient-boosted Cox against a deep ranking model. They share no learner. Reported to show that the pairing structure carries the result.,True,
temporal,gbs_naive - deephit,gbs_naive,deephit,not_matched,False,10.0,e90_concordant,4.004662235577901e-05,-0.0078657763078808,0.0086531467735767,-0.0083993894451823,0.0084794826898938,0.0042513496286943,0.5651554914761802,95.49130721191844,30,False,NOT a learner-matched pair: gradient-boosted Cox against a deep ranking model. They share no learner. Reported to show that the pairing structure carries the result.,True,
temporal,gbs_naive - deephit,gbs_naive,deephit,not_matched,False,10.0,auc,-0.0049573818842569,-0.0122410953044891,0.0021335110068321,-0.0121880757527106,0.0022733119841966,0.0036800181041278,0.2397748731879177,486.4338786688695,30,False,NOT a learner-matched pair: gradient-boosted Cox against a deep ranking model. They share no learner. Reported to show that the pairing structure carries the result.,True,
temporal,gbs_naive - deephit,gbs_naive,deephit,not_matched,False,10.0,cindex,-0.004609857002894,-0.0116250962018966,0.0022376030683517,-0.0115884754014142,0.0023687613956261,0.0035522483481491,0.232039740645293,516.9245847498252,30,False,NOT a learner-matched pair: gradient-boosted Cox against a deep ranking model. They share no learner. Reported to show that the pairing structure carries the result.,True,
temporal,gbs_naive - deephit,gbs_naive,deephit,not_matched,False,10.0,auc_marginal_ipcw,-0.004446393251419,-0.0117278754711151,0.0026565819978713,-0.0116905242976698,0.0027977377948317,0.003686820431919,0.2402860715768437,484.51376245593264,30,False,NOT a learner-matched pair: gradient-boosted Cox against a deep ranking model. They share no learner. Reported to show that the pairing structure carries the result.,True,
temporal,gbs_naive - deephit,gbs_naive,deephit,not_matched,False,10.0,cindex_marginal_ipcw,-0.0043061276276906,-0.0113866344094276,0.0025821700692176,-0.0113453458337236,0.0027330905783423,0.0035824990683768,0.2407649504157482,482.7252550716522,30,False,NOT a learner-matched pair: gradient-boosted Cox against a deep ranking model. They share no learner. Reported to show that the pairing structure carries the result.,True,
temporal,gbs_naive - deephit,gbs_naive,deephit,not_matched,False,10.0,at_risk_fraction,0.0,0.0,0.0,0.0,0.0,0.0,0.0002143852355178,9326.000643017896,30,False,NOT a learner-matched pair: gradient-boosted Cox against a deep ranking model. They share no learner. Reported to show that the pairing structure carries the result.,True,
temporal,gbs_naive - deephit,gbs_naive,deephit,not_matched,False,10.0,nb_at_0.01,-8.82915531595548e-05,-0.0007076782640069,0.0004050379619002,-0.0006460661321921,0.000469483025873,0.0002836138218198,0.2837708872795902,354.9817225062532,30,False,NOT a learner-matched pair: gradient-boosted Cox against a deep ranking model. They share no learner. Reported to show that the pairing structure carries the result.,True,
temporal,gbs_naive - deephit,gbs_naive,deephit,not_matched,False,10.0,nb_at_0.02,9.82249155640602e-05,-0.0006872660480439,0.0008870648220181,-0.0006900645801878,0.000886514411316,0.0004001305233396,0.3523435876976217,235.67430741594097,30,False,NOT a learner-matched pair: gradient-boosted Cox against a deep ranking model. They share no learner. Reported to show that the pairing structure carries the result.,True,
temporal,gbs_naive - deephit,gbs_naive,deephit,not_matched,False,10.0,nb_at_0.03,0.0004685709873835,-0.0005395772401243,0.0015980551484972,-0.0006068056927202,0.0015439476674873,0.0005451876510408,0.393886794820791,190.5896816648239,30,False,NOT a learner-matched pair: gradient-boosted Cox against a deep ranking model. They share no learner. Reported to show that the pairing structure carries the result.,True,
temporal,gbs_naive - deephit,gbs_naive,deephit,not_matched,False,10.0,nb_at_0.05,-1.8889053414265315e-05,-0.001401603128761,0.0013098450377583,-0.001401087631998,0.0013633095251695,0.0007016029909374,0.3519261519547922,236.2061631217726,30,False,NOT a learner-matched pair: gradient-boosted Cox against a deep ranking model. They share no learner. Reported to show that the pairing structure carries the result.,True,
temporal,gbs_naive - deephit,gbs_naive,deephit,not_matched,False,10.0,nb_at_0.075,-7.687794665495555e-05,-0.0014026159187778,0.0011965689482167,-0.0014031957391657,0.0012494398458558,0.0006740361963681,0.3065598013336997,306.8585304600291,30,False,NOT a learner-matched pair: gradient-boosted Cox against a deep ranking model. They share no learner. Reported to show that the pairing structure carries the result.,True,
temporal,gbs_naive - deephit,gbs_naive,deephit,not_matched,False,10.0,nb_at_0.2,-0.003207612542125,-0.0050526731647551,-0.0013488592318026,-0.0050844967910331,-0.001330728293217,0.0009552673896872,0.237682199795163,494.41340533151447,30,True,NOT a learner-matched pair: gradient-boosted Cox against a deep ranking model. They share no learner. Reported to show that the pairing structure carries the result.,True,
temporal,gbs_naive - deephit,gbs_naive,deephit,not_matched,False,10.0,frac_above_0.01,-0.0230749984582265,-0.0497373938560485,0.0098617076873779,-0.0541737766042537,0.0080237796878006,0.0151978163331331,1.026219502855111,28.66568703812968,30,False,NOT a learner-matched pair: gradient-boosted Cox against a deep ranking model. They share no learner. Reported to show that the pairing structure carries the result.,True,
temporal,gbs_naive - deephit,gbs_naive,deephit,not_matched,False,10.0,frac_above_0.02,-0.0085182428359985,-0.0277628898620605,0.0132918953895568,-0.0300057953889537,0.0129693097169567,0.0105377620556367,0.9968555266614376,31.15578840851209,30,False,NOT a learner-matched pair: gradient-boosted Cox against a deep ranking model. They share no learner. Reported to show that the pairing structure carries the result.,True,
temporal,gbs_naive - deephit,gbs_naive,deephit,not_matched,False,10.0,frac_above_0.03,-0.0042412569125493,-0.0202594101428985,0.0127559304237365,-0.0214303641398303,0.0129478503147316,0.008450209702634,0.9707555699383252,33.1509643619504,30,False,NOT a learner-matched pair: gradient-boosted Cox against a deep ranking model. They share no learner. Reported to show that the pairing structure carries the result.,True,
temporal,gbs_naive - deephit,gbs_naive,deephit,not_matched,False,10.0,frac_above_0.05,-0.0124522109826405,-0.0245471000671386,-0.000964730978012,-0.0243693572846804,-0.0005350646806006,0.0058930237333813,0.8947225625139466,39.26995390233217,30,True,NOT a learner-matched pair: gradient-boosted Cox against a deep ranking model. They share no learner. Reported to show that the pairing structure carries the result.,True,
temporal,gbs_naive - deephit,gbs_naive,deephit,not_matched,False,10.0,frac_above_0.075,-0.0137278015414873,-0.0232608020305633,-0.003966137766838,-0.0241703101619882,-0.0032852929209865,0.0051781157257145,0.8543952315473582,43.02236276386111,30,True,NOT a learner-matched pair: gradient-boosted Cox against a deep ranking model. They share no learner. Reported to show that the pairing structure carries the result.,True,
temporal,gbs_naive - deephit,gbs_naive,deephit,not_matched,False,10.0,frac_above_0.2,0.022760567565759,0.0150069706141948,0.0325865596532821,0.0132610038922894,0.0322601312392286,0.0047043502114917,0.8738911051584163,41.15181721133344,30,True,NOT a learner-matched pair: gradient-boosted Cox against a deep ranking model. They share no learner. Reported to show that the pairing structure carries the result.,True,
temporal,gbs_naive - deephit,gbs_naive,deephit,not_matched,False,10.0,nb_all_at_0.01,0.0,0.0,0.0,0.0,0.0,0.0,0.0002143852355178,9326.000643017896,30,False,NOT a learner-matched pair: gradient-boosted Cox against a deep ranking model. They share no learner. Reported to show that the pairing structure carries the result.,True,
temporal,gbs_naive - deephit,gbs_naive,deephit,not_matched,False,10.0,nb_all_at_0.02,0.0,0.0,0.0,0.0,0.0,0.0,0.0002143852355178,9326.000643017896,30,False,NOT a learner-matched pair: gradient-boosted Cox against a deep ranking model. They share no learner. Reported to show that the pairing structure carries the result.,True,
temporal,gbs_naive - deephit,gbs_naive,deephit,not_matched,False,10.0,nb_all_at_0.03,0.0,0.0,0.0,0.0,0.0,0.0,0.0002143852355178,9326.000643017896,30,False,NOT a learner-matched pair: gradient-boosted Cox against a deep ranking model. They share no learner. Reported to show that the pairing structure carries the result.,True,
temporal,gbs_naive - deephit,gbs_naive,deephit,not_matched,False,10.0,nb_all_at_0.05,0.0,0.0,0.0,0.0,0.0,0.0,0.0002143852355178,9326.000643017896,30,False,NOT a learner-matched pair: gradient-boosted Cox against a deep ranking model. They share no learner. Reported to show that the pairing structure carries the result.,True,
temporal,gbs_naive - deephit,gbs_naive,deephit,not_matched,False,10.0,nb_all_at_0.075,0.0,0.0,0.0,0.0,0.0,0.0,0.0002143852355178,9326.000643017896,30,False,NOT a learner-matched pair: gradient-boosted Cox against a deep ranking model. They share no learner. Reported to show that the pairing structure carries the result.,True,
temporal,gbs_naive - deephit,gbs_naive,deephit,not_matched,False,10.0,nb_all_at_0.2,0.0,0.0,0.0,0.0,0.0,0.0,0.0002143852355178,9326.000643017896,30,False,NOT a learner-matched pair: gradient-boosted Cox against a deep ranking model. They share no learner. Reported to show that the pairing structure carries the result.,True,
temporal,gbs_naive - deephit,gbs_naive,deephit,not_matched,False,10.0,log_eo_ratio,0.098911489230284,0.0625930681824684,0.1355691015720367,0.0611267301317928,0.1366962483287753,0.0187134848579046,0.8724759858099357,41.28386929241534,30,True,NOT a learner-matched pair: gradient-boosted Cox against a deep ranking model. They share no learner. Reported to show that the pairing structure carries the result.,True,
temporal,deephit - nfg,deephit,nfg,secondary,False,5.0,mean_pred,0.002029440489908,0.0008368771523237,0.0034239558968693,0.0003573835989808,0.0037014973808353,0.0007994601319445,1.0840910508750214,19.20917531026945,30,True,"Both are competing-risk deep models fitted as 10-member ensembles, so this contrast isolates the training objective (ranking-weighted likelihood versus a monotone cumulative-incidence parameterisation) rather than the competing-risk assumption. Not learner-matched in the sense used for the naive-versus-competing pairs.",True,
temporal,deephit - nfg,deephit,nfg,secondary,False,5.0,obs_cif,0.0,0.0,0.0,0.0,0.0,0.0,0.0002143852355178,9326.000643017896,30,False,"Both are competing-risk deep models fitted as 10-member ensembles, so this contrast isolates the training objective (ranking-weighted likelihood versus a monotone cumulative-incidence parameterisation) rather than the competing-risk assumption. Not learner-matched in the sense used for the naive-versus-competing pairs.",True,
temporal,deephit - nfg,deephit,nfg,secondary,False,5.0,eo,0.1467647393544515,0.0593451678752899,0.2562982738018036,0.0253927304472804,0.2681367482616226,0.0595264274134928,0.9961737044387018,31.208975735864083,30,True,"Both are competing-risk deep models fitted as 10-member ensembles, so this contrast isolates the training objective (ranking-weighted likelihood versus a monotone cumulative-incidence parameterisation) rather than the competing-risk assumption. Not learner-matched in the sense used for the naive-versus-competing pairs.",True,
temporal,deephit - nfg,deephit,nfg,secondary,False,5.0,calib_intercept,-0.0526125679413477,-0.1299421072006225,0.0367731384932994,-0.1458625835473429,0.0406374476646474,0.0459630584959716,0.9384519765081604,35.64101190197801,30,False,"Both are competing-risk deep models fitted as 10-member ensembles, so this contrast isolates the training objective (ranking-weighted likelihood versus a monotone cumulative-incidence parameterisation) rather than the competing-risk assumption. Not learner-matched in the sense used for the naive-versus-competing pairs.",True,
temporal,deephit - nfg,deephit,nfg,secondary,False,5.0,calib_slope,0.0450566927591959,-0.0949791759252548,0.1689181342720986,-0.0840069553084977,0.1741203408268896,0.0650559700179185,0.5507150788300161,100.351989491846,30,False,"Both are competing-risk deep models fitted as 10-member ensembles, so this contrast isolates the training objective (ranking-weighted likelihood versus a monotone cumulative-incidence parameterisation) rather than the competing-risk assumption. Not learner-matched in the sense used for the naive-versus-competing pairs.",True,
temporal,deephit - nfg,deephit,nfg,secondary,False,5.0,ici,0.0019227860340227,0.0005335467751137,0.0032677199109457,0.0001351393871175,0.0037104326809279,0.0008827260246779,0.9145496349790596,37.57674595470307,30,True,"Both are competing-risk deep models fitted as 10-member ensembles, so this contrast isolates the training objective (ranking-weighted likelihood versus a monotone cumulative-incidence parameterisation) rather than the competing-risk assumption. Not learner-matched in the sense used for the naive-versus-competing pairs.",True,
temporal,deephit - nfg,deephit,nfg,secondary,False,5.0,e50,0.0014066262946774,0.0001377147389575,0.002404102962464,0.0001684065614896,0.0026448460278652,0.0006256474451376,0.4907938577301723,125.14694028204352,30,True,"Both are competing-risk deep models fitted as 10-member ensembles, so this contrast isolates the training objective (ranking-weighted likelihood versus a monotone cumulative-incidence parameterisation) rather than the competing-risk assumption. Not learner-matched in the sense used for the naive-versus-competing pairs.",True,
temporal,deephit - nfg,deephit,nfg,secondary,False,5.0,e90,0.004761341245224,-0.001068115606904,0.0101577628171071,-0.0017539494234992,0.0112766319139473,0.0032010530871322,0.9774385678318256,32.64399840967663,30,False,"Both are competing-risk deep models fitted as 10-member ensembles, so this contrast isolates the training objective (ranking-weighted likelihood versus a monotone cumulative-incidence parameterisation) rather than the competing-risk assumption. Not learner-matched in the sense used for the naive-versus-competing pairs.",True,
temporal,deephit - nfg,deephit,nfg,secondary,False,5.0,obs_concordant,0.0,0.0,0.0,0.0,0.0,0.0,0.0002143852355178,9326.000643017896,30,False,"Both are competing-risk deep models fitted as 10-member ensembles, so this contrast isolates the training objective (ranking-weighted likelihood versus a monotone cumulative-incidence parameterisation) rather than the competing-risk assumption. Not learner-matched in the sense used for the naive-versus-competing pairs.",True,
temporal,deephit - nfg,deephit,nfg,secondary,False,5.0,eo_concordant,0.1467647393544515,0.0593451678752899,0.2562982738018036,0.0253927304472804,0.2681367482616226,0.0595264274134928,0.9961737044387018,31.208975735864083,30,True,"Both are competing-risk deep models fitted as 10-member ensembles, so this contrast isolates the training objective (ranking-weighted likelihood versus a monotone cumulative-incidence parameterisation) rather than the competing-risk assumption. Not learner-matched in the sense used for the naive-versus-competing pairs.",True,
temporal,deephit - nfg,deephit,nfg,secondary,False,5.0,calib_intercept_concordant,-0.0526125679413477,-0.1299421072006225,0.0367731384932994,-0.1458625835473429,0.0406374476646474,0.0459630584959716,0.9384519765081604,35.64101190197801,30,False,"Both are competing-risk deep models fitted as 10-member ensembles, so this contrast isolates the training objective (ranking-weighted likelihood versus a monotone cumulative-incidence parameterisation) rather than the competing-risk assumption. Not learner-matched in the sense used for the naive-versus-competing pairs.",True,
temporal,deephit - nfg,deephit,nfg,secondary,False,5.0,calib_slope_concordant,0.0450566927591959,-0.0949791759252548,0.1689181342720986,-0.0840069553084977,0.1741203408268896,0.0650559700179185,0.5507150788300161,100.351989491846,30,False,"Both are competing-risk deep models fitted as 10-member ensembles, so this contrast isolates the training objective (ranking-weighted likelihood versus a monotone cumulative-incidence parameterisation) rather than the competing-risk assumption. Not learner-matched in the sense used for the naive-versus-competing pairs.",True,
temporal,deephit - nfg,deephit,nfg,secondary,False,5.0,ici_concordant,0.0019227860340227,0.0005335467751137,0.0032677199109457,0.0001351393871175,0.0037104326809279,0.0008827260246779,0.9145496349790596,37.57674595470307,30,True,"Both are competing-risk deep models fitted as 10-member ensembles, so this contrast isolates the training objective (ranking-weighted likelihood versus a monotone cumulative-incidence parameterisation) rather than the competing-risk assumption. Not learner-matched in the sense used for the naive-versus-competing pairs.",True,
temporal,deephit - nfg,deephit,nfg,secondary,False,5.0,e50_concordant,0.0014066262946774,0.0001377147389575,0.002404102962464,0.0001684065614896,0.0026448460278652,0.0006256474451376,0.4907938577301723,125.14694028204352,30,True,"Both are competing-risk deep models fitted as 10-member ensembles, so this contrast isolates the training objective (ranking-weighted likelihood versus a monotone cumulative-incidence parameterisation) rather than the competing-risk assumption. Not learner-matched in the sense used for the naive-versus-competing pairs.",True,
temporal,deephit - nfg,deephit,nfg,secondary,False,5.0,e90_concordant,0.004761341245224,-0.001068115606904,0.0101577628171071,-0.0017539494234992,0.0112766319139473,0.0032010530871322,0.9774385678318256,32.64399840967663,30,False,"Both are competing-risk deep models fitted as 10-member ensembles, so this contrast isolates the training objective (ranking-weighted likelihood versus a monotone cumulative-incidence parameterisation) rather than the competing-risk assumption. Not learner-matched in the sense used for the naive-versus-competing pairs.",True,
temporal,deephit - nfg,deephit,nfg,secondary,False,5.0,auc,-0.0002804219722747,-0.0057238951325416,0.0051810756325721,-0.0057451568063522,0.0051843128618027,0.0027803561841832,0.2557906882167891,431.2485948584504,30,False,"Both are competing-risk deep models fitted as 10-member ensembles, so this contrast isolates the training objective (ranking-weighted likelihood versus a monotone cumulative-incidence parameterisation) rather than the competing-risk assumption. Not learner-matched in the sense used for the naive-versus-competing pairs.",True,
temporal,deephit - nfg,deephit,nfg,secondary,False,5.0,cindex,-0.0003237565358479,-0.0057478725910186,0.0051274314522743,-0.0057680656156707,0.0051205525439747,0.0027699478753893,0.256072764218801,430.3618504343022,30,False,"Both are competing-risk deep models fitted as 10-member ensembles, so this contrast isolates the training objective (ranking-weighted likelihood versus a monotone cumulative-incidence parameterisation) rather than the competing-risk assumption. Not learner-matched in the sense used for the naive-versus-competing pairs.",True,
temporal,deephit - nfg,deephit,nfg,secondary,False,5.0,auc_marginal_ipcw,-0.0002804219722747,-0.0057238951325416,0.0051810756325721,-0.0057451568063522,0.0051843128618027,0.0027803561841832,0.2557906882167891,431.2485948584504,30,False,"Both are competing-risk deep models fitted as 10-member ensembles, so this contrast isolates the training objective (ranking-weighted likelihood versus a monotone cumulative-incidence parameterisation) rather than the competing-risk assumption. Not learner-matched in the sense used for the naive-versus-competing pairs.",True,
temporal,deephit - nfg,deephit,nfg,secondary,False,5.0,cindex_marginal_ipcw,-0.0003237565358479,-0.0057478725910186,0.0051274314522743,-0.0057680656156707,0.0051205525439747,0.0027699478753893,0.256072764218801,430.3618504343022,30,False,"Both are competing-risk deep models fitted as 10-member ensembles, so this contrast isolates the training objective (ranking-weighted likelihood versus a monotone cumulative-incidence parameterisation) rather than the competing-risk assumption. Not learner-matched in the sense used for the naive-versus-competing pairs.",True,
temporal,deephit - nfg,deephit,nfg,secondary,False,5.0,at_risk_fraction,0.0,0.0,0.0,0.0,0.0,0.0,0.0002143852355178,9326.000643017896,30,False,"Both are competing-risk deep models fitted as 10-member ensembles, so this contrast isolates the training objective (ranking-weighted likelihood versus a monotone cumulative-incidence parameterisation) rather than the competing-risk assumption. Not learner-matched in the sense used for the naive-versus-competing pairs.",True,
temporal,deephit - nfg,deephit,nfg,secondary,False,5.0,nb_at_0.01,5.038399249315262e-05,-0.0005175564438104,0.0008055959362536,-0.000629949877978,0.0007307178629643,0.0003451423349414,0.3716651231203148,212.903358892897,30,False,"Both are competing-risk deep models fitted as 10-member ensembles, so this contrast isolates the training objective (ranking-weighted likelihood versus a monotone cumulative-incidence parameterisation) rather than the competing-risk assumption. Not learner-matched in the sense used for the naive-versus-competing pairs.",True,
temporal,deephit - nfg,deephit,nfg,secondary,False,5.0,nb_at_0.02,-0.0003031291378041,-0.0008619162254035,0.0003959564492106,-0.0009508657528578,0.0003446074772496,0.0003286499911618,0.3669976945745667,218.09007508672047,30,False,"Both are competing-risk deep models fitted as 10-member ensembles, so this contrast isolates the training objective (ranking-weighted likelihood versus a monotone cumulative-incidence parameterisation) rather than the competing-risk assumption. Not learner-matched in the sense used for the naive-versus-competing pairs.",True,
temporal,deephit - nfg,deephit,nfg,secondary,False,5.0,nb_at_0.03,-0.0003777895200376,-0.000986834987998,0.0003945131320506,-0.0010837519770642,0.0003281729369889,0.0003571809650745,0.4548130505601159,144.78739566777918,30,False,"Both are competing-risk deep models fitted as 10-member ensembles, so this contrast isolates the training objective (ranking-weighted likelihood versus a monotone cumulative-incidence parameterisation) rather than the competing-risk assumption. Not learner-matched in the sense used for the naive-versus-competing pairs.",True,
temporal,deephit - nfg,deephit,nfg,secondary,False,5.0,nb_at_0.05,-0.000474092302223,-0.0011960440315306,0.0003949201200157,-0.001300133149287,0.0003519485448409,0.0004168012992279,0.5261182695464419,109.54086767795256,30,False,"Both are competing-risk deep models fitted as 10-member ensembles, so this contrast isolates the training objective (ranking-weighted likelihood versus a monotone cumulative-incidence parameterisation) rather than the competing-risk assumption. Not learner-matched in the sense used for the naive-versus-competing pairs.",True,
temporal,deephit - nfg,deephit,nfg,secondary,False,5.0,nb_at_0.075,-0.0002310918509465,-0.001208089874126,0.0007213774370029,-0.0012662128902118,0.0008040291883187,0.0005179151702942,0.7044555575006086,62.53645889164602,30,False,"Both are competing-risk deep models fitted as 10-member ensembles, so this contrast isolates the training objective (ranking-weighted likelihood versus a monotone cumulative-incidence parameterisation) rather than the competing-risk assumption. Not learner-matched in the sense used for the naive-versus-competing pairs.",True,
temporal,deephit - nfg,deephit,nfg,secondary,False,5.0,nb_at_0.2,-0.000195626541487,-0.0005091649945825,2.679813769645989e-05,-0.0004811031624294,8.985007945524944e-05,0.0001424185799921,0.7568149060899235,54.46181320099348,30,False,"Both are competing-risk deep models fitted as 10-member ensembles, so this contrast isolates the training objective (ranking-weighted likelihood versus a monotone cumulative-incidence parameterisation) rather than the competing-risk assumption. Not learner-matched in the sense used for the naive-versus-competing pairs.",True,
temporal,deephit - nfg,deephit,nfg,secondary,False,5.0,frac_above_0.01,0.0618287066618601,0.0356951355934143,0.0857540965080261,0.0310491929468988,0.0926082203768214,0.0150160756611845,1.0365417046561027,27.5925251394612,30,True,"Both are competing-risk deep models fitted as 10-member ensembles, so this contrast isolates the training objective (ranking-weighted likelihood versus a monotone cumulative-incidence parameterisation) rather than the competing-risk assumption. Not learner-matched in the sense used for the naive-versus-competing pairs.",True,
temporal,deephit - nfg,deephit,nfg,secondary,False,5.0,frac_above_0.02,0.0412941729029019,0.0218673050403594,0.0606710314750671,0.0197034779020397,0.0628848679037641,0.0105588777184869,1.0210959758158125,29.14402638637165,30,True,"Both are competing-risk deep models fitted as 10-member ensembles, so this contrast isolates the training objective (ranking-weighted likelihood versus a monotone cumulative-incidence parameterisation) rather than the competing-risk assumption. Not learner-matched in the sense used for the naive-versus-competing pairs.",True,
temporal,deephit - nfg,deephit,nfg,secondary,False,5.0,frac_above_0.03,0.0316289737820625,0.0141494274139404,0.0493085980415344,0.0129940613213966,0.0502638862427284,0.0091185028216939,1.016753103297103,29.52968658211084,30,True,"Both are competing-risk deep models fitted as 10-member ensembles, so this contrast isolates the training objective (ranking-weighted likelihood versus a monotone cumulative-incidence parameterisation) rather than the competing-risk assumption. Not learner-matched in the sense used for the naive-versus-competing pairs.",True,
temporal,deephit - nfg,deephit,nfg,secondary,False,5.0,frac_above_0.05,0.021084788441658,0.007717877626419,0.0348376035690307,0.0057548434458584,0.0364147334374575,0.0075062839275804,1.0112690573380532,29.99682312444798,30,True,"Both are competing-risk deep models fitted as 10-member ensembles, so this contrast isolates the training objective (ranking-weighted likelihood versus a monotone cumulative-incidence parameterisation) rather than the competing-risk assumption. Not learner-matched in the sense used for the naive-versus-competing pairs.",True,
temporal,deephit - nfg,deephit,nfg,secondary,False,5.0,frac_above_0.075,0.0056133205691973,-0.0091113746166229,0.0179011672735214,-0.0092507408061031,0.0204773819444978,0.0072623246028541,1.0277506239673797,28.51679632485776,30,False,"Both are competing-risk deep models fitted as 10-member ensembles, so this contrast isolates the training objective (ranking-weighted likelihood versus a monotone cumulative-incidence parameterisation) rather than the competing-risk assumption. Not learner-matched in the sense used for the naive-versus-competing pairs.",True,
temporal,deephit - nfg,deephit,nfg,secondary,False,5.0,frac_above_0.2,0.0008003716066014,0.0,0.0021438524127006,-0.0003842932719309,0.0019850364851337,0.0005896305587384,0.795940261175643,49.39909346742739,30,False,"Both are competing-risk deep models fitted as 10-member ensembles, so this contrast isolates the training objective (ranking-weighted likelihood versus a monotone cumulative-incidence parameterisation) rather than the competing-risk assumption. Not learner-matched in the sense used for the naive-versus-competing pairs.",True,
temporal,deephit - nfg,deephit,nfg,secondary,False,5.0,nb_all_at_0.01,0.0,0.0,0.0,0.0,0.0,0.0,0.0002143852355178,9326.000643017896,30,False,"Both are competing-risk deep models fitted as 10-member ensembles, so this contrast isolates the training objective (ranking-weighted likelihood versus a monotone cumulative-incidence parameterisation) rather than the competing-risk assumption. Not learner-matched in the sense used for the naive-versus-competing pairs.",True,
temporal,deephit - nfg,deephit,nfg,secondary,False,5.0,nb_all_at_0.02,0.0,0.0,0.0,0.0,0.0,0.0,0.0002143852355178,9326.000643017896,30,False,"Both are competing-risk deep models fitted as 10-member ensembles, so this contrast isolates the training objective (ranking-weighted likelihood versus a monotone cumulative-incidence parameterisation) rather than the competing-risk assumption. Not learner-matched in the sense used for the naive-versus-competing pairs.",True,
temporal,deephit - nfg,deephit,nfg,secondary,False,5.0,nb_all_at_0.03,0.0,0.0,0.0,0.0,0.0,0.0,0.0002143852355178,9326.000643017896,30,False,"Both are competing-risk deep models fitted as 10-member ensembles, so this contrast isolates the training objective (ranking-weighted likelihood versus a monotone cumulative-incidence parameterisation) rather than the competing-risk assumption. Not learner-matched in the sense used for the naive-versus-competing pairs.",True,
temporal,deephit - nfg,deephit,nfg,secondary,False,5.0,nb_all_at_0.05,0.0,0.0,0.0,0.0,0.0,0.0,0.0002143852355178,9326.000643017896,30,False,"Both are competing-risk deep models fitted as 10-member ensembles, so this contrast isolates the training objective (ranking-weighted likelihood versus a monotone cumulative-incidence parameterisation) rather than the competing-risk assumption. Not learner-matched in the sense used for the naive-versus-competing pairs.",True,
temporal,deephit - nfg,deephit,nfg,secondary,False,5.0,nb_all_at_0.075,0.0,0.0,0.0,0.0,0.0,0.0,0.0002143852355178,9326.000643017896,30,False,"Both are competing-risk deep models fitted as 10-member ensembles, so this contrast isolates the training objective (ranking-weighted likelihood versus a monotone cumulative-incidence parameterisation) rather than the competing-risk assumption. Not learner-matched in the sense used for the naive-versus-competing pairs.",True,
temporal,deephit - nfg,deephit,nfg,secondary,False,5.0,nb_all_at_0.2,0.0,0.0,0.0,0.0,0.0,0.0,0.0002143852355178,9326.000643017896,30,False,"Both are competing-risk deep models fitted as 10-member ensembles, so this contrast isolates the training objective (ranking-weighted likelihood versus a monotone cumulative-incidence parameterisation) rather than the competing-risk assumption. Not learner-matched in the sense used for the naive-versus-competing pairs.",True,
temporal,deephit - nfg,deephit,nfg,secondary,False,5.0,log_eo_ratio,0.0997314676576044,0.040815208107233,0.1721896775066852,0.0155305175737694,0.1839324177414394,0.0403675145284172,1.0801708778878485,20.01560961723585,30,True,"Both are competing-risk deep models fitted as 10-member ensembles, so this contrast isolates the training objective (ranking-weighted likelihood versus a monotone cumulative-incidence parameterisation) rather than the competing-risk assumption. Not learner-matched in the sense used for the naive-versus-competing pairs.",True,
temporal,deephit - nfg,deephit,nfg,secondary,False,10.0,mean_pred,0.0030923747768004,0.0007822654210031,0.0057109652087092,-0.0001570739096539,0.0063418234632548,0.0015339492046314,1.100595630855311,16.14539537131506,30,True,"Both are competing-risk deep models fitted as 10-member ensembles, so this contrast isolates the training objective (ranking-weighted likelihood versus a monotone cumulative-incidence parameterisation) rather than the competing-risk assumption. Not learner-matched in the sense used for the naive-versus-competing pairs.",True,
temporal,deephit - nfg,deephit,nfg,secondary,False,10.0,obs_cif,0.0,0.0,0.0,0.0,0.0,0.0,0.0002143852355178,9326.000643017896,30,False,"Both are competing-risk deep models fitted as 10-member ensembles, so this contrast isolates the training objective (ranking-weighted likelihood versus a monotone cumulative-incidence parameterisation) rather than the competing-risk assumption. Not learner-matched in the sense used for the naive-versus-competing pairs.",True,
temporal,deephit - nfg,deephit,nfg,secondary,False,10.0,eo,0.093819785118103,0.0240224987268447,0.1772040665149689,-0.0026210506638366,0.1902606209000426,0.0468940846516499,1.050693100003793,25.73319506298405,30,True,"Both are competing-risk deep models fitted as 10-member ensembles, so this contrast isolates the training objective (ranking-weighted likelihood versus a monotone cumulative-incidence parameterisation) rather than the competing-risk assumption. Not learner-matched in the sense used for the naive-versus-competing pairs.",True,
temporal,deephit - nfg,deephit,nfg,secondary,False,10.0,calib_intercept,-0.0584605306386947,-0.1231761820614338,0.0117525286972522,-0.1368351705932822,0.0199141093158927,0.0382953259426189,1.027263657230442,28.564479911075303,30,False,"Both are competing-risk deep models fitted as 10-member ensembles, so this contrast isolates the training objective (ranking-weighted likelihood versus a monotone cumulative-incidence parameterisation) rather than the competing-risk assumption. Not learner-matched in the sense used for the naive-versus-competing pairs.",True,
temporal,deephit - nfg,deephit,nfg,secondary,False,10.0,calib_slope,0.0104882558186848,-0.0755274593830108,0.0902026057243347,-0.0737706356667362,0.094747147304106,0.0421931269991503,0.688971776133584,65.26976343229467,30,False,"Both are competing-risk deep models fitted as 10-member ensembles, so this contrast isolates the training objective (ranking-weighted likelihood versus a monotone cumulative-incidence parameterisation) rather than the competing-risk assumption. Not learner-matched in the sense used for the naive-versus-competing pairs.",True,
temporal,deephit - nfg,deephit,nfg,secondary,False,10.0,ici,0.0031002316934367,0.0005602072458714,0.0055569312535226,-0.0001891324309129,0.0063895958177863,0.0016219354409957,0.9336345108953102,36.023154504020084,30,True,"Both are competing-risk deep models fitted as 10-member ensembles, so this contrast isolates the training objective (ranking-weighted likelihood versus a monotone cumulative-incidence parameterisation) rather than the competing-risk assumption. Not learner-matched in the sense used for the naive-versus-competing pairs.",True,
temporal,deephit - nfg,deephit,nfg,secondary,False,10.0,e50,0.0020130741021906,-9.30139416595921e-05,0.0039180811727419,-0.0003091046752161,0.0043352528795974,0.0011689828954809,0.5808551495446322,90.60075778921797,30,False,"Both are competing-risk deep models fitted as 10-member ensembles, so this contrast isolates the training objective (ranking-weighted likelihood versus a monotone cumulative-incidence parameterisation) rather than the competing-risk assumption. Not learner-matched in the sense used for the naive-versus-competing pairs.",True,
temporal,deephit - nfg,deephit,nfg,secondary,False,10.0,e90,0.006838578544557,-0.0030357593670487,0.0153166739270091,-0.0043308251853284,0.0180079822744426,0.0054319490447628,1.0501482268553175,25.8160897265217,30,False,"Both are competing-risk deep models fitted as 10-member ensembles, so this contrast isolates the training objective (ranking-weighted likelihood versus a monotone cumulative-incidence parameterisation) rather than the competing-risk assumption. Not learner-matched in the sense used for the naive-versus-competing pairs.",True,
temporal,deephit - nfg,deephit,nfg,secondary,False,10.0,obs_concordant,0.0,0.0,0.0,0.0,0.0,0.0,0.0002143852355178,9326.000643017896,30,False,"Both are competing-risk deep models fitted as 10-member ensembles, so this contrast isolates the training objective (ranking-weighted likelihood versus a monotone cumulative-incidence parameterisation) rather than the competing-risk assumption. Not learner-matched in the sense used for the naive-versus-competing pairs.",True,
temporal,deephit - nfg,deephit,nfg,secondary,False,10.0,eo_concordant,0.093819785118103,0.0240224987268447,0.1772040665149689,-0.0026210506638366,0.1902606209000426,0.0468940846516499,1.050693100003793,25.73319506298405,30,True,"Both are competing-risk deep models fitted as 10-member ensembles, so this contrast isolates the training objective (ranking-weighted likelihood versus a monotone cumulative-incidence parameterisation) rather than the competing-risk assumption. Not learner-matched in the sense used for the naive-versus-competing pairs.",True,
temporal,deephit - nfg,deephit,nfg,secondary,False,10.0,calib_intercept_concordant,-0.0584605306386947,-0.1231761820614338,0.0117525286972522,-0.1368351705932822,0.0199141093158927,0.0382953259426189,1.027263657230442,28.564479911075303,30,False,"Both are competing-risk deep models fitted as 10-member ensembles, so this contrast isolates the training objective (ranking-weighted likelihood versus a monotone cumulative-incidence parameterisation) rather than the competing-risk assumption. Not learner-matched in the sense used for the naive-versus-competing pairs.",True,
temporal,deephit - nfg,deephit,nfg,secondary,False,10.0,calib_slope_concordant,0.0104882558186848,-0.0755274593830108,0.0902026057243347,-0.0737706356667362,0.094747147304106,0.0421931269991503,0.688971776133584,65.26976343229467,30,False,"Both are competing-risk deep models fitted as 10-member ensembles, so this contrast isolates the training objective (ranking-weighted likelihood versus a monotone cumulative-incidence parameterisation) rather than the competing-risk assumption. Not learner-matched in the sense used for the naive-versus-competing pairs.",True,
temporal,deephit - nfg,deephit,nfg,secondary,False,10.0,ici_concordant,0.0031002316934367,0.0005602072458714,0.0055569312535226,-0.0001891324309129,0.0063895958177863,0.0016219354409957,0.9336345108953102,36.023154504020084,30,True,"Both are competing-risk deep models fitted as 10-member ensembles, so this contrast isolates the training objective (ranking-weighted likelihood versus a monotone cumulative-incidence parameterisation) rather than the competing-risk assumption. Not learner-matched in the sense used for the naive-versus-competing pairs.",True,
temporal,deephit - nfg,deephit,nfg,secondary,False,10.0,e50_concordant,0.0020130741021906,-9.30139416595921e-05,0.0039180811727419,-0.0003091046752161,0.0043352528795974,0.0011689828954809,0.5808551495446322,90.60075778921797,30,False,"Both are competing-risk deep models fitted as 10-member ensembles, so this contrast isolates the training objective (ranking-weighted likelihood versus a monotone cumulative-incidence parameterisation) rather than the competing-risk assumption. Not learner-matched in the sense used for the naive-versus-competing pairs.",True,
temporal,deephit - nfg,deephit,nfg,secondary,False,10.0,e90_concordant,0.006838578544557,-0.0030357593670487,0.0153166739270091,-0.0043308251853284,0.0180079822744426,0.0054319490447628,1.0501482268553175,25.8160897265217,30,False,"Both are competing-risk deep models fitted as 10-member ensembles, so this contrast isolates the training objective (ranking-weighted likelihood versus a monotone cumulative-incidence parameterisation) rather than the competing-risk assumption. Not learner-matched in the sense used for the naive-versus-competing pairs.",True,
temporal,deephit - nfg,deephit,nfg,secondary,False,10.0,auc,0.0007933596769968,-0.0029428109526634,0.0048538222908973,-0.003134019466802,0.0047207388207957,0.001995204115088,0.3205132132895401,282.0729950386027,30,False,"Both are competing-risk deep models fitted as 10-member ensembles, so this contrast isolates the training objective (ranking-weighted likelihood versus a monotone cumulative-incidence parameterisation) rather than the competing-risk assumption. Not learner-matched in the sense used for the naive-versus-competing pairs.",True,
temporal,deephit - nfg,deephit,nfg,secondary,False,10.0,cindex,0.0005631109078725,-0.0030759185552597,0.0045218676328659,-0.0032880679003976,0.0044142897161426,0.0019561417471443,0.3274820935689764,270.80572523513126,30,False,"Both are competing-risk deep models fitted as 10-member ensembles, so this contrast isolates the training objective (ranking-weighted likelihood versus a monotone cumulative-incidence parameterisation) rather than the competing-risk assumption. Not learner-matched in the sense used for the naive-versus-competing pairs.",True,
temporal,deephit - nfg,deephit,nfg,secondary,False,10.0,auc_marginal_ipcw,0.0007287204265594,-0.0029708161950111,0.0048006862401962,-0.0031942727562555,0.0046517136093744,0.0019929854094737,0.3203265763734523,282.3843816332504,30,False,"Both are competing-risk deep models fitted as 10-member ensembles, so this contrast isolates the training objective (ranking-weighted likelihood versus a monotone cumulative-incidence parameterisation) rather than the competing-risk assumption. Not learner-matched in the sense used for the naive-versus-competing pairs.",True,
temporal,deephit - nfg,deephit,nfg,secondary,False,10.0,cindex_marginal_ipcw,0.0006522158781687,-0.0029789224267005,0.004630360007286,-0.0032011200384502,0.0045055517947876,0.0019571361013959,0.329468140954516,267.71850258938645,30,False,"Both are competing-risk deep models fitted as 10-member ensembles, so this contrast isolates the training objective (ranking-weighted likelihood versus a monotone cumulative-incidence parameterisation) rather than the competing-risk assumption. Not learner-matched in the sense used for the naive-versus-competing pairs.",True,
temporal,deephit - nfg,deephit,nfg,secondary,False,10.0,at_risk_fraction,0.0,0.0,0.0,0.0,0.0,0.0,0.0002143852355178,9326.000643017896,30,False,"Both are competing-risk deep models fitted as 10-member ensembles, so this contrast isolates the training objective (ranking-weighted likelihood versus a monotone cumulative-incidence parameterisation) rather than the competing-risk assumption. Not learner-matched in the sense used for the naive-versus-competing pairs.",True,
temporal,deephit - nfg,deephit,nfg,secondary,False,10.0,nb_at_0.01,-0.0001983061432838,-0.0006490358151495,0.0003428930882364,-0.0006861461920975,0.0002895339055298,0.0002474040957956,0.3830302570148603,201.02579900146665,30,False,"Both are competing-risk deep models fitted as 10-member ensembles, so this contrast isolates the training objective (ranking-weighted likelihood versus a monotone cumulative-incidence parameterisation) rather than the competing-risk assumption. Not learner-matched in the sense used for the naive-versus-competing pairs.",True,
temporal,deephit - nfg,deephit,nfg,secondary,False,10.0,nb_at_0.02,-0.0001105796545743,-0.0008162923157215,0.0007305072620511,-0.0008910047626599,0.0006698454535111,0.0003968708228772,0.2787273056660376,367.1568968237357,30,False,"Both are competing-risk deep models fitted as 10-member ensembles, so this contrast isolates the training objective (ranking-weighted likelihood versus a monotone cumulative-incidence parameterisation) rather than the competing-risk assumption. Not learner-matched in the sense used for the naive-versus-competing pairs.",True,
temporal,deephit - nfg,deephit,nfg,secondary,False,10.0,nb_at_0.03,1.3323500752449036e-05,-0.000890302285552,0.0009455228690057,-0.000903853555015,0.0009305005565199,0.00046534085439,0.3683614123475319,216.5550923755665,30,False,"Both are competing-risk deep models fitted as 10-member ensembles, so this contrast isolates the training objective (ranking-weighted likelihood versus a monotone cumulative-incidence parameterisation) rather than the competing-risk assumption. Not learner-matched in the sense used for the naive-versus-competing pairs.",True,
temporal,deephit - nfg,deephit,nfg,secondary,False,10.0,nb_at_0.05,0.0001979006454348,-0.0007678088964894,0.0013928510714322,-0.000900306111288,0.0012961074021577,0.0005572829977781,0.3624773134455271,223.29725534082624,30,False,"Both are competing-risk deep models fitted as 10-member ensembles, so this contrast isolates the training objective (ranking-weighted likelihood versus a monotone cumulative-incidence parameterisation) rather than the competing-risk assumption. Not learner-matched in the sense used for the naive-versus-competing pairs.",True,
temporal,deephit - nfg,deephit,nfg,secondary,False,10.0,nb_at_0.075,-0.0001631747155139,-0.0011293123126961,0.0008458581403829,-0.0011576392779999,0.0008312898469719,0.000504413205923,0.3778256374842693,206.33757290129856,30,False,"Both are competing-risk deep models fitted as 10-member ensembles, so this contrast isolates the training objective (ranking-weighted likelihood versus a monotone cumulative-incidence parameterisation) rather than the competing-risk assumption. Not learner-matched in the sense used for the naive-versus-competing pairs.",True,
temporal,deephit - nfg,deephit,nfg,secondary,False,10.0,nb_at_0.2,-0.0002103781453721,-0.0017393514310242,0.0012062990572303,-0.0017158215780162,0.0012950652872718,0.0007577811901633,0.5825588976374018,90.09297182640196,30,False,"Both are competing-risk deep models fitted as 10-member ensembles, so this contrast isolates the training objective (ranking-weighted likelihood versus a monotone cumulative-incidence parameterisation) rather than the competing-risk assumption. Not learner-matched in the sense used for the naive-versus-competing pairs.",True,
temporal,deephit - nfg,deephit,nfg,secondary,False,10.0,frac_above_0.01,0.0502376079559326,0.0205810070037841,0.0865044593811035,0.011993375436739,0.0884818404751262,0.0185887141645834,1.0520279813666662,25.52571648635672,30,True,"Both are competing-risk deep models fitted as 10-member ensembles, so this contrast isolates the training objective (ranking-weighted likelihood versus a monotone cumulative-incidence parameterisation) rather than the competing-risk assumption. Not learner-matched in the sense used for the naive-versus-competing pairs.",True,
temporal,deephit - nfg,deephit,nfg,secondary,False,10.0,frac_above_0.02,0.0464501370986302,0.0206881761550903,0.0675313472747802,0.0199251692601608,0.0729751049370996,0.0129519007272644,1.031517848138861,28.136517124555663,30,True,"Both are competing-risk deep models fitted as 10-member ensembles, so this contrast isolates the training objective (ranking-weighted likelihood versus a monotone cumulative-incidence parameterisation) rather than the competing-risk assumption. Not learner-matched in the sense used for the naive-versus-competing pairs.",True,
temporal,deephit - nfg,deephit,nfg,secondary,False,10.0,frac_above_0.03,0.0333976507186889,0.0128630995750427,0.0561689436435699,0.0082296782188101,0.0585656232185678,0.0122763124895163,1.0374511379066138,27.48877234564728,30,True,"Both are competing-risk deep models fitted as 10-member ensembles, so this contrast isolates the training objective (ranking-weighted likelihood versus a monotone cumulative-incidence parameterisation) rather than the competing-risk assumption. Not learner-matched in the sense used for the naive-versus-competing pairs.",True,
temporal,deephit - nfg,deephit,nfg,secondary,False,10.0,frac_above_0.05,0.0234394570191701,0.0053596198558807,0.0409475713968277,0.0029523465725744,0.0439265674657658,0.010003472753586,1.0316367948348533,28.12415598313721,30,True,"Both are competing-risk deep models fitted as 10-member ensembles, so this contrast isolates the training objective (ranking-weighted likelihood versus a monotone cumulative-incidence parameterisation) rather than the competing-risk assumption. Not learner-matched in the sense used for the naive-versus-competing pairs.",True,
temporal,deephit - nfg,deephit,nfg,secondary,False,10.0,frac_above_0.075,0.0157108649611473,0.0022510439157485,0.0309786796569824,-0.0013930039739647,0.0328147338962593,0.0083593318239909,1.025602266184387,28.72487399731713,30,True,"Both are competing-risk deep models fitted as 10-member ensembles, so this contrast isolates the training objective (ranking-weighted likelihood versus a monotone cumulative-incidence parameterisation) rather than the competing-risk assumption. Not learner-matched in the sense used for the naive-versus-competing pairs.",True,
temporal,deephit - nfg,deephit,nfg,secondary,False,10.0,frac_above_0.2,0.0021188410619894,-0.0083610229194164,0.0144710037857294,-0.0104790761284874,0.0147167582524663,0.0061489975783672,1.033860688371985,27.8886210256342,30,False,"Both are competing-risk deep models fitted as 10-member ensembles, so this contrast isolates the training objective (ranking-weighted likelihood versus a monotone cumulative-incidence parameterisation) rather than the competing-risk assumption. Not learner-matched in the sense used for the naive-versus-competing pairs.",True,
temporal,deephit - nfg,deephit,nfg,secondary,False,10.0,nb_all_at_0.01,0.0,0.0,0.0,0.0,0.0,0.0,0.0002143852355178,9326.000643017896,30,False,"Both are competing-risk deep models fitted as 10-member ensembles, so this contrast isolates the training objective (ranking-weighted likelihood versus a monotone cumulative-incidence parameterisation) rather than the competing-risk assumption. Not learner-matched in the sense used for the naive-versus-competing pairs.",True,
temporal,deephit - nfg,deephit,nfg,secondary,False,10.0,nb_all_at_0.02,0.0,0.0,0.0,0.0,0.0,0.0,0.0002143852355178,9326.000643017896,30,False,"Both are competing-risk deep models fitted as 10-member ensembles, so this contrast isolates the training objective (ranking-weighted likelihood versus a monotone cumulative-incidence parameterisation) rather than the competing-risk assumption. Not learner-matched in the sense used for the naive-versus-competing pairs.",True,
temporal,deephit - nfg,deephit,nfg,secondary,False,10.0,nb_all_at_0.03,0.0,0.0,0.0,0.0,0.0,0.0,0.0002143852355178,9326.000643017896,30,False,"Both are competing-risk deep models fitted as 10-member ensembles, so this contrast isolates the training objective (ranking-weighted likelihood versus a monotone cumulative-incidence parameterisation) rather than the competing-risk assumption. Not learner-matched in the sense used for the naive-versus-competing pairs.",True,
temporal,deephit - nfg,deephit,nfg,secondary,False,10.0,nb_all_at_0.05,0.0,0.0,0.0,0.0,0.0,0.0,0.0002143852355178,9326.000643017896,30,False,"Both are competing-risk deep models fitted as 10-member ensembles, so this contrast isolates the training objective (ranking-weighted likelihood versus a monotone cumulative-incidence parameterisation) rather than the competing-risk assumption. Not learner-matched in the sense used for the naive-versus-competing pairs.",True,
temporal,deephit - nfg,deephit,nfg,secondary,False,10.0,nb_all_at_0.075,0.0,0.0,0.0,0.0,0.0,0.0,0.0002143852355178,9326.000643017896,30,False,"Both are competing-risk deep models fitted as 10-member ensembles, so this contrast isolates the training objective (ranking-weighted likelihood versus a monotone cumulative-incidence parameterisation) rather than the competing-risk assumption. Not learner-matched in the sense used for the naive-versus-competing pairs.",True,
temporal,deephit - nfg,deephit,nfg,secondary,False,10.0,nb_all_at_0.2,0.0,0.0,0.0,0.0,0.0,0.0,0.0002143852355178,9326.000643017896,30,False,"Both are competing-risk deep models fitted as 10-member ensembles, so this contrast isolates the training objective (ranking-weighted likelihood versus a monotone cumulative-incidence parameterisation) rather than the competing-risk assumption. Not learner-matched in the sense used for the naive-versus-competing pairs.",True,
temporal,deephit - nfg,deephit,nfg,secondary,False,10.0,log_eo_ratio,0.070875205947939,0.0178196020424366,0.1316660914570093,-0.0049604151808256,0.1467108270767038,0.0356875939362905,1.1042968286520345,15.542720235286057,30,True,"Both are competing-risk deep models fitted as 10-member ensembles, so this contrast isolates the training objective (ranking-weighted likelihood versus a monotone cumulative-incidence parameterisation) rather than the competing-risk assumption. Not learner-matched in the sense used for the naive-versus-competing pairs.",True,
cv,cox_naive - csc_cox,cox_naive,csc_cox,primary,True,10.0,ici_smoothfg,0.0048204252327009,0.0007803427796052,0.0031020488960261,0.0035458714454713,0.0060949790199305,0.0006502747924211,0.0043047530294512,39951.12989718949,30,True,"same Cox proportional hazards learner, competing death censored versus modelled",False,"point estimate outside its own percentile interval; percentile bootstrap unreliable for this estimand on this split, do not quote the interval"
cv,cox_naive - csc_cox,cox_naive,csc_cox,primary,True,10.0,ici_smoothcsh,0.0045856683516556,-0.0027656427210966,0.0006581175880671,0.0026762938175073,0.0064950428858039,0.0009741594537947,0.0031220147717417,40480.96251721504,30,False,"same Cox proportional hazards learner, competing death censored versus modelled",False,"point estimate outside its own percentile interval; percentile bootstrap unreliable for this estimand on this split, do not quote the interval"
cv,cox_naive - csc_cox,cox_naive,csc_cox,primary,True,10.0,ici_smoothnet,-0.0047838178423334,-0.0058438633437552,-0.0054747791753649,-0.0050079911772388,-0.004559644507428,0.0001136978184966,0.3851684255090211,204.031579587932,30,True,"same Cox proportional hazards learner, competing death censored versus modelled",False,"point estimate outside its own percentile interval; percentile bootstrap unreliable for this estimand on this split, do not quote the interval"
cv,cox_naive - csc_cox,cox_naive,csc_cox,primary,True,10.0,e50_smoothfg,9.955515143829e-05,-0.001003143881959,-0.0002226977461153,-0.0003069243613593,0.0005060346642359,0.0002073849361722,0.0054035063097623,39337.14043674224,30,True,"same Cox proportional hazards learner, competing death censored versus modelled",False,"point estimate outside its own percentile interval; percentile bootstrap unreliable for this estimand on this split, do not quote the interval"
cv,cox_naive - csc_cox,cox_naive,csc_cox,primary,True,10.0,e50_smoothcsh,3.153839586965e-05,-0.0002796443694493,0.0002646416533149,-0.0002345258709297,0.000297602662669,0.0001357440814412,0.0159557079018914,29939.8269172294,30,False,"same Cox proportional hazards learner, competing death censored versus modelled",True,
cv,cox_naive - csc_cox,cox_naive,csc_cox,primary,True,10.0,e50_smoothnet,0.0001398209067516,0.0002654068446741,0.0006151037406771,-2.5546841833195644e-05,0.0003051886553364,8.436884987501315e-05,0.0204907122877251,25525.39078104341,30,True,"same Cox proportional hazards learner, competing death censored versus modelled",False,"point estimate outside its own percentile interval; percentile bootstrap unreliable for this estimand on this split, do not quote the interval"
cv,cox_naive - csc_cox,cox_naive,csc_cox,primary,True,10.0,e90_smoothfg,0.015419750281884,-0.0036490522116842,0.0028708574684055,0.0116820906111266,0.0191574099526414,0.0019069296419855,0.0149673022115928,30932.544250857616,30,False,"same Cox proportional hazards learner, competing death censored versus modelled",False,"point estimate outside its own percentile interval; percentile bootstrap unreliable for this estimand on this split, do not quote the interval"
cv,cox_naive - csc_cox,cox_naive,csc_cox,primary,True,10.0,e90_smoothcsh,0.0119891563655071,-0.0156783048078185,-0.005262363171447,0.0063126452801974,0.0176656674508168,0.0028961460544521,0.0027294371036562,40624.74972289506,30,True,"same Cox proportional hazards learner, competing death censored versus modelled",False,"point estimate outside its own percentile interval; percentile bootstrap unreliable for this estimand on this split, do not quote the interval"
cv,cox_naive - csc_cox,cox_naive,csc_cox,primary,True,10.0,e90_smoothnet,-0.0173789049868879,-0.0198553920313023,-0.0184392633353965,-0.0181214629169565,-0.0166363470568194,0.000378286201922,0.1912196949674787,794.9260516933322,30,True,"same Cox proportional hazards learner, competing death censored versus modelled",False,"point estimate outside its own percentile interval; percentile bootstrap unreliable for this estimand on this split, do not quote the interval"
cv,cox_naive - csc_cox,cox_naive,csc_cox,primary,True,10.0,ici_concordant_austin,4.420468784278666e-05,0.0001487283413512,0.0009875587053207,-0.0003800738016302,0.0004684831773158,0.0002164588249949,0.0283682757687826,19027.88464585424,30,True,"same Cox proportional hazards learner, competing death censored versus modelled",False,"point estimate outside its own percentile interval; percentile bootstrap unreliable for this estimand on this split, do not quote the interval"
cv,cox_naive - csc_cox,cox_naive,csc_cox,primary,True,10.0,e50_concordant_austin,5.425597143205667e-05,0.0006410843983592,0.0010594731224673,-0.0001627802493901,0.0002712921922543,0.0001107293442211,0.0215372317829341,24564.231076382912,30,True,"same Cox proportional hazards learner, competing death censored versus modelled",False,"point estimate outside its own percentile interval; percentile bootstrap unreliable for this estimand on this split, do not quote the interval"
cv,cox_naive - csc_cox,cox_naive,csc_cox,primary,True,10.0,e90_concordant_austin,-0.0010615540471638,-0.0016062953850602,0.0006945974823001,-0.0022625975107123,0.0001394894163845,0.0006127500949914,0.0279978404009553,19293.686741745267,30,False,"same Cox proportional hazards learner, competing death censored versus modelled",True,
cv,rsf_naive - rsf_cr,rsf_naive,rsf_cr,secondary,True,10.0,ici_smoothfg,0.0060887351320462,0.0013154910647652,0.0051625860212468,0.0041483108978208,0.0080291593662717,0.0009899999211632,0.0057594851062085,39114.94727842162,30,True,"same random survival forest learner, logrank versus logrankCR splitting",False,"point estimate outside its own percentile interval; percentile bootstrap unreliable for this estimand on this split, do not quote the interval"
cv,rsf_naive - rsf_cr,rsf_naive,rsf_cr,secondary,True,10.0,ici_smoothcsh,0.0059821399699884,-0.003147862812741,0.0026264857667321,0.0030154254140271,0.0089488545259497,0.0015136086126108,0.0081947444692652,37330.8927613581,30,False,"same random survival forest learner, logrank versus logrankCR splitting",False,"point estimate outside its own percentile interval; percentile bootstrap unreliable for this estimand on this split, do not quote the interval"
cv,rsf_naive - rsf_cr,rsf_naive,rsf_cr,secondary,True,10.0,ici_smoothnet,-0.0034059745108659,-0.0055707336617687,-0.0048257871839524,-0.0039130615442142,-0.0028988874775175,0.0002553276056437,0.5803700164930871,92.21333088066936,30,True,"same random survival forest learner, logrank versus logrankCR splitting",False,"point estimate outside its own percentile interval; percentile bootstrap unreliable for this estimand on this split, do not quote the interval"
cv,rsf_naive - rsf_cr,rsf_naive,rsf_cr,secondary,True,10.0,e50_smoothfg,0.0006270063806306,-0.0003623298828028,0.0009938738655881,-5.5614918800978605e-05,0.0013096276800623,0.0003481262485459,0.1005972142123725,2696.608317569878,30,False,"same random survival forest learner, logrank versus logrankCR splitting",True,
cv,rsf_naive - rsf_cr,rsf_naive,rsf_cr,secondary,True,10.0,e50_smoothcsh,0.0004692453137489,-0.0005944068377042,0.0007274310590707,-0.000211610142525,0.0011501007700229,0.0003467129817079,0.2158241200462025,628.8105865491493,30,False,"same random survival forest learner, logrank versus logrankCR splitting",True,
cv,rsf_naive - rsf_cr,rsf_naive,rsf_cr,secondary,True,10.0,e50_smoothnet,0.0003153263327301,-0.0005037387656876,0.0003121518055161,-8.28630242209515e-05,0.0007135156896812,0.0002022419871469,0.3351326259813446,267.38205446910405,30,False,"same random survival forest learner, logrank versus logrankCR splitting",False,"point estimate outside its own percentile interval; percentile bootstrap unreliable for this estimand on this split, do not quote the interval"
cv,rsf_naive - rsf_cr,rsf_naive,rsf_cr,secondary,True,10.0,e90_smoothfg,0.0216522010515256,0.0023007653372668,0.0171540904629294,0.0141334606988056,0.0291709414042455,0.0038360486992621,0.0021793214738111,40798.19331955598,30,True,"same random survival forest learner, logrank versus logrankCR splitting",False,"point estimate outside its own percentile interval; percentile bootstrap unreliable for this estimand on this split, do not quote the interval"
cv,rsf_naive - rsf_cr,rsf_naive,rsf_cr,secondary,True,10.0,e90_smoothcsh,0.0187605447540706,-0.0156996870728232,0.0057377448546705,0.0076805475876571,0.0298405419204841,0.0056529904179677,0.005136043584536,39496.79499923048,30,False,"same random survival forest learner, logrank versus logrankCR splitting",False,"point estimate outside its own percentile interval; percentile bootstrap unreliable for this estimand on this split, do not quote the interval"
cv,rsf_naive - rsf_cr,rsf_naive,rsf_cr,secondary,True,10.0,e90_smoothnet,-0.0128758325810845,-0.0214873325665529,-0.0193588281135877,-0.0142097325774495,-0.0115419325847194,0.0006693059331421,0.6547184999225658,73.08066588411485,30,True,"same random survival forest learner, logrank versus logrankCR splitting",False,"point estimate outside its own percentile interval; percentile bootstrap unreliable for this estimand on this split, do not quote the interval"
cv,logistic - logistic_cr,logistic,logistic_cr,secondary,True,10.0,ici_smoothfg,0.015202693546651,0.0130322193258395,0.0152158831300773,0.0141755579803032,0.0162298291129988,0.0005240240123467,0.0291903274348486,18452.024427814635,30,True,"same IPCW binomial learner, competing death as censoring versus as an event",True,
cv,logistic - logistic_cr,logistic,logistic_cr,secondary,True,10.0,ici_smoothcsh,0.0151730872478821,0.0139070498026364,0.0148777511325294,0.0145864947141013,0.015759679781663,0.0002991843300802,0.0870571083428401,3514.401522475624,30,True,"same IPCW binomial learner, competing death as censoring versus as an event",False,"point estimate outside its own percentile interval; percentile bootstrap unreliable for this estimand on this split, do not quote the interval"
cv,logistic - logistic_cr,logistic,logistic_cr,secondary,True,10.0,ici_smoothnet,0.0144422407605403,0.0027227205541834,0.0089685840780751,0.0111339605022392,0.0177505210188414,0.0016878782895384,0.0037818898492551,40202.8389242464,30,True,"same IPCW binomial learner, competing death as censoring versus as an event",False,"point estimate outside its own percentile interval; percentile bootstrap unreliable for this estimand on this split, do not quote the interval"
cv,logistic - logistic_cr,logistic,logistic_cr,secondary,True,10.0,e50_smoothfg,-0.0007505877829329,-0.0002948892472527,0.0012290533892131,-0.0014976155272338,-3.560038632120072e-06,0.000381064453312,0.0653209501726373,5828.10811216263,30,False,"same IPCW binomial learner, competing death as censoring versus as an event",False,"point estimate outside its own percentile interval; percentile bootstrap unreliable for this estimand on this split, do not quote the interval"
cv,logistic - logistic_cr,logistic,logistic_cr,secondary,True,10.0,e50_smoothcsh,-0.000427825151662,-0.000826317318614,9.92436204995804e-05,-0.0009579691879333,0.0001023188846092,0.0002704670493323,0.0318345443928138,16727.24766613303,30,False,"same IPCW binomial learner, competing death as censoring versus as an event",True,
cv,logistic - logistic_cr,logistic,logistic_cr,secondary,True,10.0,e50_smoothnet,0.0001050254971455,-0.00153756881641,-3.719600420541993e-05,-0.0005751064475613,0.0007851574418524,0.0003469982799816,0.0162973832482531,29597.66505228345,30,True,"same IPCW binomial learner, competing death as censoring versus as an event",False,"point estimate outside its own percentile interval; percentile bootstrap unreliable for this estimand on this split, do not quote the interval"
cv,logistic - logistic_cr,logistic,logistic_cr,secondary,True,10.0,e90_smoothfg,0.0531833485384132,0.0491185110356822,0.0526416519993972,0.0512696299968275,0.0550970670799989,0.0009759560034031,0.1019153984374979,2632.3614920322216,30,True,"same IPCW binomial learner, competing death as censoring versus as an event",False,"point estimate outside its own percentile interval; percentile bootstrap unreliable for this estimand on this split, do not quote the interval"
cv,logistic - logistic_cr,logistic,logistic_cr,secondary,True,10.0,e90_smoothcsh,0.0528438055948763,0.0457763038541881,0.051947201868491,0.0497686455178494,0.0559189656719031,0.0015688486364173,0.0375216358326809,13621.32172876261,30,True,"same IPCW binomial learner, competing death as censoring versus as an event",False,"point estimate outside its own percentile interval; percentile bootstrap unreliable for this estimand on this split, do not quote the interval"
cv,logistic - logistic_cr,logistic,logistic_cr,secondary,True,10.0,e90_smoothnet,0.0507300693077727,0.0112640294881418,0.0332361954114308,0.0392207869467304,0.062239351668815,0.0058720163504018,0.0023221635974074,40756.34562542568,30,True,"same IPCW binomial learner, competing death as censoring versus as an event",False,"point estimate outside its own percentile interval; percentile bootstrap unreliable for this estimand on this split, do not quote the interval"
cv,cox_naive - fine_gray,cox_naive,fine_gray,secondary,False,10.0,ici_smoothfg,0.0053746090338683,0.001400683099805,0.0041852294005911,0.0038429946199329,0.0069062234478037,0.0007814230453042,0.0111263905674104,34723.07111910988,30,True,differs in the target of estimation as well as in the handling of competing risk,False,"point estimate outside its own percentile interval; percentile bootstrap unreliable for this estimand on this split, do not quote the interval"
cv,cox_naive - fine_gray,cox_naive,fine_gray,secondary,False,10.0,ici_smoothcsh,0.0035527352584365,-0.0029669622449629,0.0003979535013996,0.0016650438689662,0.0054404266479069,0.0009630971570857,0.0009880529044667,41057.99207167552,30,False,differs in the target of estimation as well as in the handling of competing risk,False,"point estimate outside its own percentile interval; percentile bootstrap unreliable for this estimand on this split, do not quote the interval"
cv,cox_naive - fine_gray,cox_naive,fine_gray,secondary,False,10.0,ici_smoothnet,-0.0057974893767475,-0.0061867481782702,-0.0052472067145672,-0.0062966855609544,-0.0052982931925407,0.0002544612700529,0.1475164490294353,1309.8915184827365,30,True,differs in the target of estimation as well as in the handling of competing risk,True,
cv,cox_naive - fine_gray,cox_naive,fine_gray,secondary,False,10.0,e50_smoothfg,0.0007576588423965,0.0003378363317138,0.0010947078659588,0.0003351610152038,0.0011801566695892,0.000215514926272,0.0689796416894323,5308.3725267590025,30,True,differs in the target of estimation as well as in the handling of competing risk,True,
cv,cox_naive - fine_gray,cox_naive,fine_gray,secondary,False,10.0,e50_smoothcsh,-0.001351200151708,-0.0012321610032445,0.0014244231863709,-0.0026679211396164,-3.447916379969149e-05,0.0006717889661282,0.0009375592904485,41065.43063791529,30,False,differs in the target of estimation as well as in the handling of competing risk,False,"point estimate outside its own percentile interval; percentile bootstrap unreliable for this estimand on this split, do not quote the interval"
cv,cox_naive - fine_gray,cox_naive,fine_gray,secondary,False,10.0,e50_smoothnet,-0.0013635957365982,-0.0006203139964009,0.0019820159968111,-0.0027549432728594,2.7751799662975064e-05,0.0007098633006388,0.0010967671789177,41040.980284597885,30,False,differs in the target of estimation as well as in the handling of competing risk,False,"point estimate outside its own percentile interval; percentile bootstrap unreliable for this estimand on this split, do not quote the interval"
cv,cox_naive - fine_gray,cox_naive,fine_gray,secondary,False,10.0,e90_smoothfg,0.0157935299320878,-0.0040267408667766,0.0036661165929405,0.0115939870784811,0.0199930727856945,0.0021425844171748,0.0130147234305403,32886.29637666119,30,False,differs in the target of estimation as well as in the handling of competing risk,False,"point estimate outside its own percentile interval; percentile bootstrap unreliable for this estimand on this split, do not quote the interval"
cv,cox_naive - fine_gray,cox_naive,fine_gray,secondary,False,10.0,e90_smoothcsh,0.0104299771237333,-0.016103641108786,-0.0063716653558614,0.0050296169839675,0.015830337263499,0.0027552543001005,0.0027630967002325,40613.06809160923,30,True,differs in the target of estimation as well as in the handling of competing risk,False,"point estimate outside its own percentile interval; percentile bootstrap unreliable for this estimand on this split, do not quote the interval"
cv,cox_naive - fine_gray,cox_naive,fine_gray,secondary,False,10.0,e90_smoothnet,-0.0182676941371942,-0.0196834898971261,-0.0181908934358584,-0.0190250046934217,-0.0175103835809667,0.00038547576583,0.2400500109648455,511.5041712590396,30,True,differs in the target of estimation as well as in the handling of competing risk,True,
cv,cox_naive - fine_gray,cox_naive,fine_gray,secondary,False,10.0,ici_concordant_austin,-0.001045498903175,-0.0007545746774717,0.000975086449119,-0.0019811284653256,-0.0001098693410243,0.0004773561594226,0.0051592510612979,39483.19483896464,30,False,differs in the target of estimation as well as in the handling of competing risk,False,"point estimate outside its own percentile interval; percentile bootstrap unreliable for this estimand on this split, do not quote the interval"
cv,cox_naive - fine_gray,cox_naive,fine_gray,secondary,False,10.0,e50_concordant_austin,-0.0007818540644803,-0.0021932215143058,-0.0011555584553968,-0.0013446301845946,-0.0002190779443659,0.0002871261312068,0.0104078226638168,35396.30446565132,30,True,differs in the target of estimation as well as in the handling of competing risk,False,"point estimate outside its own percentile interval; percentile bootstrap unreliable for this estimand on this split, do not quote the interval"
cv,cox_naive - fine_gray,cox_naive,fine_gray,secondary,False,10.0,e90_concordant_austin,-0.0018121469543789,0.0009508320438027,0.0066034958238199,-0.0048030769875963,0.0011787830788383,0.0015259676648663,0.0014997115849923,40966.11413934806,30,True,differs in the target of estimation as well as in the handling of competing risk,False,"point estimate outside its own percentile interval; percentile bootstrap unreliable for this estimand on this split, do not quote the interval"
cv,gbs_naive - deephit,gbs_naive,deephit,not_matched,False,10.0,ici_smoothfg,0.0080171486224468,0.0078732656545189,0.0095088748756378,0.0071811853353391,0.0088531119095544,0.0004232232563106,0.4414515178483964,156.5828428881769,30,True,NOT a learner-matched pair: gradient-boosted Cox against a deep ranking model. They share no learner. Reported to show that the pairing structure carries the result.,True,
cv,gbs_naive - deephit,gbs_naive,deephit,not_matched,False,10.0,ici_smoothcsh,0.0061638000198292,0.0035559419344929,0.0078220450650046,0.0039183152688726,0.0084092847707859,0.0011453464996657,0.0788177698737215,4201.580856679883,30,True,NOT a learner-matched pair: gradient-boosted Cox against a deep ranking model. They share no learner. Reported to show that the pairing structure carries the result.,True,
cv,gbs_naive - deephit,gbs_naive,deephit,not_matched,False,10.0,ici_smoothnet,-6.834201207728327e-05,-0.0044941284908291,-0.0012123003210127,-0.001734557171904,0.0015978731477494,0.0008498370149703,0.0863320295898291,3568.034293883951,30,True,NOT a learner-matched pair: gradient-boosted Cox against a deep ranking model. They share no learner. Reported to show that the pairing structure carries the result.,False,"point estimate outside its own percentile interval; percentile bootstrap unreliable for this estimand on this split, do not quote the interval"
cv,gbs_naive - deephit,gbs_naive,deephit,not_matched,False,10.0,e50_smoothfg,0.0028046543613534,0.0026477748977496,0.0035612033828732,0.0023862607982068,0.0032230479245,0.0002123818190708,0.3562702799680794,237.41127030545923,30,True,NOT a learner-matched pair: gradient-boosted Cox against a deep ranking model. They share no learner. Reported to show that the pairing structure carries the result.,True,
cv,gbs_naive - deephit,gbs_naive,deephit,not_matched,False,10.0,e50_smoothcsh,-0.0004263658316542,0.000813321317127,0.0034980999440252,-0.00172469443426,0.0008719627709515,0.000662231664417,0.0793346637096293,4152.962424435576,30,True,NOT a learner-matched pair: gradient-boosted Cox against a deep ranking model. They share no learner. Reported to show that the pairing structure carries the result.,False,"point estimate outside its own percentile interval; percentile bootstrap unreliable for this estimand on this split, do not quote the interval"
cv,gbs_naive - deephit,gbs_naive,deephit,not_matched,False,10.0,e50_smoothnet,0.0007113201733441,0.0015988668603969,0.0041969812884435,-0.0005689425382471,0.0019915828849354,0.0006531046806209,0.0551869972360579,7707.077346607936,30,True,NOT a learner-matched pair: gradient-boosted Cox against a deep ranking model. They share no learner. Reported to show that the pairing structure carries the result.,False,"point estimate outside its own percentile interval; percentile bootstrap unreliable for this estimand on this split, do not quote the interval"
cv,gbs_naive - deephit,gbs_naive,deephit,not_matched,False,10.0,e90_smoothfg,0.0128684788628817,0.0062824700078443,0.0147825480160531,0.008045760948309,0.0176911967774543,0.0024579633944655,0.159853722309045,1122.9184375437385,30,True,NOT a learner-matched pair: gradient-boosted Cox against a deep ranking model. They share no learner. Reported to show that the pairing structure carries the result.,True,
cv,gbs_naive - deephit,gbs_naive,deephit,not_matched,False,10.0,e90_smoothcsh,0.0147275328269693,-0.0064799216580186,0.0107733853910366,0.005788143485569,0.0236669221683695,0.0045606195599578,0.035502945746587,14636.19633684718,30,False,NOT a learner-matched pair: gradient-boosted Cox against a deep ranking model. They share no learner. Reported to show that the pairing structure carries the result.,False,"point estimate outside its own percentile interval; percentile bootstrap unreliable for this estimand on this split, do not quote the interval"
cv,gbs_naive - deephit,gbs_naive,deephit,not_matched,False,10.0,e90_smoothnet,-0.0094668517465636,-0.024602486607386,-0.0152232836328967,-0.0142562019464422,-0.004677501546685,0.0024414842466274,0.1422626668770107,1403.9146816309153,30,True,NOT a learner-matched pair: gradient-boosted Cox against a deep ranking model. They share no learner. Reported to show that the pairing structure carries the result.,False,"point estimate outside its own percentile interval; percentile bootstrap unreliable for this estimand on this split, do not quote the interval"
cv,deephit - nfg,deephit,nfg,secondary,False,10.0,ici_smoothfg,-0.0007508914741867,-0.0037231297894487,-0.0017789992255386,-0.0018068900589817,0.0003051071106083,0.00053698669737,0.2865049669229059,362.6754873989848,30,True,"Both are competing-risk deep models fitted as 10-member ensembles, so this contrast isolates the training objective (ranking-weighted likelihood versus a monotone cumulative-incidence parameterisation) rather than the competing-risk assumption. Not learner-matched in the sense used for the naive-versus-competing pairs.",False,"point estimate outside its own percentile interval; percentile bootstrap unreliable for this estimand on this split, do not quote the interval"
cv,deephit - nfg,deephit,nfg,secondary,False,10.0,ici_smoothcsh,8.453359949114994e-05,-0.0045286707893126,-0.0027877851094478,-0.0009036444217068,0.0010727116206891,0.0004999671434687,0.4596785419099327,144.77054375315893,30,True,"Both are competing-risk deep models fitted as 10-member ensembles, so this contrast isolates the training objective (ranking-weighted likelihood versus a monotone cumulative-incidence parameterisation) rather than the competing-risk assumption. Not learner-matched in the sense used for the naive-versus-competing pairs.",False,"point estimate outside its own percentile interval; percentile bootstrap unreliable for this estimand on this split, do not quote the interval"
cv,deephit - nfg,deephit,nfg,secondary,False,10.0,ici_smoothnet,-0.0031897051310167,-0.0046481526111298,-0.0032686775329653,-0.0038578435015681,-0.0025215667604653,0.0003370165261709,0.5389164102753333,106.40931927999162,30,True,"Both are competing-risk deep models fitted as 10-member ensembles, so this contrast isolates the training objective (ranking-weighted likelihood versus a monotone cumulative-incidence parameterisation) rather than the competing-risk assumption. Not learner-matched in the sense used for the naive-versus-competing pairs.",False,"point estimate outside its own percentile interval; percentile bootstrap unreliable for this estimand on this split, do not quote the interval"
cv,deephit - nfg,deephit,nfg,secondary,False,10.0,e50_smoothfg,-0.0005216113632601,-0.0004156874178327,0.0003232180276358,-0.0008714248990196,-0.0001717978275006,0.0001764098164151,0.5443958151255097,104.34850286488994,30,False,"Both are competing-risk deep models fitted as 10-member ensembles, so this contrast isolates the training objective (ranking-weighted likelihood versus a monotone cumulative-incidence parameterisation) rather than the competing-risk assumption. Not learner-matched in the sense used for the naive-versus-competing pairs.",False,"point estimate outside its own percentile interval; percentile bootstrap unreliable for this estimand on this split, do not quote the interval"
cv,deephit - nfg,deephit,nfg,secondary,False,10.0,e50_smoothcsh,0.0004162263342552,-0.0012597235879577,0.00014020106888,-0.0003080363564674,0.0011404890249779,0.0003688943887188,0.2034207948267945,705.2402595153992,30,False,"Both are competing-risk deep models fitted as 10-member ensembles, so this contrast isolates the training objective (ranking-weighted likelihood versus a monotone cumulative-incidence parameterisation) rather than the competing-risk assumption. Not learner-matched in the sense used for the naive-versus-competing pairs.",False,"point estimate outside its own percentile interval; percentile bootstrap unreliable for this estimand on this split, do not quote the interval"
cv,deephit - nfg,deephit,nfg,secondary,False,10.0,e50_smoothnet,-0.0002625560391529,-0.001346551245159,8.025559364624999e-05,-0.0009765121225182,0.0004514000442122,0.0003639985952673,0.1317711214571331,1624.480367113752,30,False,"Both are competing-risk deep models fitted as 10-member ensembles, so this contrast isolates the training objective (ranking-weighted likelihood versus a monotone cumulative-incidence parameterisation) rather than the competing-risk assumption. Not learner-matched in the sense used for the naive-versus-competing pairs.",True,
cv,deephit - nfg,deephit,nfg,secondary,False,10.0,e90_smoothfg,0.0026124762944529,-0.013449222755271,-0.008740476375938,-0.0007385324424871,0.0059634850313931,0.0016956067856665,0.456863969404663,146.50415266345715,30,True,"Both are competing-risk deep models fitted as 10-member ensembles, so this contrast isolates the training objective (ranking-weighted likelihood versus a monotone cumulative-incidence parameterisation) rather than the competing-risk assumption. Not learner-matched in the sense used for the naive-versus-competing pairs.",False,"point estimate outside its own percentile interval; percentile bootstrap unreliable for this estimand on this split, do not quote the interval"
cv,deephit - nfg,deephit,nfg,secondary,False,10.0,e90_smoothcsh,-0.0015248637296087,-0.0132011037495738,-0.0086539882325707,-0.0039397885991191,0.0008900611399016,0.0012000378130612,0.8285177212378156,46.446127845735134,30,True,"Both are competing-risk deep models fitted as 10-member ensembles, so this contrast isolates the training objective (ranking-weighted likelihood versus a monotone cumulative-incidence parameterisation) rather than the competing-risk assumption. Not learner-matched in the sense used for the naive-versus-competing pairs.",False,"point estimate outside its own percentile interval; percentile bootstrap unreliable for this estimand on this split, do not quote the interval"
cv,deephit - nfg,deephit,nfg,secondary,False,10.0,e90_smoothnet,-0.0125037242244611,-0.01482933163674,-0.0105974884791158,-0.0146177985549986,-0.0103896498939237,0.0010436901858014,0.927617572606356,37.33634563138711,30,True,"Both are competing-risk deep models fitted as 10-member ensembles, so this contrast isolates the training objective (ranking-weighted likelihood versus a monotone cumulative-incidence parameterisation) rather than the competing-risk assumption. Not learner-matched in the sense used for the naive-versus-competing pairs.",True,
temporal,cox_naive - csc_cox,cox_naive,csc_cox,primary,True,10.0,ici_smoothfg,0.0066515066396397,0.0062132743810682,0.0070367946336721,0.0062170256570172,0.0070859876222621,0.0002216317019016,0.0423329895764376,5789.761061496976,30,True,"same Cox proportional hazards learner, competing death censored versus modelled",True,
temporal,cox_naive - csc_cox,cox_naive,csc_cox,primary,True,10.0,ici_smoothcsh,0.0066738772856253,0.0062445494135877,0.0070587907977413,0.0062433605651295,0.0071043940061212,0.0002196086760261,0.0433620446101837,5687.1108922174135,30,True,"same Cox proportional hazards learner, competing death censored versus modelled",True,
temporal,cox_naive - csc_cox,cox_naive,csc_cox,primary,True,10.0,ici_smoothnet,0.0065802441116314,0.0043439365592476,0.0069350921658603,0.0054029580020663,0.0077575302211964,0.0006005879157674,0.0061390550727213,9168.031750218404,30,True,"same Cox proportional hazards learner, competing death censored versus modelled",True,
temporal,cox_naive - csc_cox,cox_naive,csc_cox,primary,True,10.0,e50_smoothfg,1.0584885282276664e-05,-0.0004018526760835,0.0006626055493446,-0.0005276712753208,0.0005488410458853,0.0002745456483232,0.0609786869415636,4160.763011719557,30,False,"same Cox proportional hazards learner, competing death censored versus modelled",True,
temporal,cox_naive - csc_cox,cox_naive,csc_cox,primary,True,10.0,e50_smoothcsh,-1.4989266029199802e-06,-0.0003192578586832,0.0007375838827082,-0.0005257666200142,0.0005227687668083,0.0002674513447785,0.0133142271573572,8729.582669723008,30,False,"same Cox proportional hazards learner, competing death censored versus modelled",True,
temporal,cox_naive - csc_cox,cox_naive,csc_cox,primary,True,10.0,e50_smoothnet,-1.307654153366668e-05,-0.0002774917643014,0.0012880671300122,-0.0008143562583356,0.0007882031752683,0.0004087683797033,0.010258151412697,8945.647263283827,30,False,"same Cox proportional hazards learner, competing death censored versus modelled",True,
temporal,cox_naive - csc_cox,cox_naive,csc_cox,primary,True,10.0,e90_smoothfg,0.0215884414688837,0.0198824745300453,0.0235392914674934,0.0197005964375374,0.0234762865002299,0.000962830197953,0.0776335368087058,3119.321567130439,30,True,"same Cox proportional hazards learner, competing death censored versus modelled",True,
temporal,cox_naive - csc_cox,cox_naive,csc_cox,primary,True,10.0,e90_smoothcsh,0.0213957357264332,0.0197497350315513,0.02327259081401,0.0195517021091458,0.0232397693437206,0.000940514447201,0.0727925643383684,3385.965068993691,30,True,"same Cox proportional hazards learner, competing death censored versus modelled",True,
temporal,cox_naive - csc_cox,cox_naive,csc_cox,primary,True,10.0,e90_smoothnet,0.0220364816212164,0.0143104251660749,0.0237762776305932,0.0177217815458299,0.0263511816966028,0.0022011220219237,0.0093621800610781,9001.149944814744,30,True,"same Cox proportional hazards learner, competing death censored versus modelled",True,
temporal,cox_naive - csc_cox,cox_naive,csc_cox,primary,True,10.0,ici_concordant_austin,0.0017988464045717,0.0011136776068131,0.0025940575784184,0.0010727470956425,0.0025249457135009,0.0003704135350483,0.0148618752931524,8605.910397036456,30,True,"same Cox proportional hazards learner, competing death censored versus modelled",True,
temporal,cox_naive - csc_cox,cox_naive,csc_cox,primary,True,10.0,e50_concordant_austin,-0.0003727655726517,-0.0007052172956523,0.0001921211401786,-0.0008404989867812,9.496784147774388e-05,0.0002386090120398,0.0185038238914462,8283.46904751462,30,False,"same Cox proportional hazards learner, competing death censored versus modelled",True,
temporal,cox_naive - csc_cox,cox_naive,csc_cox,primary,True,10.0,e90_concordant_austin,0.0069665992222223,0.0048245049400452,0.0093081901570175,0.0047524202868144,0.0091807781576302,0.0011294964608974,0.0346421644271734,6591.923571812114,30,True,"same Cox proportional hazards learner, competing death censored versus modelled",True,
temporal,rsf_naive - rsf_cr,rsf_naive,rsf_cr,secondary,True,10.0,ici_smoothfg,0.0063798265209934,0.0059054179967392,0.0068427070536156,0.0059086426837167,0.0068510103582701,0.000239671775707,0.2672926602004096,397.1848263224778,30,True,"same random survival forest learner, logrank versus logrankCR splitting",True,
temporal,rsf_naive - rsf_cr,rsf_naive,rsf_cr,secondary,True,10.0,ici_smoothcsh,0.006401064431191,0.0059284912897885,0.0068607481629965,0.0059324579392287,0.0068696709231532,0.0002383239470116,0.2744160365404582,378.0666210676227,30,True,"same random survival forest learner, logrank versus logrankCR splitting",True,
temporal,rsf_naive - rsf_cr,rsf_naive,rsf_cr,secondary,True,10.0,ici_smoothnet,0.0061896147104818,0.0039481094294474,0.0066208933775445,0.0048054485596491,0.0075737808613145,0.0007060801464463,0.0392620918824428,6103.385276411455,30,True,"same random survival forest learner, logrank versus logrankCR splitting",True,
temporal,rsf_naive - rsf_cr,rsf_naive,rsf_cr,secondary,True,10.0,e50_smoothfg,-0.0003185500962838,-0.0009034332136505,0.000373169660754,-0.0009807403997803,0.0003436402072126,0.0003359131419292,0.3741689985061112,210.19725294048823,30,False,"same random survival forest learner, logrank versus logrankCR splitting",True,
temporal,rsf_naive - rsf_cr,rsf_naive,rsf_cr,secondary,True,10.0,e50_smoothcsh,-0.0002660997284234,-0.0008474907679907,0.0004029658226302,-0.000911775510353,0.000379576053506,0.0003272477700054,0.402952832652403,182.4890918737605,30,False,"same random survival forest learner, logrank versus logrankCR splitting",True,
temporal,rsf_naive - rsf_cr,rsf_naive,rsf_cr,secondary,True,10.0,e50_smoothnet,-0.0001448912335932,-0.0006794104115346,0.0011393422912985,-0.0010889506383458,0.0007991681711593,0.000480939843548,0.1831012865551239,796.4589669028185,30,False,"same random survival forest learner, logrank versus logrankCR splitting",True,
temporal,rsf_naive - rsf_cr,rsf_naive,rsf_cr,secondary,True,10.0,e90_smoothfg,0.0232955999141276,0.020853457946531,0.0258585492234257,0.020747902250552,0.0258432975777031,0.0012965656444433,0.2425441143289269,476.1658140861173,30,True,"same random survival forest learner, logrank versus logrankCR splitting",True,
temporal,rsf_naive - rsf_cr,rsf_naive,rsf_cr,secondary,True,10.0,e90_smoothcsh,0.0229510064987856,0.0205376869594796,0.0254568328460274,0.0204376103862306,0.0254644026113406,0.0012790292392106,0.245717942692291,464.7895504033992,30,True,"same random survival forest learner, logrank versus logrankCR splitting",True,
temporal,rsf_naive - rsf_cr,rsf_naive,rsf_cr,secondary,True,10.0,e90_smoothnet,0.0231748111469864,0.0156400946236242,0.0251473893991622,0.018308906797919,0.0280407154960538,0.0024817963517481,0.0705236129381408,3520.560273550839,30,True,"same random survival forest learner, logrank versus logrankCR splitting",True,
temporal,logistic - logistic_cr,logistic,logistic_cr,secondary,True,10.0,ici_smoothfg,0.0112354666370157,0.0100372476679812,0.0119248951751989,0.0103251333079611,0.0121457999660703,0.00046429740142,0.0731033371279291,3368.021551261796,30,True,"same IPCW binomial learner, competing death as censoring versus as an event",True,
temporal,logistic - logistic_cr,logistic,logistic_cr,secondary,True,10.0,ici_smoothcsh,0.0112314316486679,0.0102697893884469,0.011946602600485,0.0103702579482233,0.0120926053491126,0.0004392020941193,0.0809995721608938,2949.308268810323,30,True,"same IPCW binomial learner, competing death as censoring versus as an event",True,
temporal,logistic - logistic_cr,logistic,logistic_cr,secondary,True,10.0,ici_smoothnet,0.0111569115844626,0.0082164885792396,0.0117607768711943,0.009413311807832,0.0129005113610932,0.0008894758519493,0.0199653145730485,8143.754374239173,30,True,"same IPCW binomial learner, competing death as censoring versus as an event",True,
temporal,logistic - logistic_cr,logistic,logistic_cr,secondary,True,10.0,e50_smoothfg,-0.0007771838362214,-0.001155571651405,0.0005642831355626,-0.001618130912222,6.376323977919617e-05,0.0004289522273422,0.0540248223950747,4708.786967552961,30,False,"same IPCW binomial learner, competing death as censoring versus as an event",True,
temporal,logistic - logistic_cr,logistic,logistic_cr,secondary,True,10.0,e50_smoothcsh,-0.0004071548640851,-0.0010875731585666,0.0007010208148507,-0.0012312085945598,0.0004168988663895,0.0004203383224256,0.052396989436367,4847.467353382753,30,False,"same IPCW binomial learner, competing death as censoring versus as an event",True,
temporal,logistic - logistic_cr,logistic,logistic_cr,secondary,True,10.0,e50_smoothnet,-0.0001924176195549,-0.0012499614858122,0.0010840807344066,-0.0012691678297418,0.000884332590632,0.0005492705890311,0.0352375088845921,6528.100173828952,30,False,"same IPCW binomial learner, competing death as censoring versus as an event",True,
temporal,logistic - logistic_cr,logistic,logistic_cr,secondary,True,10.0,e90_smoothfg,0.0404964738181792,0.0376187556650874,0.0433230259166022,0.0375861862528815,0.0434067613834768,0.0014828312418051,0.1728884564437799,882.4294735039286,30,True,"same IPCW binomial learner, competing death as censoring versus as an event",True,
temporal,logistic - logistic_cr,logistic,logistic_cr,secondary,True,10.0,e90_smoothcsh,0.0403397914667071,0.0374814656493671,0.0431419591680948,0.037457439253814,0.0432221436796001,0.0014687274999296,0.1665195244957864,943.0716309596148,30,True,"same IPCW binomial learner, competing death as censoring versus as an event",True,
temporal,logistic - logistic_cr,logistic,logistic_cr,secondary,True,10.0,e90_smoothnet,0.040031004543394,0.0311885590972158,0.0426100118044755,0.0345933097020024,0.0454686993847856,0.0027738199394719,0.0408308643538384,5941.867104933919,30,True,"same IPCW binomial learner, competing death as censoring versus as an event",True,
temporal,cox_naive - fine_gray,cox_naive,fine_gray,secondary,False,10.0,ici_smoothfg,0.0063177121227436,0.0057962373194197,0.0068666792461824,0.005758798940151,0.0068766253053362,0.0002850596896694,0.074718385049603,3276.630104966563,30,True,differs in the target of estimation as well as in the handling of competing risk,True,
temporal,cox_naive - fine_gray,cox_naive,fine_gray,secondary,False,10.0,ici_smoothcsh,0.0063259869514098,0.0058012736456737,0.0068513140187207,0.0057886642281374,0.0068633096746822,0.0002740365882359,0.0811010272931834,2944.3690312906374,30,True,differs in the target of estimation as well as in the handling of competing risk,True,
temporal,cox_naive - fine_gray,cox_naive,fine_gray,secondary,False,10.0,ici_smoothnet,0.0061744215829341,0.0021233801785407,0.0065799040605367,0.0040054255943242,0.008343417571544,0.0011065052609006,0.0055058908976134,9194.423434703587,30,True,differs in the target of estimation as well as in the handling of competing risk,True,
temporal,cox_naive - fine_gray,cox_naive,fine_gray,secondary,False,10.0,e50_smoothfg,-0.0028116140945436,-0.0031742400207373,-0.0013365378647651,-0.00389161660813,-0.0017316115809573,0.0005509303031664,0.0348456832713381,6570.082922479288,30,True,differs in the target of estimation as well as in the handling of competing risk,True,
temporal,cox_naive - fine_gray,cox_naive,fine_gray,secondary,False,10.0,e50_smoothcsh,-0.0028751079644951,-0.0031498185894202,-0.0012588489274642,-0.0039636939291269,-0.0017865219998633,0.0005553187246732,0.0283839109743049,7268.844792094674,30,True,differs in the target of estimation as well as in the handling of competing risk,True,
temporal,cox_naive - fine_gray,cox_naive,fine_gray,secondary,False,10.0,e50_smoothnet,-0.0015750941895518,-0.0030096448222233,-3.151112386026514e-05,-0.0032162252245565,6.603684545287416e-05,0.0008370419010287,0.0699915031835675,3553.0564438607475,30,True,differs in the target of estimation as well as in the handling of competing risk,True,
temporal,cox_naive - fine_gray,cox_naive,fine_gray,secondary,False,10.0,e90_smoothfg,0.027009327302314,0.0249835300200611,0.0293640853206832,0.0247468931024326,0.0292717615021953,0.0011536877770395,0.0997185375262676,2194.7008263092243,30,True,differs in the target of estimation as well as in the handling of competing risk,True,
temporal,cox_naive - fine_gray,cox_naive,fine_gray,secondary,False,10.0,e90_smoothcsh,0.0267416580374129,0.0247184538713048,0.0290505180280842,0.0244566203155433,0.0290266957592825,0.0011652967143,0.0907789806913663,2518.558738693236,30,True,differs in the target of estimation as well as in the handling of competing risk,True,
temporal,cox_naive - fine_gray,cox_naive,fine_gray,secondary,False,10.0,e90_smoothnet,0.0253154379394728,0.0111591682119476,0.0282626073309301,0.0166594912667283,0.0339713846122174,0.0044157338597692,0.0186814334019051,8266.769250594716,30,True,differs in the target of estimation as well as in the handling of competing risk,True,
temporal,cox_naive - fine_gray,cox_naive,fine_gray,secondary,False,10.0,ici_concordant_austin,0.0016079519427692,0.0008995356339415,0.0024915643625877,0.000829077143921,0.0023868267416173,0.0003973170340105,0.0366108819509126,6381.7248480383405,30,True,differs in the target of estimation as well as in the handling of competing risk,True,
temporal,cox_naive - fine_gray,cox_naive,fine_gray,secondary,False,10.0,e50_concordant_austin,-0.0025220140843893,-0.0029499943931451,-0.0015402098619807,-0.0032787430166772,-0.0017652851521014,0.0003859962919013,0.0527388625865443,4818.013957153233,30,True,differs in the target of estimation as well as in the handling of competing risk,True,
temporal,cox_naive - fine_gray,cox_naive,fine_gray,secondary,False,10.0,e90_concordant_austin,0.0104970291571719,0.0079105016036528,0.0135849152653123,0.0076408272200312,0.0133532310943126,0.0014569197135712,0.0506872799783563,4997.370312356342,30,True,differs in the target of estimation as well as in the handling of competing risk,True,
temporal,gbs_naive - deephit,gbs_naive,deephit,not_matched,False,10.0,ici_smoothfg,0.0049864813897239,0.0032326829762526,0.0076197189591753,0.0027494344888924,0.0072235282905553,0.0011298624576668,0.5016466289113959,120.0112334256088,30,True,NOT a learner-matched pair: gradient-boosted Cox against a deep ranking model. They share no learner. Reported to show that the pairing structure carries the result.,True,
temporal,gbs_naive - deephit,gbs_naive,deephit,not_matched,False,10.0,ici_smoothcsh,0.0048988609819127,0.0032740801561152,0.0072930895036284,0.0028333775651458,0.0069643443986796,0.0010396459156397,0.5833616731702447,89.85520601226351,30,True,NOT a learner-matched pair: gradient-boosted Cox against a deep ranking model. They share no learner. Reported to show that the pairing structure carries the result.,True,
temporal,gbs_naive - deephit,gbs_naive,deephit,not_matched,False,10.0,ici_smoothnet,0.0052514532910461,0.0033447044747061,0.0082939287192595,0.002721342189921,0.0077815643921712,0.0012819657448945,0.4119850473777156,174.9252171907988,30,True,NOT a learner-matched pair: gradient-boosted Cox against a deep ranking model. They share no learner. Reported to show that the pairing structure carries the result.,True,
temporal,gbs_naive - deephit,gbs_naive,deephit,not_matched,False,10.0,e50_smoothfg,-0.001896141605827,-0.0041610747080956,0.0003547817032669,-0.0043234999140045,0.0005312167023503,0.0012272026543711,0.4754318590264628,133.00600100579658,30,False,NOT a learner-matched pair: gradient-boosted Cox against a deep ranking model. They share no learner. Reported to show that the pairing structure carries the result.,True,
temporal,gbs_naive - deephit,gbs_naive,deephit,not_matched,False,10.0,e50_smoothcsh,-0.0025123411172753,-0.0046222321694986,-1.6270552638388087e-05,-0.0049159694559094,-0.0001087127786411,0.0012141614637667,0.4981640475136939,121.62388410328028,30,True,NOT a learner-matched pair: gradient-boosted Cox against a deep ranking model. They share no learner. Reported to show that the pairing structure carries the result.,True,
temporal,gbs_naive - deephit,gbs_naive,deephit,not_matched,False,10.0,e50_smoothnet,-0.002415619586235,-0.0044790908856657,0.0003629339218249,-0.0050517778278351,0.0002205386553651,0.0013353406601575,0.4201948705038237,168.45374981528028,30,False,NOT a learner-matched pair: gradient-boosted Cox against a deep ranking model. They share no learner. Reported to show that the pairing structure carries the result.,True,
temporal,gbs_naive - deephit,gbs_naive,deephit,not_matched,False,10.0,e90_smoothfg,0.0127270786248137,0.0057157124166779,0.0204776870787615,0.0051356706291828,0.0203184866204447,0.0038024777513078,0.683782631549821,66.22611295830163,30,True,NOT a learner-matched pair: gradient-boosted Cox against a deep ranking model. They share no learner. Reported to show that the pairing structure carries the result.,True,
temporal,gbs_naive - deephit,gbs_naive,deephit,not_matched,False,10.0,e90_smoothcsh,0.0129032242783992,0.0057234678976375,0.0207160951800674,0.0052015669456031,0.0206048816111953,0.0038586571906077,0.6790295865094054,67.1207353955407,30,True,NOT a learner-matched pair: gradient-boosted Cox against a deep ranking model. They share no learner. Reported to show that the pairing structure carries the result.,True,
temporal,gbs_naive - deephit,gbs_naive,deephit,not_matched,False,10.0,e90_smoothnet,0.016882949585718,0.0095293562026155,0.0238274550108981,0.0091821724198715,0.0245837267515645,0.0038712367304917,0.6108799000112902,82.24675229603132,30,True,NOT a learner-matched pair: gradient-boosted Cox against a deep ranking model. They share no learner. Reported to show that the pairing structure carries the result.,True,
temporal,deephit - nfg,deephit,nfg,secondary,False,10.0,ici_smoothfg,0.0027522429620382,1.973770153731806e-06,0.0054573309503791,-0.0001948617645385,0.0056993476886151,0.0014722493583501,0.7330008803712519,57.92850295046347,30,True,"Both are competing-risk deep models fitted as 10-member ensembles, so this contrast isolates the training objective (ranking-weighted likelihood versus a monotone cumulative-incidence parameterisation) rather than the competing-risk assumption. Not learner-matched in the sense used for the naive-versus-competing pairs.",True,
temporal,deephit - nfg,deephit,nfg,secondary,False,10.0,ici_smoothcsh,0.0029328992125971,0.0003530045093832,0.0055745399347558,-0.0001467596048609,0.0060125580300551,0.001529499865854,0.8304118873423444,45.48807680277268,30,True,"Both are competing-risk deep models fitted as 10-member ensembles, so this contrast isolates the training objective (ranking-weighted likelihood versus a monotone cumulative-incidence parameterisation) rather than the competing-risk assumption. Not learner-matched in the sense used for the naive-versus-competing pairs.",True,
temporal,deephit - nfg,deephit,nfg,secondary,False,10.0,ici_smoothnet,0.0022518273891688,-0.001498438167369,0.0049797369571389,-0.0010503418898,0.0055539966681377,0.0016733145189326,0.4090219536470039,177.35352233062443,30,False,"Both are competing-risk deep models fitted as 10-member ensembles, so this contrast isolates the training objective (ranking-weighted likelihood versus a monotone cumulative-incidence parameterisation) rather than the competing-risk assumption. Not learner-matched in the sense used for the naive-versus-competing pairs.",True,
temporal,deephit - nfg,deephit,nfg,secondary,False,10.0,e50_smoothfg,0.0010452775080341,-0.0007579176619862,0.0031060708286738,-0.0010876755284963,0.0031782305445646,0.0010738385763687,0.5785224846732978,91.30305281196073,30,False,"Both are competing-risk deep models fitted as 10-member ensembles, so this contrast isolates the training objective (ranking-weighted likelihood versus a monotone cumulative-incidence parameterisation) rather than the competing-risk assumption. Not learner-matched in the sense used for the naive-versus-competing pairs.",True,
temporal,deephit - nfg,deephit,nfg,secondary,False,10.0,e50_smoothcsh,0.0016658551789906,-0.000426228928875,0.0035162042265765,-0.0004995926940892,0.0038313030520704,0.0010887170355956,0.6083170329960884,82.91332559188265,30,False,"Both are competing-risk deep models fitted as 10-member ensembles, so this contrast isolates the training objective (ranking-weighted likelihood versus a monotone cumulative-incidence parameterisation) rather than the competing-risk assumption. Not learner-matched in the sense used for the naive-versus-competing pairs.",True,
temporal,deephit - nfg,deephit,nfg,secondary,False,10.0,e50_smoothnet,0.0015605748885006,-0.0006835860249774,0.0034697735915841,-0.0007721597795644,0.0038933095565656,0.0011777163293891,0.5119142759938682,115.44086419880956,30,False,"Both are competing-risk deep models fitted as 10-member ensembles, so this contrast isolates the training objective (ranking-weighted likelihood versus a monotone cumulative-incidence parameterisation) rather than the competing-risk assumption. Not learner-matched in the sense used for the naive-versus-competing pairs.",True,
temporal,deephit - nfg,deephit,nfg,secondary,False,10.0,e90_smoothfg,0.0072433126215973,-0.0027956640126489,0.0161113481786329,-0.0040905258761093,0.018577151119304,0.0055225818348493,1.0425103387826584,26.876514721236784,30,False,"Both are competing-risk deep models fitted as 10-member ensembles, so this contrast isolates the training objective (ranking-weighted likelihood versus a monotone cumulative-incidence parameterisation) rather than the competing-risk assumption. Not learner-matched in the sense used for the naive-versus-competing pairs.",True,
temporal,deephit - nfg,deephit,nfg,secondary,False,10.0,e90_smoothcsh,0.0067622207785586,-0.0034466128829164,0.0155654060710288,-0.0046066726348591,0.0181311141919765,0.0055386140346624,1.043348692511788,26.76871540706645,30,False,"Both are competing-risk deep models fitted as 10-member ensembles, so this contrast isolates the training objective (ranking-weighted likelihood versus a monotone cumulative-incidence parameterisation) rather than the competing-risk assumption. Not learner-matched in the sense used for the naive-versus-competing pairs.",True,
temporal,deephit - nfg,deephit,nfg,secondary,False,10.0,e90_smoothnet,0.0071884790986484,-0.004472288937549,0.015435319769267,-0.0053832622678391,0.0197602204651361,0.0062913640957707,0.7009485042116725,63.140267883460886,30,False,"Both are competing-risk deep models fitted as 10-member ensembles, so this contrast isolates the training objective (ranking-weighted likelihood versus a monotone cumulative-incidence parameterisation) rather than the competing-risk assumption. Not learner-matched in the sense used for the naive-versus-competing pairs.",True,
