split,model,horizon_y,metric,fmi,df,m,se,m_required_von_hippel
cv,logistic,5.0,mean_pred,0.14768146597015783,1307.0921695383784,30,0.0001990681846163952,11.0
cv,logistic,5.0,obs_cif,4.860149189361204e-05,41148.00014579739,30,0.000629099690450189,2.0
cv,logistic,5.0,eo,0.009322896295436665,36374.574521973955,30,0.049841450133916616,2.0
cv,logistic,5.0,calib_intercept,0.03775403519772551,13510.202058788223,30,0.06107841018710715,2.0
cv,logistic,5.0,calib_slope,0.04405190794367045,10895.924400811435,30,0.042065482469746576,3.0
cv,logistic,5.0,ici,0.04705098800268816,9883.398690508071,30,0.000749301957118427,3.0
cv,logistic,5.0,e50,0.04802478889830876,9581.877224885846,30,0.0007515854770704371,3.0
cv,logistic,5.0,e90,0.059021756036817155,6907.660654547627,30,0.002060352331601301,3.0
cv,logistic,5.0,obs_concordant,4.860149189361204e-05,41148.00014579739,30,0.0006423628821256964,2.0
cv,logistic,5.0,eo_concordant,0.009312397215800808,36383.78249572188,30,0.04889610672710421,2.0
cv,logistic,5.0,calib_intercept_concordant,0.037333940971985766,13711.905829909145,30,0.06073855824865202,2.0
cv,logistic,5.0,calib_slope_concordant,0.044495617487658616,10737.667804137925,30,0.041619100009610055,3.0
cv,logistic,5.0,ici_concordant,0.0524353213359684,8362.091111173899,30,0.0007446083901086561,3.0
cv,logistic,5.0,e50_concordant,0.03764927303900743,13560.15142450539,30,0.0006957607406535804,2.0
cv,logistic,5.0,e90_concordant,0.050201858216479024,8951.444601435789,30,0.001835740620067558,3.0
cv,logistic,5.0,auc,0.016580786689251246,29314.517730667572,30,0.00750785855948999,2.0
cv,logistic,5.0,cindex,0.015971427083759614,29924.069095784955,30,0.00786335081902268,2.0
cv,logistic,5.0,auc_marginal_ipcw,0.011982498749831644,33900.372876559624,30,0.007560483260051199,2.0
cv,logistic,5.0,cindex_marginal_ipcw,0.0133597280614978,32543.470484966732,30,0.007511353394448693,2.0
cv,logistic,5.0,at_risk_fraction,4.860149189361204e-05,41148.00014579739,30,0.0019620496140070115,2.0
cv,logistic,5.0,nb_at_0.01,0.003371432459185598,40381.13781666266,30,0.0006108193008503675,2.0
cv,logistic,5.0,nb_at_0.02,0.01840250056488148,27516.448904227625,30,0.0005753033948739603,2.0
cv,logistic,5.0,nb_at_0.03,0.01822161768481564,27692.854135458834,30,0.0005465884805636983,2.0
cv,logistic,5.0,nb_at_0.05,0.055584649235765976,7618.357220967382,30,0.0004815599984398154,3.0
cv,logistic,5.0,nb_at_0.075,0.06648870978803922,5654.620333118271,30,0.0004026743040179733,4.0
cv,logistic,5.0,nb_at_0.2,0.09774742009434051,2843.633927462117,30,0.00019895899683688737,6.0
cv,logistic,5.0,frac_above_0.01,0.4243442390159918,169.05864647444258,30,0.003322889754820989,62.0
cv,logistic,5.0,frac_above_0.02,0.3089901752355439,313.12134087389387,30,0.0026799349374780667,38.0
cv,logistic,5.0,frac_above_0.03,0.2516143597991365,466.82260991096274,30,0.002272674679655753,27.0
cv,logistic,5.0,frac_above_0.05,0.13248623454108113,1607.8591637329619,30,0.0016273940361644192,10.0
cv,logistic,5.0,frac_above_0.075,0.2323470998919491,544.9477133946039,30,0.001295609576472459,24.0
cv,logistic,5.0,frac_above_0.2,0.49047891804931526,127.6782995350095,30,0.0005738283560504426,77.0
cv,logistic,5.0,nb_all_at_0.01,4.860149189361204e-05,41148.00014579739,30,0.0006354542394474852,2.0
cv,logistic,5.0,nb_all_at_0.02,4.860149189361204e-05,41148.00014579739,30,0.0006419384490491791,2.0
cv,logistic,5.0,nb_all_at_0.03,4.860149189361204e-05,41148.00014579739,30,0.0006485563622315248,2.0
cv,logistic,5.0,nb_all_at_0.05,4.860149189361204e-05,41148.00014579739,30,0.000662210189357622,2.0
cv,logistic,5.0,nb_all_at_0.075,4.860149189361204e-05,41148.00014579739,30,0.0006801078130975923,2.0
cv,logistic,5.0,nb_all_at_0.2,4.860149189361204e-05,41148.00014579739,30,0.0007863746300046314,2.0
cv,logistic,10.0,mean_pred,0.03701048002250701,13869.791599043532,30,0.000492103275139412,2.0
cv,logistic,10.0,obs_cif,4.860149189361204e-05,41148.00014579739,30,0.0011106379883628879,2.0
cv,logistic,10.0,eo,0.0028919384300925013,40567.22782253721,30,0.048179603037596976,2.0
cv,logistic,10.0,calib_intercept,0.012666683190363976,33230.39237890477,30,0.0422878284848256,2.0
cv,logistic,10.0,calib_slope,0.01960680713163881,26357.178603463333,30,0.026064366914975573,2.0
cv,logistic,10.0,ici,0.011015530891698959,34828.06777283675,30,0.0012357250029726404,2.0
cv,logistic,10.0,e50,0.022331225820188098,23853.47946803986,30,0.002587282296005329,2.0
cv,logistic,10.0,e90,0.022843958136507105,23403.404083700872,30,0.004076853913740302,2.0
cv,logistic,10.0,obs_concordant,4.860149189361204e-05,41148.00014579739,30,0.0011726856726112552,2.0
cv,logistic,10.0,eo_concordant,0.002867054199232045,40576.220034631275,30,0.046109918264414726,2.0
cv,logistic,10.0,calib_intercept_concordant,0.011891902670792135,33988.3351047739,30,0.04209661811329567,2.0
cv,logistic,10.0,calib_slope_concordant,0.019721459962098824,26248.318378278833,30,0.02539814664868276,2.0
cv,logistic,10.0,ici_concordant,0.009717568905390696,36024.650928764044,30,0.0012569023402934918,2.0
cv,logistic,10.0,e50_concordant,0.019592855896994502,26370.443930263504,30,0.0019100696321287225,2.0
cv,logistic,10.0,e90_concordant,0.021226283343626,24847.001979826757,30,0.004344549044941047,2.0
cv,logistic,10.0,auc,0.011150346168779232,34700.33201764887,30,0.00565561139716019,2.0
cv,logistic,10.0,cindex,0.011118160371012473,34730.87927984669,30,0.0063834299572343425,2.0
cv,logistic,10.0,auc_marginal_ipcw,0.008132693448816383,37381.405066714426,30,0.005706352549930529,2.0
cv,logistic,10.0,cindex_marginal_ipcw,0.01042183016651067,35383.35574713995,30,0.005543784608713459,2.0
cv,logistic,10.0,at_risk_fraction,4.860149189361204e-05,41148.00014579739,30,0.0023999912885427116,2.0
cv,logistic,10.0,nb_at_0.01,0.001561278667547471,40953.04514634076,30,0.0011023237177589197,2.0
cv,logistic,10.0,nb_at_0.02,0.0024452491584383254,40718.48396543955,30,0.001097363478850458,2.0
cv,logistic,10.0,nb_at_0.03,0.003858442516336938,40167.686833988395,30,0.0010814864113559948,2.0
cv,logistic,10.0,nb_at_0.05,0.006092607651686845,38897.32324548492,30,0.0010502133049627568,2.0
cv,logistic,10.0,nb_at_0.075,0.010515345474506358,35296.72075953965,30,0.0009911947959736953,2.0
cv,logistic,10.0,nb_at_0.2,0.04764883027413915,9696.795445330707,30,0.0007767687541030955,3.0
cv,logistic,10.0,frac_above_0.01,0.26145352947432343,433.2867840638819,30,0.0027870376469874324,29.0
cv,logistic,10.0,frac_above_0.02,0.1343386385340052,1565.9633896605555,30,0.0028100588393987404,10.0
cv,logistic,10.0,frac_above_0.03,0.16008513331617905,1119.8017342037258,30,0.0027716334916956025,13.0
cv,logistic,10.0,frac_above_0.05,0.15312859535071371,1219.481193372712,30,0.00259610189889045,12.0
cv,logistic,10.0,frac_above_0.075,0.09375218375896914,3070.40679035979,30,0.002242842277911484,6.0
cv,logistic,10.0,frac_above_0.2,0.06576080318379852,5761.883091776381,30,0.0013587585973183986,4.0
cv,logistic,10.0,nb_all_at_0.01,4.860149189361204e-05,41148.00014579739,30,0.0011218565768040538,2.0
cv,logistic,10.0,nb_all_at_0.02,4.860149189361204e-05,41148.00014579739,30,0.0011333041013021766,2.0
cv,logistic,10.0,nb_all_at_0.03,4.860149189361204e-05,41148.00014579739,30,0.001144987595932287,2.0
cv,logistic,10.0,nb_all_at_0.05,4.860149189361204e-05,41148.00014579739,30,0.0011690925953551582,2.0
cv,logistic,10.0,nb_all_at_0.075,4.860149189361204e-05,41148.00014579739,30,0.0012006896463603893,2.0
cv,logistic,10.0,nb_all_at_0.2,4.860149189361204e-05,41148.00014579739,30,0.001388297690177076,2.0
cv,logistic,15.0,mean_pred,0.08432708209705744,3722.7041328394666,30,0.001183783776647459,5.0
cv,logistic,15.0,obs_cif,4.860149189361204e-05,41148.00014579739,30,0.0017197974801951507,2.0
cv,logistic,15.0,eo,0.0058683128440342285,39044.86516112959,30,0.07000072749200448,2.0
cv,logistic,15.0,calib_intercept,0.023433213817861096,22895.04699880467,30,0.03709309598454124,2.0
cv,logistic,15.0,calib_slope,0.0222683909593492,23909.12252837897,30,0.022162406341139602,2.0
cv,logistic,15.0,ici,0.03048632696854687,17582.747469432612,30,0.0021353636114800406,2.0
cv,logistic,15.0,e50,0.02505583229714715,21545.81480290374,30,0.006543533796478913,2.0
cv,logistic,15.0,e90,0.04112710006341714,12019.942354548582,30,0.00681956660065941,2.0
cv,logistic,15.0,obs_concordant,4.860149189361204e-05,41148.00014579739,30,0.0019110685075623666,2.0
cv,logistic,15.0,eo_concordant,0.005686810876150937,39161.19147102338,30,0.06520876330132093,2.0
cv,logistic,15.0,calib_intercept_concordant,0.021428927351584796,24662.444346586915,30,0.03789234017689071,2.0
cv,logistic,15.0,calib_slope_concordant,0.023382225555245977,22938.654182719398,30,0.021576480137392128,2.0
cv,logistic,15.0,ici_concordant,0.029959340662599827,17930.583332007485,30,0.0021427277671228393,2.0
cv,logistic,15.0,e50_concordant,0.03525695867024769,14766.164587056652,30,0.005216907937004138,2.0
cv,logistic,15.0,e90_concordant,0.03602114728790778,14366.972802440547,30,0.007586303083337991,2.0
cv,logistic,15.0,auc,0.00936859322648467,36334.43479553313,30,0.005563041794896235,2.0
cv,logistic,15.0,cindex,0.015861722309307186,30034.072078906127,30,0.00551389964729182,2.0
cv,logistic,15.0,auc_marginal_ipcw,0.005435026573906617,39317.90869252778,30,0.005507667953361433,2.0
cv,logistic,15.0,cindex_marginal_ipcw,0.005782620731676157,39100.13183929705,30,0.00516021140771573,2.0
cv,logistic,15.0,at_risk_fraction,4.860149189361204e-05,41148.00014579739,30,0.0023392404352275465,2.0
cv,logistic,15.0,nb_at_0.01,0.000504156946911456,41117.15635093665,30,0.0017350786018116094,2.0
cv,logistic,15.0,nb_at_0.02,0.0014127179026780564,40983.84618959134,30,0.001743097339539833,2.0
cv,logistic,15.0,nb_at_0.03,0.0013182395779718359,41002.12728808761,30,0.0017477253341765182,2.0
cv,logistic,15.0,nb_at_0.05,0.0030582033308008613,40505.45116001402,30,0.001760077750339223,2.0
cv,logistic,15.0,nb_at_0.075,0.004249659715894077,39978.922164163436,30,0.001772866806753857,2.0
cv,logistic,15.0,nb_at_0.2,0.014151424047019873,31752.001734608453,30,0.0018830111967903886,2.0
cv,logistic,15.0,frac_above_0.01,0.3302099512048007,275.1858963467295,30,0.002392859647579905,42.0
cv,logistic,15.0,frac_above_0.02,0.1931099648374643,779.945418762386,30,0.002543190650495269,18.0
cv,logistic,15.0,frac_above_0.03,0.13552728624261587,1539.9305539479426,30,0.0025993675249667133,10.0
cv,logistic,15.0,frac_above_0.05,0.06226581566919711,6319.384283079545,30,0.002622085042560612,3.0
cv,logistic,15.0,frac_above_0.075,0.058737438115420634,6962.844034436602,30,0.002690554458209442,3.0
cv,logistic,15.0,frac_above_0.2,0.06287679169396003,6216.561308719404,30,0.0023823035339237716,4.0
cv,logistic,15.0,nb_all_at_0.01,4.860149189361204e-05,41148.00014579739,30,0.0017371690759822298,2.0
cv,logistic,15.0,nb_all_at_0.02,4.860149189361204e-05,41148.00014579739,30,0.0017548952362100268,2.0
cv,logistic,15.0,nb_all_at_0.03,4.860149189361204e-05,41148.00014579739,30,0.0017729870634419869,2.0
cv,logistic,15.0,nb_all_at_0.05,4.860149189361204e-05,41148.00014579739,30,0.001810313009012997,2.0
cv,logistic,15.0,nb_all_at_0.075,4.860149189361204e-05,41148.00014579739,30,0.0018592403611930551,2.0
cv,logistic,15.0,nb_all_at_0.2,4.860149189361204e-05,41148.00014579739,30,0.002149746595740512,2.0
cv,cox_naive,5.0,mean_pred,0.004780008391038306,39699.29274986136,30,0.0001420003607447999,2.0
cv,cox_naive,5.0,obs_cif,4.860149189361204e-05,41148.00014579739,30,0.000629099690450189,2.0
cv,cox_naive,5.0,eo,0.0002681326079515633,41136.155451458995,30,0.041556047360951635,2.0
cv,cox_naive,5.0,calib_intercept,0.009107708226497892,36562.21227887288,30,0.055809361564912355,2.0
cv,cox_naive,5.0,calib_slope,0.03580289146311911,14479.614164128483,30,0.04808662366898002,2.0
cv,cox_naive,5.0,ici,0.04556595392776173,10368.288355483319,30,0.0007558461789977854,3.0
cv,cox_naive,5.0,e50,0.04994066516408115,9024.044004733236,30,0.000744081889176142,3.0
cv,cox_naive,5.0,e90,0.045877201917737614,10264.062555714752,30,0.0014009023149900372,3.0
cv,cox_naive,5.0,obs_concordant,4.860149189361204e-05,41148.00014579739,30,0.0006423628821256964,2.0
cv,cox_naive,5.0,eo_concordant,0.000267857345477667,41136.1738222621,30,0.04076992151601873,2.0
cv,cox_naive,5.0,calib_intercept_concordant,0.008922445130775171,36721.8748359371,30,0.055573390745946825,2.0
cv,cox_naive,5.0,calib_slope_concordant,0.03560881715939255,14580.691037056566,30,0.047649210874375965,2.0
cv,cox_naive,5.0,ici_concordant,0.04691311928573804,9927.116682986842,30,0.0007964220318159218,3.0
cv,cox_naive,5.0,e50_concordant,0.04733571134555538,9793.930405753385,30,0.0007565422709115782,3.0
cv,cox_naive,5.0,e90_concordant,0.03980662496542786,12576.954147546883,30,0.001640739041723065,2.0
cv,cox_naive,5.0,auc,0.014533957557733679,31368.043331314067,30,0.007392187916310898,2.0
cv,cox_naive,5.0,cindex,0.011920531243663667,33960.559791105006,30,0.007590885377354569,2.0
cv,cox_naive,5.0,auc_marginal_ipcw,0.011260346157711586,34595.69348950067,30,0.007426413773372894,2.0
cv,cox_naive,5.0,cindex_marginal_ipcw,0.011693729629062628,34180.05154461033,30,0.007386470764991562,2.0
cv,cox_naive,5.0,at_risk_fraction,4.860149189361204e-05,41148.00014579739,30,0.0019620496140070115,2.0
cv,cox_naive,5.0,nb_at_0.01,0.003885925219959261,40154.923275465895,30,0.0006101453751657318,2.0
cv,cox_naive,5.0,nb_at_0.02,0.008558116841407584,37030.51991478335,30,0.0005619414829001428,2.0
cv,cox_naive,5.0,nb_at_0.03,0.021198952448449385,24871.972158641183,30,0.0005296548054384375,2.0
cv,cox_naive,5.0,nb_at_0.05,0.05862385780286413,6985.0618574048885,30,0.00044193517019430463,3.0
cv,cox_naive,5.0,nb_at_0.075,0.06255072268290145,6271.139304253241,30,0.0003559164991145233,3.0
cv,cox_naive,5.0,nb_at_0.2,0.08099973447614181,4001.7785755200366,30,0.00013663814671123134,5.0
cv,cox_naive,5.0,frac_above_0.01,0.12616336903285333,1764.163261606976,30,0.0026889915758601525,9.0
cv,cox_naive,5.0,frac_above_0.02,0.07604412502871909,4477.089478922042,30,0.00224279353981805,4.0
cv,cox_naive,5.0,frac_above_0.03,0.10853012526053285,2341.6964556386897,30,0.0020370850268478353,7.0
cv,cox_naive,5.0,frac_above_0.05,0.056193112404345304,7485.331448540928,30,0.001392742759807484,3.0
cv,cox_naive,5.0,frac_above_0.075,0.07427061864827188,4667.137052471071,30,0.0010087132686060496,4.0
cv,cox_naive,5.0,frac_above_0.2,0.15621546214558296,1173.6760031507256,30,0.0002697597339824489,13.0
cv,cox_naive,5.0,nb_all_at_0.01,4.860149189361204e-05,41148.00014579739,30,0.0006354542394474852,2.0
cv,cox_naive,5.0,nb_all_at_0.02,4.860149189361204e-05,41148.00014579739,30,0.0006419384490491791,2.0
cv,cox_naive,5.0,nb_all_at_0.03,4.860149189361204e-05,41148.00014579739,30,0.0006485563622315248,2.0
cv,cox_naive,5.0,nb_all_at_0.05,4.860149189361204e-05,41148.00014579739,30,0.000662210189357622,2.0
cv,cox_naive,5.0,nb_all_at_0.075,4.860149189361204e-05,41148.00014579739,30,0.0006801078130975923,2.0
cv,cox_naive,5.0,nb_all_at_0.2,4.860149189361204e-05,41148.00014579739,30,0.0007863746300046314,2.0
cv,cox_naive,10.0,mean_pred,0.0155588233593694,30338.093017489733,30,0.0003367504824027383,2.0
cv,cox_naive,10.0,obs_cif,4.860149189361204e-05,41148.00014579739,30,0.0011106379883628879,2.0
cv,cox_naive,10.0,eo,0.001181917655116682,41026.70737066356,30,0.03385148662117223,2.0
cv,cox_naive,10.0,calib_intercept,0.007080117542350512,38200.59153607611,30,0.041813690810225436,2.0
cv,cox_naive,10.0,calib_slope,0.025543504034680888,21155.10380329076,30,0.02754145176714687,2.0
cv,cox_naive,10.0,ici,0.03448000489816479,15186.031242841305,30,0.0010888737447981003,2.0
cv,cox_naive,10.0,e50,0.038791595810036356,13027.838654859755,30,0.0011554359515509982,2.0
cv,cox_naive,10.0,e90,0.03872789697786552,13056.816929551089,30,0.0027428489032334615,2.0
cv,cox_naive,10.0,obs_concordant,4.860149189361204e-05,41148.00014579739,30,0.0011726856726112552,2.0
cv,cox_naive,10.0,eo_concordant,0.0011719653890376882,41028.418501740496,30,0.03239788910107321,2.0
cv,cox_naive,10.0,calib_intercept_concordant,0.006534482281707574,38594.79863198696,30,0.04155946541785604,2.0
cv,cox_naive,10.0,calib_slope_concordant,0.025931931129074805,20848.84725667179,30,0.026920744262103648,2.0
cv,cox_naive,10.0,ici_concordant,0.03920048171933744,12843.76300012023,30,0.0011377778417104572,2.0
cv,cox_naive,10.0,e50_concordant,0.03840802709009346,13203.578785100211,30,0.0010826738937376246,2.0
cv,cox_naive,10.0,e90_concordant,0.03151167555418918,16927.68156125631,30,0.0027290899109917643,2.0
cv,cox_naive,10.0,auc,0.010938055054382397,34901.21342374175,30,0.005681685312949942,2.0
cv,cox_naive,10.0,cindex,0.010575540886589128,35240.78349521871,30,0.0062832569280496416,2.0
cv,cox_naive,10.0,auc_marginal_ipcw,0.008358193998125091,37196.734950977334,30,0.005736565261903552,2.0
cv,cox_naive,10.0,cindex_marginal_ipcw,0.009999137088214703,35770.71989512616,30,0.005578456900454551,2.0
cv,cox_naive,10.0,at_risk_fraction,4.860149189361204e-05,41148.00014579739,30,0.0023999912885427116,2.0
cv,cox_naive,10.0,nb_at_0.01,0.0016165253394492352,40940.951910889664,30,0.0011021859748641262,2.0
cv,cox_naive,10.0,nb_at_0.02,0.0028342161298423795,40587.984952384344,30,0.001081762841604727,2.0
cv,cox_naive,10.0,nb_at_0.03,0.004407041330466717,39898.74942480994,30,0.0010585873400169132,2.0
cv,cox_naive,10.0,nb_at_0.05,0.010732838706273316,35093.998768810125,30,0.0009919173890353301,2.0
cv,cox_naive,10.0,nb_at_0.075,0.02117283585646274,24895.850266110996,30,0.0009183850562007532,2.0
cv,cox_naive,10.0,nb_at_0.2,0.06476896525517496,5912.758228794346,30,0.0005454749339499877,4.0
cv,cox_naive,10.0,frac_above_0.01,0.08287043085010745,3841.277754893529,30,0.0025966010832201947,5.0
cv,cox_naive,10.0,frac_above_0.02,0.08851619389609584,3409.984398205725,30,0.0027062858298016776,5.0
cv,cox_naive,10.0,frac_above_0.03,0.0834610894865507,3792.543766001285,30,0.0026027815839714534,5.0
cv,cox_naive,10.0,frac_above_0.05,0.06866199192897841,5350.812666863109,30,0.0022654686976376357,4.0
cv,cox_naive,10.0,frac_above_0.075,0.07639696196589883,4440.61578847751,30,0.002029997012406522,4.0
cv,cox_naive,10.0,frac_above_0.2,0.15007892699851996,1267.4097162218254,30,0.0009643058247178663,12.0
cv,cox_naive,10.0,nb_all_at_0.01,4.860149189361204e-05,41148.00014579739,30,0.0011218565768040538,2.0
cv,cox_naive,10.0,nb_all_at_0.02,4.860149189361204e-05,41148.00014579739,30,0.0011333041013021766,2.0
cv,cox_naive,10.0,nb_all_at_0.03,4.860149189361204e-05,41148.00014579739,30,0.001144987595932287,2.0
cv,cox_naive,10.0,nb_all_at_0.05,4.860149189361204e-05,41148.00014579739,30,0.0011690925953551582,2.0
cv,cox_naive,10.0,nb_all_at_0.075,4.860149189361204e-05,41148.00014579739,30,0.0012006896463603893,2.0
cv,cox_naive,10.0,nb_all_at_0.2,4.860149189361204e-05,41148.00014579739,30,0.001388297690177076,2.0
cv,cox_naive,15.0,mean_pred,0.04045505578734666,12299.357883491453,30,0.0006126976726236484,2.0
cv,cox_naive,15.0,obs_cif,4.860149189361204e-05,41148.00014579739,30,0.0017197974801951507,2.0
cv,cox_naive,15.0,eo,0.003254130389063088,40428.89713482428,30,0.03384962975106019,2.0
cv,cox_naive,15.0,calib_intercept,0.008328122262771789,37221.53618596019,30,0.03988617992252296,2.0
cv,cox_naive,15.0,calib_slope,0.016361531226243873,29533.51758779109,30,0.02179413961312751,2.0
cv,cox_naive,15.0,ici,0.03016030565567725,17797.032846188235,30,0.0016642716090468804,2.0
cv,cox_naive,15.0,e50,0.03894777769717293,12957.132997777955,30,0.0014649693977435625,2.0
cv,cox_naive,15.0,e90,0.01806590776562205,27845.139485059608,30,0.006598540502511011,2.0
cv,cox_naive,15.0,obs_concordant,4.860149189361204e-05,41148.00014579739,30,0.0019110685075623666,2.0
cv,cox_naive,15.0,eo_concordant,0.003154944786346941,40468.15691087951,30,0.03152823785060718,2.0
cv,cox_naive,15.0,calib_intercept_concordant,0.007356080230475825,37993.00348700371,30,0.04024700679776551,2.0
cv,cox_naive,15.0,calib_slope_concordant,0.01668717881453549,29208.402871753515,30,0.02189477914149559,2.0
cv,cox_naive,15.0,ici_concordant,0.036238806412738044,14255.71574571544,30,0.0017204067448181432,2.0
cv,cox_naive,15.0,e50_concordant,0.031980973958873615,16637.253890830216,30,0.0016968639712996187,2.0
cv,cox_naive,15.0,e90_concordant,0.05894988656756903,6921.551694528151,30,0.003765864545703378,3.0
cv,cox_naive,15.0,auc,0.009601831326369546,36128.01432258892,30,0.005638413421938683,2.0
cv,cox_naive,15.0,cindex,0.015176973657948943,30721.778083103116,30,0.005664309804510163,2.0
cv,cox_naive,15.0,auc_marginal_ipcw,0.004845206500455232,39663.082785892075,30,0.005575054312728994,2.0
cv,cox_naive,15.0,cindex_marginal_ipcw,0.005187460798622841,39466.59805026802,30,0.005215852422455653,2.0
cv,cox_naive,15.0,at_risk_fraction,4.860149189361204e-05,41148.00014579739,30,0.0023392404352275465,2.0
cv,cox_naive,15.0,nb_at_0.01,0.0015602469273218338,40953.267699515614,30,0.0017315286022865765,2.0
cv,cox_naive,15.0,nb_at_0.02,0.00214444774785606,40808.067366810326,30,0.001719287475581672,2.0
cv,cox_naive,15.0,nb_at_0.03,0.0020588248693680345,40831.73768997109,30,0.0017155290599596294,2.0
cv,cox_naive,15.0,nb_at_0.05,0.002776617714801501,40608.3412325054,30,0.001677685355072842,2.0
cv,cox_naive,15.0,nb_at_0.075,0.007504499193921863,37879.179163736124,30,0.0016317927267115574,2.0
cv,cox_naive,15.0,nb_at_0.2,0.019498077600443576,26460.67021881074,30,0.001319679952536673,2.0
cv,cox_naive,15.0,frac_above_0.01,0.22470231265726742,581.5100164315029,30,0.002464185652580863,23.0
cv,cox_naive,15.0,frac_above_0.02,0.09565334916580903,2959.3061729906713,30,0.0025840023447216945,6.0
cv,cox_naive,15.0,frac_above_0.03,0.07975466863974921,4114.055587121213,30,0.002710502664086221,5.0
cv,cox_naive,15.0,frac_above_0.05,0.08574938640797672,3612.0010856313984,30,0.002653655026462505,5.0
cv,cox_naive,15.0,frac_above_0.075,0.08336590390468188,3800.336294436998,30,0.002505013562133771,5.0
cv,cox_naive,15.0,frac_above_0.2,0.07481973923875183,4607.069162461006,30,0.001712246611743472,4.0
cv,cox_naive,15.0,nb_all_at_0.01,4.860149189361204e-05,41148.00014579739,30,0.0017371690759822298,2.0
cv,cox_naive,15.0,nb_all_at_0.02,4.860149189361204e-05,41148.00014579739,30,0.0017548952362100268,2.0
cv,cox_naive,15.0,nb_all_at_0.03,4.860149189361204e-05,41148.00014579739,30,0.0017729870634419869,2.0
cv,cox_naive,15.0,nb_all_at_0.05,4.860149189361204e-05,41148.00014579739,30,0.001810313009012997,2.0
cv,cox_naive,15.0,nb_all_at_0.075,4.860149189361204e-05,41148.00014579739,30,0.0018592403611930551,2.0
cv,cox_naive,15.0,nb_all_at_0.2,4.860149189361204e-05,41148.00014579739,30,0.002149746595740512,2.0
cv,rsf_naive,5.0,mean_pred,0.017223832501145505,28674.92246601508,30,0.00014276391630684847,2.0
cv,rsf_naive,5.0,obs_cif,4.860149189361204e-05,41148.00014579739,30,0.000629099690450189,2.0
cv,rsf_naive,5.0,eo,0.0008472483316786096,41078.001630298815,30,0.04171746335320334,2.0
cv,rsf_naive,5.0,calib_intercept,0.01719335915930114,28705.128663460866,30,0.050671551246135205,2.0
cv,rsf_naive,5.0,calib_slope,0.07678550080801924,4400.946292854835,30,0.05846200627644195,4.0
cv,rsf_naive,5.0,ici,0.024612566363567772,21906.91832129093,30,0.0005647152468775939,2.0
cv,rsf_naive,5.0,e50,0.08489586445494227,3677.848267290895,30,0.00036290465664411885,5.0
cv,rsf_naive,5.0,e90,0.02712088362954618,19938.70425591381,30,0.0017764374010929835,2.0
cv,rsf_naive,5.0,obs_concordant,4.860149189361204e-05,41148.00014579739,30,0.0006423628821256964,2.0
cv,rsf_naive,5.0,eo_concordant,0.000846390069679122,41078.116580579765,30,0.040925429655518306,2.0
cv,rsf_naive,5.0,calib_intercept_concordant,0.016845509200769843,29050.687676282378,30,0.05048552868541614,2.0
cv,rsf_naive,5.0,calib_slope_concordant,0.07646339385693449,4433.7966098267625,30,0.05788906775830263,4.0
cv,rsf_naive,5.0,ici_concordant,0.03288464076841977,16094.237171934361,30,0.0005599201500405444,2.0
cv,rsf_naive,5.0,e50_concordant,0.073276189628727,4778.826220666296,30,0.000387052854249699,4.0
cv,rsf_naive,5.0,e90_concordant,0.037271078624238146,13742.412910613912,30,0.0015580487032390037,2.0
cv,rsf_naive,5.0,auc,0.07284300047514011,4828.686027847093,30,0.007634815956484854,4.0
cv,rsf_naive,5.0,cindex,0.07073789769981065,5081.958511671992,30,0.008003134068598752,4.0
cv,rsf_naive,5.0,auc_marginal_ipcw,0.07243102280061751,4876.80193940785,30,0.007741643255465972,4.0
cv,rsf_naive,5.0,cindex_marginal_ipcw,0.07265751722017524,4850.264161794131,30,0.007704247354824422,4.0
cv,rsf_naive,5.0,at_risk_fraction,4.860149189361204e-05,41148.00014579739,30,0.0019620496140070115,2.0
cv,rsf_naive,5.0,nb_at_0.01,0.011666754744043632,34206.07093315578,30,0.0006012308018352876,2.0
cv,rsf_naive,5.0,nb_at_0.02,0.023976775722644048,22434.71207026562,30,0.0005719209996081708,2.0
cv,rsf_naive,5.0,nb_at_0.03,0.04231965349178378,11544.094680632208,30,0.0005419022136892438,2.0
cv,rsf_naive,5.0,nb_at_0.05,0.08660620247309857,3547.6146872425525,30,0.0004835477186544518,5.0
cv,rsf_naive,5.0,nb_at_0.075,0.11655781027561167,2048.558609869056,30,0.0003907777106181037,8.0
cv,rsf_naive,5.0,nb_at_0.2,0.1980995059744426,742.3813028919463,30,6.69128796410445e-05,18.0
cv,rsf_naive,5.0,frac_above_0.01,0.5007129879973984,122.67452689231662,30,0.003443879584123331,80.0
cv,rsf_naive,5.0,frac_above_0.02,0.26441973064236746,423.88889396675523,30,0.002501021318621647,29.0
cv,rsf_naive,5.0,frac_above_0.03,0.22478057231899354,581.1172025109454,30,0.002121169729108195,23.0
cv,rsf_naive,5.0,frac_above_0.05,0.30590642508595506,319.2884564527089,30,0.0017144101404643728,37.0
cv,rsf_naive,5.0,frac_above_0.075,0.18689121261825867,830.902087367928,30,0.0011464867541249042,17.0
cv,rsf_naive,5.0,frac_above_0.2,0.5518310606749193,101.64803711559192,30,0.0001620184511269901,92.0
cv,rsf_naive,5.0,nb_all_at_0.01,4.860149189361204e-05,41148.00014579739,30,0.0006354542394474852,2.0
cv,rsf_naive,5.0,nb_all_at_0.02,4.860149189361204e-05,41148.00014579739,30,0.0006419384490491791,2.0
cv,rsf_naive,5.0,nb_all_at_0.03,4.860149189361204e-05,41148.00014579739,30,0.0006485563622315248,2.0
cv,rsf_naive,5.0,nb_all_at_0.05,4.860149189361204e-05,41148.00014579739,30,0.000662210189357622,2.0
cv,rsf_naive,5.0,nb_all_at_0.075,4.860149189361204e-05,41148.00014579739,30,0.0006801078130975923,2.0
cv,rsf_naive,5.0,nb_all_at_0.2,4.860149189361204e-05,41148.00014579739,30,0.0007863746300046314,2.0
cv,rsf_naive,10.0,mean_pred,0.02623522583299472,20612.76620706075,30,0.00032913012812026794,2.0
cv,rsf_naive,10.0,obs_cif,4.860149189361204e-05,41148.00014579739,30,0.0011106379883628879,2.0
cv,rsf_naive,10.0,eo,0.0018353118005091354,40889.67410985765,30,0.03422734163544356,2.0
cv,rsf_naive,10.0,calib_intercept,0.013144792203267157,32757.23352400902,30,0.03678969229890058,2.0
cv,rsf_naive,10.0,calib_slope,0.043448368261676945,11116.181103717552,30,0.035851143352902966,2.0
cv,rsf_naive,10.0,ici,0.01017564765713376,35609.82860995457,30,0.0010054470927953587,2.0
cv,rsf_naive,10.0,e50,0.05951118985172662,6814.0952593200445,30,0.0008806447087818756,3.0
cv,rsf_naive,10.0,e90,0.018081012700267622,27830.34977516851,30,0.003717596495918903,2.0
cv,rsf_naive,10.0,obs_concordant,4.860149189361204e-05,41148.00014579739,30,0.0011726856726112552,2.0
cv,rsf_naive,10.0,eo_concordant,0.0018197262813618848,40893.50529335093,30,0.03275599510788348,2.0
cv,rsf_naive,10.0,calib_intercept_concordant,0.012458037276775564,33435.69042944187,30,0.03673990799626578,2.0
cv,rsf_naive,10.0,calib_slope_concordant,0.043362162822446544,11148.119476870312,30,0.034859505158020956,2.0
cv,rsf_naive,10.0,ici_concordant,0.051327581798695544,8647.517206738166,30,0.0011040422781905853,3.0
cv,rsf_naive,10.0,e50_concordant,0.11391748802861698,2138.6674399670515,30,0.0010819591235430902,8.0
cv,rsf_naive,10.0,e90_concordant,0.03313112604327162,15949.766164121742,30,0.0036959117174482354,2.0
cv,rsf_naive,10.0,auc,0.03813703501446084,13329.554712885962,30,0.005680902473886926,2.0
cv,rsf_naive,10.0,cindex,0.039523135880367835,12700.846354622401,30,0.005911164039592924,2.0
cv,rsf_naive,10.0,auc_marginal_ipcw,0.03667265664869644,14037.120743365906,30,0.005816888832508243,2.0
cv,rsf_naive,10.0,cindex_marginal_ipcw,0.03845502078178009,13181.886530323432,30,0.005673585723078291,2.0
cv,rsf_naive,10.0,at_risk_fraction,4.860149189361204e-05,41148.00014579739,30,0.0023999912885427116,2.0
cv,rsf_naive,10.0,nb_at_0.01,0.00859229427700429,37001.87685965157,30,0.0010982812352165502,2.0
cv,rsf_naive,10.0,nb_at_0.02,0.010942276523578265,34897.232917670735,30,0.0010755278041224034,2.0
cv,rsf_naive,10.0,nb_at_0.03,0.01774117586357646,28163.941704943827,30,0.0010568423942457523,2.0
cv,rsf_naive,10.0,nb_at_0.05,0.037069787943080156,13840.672923065023,30,0.0010145761369037645,2.0
cv,rsf_naive,10.0,nb_at_0.075,0.025016083134946226,21577.964615880894,30,0.0009300937154161133,2.0
cv,rsf_naive,10.0,nb_at_0.2,0.08845671629252633,3414.151667939175,30,0.0005750899505210405,5.0
cv,rsf_naive,10.0,frac_above_0.01,0.42030998452065804,172.22118895503078,30,0.003209106430417759,61.0
cv,rsf_naive,10.0,frac_above_0.02,0.3409125140136229,258.64013914890813,30,0.0031138112537776852,44.0
cv,rsf_naive,10.0,frac_above_0.03,0.32629832308760565,281.6359557466123,30,0.0029777346241875845,41.0
cv,rsf_naive,10.0,frac_above_0.05,0.2174792598516889,619.562868639338,30,0.0025076269613615223,21.0
cv,rsf_naive,10.0,frac_above_0.075,0.16521578689611074,1053.8978006482484,30,0.0021276605796729732,14.0
cv,rsf_naive,10.0,frac_above_0.2,0.20109634567833576,721.1123465637039,30,0.0010358350308942246,19.0
cv,rsf_naive,10.0,nb_all_at_0.01,4.860149189361204e-05,41148.00014579739,30,0.0011218565768040538,2.0
cv,rsf_naive,10.0,nb_all_at_0.02,4.860149189361204e-05,41148.00014579739,30,0.0011333041013021766,2.0
cv,rsf_naive,10.0,nb_all_at_0.03,4.860149189361204e-05,41148.00014579739,30,0.001144987595932287,2.0
cv,rsf_naive,10.0,nb_all_at_0.05,4.860149189361204e-05,41148.00014579739,30,0.0011690925953551582,2.0
cv,rsf_naive,10.0,nb_all_at_0.075,4.860149189361204e-05,41148.00014579739,30,0.0012006896463603893,2.0
cv,rsf_naive,10.0,nb_all_at_0.2,4.860149189361204e-05,41148.00014579739,30,0.001388297690177076,2.0
cv,rsf_naive,15.0,mean_pred,0.05912477592488573,6887.816988775836,30,0.000616526472717342,3.0
cv,rsf_naive,15.0,obs_cif,4.860149189361204e-05,41148.00014579739,30,0.0017197974801951507,2.0
cv,rsf_naive,15.0,eo,0.0046624029971093365,39763.60575706283,30,0.034308911217524024,2.0
cv,rsf_naive,15.0,calib_intercept,0.02101710176221029,25038.58618869655,30,0.034342733650475514,2.0
cv,rsf_naive,15.0,calib_slope,0.0543137586108464,7907.00573161285,30,0.029352065339276104,3.0
cv,rsf_naive,15.0,ici,0.02247188069381723,23729.306231710838,30,0.0016674562325406164,2.0
cv,rsf_naive,15.0,e50,0.10666083543887199,2418.83520623229,30,0.002027142072841647,7.0
cv,rsf_naive,15.0,e90,0.02105482035661869,25003.9609369198,30,0.005641039535816281,2.0
cv,rsf_naive,15.0,obs_concordant,4.860149189361204e-05,41148.00014579739,30,0.0019110685075623666,2.0
cv,rsf_naive,15.0,eo_concordant,0.004521670285633355,39838.85324378449,30,0.031948689668945214,2.0
cv,rsf_naive,15.0,calib_intercept_concordant,0.01840394415894584,27515.043261092185,30,0.03500627366025773,2.0
cv,rsf_naive,15.0,calib_slope_concordant,0.05500855821904588,7747.355929527706,30,0.02883748014248349,3.0
cv,rsf_naive,15.0,ici_concordant,0.04184714161656513,11729.64348625867,30,0.0017133519014286738,2.0
cv,rsf_naive,15.0,e50_concordant,0.1143756135454606,2122.6168183814875,30,0.001574719098995705,8.0
cv,rsf_naive,15.0,e90_concordant,0.01883611893187733,27095.87793288851,30,0.006588120214095196,2.0
cv,rsf_naive,15.0,auc,0.03400158314631772,15451.781154845092,30,0.005568857979086301,2.0
cv,rsf_naive,15.0,cindex,0.03685739540964906,13945.30672312216,30,0.0056391587074324815,2.0
cv,rsf_naive,15.0,auc_marginal_ipcw,0.03694736460840484,13900.86379211213,30,0.0056219174825647405,2.0
cv,rsf_naive,15.0,cindex_marginal_ipcw,0.03880909193504488,13019.893532826898,30,0.005296747733837942,2.0
cv,rsf_naive,15.0,at_risk_fraction,4.860149189361204e-05,41148.00014579739,30,0.0023392404352275465,2.0
cv,rsf_naive,15.0,nb_at_0.01,0.008667862288523804,36938.31362436724,30,0.0017373419117133755,2.0
cv,rsf_naive,15.0,nb_at_0.02,0.012262704722364378,33627.13792433768,30,0.0017267433637584513,2.0
cv,rsf_naive,15.0,nb_at_0.03,0.012744535919786916,33153.591701136385,30,0.001705524901881601,2.0
cv,rsf_naive,15.0,nb_at_0.05,0.012666879116924186,33230.199230034654,30,0.001675432667426642,2.0
cv,rsf_naive,15.0,nb_at_0.075,0.020463328142239376,25550.895423627007,30,0.0016435753658264856,2.0
cv,rsf_naive,15.0,nb_at_0.2,0.04952751868625675,9140.528132507738,30,0.0014025627387810736,3.0
cv,rsf_naive,15.0,frac_above_0.01,0.7167566023284957,61.38622909785452,30,0.004029381190017336,132.0
cv,rsf_naive,15.0,frac_above_0.02,0.5001955834424878,122.92027296101863,30,0.0034499439019213254,79.0
cv,rsf_naive,15.0,frac_above_0.03,0.3836671711475144,205.5849774734479,30,0.0032257512823623334,53.0
cv,rsf_naive,15.0,frac_above_0.05,0.319962077144424,292.58132633191593,30,0.003034668750551257,40.0
cv,rsf_naive,15.0,frac_above_0.075,0.30419490503704344,322.7910172816075,30,0.0028748058095507375,37.0
cv,rsf_naive,15.0,frac_above_0.2,0.12070447524541064,1918.0033554643187,30,0.001853695950756472,8.0
cv,rsf_naive,15.0,nb_all_at_0.01,4.860149189361204e-05,41148.00014579739,30,0.0017371690759822298,2.0
cv,rsf_naive,15.0,nb_all_at_0.02,4.860149189361204e-05,41148.00014579739,30,0.0017548952362100268,2.0
cv,rsf_naive,15.0,nb_all_at_0.03,4.860149189361204e-05,41148.00014579739,30,0.0017729870634419869,2.0
cv,rsf_naive,15.0,nb_all_at_0.05,4.860149189361204e-05,41148.00014579739,30,0.001810313009012997,2.0
cv,rsf_naive,15.0,nb_all_at_0.075,4.860149189361204e-05,41148.00014579739,30,0.0018592403611930551,2.0
cv,rsf_naive,15.0,nb_all_at_0.2,4.860149189361204e-05,41148.00014579739,30,0.002149746595740512,2.0
cv,gbs_naive,5.0,mean_pred,0.02504633022949635,21553.49608333302,30,0.00016084679694050588,2.0
cv,gbs_naive,5.0,obs_cif,4.860149189361204e-05,41148.00014579739,30,0.000629099690450189,2.0
cv,gbs_naive,5.0,eo,0.001478166593520275,40970.585874356475,30,0.04237230828484548,2.0
cv,gbs_naive,5.0,calib_intercept,0.02203034583031455,24120.872866739333,30,0.05875009361051571,2.0
cv,gbs_naive,5.0,calib_slope,0.05653319976224408,7412.386176955786,30,0.04769516599382897,3.0
cv,gbs_naive,5.0,ici,0.07064232791249532,5093.905941966642,30,0.0006123654790246202,4.0
cv,gbs_naive,5.0,e50,0.08179056672483577,3932.759894274717,30,0.00045243247929442127,5.0
cv,gbs_naive,5.0,e90,0.053056152726409324,8207.7714197335,30,0.0012053478320288536,3.0
cv,gbs_naive,5.0,obs_concordant,4.860149189361204e-05,41148.00014579739,30,0.0006423628821256964,2.0
cv,gbs_naive,5.0,eo_concordant,0.0014763686859694508,40970.95665101804,30,0.04157134389797973,2.0
cv,gbs_naive,5.0,calib_intercept_concordant,0.021590804194049212,24515.760561310602,30,0.058407342619336944,2.0
cv,gbs_naive,5.0,calib_slope_concordant,0.056250952127197565,7472.855002756843,30,0.047222141046220155,3.0
cv,gbs_naive,5.0,ici_concordant,0.0784433293997564,4237.317117826108,30,0.0006656718832785164,5.0
cv,gbs_naive,5.0,e50_concordant,0.11071227209667842,2256.160916314478,30,0.0004996350405821678,7.0
cv,gbs_naive,5.0,e90_concordant,0.09590481053748244,2945.054544050676,30,0.0014020859692933274,6.0
cv,gbs_naive,5.0,auc,0.04217085070293299,11602.110928161293,30,0.007274941809870299,2.0
cv,gbs_naive,5.0,cindex,0.0436605761492114,11038.072639753775,30,0.007274354452557466,2.0
cv,gbs_naive,5.0,auc_marginal_ipcw,0.0400394461581689,12476.363232275442,30,0.007374603833270984,2.0
cv,gbs_naive,5.0,cindex_marginal_ipcw,0.04023476295447487,12392.773113295081,30,0.007340604435833744,2.0
cv,gbs_naive,5.0,at_risk_fraction,4.860149189361204e-05,41148.00014579739,30,0.0019620496140070115,2.0
cv,gbs_naive,5.0,nb_at_0.01,0.008424020054260434,37142.261601670136,30,0.0006015543991347554,2.0
cv,gbs_naive,5.0,nb_at_0.02,0.023079431226044358,23199.10690666394,30,0.00056206960470612,2.0
cv,gbs_naive,5.0,nb_at_0.03,0.04359451572675323,11062.309964318989,30,0.0005307110524818942,2.0
cv,gbs_naive,5.0,nb_at_0.05,0.03996987921590375,12506.311111780247,30,0.00045646906798836503,2.0
cv,gbs_naive,5.0,nb_at_0.075,0.05997773060167329,6726.556274560393,30,0.00036345288421535556,3.0
cv,gbs_naive,5.0,nb_at_0.2,0.14261075282160965,1397.3782803819304,30,0.00017241029272261176,11.0
cv,gbs_naive,5.0,frac_above_0.01,0.20538994736928298,692.2018812832549,30,0.0027103075803620487,20.0
cv,gbs_naive,5.0,frac_above_0.02,0.19894260590217816,736.3033194999587,30,0.0023308927713513827,19.0
cv,gbs_naive,5.0,frac_above_0.03,0.14035902779045947,1440.481509424079,30,0.0019509635531664877,11.0
cv,gbs_naive,5.0,frac_above_0.05,0.17816993537024392,911.2315706142543,30,0.0014984192520175234,15.0
cv,gbs_naive,5.0,frac_above_0.075,0.13865982262222928,1474.3345448876896,30,0.0010645061360206607,10.0
cv,gbs_naive,5.0,frac_above_0.2,0.40241334053036315,187.39704707770147,30,0.0003955513595894049,57.0
cv,gbs_naive,5.0,nb_all_at_0.01,4.860149189361204e-05,41148.00014579739,30,0.0006354542394474852,2.0
cv,gbs_naive,5.0,nb_all_at_0.02,4.860149189361204e-05,41148.00014579739,30,0.0006419384490491791,2.0
cv,gbs_naive,5.0,nb_all_at_0.03,4.860149189361204e-05,41148.00014579739,30,0.0006485563622315248,2.0
cv,gbs_naive,5.0,nb_all_at_0.05,4.860149189361204e-05,41148.00014579739,30,0.000662210189357622,2.0
cv,gbs_naive,5.0,nb_all_at_0.075,4.860149189361204e-05,41148.00014579739,30,0.0006801078130975923,2.0
cv,gbs_naive,5.0,nb_all_at_0.2,4.860149189361204e-05,41148.00014579739,30,0.0007863746300046314,2.0
cv,gbs_naive,10.0,mean_pred,0.050637400943422756,8832.147574535598,30,0.00038425911561260496,3.0
cv,gbs_naive,10.0,obs_cif,4.860149189361204e-05,41148.00014579739,30,0.0011106379883628879,2.0
cv,gbs_naive,10.0,eo,0.0045524953354090835,39822.532265906186,30,0.03495653406437579,2.0
cv,gbs_naive,10.0,calib_intercept,0.031947533503922945,16657.75625372733,30,0.04438491195702054,2.0
cv,gbs_naive,10.0,calib_slope,0.05014241657205576,8967.896330350755,30,0.024627905433842488,3.0
cv,gbs_naive,10.0,ici,0.0793174640916874,4154.567052737099,30,0.0009259915924561405,5.0
cv,gbs_naive,10.0,e50,0.10723104035599038,2394.911971549059,30,0.0011047183076815569,7.0
cv,gbs_naive,10.0,e90,0.05383815920772086,8018.92782229525,30,0.003405840267393072,3.0
cv,gbs_naive,10.0,obs_concordant,4.860149189361204e-05,41148.00014579739,30,0.0011726856726112552,2.0
cv,gbs_naive,10.0,eo_concordant,0.004514766278548285,39842.496310854905,30,0.03344810625690206,2.0
cv,gbs_naive,10.0,calib_intercept_concordant,0.02912938046296826,18494.06070117044,30,0.04400948065190599,2.0
cv,gbs_naive,10.0,calib_slope_concordant,0.05086357558825158,8771.05394646282,30,0.023935067309229906,3.0
cv,gbs_naive,10.0,ici_concordant,0.08670525058494992,3540.2797842992536,30,0.0010022904458344866,5.0
cv,gbs_naive,10.0,e50_concordant,0.10526843416313945,2478.7578076908194,30,0.0010503424718476247,7.0
cv,gbs_naive,10.0,e90_concordant,0.07173146873261496,4960.098000108319,30,0.0026301527370068594,4.0
cv,gbs_naive,10.0,auc,0.03413586977474446,15376.626068411479,30,0.005482449915142263,2.0
cv,gbs_naive,10.0,cindex,0.040593471540549646,12241.127193829461,30,0.005691108328195119,2.0
cv,gbs_naive,10.0,auc_marginal_ipcw,0.030892020810932227,17320.160007150545,30,0.005528157262738826,2.0
cv,gbs_naive,10.0,cindex_marginal_ipcw,0.032677083593182756,16217.093176723198,30,0.005390194206950074,2.0
cv,gbs_naive,10.0,at_risk_fraction,4.860149189361204e-05,41148.00014579739,30,0.0023999912885427116,2.0
cv,gbs_naive,10.0,nb_at_0.01,0.004165179091443718,40020.96379744276,30,0.0011012286405487656,2.0
cv,gbs_naive,10.0,nb_at_0.02,0.006364249892857821,38713.17225409788,30,0.0010728603762418392,2.0
cv,gbs_naive,10.0,nb_at_0.03,0.01212454279953576,33762.077950024766,30,0.001046459921954362,2.0
cv,gbs_naive,10.0,nb_at_0.05,0.02752682516960224,19637.36244661176,30,0.000987857360525844,2.0
cv,gbs_naive,10.0,nb_at_0.075,0.05654009021423401,7410.918509329289,30,0.0009100689568563097,3.0
cv,gbs_naive,10.0,nb_at_0.2,0.07308197551476528,4801.088049494161,30,0.0005754839866625892,4.0
cv,gbs_naive,10.0,frac_above_0.01,0.33983227845259234,260.2407058467123,30,0.0030584628586099124,44.0
cv,gbs_naive,10.0,frac_above_0.02,0.21634704442753275,625.8665228827111,30,0.0028221660026701285,21.0
cv,gbs_naive,10.0,frac_above_0.03,0.16344611020219307,1075.957588666968,30,0.0026090136808421586,13.0
cv,gbs_naive,10.0,frac_above_0.05,0.14700568389939328,1318.6131223707566,30,0.0023098081950610177,11.0
cv,gbs_naive,10.0,frac_above_0.075,0.1533937259784906,1215.4429607577276,30,0.0020168990250281644,12.0
cv,gbs_naive,10.0,frac_above_0.2,0.17651958974733303,927.7393035957651,30,0.00104285496853769,15.0
cv,gbs_naive,10.0,nb_all_at_0.01,4.860149189361204e-05,41148.00014579739,30,0.0011218565768040538,2.0
cv,gbs_naive,10.0,nb_all_at_0.02,4.860149189361204e-05,41148.00014579739,30,0.0011333041013021766,2.0
cv,gbs_naive,10.0,nb_all_at_0.03,4.860149189361204e-05,41148.00014579739,30,0.001144987595932287,2.0
cv,gbs_naive,10.0,nb_all_at_0.05,4.860149189361204e-05,41148.00014579739,30,0.0011690925953551582,2.0
cv,gbs_naive,10.0,nb_all_at_0.075,4.860149189361204e-05,41148.00014579739,30,0.0012006896463603893,2.0
cv,gbs_naive,10.0,nb_all_at_0.2,4.860149189361204e-05,41148.00014579739,30,0.001388297690177076,2.0
cv,gbs_naive,15.0,mean_pred,0.0905242702825588,3273.541655710307,30,0.0007042949668605445,6.0
cv,gbs_naive,15.0,obs_cif,4.860149189361204e-05,41148.00014579739,30,0.0017197974801951507,2.0
cv,gbs_naive,15.0,eo,0.00865586782539891,36948.42384580689,30,0.03547837710335262,2.0
cv,gbs_naive,15.0,calib_intercept,0.03777952887091831,13498.082039479063,30,0.0435763134491823,2.0
cv,gbs_naive,15.0,calib_slope,0.06690206496260867,5594.972464056026,30,0.01790201556247772,4.0
cv,gbs_naive,15.0,ici,0.08499510756942821,3670.1024180749623,30,0.001312598274213356,5.0
cv,gbs_naive,15.0,e50,0.0698130029708102,5199.294663578908,30,0.0013357497767990194,4.0
cv,gbs_naive,15.0,e90,0.03179869195393568,16749.368256022564,30,0.006538719832826328,2.0
cv,gbs_naive,15.0,obs_concordant,4.860149189361204e-05,41148.00014579739,30,0.0019110685075623666,2.0
cv,gbs_naive,15.0,eo_concordant,0.008397758271404392,37164.02434250525,30,0.03302874353958218,2.0
cv,gbs_naive,15.0,calib_intercept_concordant,0.028819835552003167,18709.18217592343,30,0.04390221443262387,2.0
cv,gbs_naive,15.0,calib_slope_concordant,0.071106652677724,5036.234495807425,30,0.017784131065751215,4.0
cv,gbs_naive,15.0,ici_concordant,0.09272184443388867,3133.1907599100387,30,0.0013813184635193027,6.0
cv,gbs_naive,15.0,e50_concordant,0.07034199877181482,5131.714264839428,30,0.0012736485679622294,4.0
cv,gbs_naive,15.0,e90_concordant,0.038740991812724626,13050.853055594478,30,0.006097858617501541,2.0
cv,gbs_naive,15.0,auc,0.027088150836345325,19963.21091109648,30,0.0054435646832396165,2.0
cv,gbs_naive,15.0,cindex,0.07114640210854713,5031.341038610346,30,0.005109340813017674,4.0
cv,gbs_naive,15.0,auc_marginal_ipcw,0.020182290158314277,25813.64425442393,30,0.005437756650887788,2.0
cv,gbs_naive,15.0,cindex_marginal_ipcw,0.027396181640131526,19733.821794693464,30,0.005100903012322071,2.0
cv,gbs_naive,15.0,at_risk_fraction,4.860149189361204e-05,41148.00014579739,30,0.0023392404352275465,2.0
cv,gbs_naive,15.0,nb_at_0.01,0.004276205359799185,39965.56786350363,30,0.0017335554021381328,2.0
cv,gbs_naive,15.0,nb_at_0.02,0.0042392723716827545,39984.12902411456,30,0.0017228827271171658,2.0
cv,gbs_naive,15.0,nb_at_0.03,0.004586097813407078,39804.6378196026,30,0.0017015495187646043,2.0
cv,gbs_naive,15.0,nb_at_0.05,0.008198957089092811,37327.45507394212,30,0.0016664281587447536,2.0
cv,gbs_naive,15.0,nb_at_0.075,0.009893415151274029,35866.46570510748,30,0.0016191565350163295,2.0
cv,gbs_naive,15.0,nb_at_0.2,0.04524255035618063,10478.087655885094,30,0.0013308961562720752,3.0
cv,gbs_naive,15.0,frac_above_0.01,0.6528494589257723,73.48445480400466,30,0.0035499892559401995,116.0
cv,gbs_naive,15.0,frac_above_0.02,0.35085390858382726,244.58606181782895,30,0.0030577328783332578,46.0
cv,gbs_naive,15.0,frac_above_0.03,0.23745973829376799,522.3962253082358,30,0.0029189630453806885,25.0
cv,gbs_naive,15.0,frac_above_0.05,0.177258353497699,920.2947448408942,30,0.002712665675024249,15.0
cv,gbs_naive,15.0,frac_above_0.075,0.1256610676497343,1777.5384577969864,30,0.0024927701287271314,9.0
cv,gbs_naive,15.0,frac_above_0.2,0.15775091927872995,1151.84436032986,30,0.0017976798885734635,13.0
cv,gbs_naive,15.0,nb_all_at_0.01,4.860149189361204e-05,41148.00014579739,30,0.0017371690759822298,2.0
cv,gbs_naive,15.0,nb_all_at_0.02,4.860149189361204e-05,41148.00014579739,30,0.0017548952362100268,2.0
cv,gbs_naive,15.0,nb_all_at_0.03,4.860149189361204e-05,41148.00014579739,30,0.0017729870634419869,2.0
cv,gbs_naive,15.0,nb_all_at_0.05,4.860149189361204e-05,41148.00014579739,30,0.001810313009012997,2.0
cv,gbs_naive,15.0,nb_all_at_0.075,4.860149189361204e-05,41148.00014579739,30,0.0018592403611930551,2.0
cv,gbs_naive,15.0,nb_all_at_0.2,4.860149189361204e-05,41148.00014579739,30,0.002149746595740512,2.0
cv,logistic_cr,5.0,mean_pred,0.0654287951945149,5811.770937428075,30,0.00015574667097932967,4.0
cv,logistic_cr,5.0,obs_cif,4.860149189361204e-05,41148.00014579739,30,0.000629099690450189,2.0
cv,logistic_cr,5.0,eo,0.003265996633303432,40424.13112460516,30,0.04417115578353867,2.0
cv,logistic_cr,5.0,calib_intercept,0.018905911225745167,27028.5050449384,30,0.057405811466954365,2.0
cv,logistic_cr,5.0,calib_slope,0.04357149439533102,11070.772915827449,30,0.04505229143908262,2.0
cv,logistic_cr,5.0,ici,0.0612140505503687,6502.101891306825,30,0.0008833647026886925,3.0
cv,logistic_cr,5.0,e50,0.08352833152326285,3787.052892320759,30,0.0008421153321542691,5.0
cv,logistic_cr,5.0,e90,0.07344410839495664,4759.698113279035,30,0.0016879950558060773,4.0
cv,logistic_cr,5.0,obs_concordant,4.860149189361204e-05,41148.00014579739,30,0.000629099690450189,2.0
cv,logistic_cr,5.0,eo_concordant,0.003265996633303432,40424.13112460516,30,0.04417115578353867,2.0
cv,logistic_cr,5.0,calib_intercept_concordant,0.018905911225745167,27028.5050449384,30,0.057405811466954365,2.0
cv,logistic_cr,5.0,calib_slope_concordant,0.04357149439533102,11070.772915827449,30,0.04505229143908262,2.0
cv,logistic_cr,5.0,ici_concordant,0.0612140505503687,6502.101891306825,30,0.0008833647026886925,3.0
cv,logistic_cr,5.0,e50_concordant,0.08352833152326285,3787.052892320759,30,0.0008421153321542691,5.0
cv,logistic_cr,5.0,e90_concordant,0.07344410839495664,4759.698113279035,30,0.0016879950558060773,4.0
cv,logistic_cr,5.0,auc,0.017116897371872095,28780.96901422495,30,0.007472457601102386,2.0
cv,logistic_cr,5.0,cindex,0.01666444287691133,29231.07065366447,30,0.00780643025232751,2.0
cv,logistic_cr,5.0,auc_marginal_ipcw,0.012345161311722239,33546.41414585831,30,0.007520245461978912,2.0
cv,logistic_cr,5.0,cindex_marginal_ipcw,0.013725311491219725,32178.677609730235,30,0.007472382222674622,2.0
cv,logistic_cr,5.0,at_risk_fraction,4.860149189361204e-05,41148.00014579739,30,0.0019620496140070115,2.0
cv,logistic_cr,5.0,nb_at_0.01,0.0035800911966844258,40292.65622536445,30,0.0006115832566757657,2.0
cv,logistic_cr,5.0,nb_at_0.02,0.01702248296275655,28874.709967259245,30,0.0005678803130165079,2.0
cv,logistic_cr,5.0,nb_at_0.03,0.020911488657008794,25135.72285943545,30,0.0005369097704617555,2.0
cv,logistic_cr,5.0,nb_at_0.05,0.053650691516536904,8063.646994820068,30,0.00044848524367205474,3.0
cv,logistic_cr,5.0,nb_at_0.075,0.082415046417084,3879.4749684094704,30,0.0003671358596379043,5.0
cv,logistic_cr,5.0,nb_at_0.2,0.10854297794142928,2341.1787197324657,30,0.00015394776937683832,7.0
cv,logistic_cr,5.0,frac_above_0.01,0.33504040701772686,267.52514741352076,30,0.0031013704708302736,43.0
cv,logistic_cr,5.0,frac_above_0.02,0.2698018992155451,407.60539807466466,30,0.002572406674728698,30.0
cv,logistic_cr,5.0,frac_above_0.03,0.2637641753061799,425.9392076109945,30,0.00219095101523047,29.0
cv,logistic_cr,5.0,frac_above_0.05,0.12812651142966228,1713.2985303400503,30,0.0014939308542858986,9.0
cv,logistic_cr,5.0,frac_above_0.075,0.19268966647332808,783.2394367312029,30,0.0010924064526187944,18.0
cv,logistic_cr,5.0,frac_above_0.2,0.3955895944513844,193.72376150165283,30,0.0003826401693181027,56.0
cv,logistic_cr,5.0,nb_all_at_0.01,4.860149189361204e-05,41148.00014579739,30,0.0006354542394474852,2.0
cv,logistic_cr,5.0,nb_all_at_0.02,4.860149189361204e-05,41148.00014579739,30,0.0006419384490491791,2.0
cv,logistic_cr,5.0,nb_all_at_0.03,4.860149189361204e-05,41148.00014579739,30,0.0006485563622315248,2.0
cv,logistic_cr,5.0,nb_all_at_0.05,4.860149189361204e-05,41148.00014579739,30,0.000662210189357622,2.0
cv,logistic_cr,5.0,nb_all_at_0.075,4.860149189361204e-05,41148.00014579739,30,0.0006801078130975923,2.0
cv,logistic_cr,5.0,nb_all_at_0.2,4.860149189361204e-05,41148.00014579739,30,0.0007863746300046314,2.0
cv,logistic_cr,10.0,mean_pred,0.029701599174893345,18103.505975826967,30,0.000316446763727207,2.0
cv,logistic_cr,10.0,obs_cif,4.860149189361204e-05,41148.00014579739,30,0.0011106379883628879,2.0
cv,logistic_cr,10.0,eo,0.0017266209225274588,40915.823021501696,30,0.03613045167324201,2.0
cv,logistic_cr,10.0,calib_intercept,0.004297151814568762,39954.98194211664,30,0.038227938528304965,2.0
cv,logistic_cr,10.0,calib_slope,0.018239703340242452,27675.191699678635,30,0.030768422937649902,2.0
cv,logistic_cr,10.0,ici,0.010986086170996084,34855.889673551486,30,0.0012044441125280423,2.0
cv,logistic_cr,10.0,e50,0.018404713361023627,27514.29429524191,30,0.0009782213558852803,2.0
cv,logistic_cr,10.0,e90,0.029299925565575747,18376.69616968969,30,0.002733747068539094,2.0
cv,logistic_cr,10.0,obs_concordant,4.860149189361204e-05,41148.00014579739,30,0.0011106379883628879,2.0
cv,logistic_cr,10.0,eo_concordant,0.0017266209225274588,40915.823021501696,30,0.03613045167324201,2.0
cv,logistic_cr,10.0,calib_intercept_concordant,0.004297151814568762,39954.98194211664,30,0.038227938528304965,2.0
cv,logistic_cr,10.0,calib_slope_concordant,0.018239703340242452,27675.191699678635,30,0.030768422937649902,2.0
cv,logistic_cr,10.0,ici_concordant,0.010986086170996084,34855.889673551486,30,0.0012044441125280423,2.0
cv,logistic_cr,10.0,e50_concordant,0.018404713361023627,27514.29429524191,30,0.0009782213558852803,2.0
cv,logistic_cr,10.0,e90_concordant,0.029299925565575747,18376.69616968969,30,0.002733747068539094,2.0
cv,logistic_cr,10.0,auc,0.012743608914638991,33154.5067813681,30,0.005641336486872722,2.0
cv,logistic_cr,10.0,cindex,0.012335223789079105,33556.150144270825,30,0.006374159351101014,2.0
cv,logistic_cr,10.0,auc_marginal_ipcw,0.009049085465649507,36612.925997226375,30,0.005688373336478441,2.0
cv,logistic_cr,10.0,cindex_marginal_ipcw,0.011448196511766916,34416.1744997942,30,0.005528078412713454,2.0
cv,logistic_cr,10.0,at_risk_fraction,4.860149189361204e-05,41148.00014579739,30,0.0023999912885427116,2.0
cv,logistic_cr,10.0,nb_at_0.01,0.0015532137988817716,40954.78157575428,30,0.0011044026140176238,2.0
cv,logistic_cr,10.0,nb_at_0.02,0.002436296056490042,40721.294011393205,30,0.00109632996193451,2.0
cv,logistic_cr,10.0,nb_at_0.03,0.002202072923069288,40791.67891222595,30,0.0010707624901950404,2.0
cv,logistic_cr,10.0,nb_at_0.05,0.012827239946655074,33071.89470734847,30,0.0010277158629265445,2.0
cv,logistic_cr,10.0,nb_at_0.075,0.01599736142721799,29898.074130625537,30,0.0009456156527735807,2.0
cv,logistic_cr,10.0,nb_at_0.2,0.06493909990769017,5886.481736086164,30,0.0005280768635233719,4.0
cv,logistic_cr,10.0,frac_above_0.01,0.22940544844101393,558.5950579137802,30,0.002667093471750443,23.0
cv,logistic_cr,10.0,frac_above_0.02,0.08055532125924075,4041.3384888979435,30,0.0027176433246634216,5.0
cv,logistic_cr,10.0,frac_above_0.03,0.12118246052874702,1903.7526403484103,30,0.00269161658108766,8.0
cv,logistic_cr,10.0,frac_above_0.05,0.1373097462223941,1502.0846835717944,30,0.0024713606423304424,10.0
cv,logistic_cr,10.0,frac_above_0.075,0.09762007863342025,2850.4766770986666,30,0.0021114646547138183,6.0
cv,logistic_cr,10.0,frac_above_0.2,0.12491828779132547,1797.5949504867092,30,0.0009042634080559751,9.0
cv,logistic_cr,10.0,nb_all_at_0.01,4.860149189361204e-05,41148.00014579739,30,0.0011218565768040538,2.0
cv,logistic_cr,10.0,nb_all_at_0.02,4.860149189361204e-05,41148.00014579739,30,0.0011333041013021766,2.0
cv,logistic_cr,10.0,nb_all_at_0.03,4.860149189361204e-05,41148.00014579739,30,0.001144987595932287,2.0
cv,logistic_cr,10.0,nb_all_at_0.05,4.860149189361204e-05,41148.00014579739,30,0.0011690925953551582,2.0
cv,logistic_cr,10.0,nb_all_at_0.075,4.860149189361204e-05,41148.00014579739,30,0.0012006896463603893,2.0
cv,logistic_cr,10.0,nb_all_at_0.2,4.860149189361204e-05,41148.00014579739,30,0.001388297690177076,2.0
cv,logistic_cr,15.0,mean_pred,0.05449838696110476,7864.140294572821,30,0.0005187648836037144,3.0
cv,logistic_cr,15.0,obs_cif,4.860149189361204e-05,41148.00014579739,30,0.0017197974801951507,2.0
cv,logistic_cr,15.0,eo,0.002373881684622382,40740.639506600215,30,0.03904310802587109,2.0
cv,logistic_cr,15.0,calib_intercept,0.006792872279946378,38410.876766520494,30,0.03208506079986035,2.0
cv,logistic_cr,15.0,calib_slope,0.028576795967866334,18879.99219916763,30,0.03161024482490391,2.0
cv,logistic_cr,15.0,ici,0.02422674088419095,22225.82858498217,30,0.0020225666449608082,2.0
cv,logistic_cr,15.0,e50,0.016514799069705877,29380.385187726457,30,0.0020911103583535285,2.0
cv,logistic_cr,15.0,e90,0.02517503132646541,21449.678720540778,30,0.0052453868843197905,2.0
cv,logistic_cr,15.0,obs_concordant,4.860149189361204e-05,41148.00014579739,30,0.0017197974801951507,2.0
cv,logistic_cr,15.0,eo_concordant,0.002373881684622382,40740.639506600215,30,0.03904310802587109,2.0
cv,logistic_cr,15.0,calib_intercept_concordant,0.006792872279946378,38410.876766520494,30,0.03208506079986035,2.0
cv,logistic_cr,15.0,calib_slope_concordant,0.028576795967866334,18879.99219916763,30,0.03161024482490391,2.0
cv,logistic_cr,15.0,ici_concordant,0.02422674088419095,22225.82858498217,30,0.0020225666449608082,2.0
cv,logistic_cr,15.0,e50_concordant,0.016514799069705877,29380.385187726457,30,0.0020911103583535285,2.0
cv,logistic_cr,15.0,e90_concordant,0.02517503132646541,21449.678720540778,30,0.0052453868843197905,2.0
cv,logistic_cr,15.0,auc,0.012159930370290816,33727.55457460076,30,0.00563829851159579,2.0
cv,logistic_cr,15.0,cindex,0.023005803562026663,23262.822580134878,30,0.005913593006702198,2.0
cv,logistic_cr,15.0,auc_marginal_ipcw,0.004385656485383598,39909.78386723349,30,0.005563991318618285,2.0
cv,logistic_cr,15.0,cindex_marginal_ipcw,0.004453638896741488,39874.55303397296,30,0.005199740071737042,2.0
cv,logistic_cr,15.0,at_risk_fraction,4.860149189361204e-05,41148.00014579739,30,0.0023392404352275465,2.0
cv,logistic_cr,15.0,nb_at_0.01,0.0008039702810201544,41083.69194925193,30,0.0017440455271578795,2.0
cv,logistic_cr,15.0,nb_at_0.02,0.0014240686205530106,40981.581409055434,30,0.0017552995800355442,2.0
cv,logistic_cr,15.0,nb_at_0.03,0.0016023946451994469,40944.07795665333,30,0.001759764272799248,2.0
cv,logistic_cr,15.0,nb_at_0.05,0.0020251448170800984,40840.82497385715,30,0.001755834743611703,2.0
cv,logistic_cr,15.0,nb_at_0.075,0.0027053105947187194,40633.04768141432,30,0.0017284859017410038,2.0
cv,logistic_cr,15.0,nb_at_0.2,0.01512095640396855,30778.085704426972,30,0.0014456124961516248,2.0
cv,logistic_cr,15.0,frac_above_0.01,0.8180699408931991,47.5950167820805,30,0.002278739360684299,157.0
cv,logistic_cr,15.0,frac_above_0.02,0.5234925666407665,112.55564395919025,30,0.0028351865699044725,85.0
cv,logistic_cr,15.0,frac_above_0.03,0.16359862555966392,1074.0293143277408,30,0.0025391619921974833,14.0
cv,logistic_cr,15.0,frac_above_0.05,0.06481859830683125,5905.075442383932,30,0.002639759366699495,4.0
cv,logistic_cr,15.0,frac_above_0.075,0.09260531146352798,3140.409926493281,30,0.0026730113122880816,6.0
cv,logistic_cr,15.0,frac_above_0.2,0.09265164241774934,3137.5368278781575,30,0.0018229189053829886,6.0
cv,logistic_cr,15.0,nb_all_at_0.01,4.860149189361204e-05,41148.00014579739,30,0.0017371690759822298,2.0
cv,logistic_cr,15.0,nb_all_at_0.02,4.860149189361204e-05,41148.00014579739,30,0.0017548952362100268,2.0
cv,logistic_cr,15.0,nb_all_at_0.03,4.860149189361204e-05,41148.00014579739,30,0.0017729870634419869,2.0
cv,logistic_cr,15.0,nb_all_at_0.05,4.860149189361204e-05,41148.00014579739,30,0.001810313009012997,2.0
cv,logistic_cr,15.0,nb_all_at_0.075,4.860149189361204e-05,41148.00014579739,30,0.0018592403611930551,2.0
cv,logistic_cr,15.0,nb_all_at_0.2,4.860149189361204e-05,41148.00014579739,30,0.002149746595740512,2.0
cv,csc_cox,5.0,mean_pred,0.00478501048146314,39696.52866790885,30,0.00012636017381389874,2.0
cv,csc_cox,5.0,obs_cif,4.860149189361204e-05,41148.00014579739,30,0.000629099690450189,2.0
cv,csc_cox,5.0,eo,0.00024562852914724546,41137.62820491862,30,0.03905535975637575,2.0
cv,csc_cox,5.0,calib_intercept,0.008564531548585766,37025.148960213264,30,0.05296377479456812,2.0
cv,csc_cox,5.0,calib_slope,0.039593501785710805,12669.949140656716,30,0.05156990961641354,2.0
cv,csc_cox,5.0,ici,0.05196599319883651,8481.415701743448,30,0.0007853143412256236,3.0
cv,csc_cox,5.0,e50,0.051662844034226364,8559.73750978343,30,0.0007467089031709197,3.0
cv,csc_cox,5.0,e90,0.03741813140922874,13671.18115285533,30,0.0016852631723647457,2.0
cv,csc_cox,5.0,obs_concordant,4.860149189361204e-05,41148.00014579739,30,0.000629099690450189,2.0
cv,csc_cox,5.0,eo_concordant,0.00024562852914724546,41137.62820491862,30,0.03905535975637575,2.0
cv,csc_cox,5.0,calib_intercept_concordant,0.008564531548585766,37025.148960213264,30,0.05296377479456812,2.0
cv,csc_cox,5.0,calib_slope_concordant,0.039593501785710805,12669.949140656716,30,0.05156990961641354,2.0
cv,csc_cox,5.0,ici_concordant,0.05196599319883651,8481.415701743448,30,0.0007853143412256236,3.0
cv,csc_cox,5.0,e50_concordant,0.051662844034226364,8559.73750978343,30,0.0007467089031709197,3.0
cv,csc_cox,5.0,e90_concordant,0.03741813140922874,13671.18115285533,30,0.0016852631723647457,2.0
cv,csc_cox,5.0,auc,0.014796821803206411,31103.90816681486,30,0.007390567819784926,2.0
cv,csc_cox,5.0,cindex,0.012046929265425603,33837.69938200041,30,0.007604452912272848,2.0
cv,csc_cox,5.0,auc_marginal_ipcw,0.011516744683580401,34350.41740407981,30,0.007423525254787432,2.0
cv,csc_cox,5.0,cindex_marginal_ipcw,0.011968145562498757,33914.32163159919,30,0.007383656031740287,2.0
cv,csc_cox,5.0,at_risk_fraction,4.860149189361204e-05,41148.00014579739,30,0.0019620496140070115,2.0
cv,csc_cox,5.0,nb_at_0.01,0.004277664178090434,39964.831987926606,30,0.0006094576348615839,2.0
cv,csc_cox,5.0,nb_at_0.02,0.013954335975494763,31949.51580612588,30,0.0005602489408298725,2.0
cv,csc_cox,5.0,nb_at_0.03,0.016498618281658852,29396.542352061795,30,0.0005219961412370153,2.0
cv,csc_cox,5.0,nb_at_0.05,0.07241677693695787,4878.478067208414,30,0.00042957115327617003,4.0
cv,csc_cox,5.0,nb_at_0.075,0.08555344899786128,3626.9643098629704,30,0.00033393415866547565,5.0
cv,csc_cox,5.0,nb_at_0.2,0.13709052365826313,1506.6640812390224,30,9.420654437498546e-05,10.0
cv,csc_cox,5.0,frac_above_0.01,0.12929158410665167,1684.1363565331462,30,0.002688723845443063,9.0
cv,csc_cox,5.0,frac_above_0.02,0.06664189986639897,5632.409448861113,30,0.0022140774585043548,4.0
cv,csc_cox,5.0,frac_above_0.03,0.12349366250021081,1837.0151263852342,30,0.0020049199144390154,9.0
cv,csc_cox,5.0,frac_above_0.05,0.05670323260686341,7376.287254650084,30,0.0013385953033256597,3.0
cv,csc_cox,5.0,frac_above_0.075,0.11062051697362656,2259.6638033668437,30,0.0009374994064921076,7.0
cv,csc_cox,5.0,frac_above_0.2,0.24972478927138667,473.71067562759447,30,0.00018450314278884523,27.0
cv,csc_cox,5.0,nb_all_at_0.01,4.860149189361204e-05,41148.00014579739,30,0.0006354542394474852,2.0
cv,csc_cox,5.0,nb_all_at_0.02,4.860149189361204e-05,41148.00014579739,30,0.0006419384490491791,2.0
cv,csc_cox,5.0,nb_all_at_0.03,4.860149189361204e-05,41148.00014579739,30,0.0006485563622315248,2.0
cv,csc_cox,5.0,nb_all_at_0.05,4.860149189361204e-05,41148.00014579739,30,0.000662210189357622,2.0
cv,csc_cox,5.0,nb_all_at_0.075,4.860149189361204e-05,41148.00014579739,30,0.0006801078130975923,2.0
cv,csc_cox,5.0,nb_all_at_0.2,4.860149189361204e-05,41148.00014579739,30,0.0007863746300046314,2.0
cv,csc_cox,10.0,mean_pred,0.015427178637044616,30470.331781600755,30,0.0002610326793087048,2.0
cv,csc_cox,10.0,obs_cif,4.860149189361204e-05,41148.00014579739,30,0.0011106379883628879,2.0
cv,csc_cox,10.0,eo,0.0009553486005395649,41062.84349636558,30,0.029210986035179073,2.0
cv,csc_cox,10.0,calib_intercept,0.004622194953045394,39785.29564475677,30,0.037499226508626575,2.0
cv,csc_cox,10.0,calib_slope,0.03180972900421494,16742.55489236847,30,0.033994014031441165,2.0
cv,csc_cox,10.0,ici,0.04417949772608401,10850.10238685753,30,0.0013486479728062855,3.0
cv,csc_cox,10.0,e50,0.04031882752929262,12357.017909803984,30,0.0013916704377078465,2.0
cv,csc_cox,10.0,e90,0.030126167169790885,17819.640624890115,30,0.0029353266151250783,2.0
cv,csc_cox,10.0,obs_concordant,4.860149189361204e-05,41148.00014579739,30,0.0011106379883628879,2.0
cv,csc_cox,10.0,eo_concordant,0.0009553486005395649,41062.84349636558,30,0.029210986035179073,2.0
cv,csc_cox,10.0,calib_intercept_concordant,0.004622194953045394,39785.29564475677,30,0.037499226508626575,2.0
cv,csc_cox,10.0,calib_slope_concordant,0.03180972900421494,16742.55489236847,30,0.033994014031441165,2.0
cv,csc_cox,10.0,ici_concordant,0.04417949772608401,10850.10238685753,30,0.0013486479728062855,3.0
cv,csc_cox,10.0,e50_concordant,0.04031882752929262,12357.017909803984,30,0.0013916704377078465,2.0
cv,csc_cox,10.0,e90_concordant,0.030126167169790885,17819.640624890115,30,0.0029353266151250783,2.0
cv,csc_cox,10.0,auc,0.011434223868262663,34429.56218358184,30,0.005686675118748505,2.0
cv,csc_cox,10.0,cindex,0.01071664289036169,35109.152400863815,30,0.006355642308498216,2.0
cv,csc_cox,10.0,auc_marginal_ipcw,0.00869301515161319,36917.08626750068,30,0.005739374558060806,2.0
cv,csc_cox,10.0,cindex_marginal_ipcw,0.010426612126008334,35378.93354651201,30,0.005580426978491878,2.0
cv,csc_cox,10.0,at_risk_fraction,4.860149189361204e-05,41148.00014579739,30,0.0023999912885427116,2.0
cv,csc_cox,10.0,nb_at_0.01,0.0017155815358520282,40918.404454081865,30,0.0011015804263787125,2.0
cv,csc_cox,10.0,nb_at_0.02,0.0025417591034868226,40687.63690096237,30,0.0010774576350042703,2.0
cv,csc_cox,10.0,nb_at_0.03,0.0035825636190237277,40291.58092442948,30,0.0010558475169929968,2.0
cv,csc_cox,10.0,nb_at_0.05,0.0107551223603412,35073.134179941335,30,0.0009743040923832943,2.0
cv,csc_cox,10.0,nb_at_0.075,0.02182639077396811,24303.484307793005,30,0.0008795981948638059,2.0
cv,csc_cox,10.0,nb_at_0.2,0.0766455925996542,4415.1715629651135,30,0.00039998610402652986,4.0
cv,csc_cox,10.0,frac_above_0.01,0.08341548912025643,3796.2740123686763,30,0.0026006390325981226,5.0
cv,csc_cox,10.0,frac_above_0.02,0.08138920922604372,3967.569747390371,30,0.0026906886830331007,5.0
cv,csc_cox,10.0,frac_above_0.03,0.10067882668025094,2692.56391640936,30,0.0026153247131878677,6.0
cv,csc_cox,10.0,frac_above_0.05,0.0661115035237604,5709.846095260806,30,0.002205776909836826,4.0
cv,csc_cox,10.0,frac_above_0.075,0.12789457172809113,1719.1936374499135,30,0.001969760124812597,9.0
cv,csc_cox,10.0,frac_above_0.2,0.17286574952782263,965.921895163235,30,0.0007025714011558517,15.0
cv,csc_cox,10.0,nb_all_at_0.01,4.860149189361204e-05,41148.00014579739,30,0.0011218565768040538,2.0
cv,csc_cox,10.0,nb_all_at_0.02,4.860149189361204e-05,41148.00014579739,30,0.0011333041013021766,2.0
cv,csc_cox,10.0,nb_all_at_0.03,4.860149189361204e-05,41148.00014579739,30,0.001144987595932287,2.0
cv,csc_cox,10.0,nb_all_at_0.05,4.860149189361204e-05,41148.00014579739,30,0.0011690925953551582,2.0
cv,csc_cox,10.0,nb_all_at_0.075,4.860149189361204e-05,41148.00014579739,30,0.0012006896463603893,2.0
cv,csc_cox,10.0,nb_all_at_0.2,4.860149189361204e-05,41148.00014579739,30,0.001388297690177076,2.0
cv,csc_cox,15.0,mean_pred,0.04469805409240576,10666.478171701965,30,0.0004074193358274858,3.0
cv,csc_cox,15.0,obs_cif,4.860149189361204e-05,41148.00014579739,30,0.0017197974801951507,2.0
cv,csc_cox,15.0,eo,0.0026686320706396796,40645.54223330984,30,0.026167286988068753,2.0
cv,csc_cox,15.0,calib_intercept,0.005463188077292687,39300.65279055633,30,0.03294049313290036,2.0
cv,csc_cox,15.0,calib_slope,0.02394044906664862,22465.216339807426,30,0.033682457665509834,2.0
cv,csc_cox,15.0,ici,0.04486409189474255,10608.556230782402,30,0.002820793992030471,3.0
cv,csc_cox,15.0,e50,0.04222005861236302,11582.883282769186,30,0.00278570655764251,2.0
cv,csc_cox,15.0,e90,0.03150384506293713,16932.57704662912,30,0.005315263298855846,2.0
cv,csc_cox,15.0,obs_concordant,4.860149189361204e-05,41148.00014579739,30,0.0017197974801951507,2.0
cv,csc_cox,15.0,eo_concordant,0.0026686320706396796,40645.54223330984,30,0.026167286988068753,2.0
cv,csc_cox,15.0,calib_intercept_concordant,0.005463188077292687,39300.65279055633,30,0.03294049313290036,2.0
cv,csc_cox,15.0,calib_slope_concordant,0.02394044906664862,22465.216339807426,30,0.033682457665509834,2.0
cv,csc_cox,15.0,ici_concordant,0.04486409189474255,10608.556230782402,30,0.002820793992030471,3.0
cv,csc_cox,15.0,e50_concordant,0.04222005861236302,11582.883282769186,30,0.00278570655764251,2.0
cv,csc_cox,15.0,e90_concordant,0.03150384506293713,16932.57704662912,30,0.005315263298855846,2.0
cv,csc_cox,15.0,auc,0.010832100699939114,35000.92691081037,30,0.005622539318496354,2.0
cv,csc_cox,15.0,cindex,0.01839100124724197,27527.64718265412,30,0.005697837578870903,2.0
cv,csc_cox,15.0,auc_marginal_ipcw,0.005168644539747345,39477.67625657833,30,0.005589994660607643,2.0
cv,csc_cox,15.0,cindex_marginal_ipcw,0.005197908588810823,39460.43313248107,30,0.005222746197506759,2.0
cv,csc_cox,15.0,at_risk_fraction,4.860149189361204e-05,41148.00014579739,30,0.0023392404352275465,2.0
cv,csc_cox,15.0,nb_at_0.01,0.0018396849245817142,40888.59422017978,30,0.001730759097587107,2.0
cv,csc_cox,15.0,nb_at_0.02,0.0019167163981570327,40869.22047876851,30,0.0017183525323072857,2.0
cv,csc_cox,15.0,nb_at_0.03,0.0031999266534929963,40450.48014970496,30,0.0017083145118580196,2.0
cv,csc_cox,15.0,nb_at_0.05,0.0031695157063069005,40462.45420637048,30,0.0016603290457229978,2.0
cv,csc_cox,15.0,nb_at_0.075,0.014387934813134438,31514.685561664475,30,0.0016107000309381722,2.0
cv,csc_cox,15.0,nb_at_0.2,0.04984999837990704,9049.432911609632,30,0.0010623910726945685,3.0
cv,csc_cox,15.0,frac_above_0.01,0.23225899479536943,545.3491260018334,30,0.0024854690754082375,24.0
cv,csc_cox,15.0,frac_above_0.02,0.0897228385174403,3327.0221162140906,30,0.002595254156413917,5.0
cv,csc_cox,15.0,frac_above_0.03,0.059323482385733005,6849.767708133882,30,0.002688814967311121,3.0
cv,csc_cox,15.0,frac_above_0.05,0.12427697581020121,1815.183314752293,30,0.002686018309320449,9.0
cv,csc_cox,15.0,frac_above_0.075,0.08925127694503378,3359.0891158737263,30,0.00241666024134447,5.0
cv,csc_cox,15.0,frac_above_0.2,0.12026317648870903,1931.301295027475,30,0.0013428746514481265,8.0
cv,csc_cox,15.0,nb_all_at_0.01,4.860149189361204e-05,41148.00014579739,30,0.0017371690759822298,2.0
cv,csc_cox,15.0,nb_all_at_0.02,4.860149189361204e-05,41148.00014579739,30,0.0017548952362100268,2.0
cv,csc_cox,15.0,nb_all_at_0.03,4.860149189361204e-05,41148.00014579739,30,0.0017729870634419869,2.0
cv,csc_cox,15.0,nb_all_at_0.05,4.860149189361204e-05,41148.00014579739,30,0.001810313009012997,2.0
cv,csc_cox,15.0,nb_all_at_0.075,4.860149189361204e-05,41148.00014579739,30,0.0018592403611930551,2.0
cv,csc_cox,15.0,nb_all_at_0.2,4.860149189361204e-05,41148.00014579739,30,0.002149746595740512,2.0
cv,fine_gray,5.0,mean_pred,0.0020666371542761718,40829.61179040918,30,0.0001122416083283926,2.0
cv,fine_gray,5.0,obs_cif,4.860149189361204e-05,41148.00014579739,30,0.000629099690450189,2.0
cv,fine_gray,5.0,eo,0.00011402309326283967,41145.05849551862,30,0.03930057993117624,2.0
cv,fine_gray,5.0,calib_intercept,0.007876397638024299,37587.53330526203,30,0.050743971556805635,2.0
cv,fine_gray,5.0,calib_slope,0.040325449367650944,12354.207095366739,30,0.05613130105893613,2.0
cv,fine_gray,5.0,ici,0.034438773304865354,15208.715603546621,30,0.0008897153171850044,2.0
cv,fine_gray,5.0,e50,0.045227756941295584,10483.147219780773,30,0.0008870978727475933,3.0
cv,fine_gray,5.0,e90,0.01480012502279971,31100.588109320594,30,0.0019389608860039148,2.0
cv,fine_gray,5.0,obs_concordant,4.860149189361204e-05,41148.00014579739,30,0.000629099690450189,2.0
cv,fine_gray,5.0,eo_concordant,0.00011402309326283967,41145.05849551862,30,0.03930057993117624,2.0
cv,fine_gray,5.0,calib_intercept_concordant,0.007876397638024299,37587.53330526203,30,0.050743971556805635,2.0
cv,fine_gray,5.0,calib_slope_concordant,0.040325449367650944,12354.207095366739,30,0.05613130105893613,2.0
cv,fine_gray,5.0,ici_concordant,0.034438773304865354,15208.715603546621,30,0.0008897153171850044,2.0
cv,fine_gray,5.0,e50_concordant,0.045227756941295584,10483.147219780773,30,0.0008870978727475933,3.0
cv,fine_gray,5.0,e90_concordant,0.01480012502279971,31100.588109320594,30,0.0019389608860039148,2.0
cv,fine_gray,5.0,auc,0.016172535234901426,29722.599951612803,30,0.007379530088511381,2.0
cv,fine_gray,5.0,cindex,0.013831884413279264,32072.093715381554,30,0.007478669445965669,2.0
cv,fine_gray,5.0,auc_marginal_ipcw,0.013271369389917964,32631.417055073754,30,0.007405152481467213,2.0
cv,fine_gray,5.0,cindex_marginal_ipcw,0.013723926877630934,32180.061717058343,30,0.007367654036255673,2.0
cv,fine_gray,5.0,at_risk_fraction,4.860149189361204e-05,41148.00014579739,30,0.0019620496140070115,2.0
cv,fine_gray,5.0,nb_at_0.01,0.0026875772883224475,40639.10670180126,30,0.0006140814381546478,2.0
cv,fine_gray,5.0,nb_at_0.02,0.011829327099843084,34048.97693600051,30,0.0005649714603130054,2.0
cv,fine_gray,5.0,nb_at_0.03,0.016769292910737033,29126.57659809685,30,0.0005177950769498304,2.0
cv,fine_gray,5.0,nb_at_0.05,0.07028800923306323,5138.553647611337,30,0.00040908370237319647,4.0
cv,fine_gray,5.0,nb_at_0.075,0.07272886384752694,4841.947685572225,30,0.0002971801594433208,4.0
cv,fine_gray,5.0,nb_at_0.2,0.1556154270816827,1182.3760074316156,30,5.4884460884368916e-05,12.0
cv,fine_gray,5.0,frac_above_0.01,0.06072931326657562,6588.829613327441,30,0.002633078373803013,3.0
cv,fine_gray,5.0,frac_above_0.02,0.05204101362140703,8462.185490307646,30,0.002233169251832503,3.0
cv,fine_gray,5.0,frac_above_0.03,0.0672184501389235,5549.922146689602,30,0.0019582326169283936,4.0
cv,fine_gray,5.0,frac_above_0.05,0.04382673152994249,10977.420202748164,30,0.0012724592452324258,2.0
cv,fine_gray,5.0,frac_above_0.075,0.12487542427089593,1798.7625954649443,30,0.0008148396169507229,9.0
cv,fine_gray,5.0,frac_above_0.2,0.16485370982417685,1058.3557821284323,30,0.0001183210123579018,14.0
cv,fine_gray,5.0,nb_all_at_0.01,4.860149189361204e-05,41148.00014579739,30,0.0006354542394474852,2.0
cv,fine_gray,5.0,nb_all_at_0.02,4.860149189361204e-05,41148.00014579739,30,0.0006419384490491791,2.0
cv,fine_gray,5.0,nb_all_at_0.03,4.860149189361204e-05,41148.00014579739,30,0.0006485563622315248,2.0
cv,fine_gray,5.0,nb_all_at_0.05,4.860149189361204e-05,41148.00014579739,30,0.000662210189357622,2.0
cv,fine_gray,5.0,nb_all_at_0.075,4.860149189361204e-05,41148.00014579739,30,0.0006801078130975923,2.0
cv,fine_gray,5.0,nb_all_at_0.2,4.860149189361204e-05,41148.00014579739,30,0.0007863746300046314,2.0
cv,fine_gray,10.0,mean_pred,0.01045103620286767,35356.33354947168,30,0.0002513386179791139,2.0
cv,fine_gray,10.0,obs_cif,4.860149189361204e-05,41148.00014579739,30,0.0011106379883628879,2.0
cv,fine_gray,10.0,eo,0.0006079302121392821,41106.75299869878,30,0.02945739880238928,2.0
cv,fine_gray,10.0,calib_intercept,0.003491422861736211,40330.80477873608,30,0.03787477183754587,2.0
cv,fine_gray,10.0,calib_slope,0.02852496636310356,18916.636211241843,30,0.0329243606953269,2.0
cv,fine_gray,10.0,ici,0.046226921362176585,10148.619844599909,30,0.0014978276043788924,3.0
cv,fine_gray,10.0,e50,0.04403081782847628,10903.523277052394,30,0.0014171283414169996,3.0
cv,fine_gray,10.0,e90,0.031066354667820345,17208.695182730953,30,0.0032267207287849393,2.0
cv,fine_gray,10.0,obs_concordant,4.860149189361204e-05,41148.00014579739,30,0.0011106379883628879,2.0
cv,fine_gray,10.0,eo_concordant,0.0006079302121392821,41106.75299869878,30,0.02945739880238928,2.0
cv,fine_gray,10.0,calib_intercept_concordant,0.003491422861736211,40330.80477873608,30,0.03787477183754587,2.0
cv,fine_gray,10.0,calib_slope_concordant,0.02852496636310356,18916.636211241843,30,0.0329243606953269,2.0
cv,fine_gray,10.0,ici_concordant,0.046226921362176585,10148.619844599909,30,0.0014978276043788924,3.0
cv,fine_gray,10.0,e50_concordant,0.04403081782847628,10903.523277052394,30,0.0014171283414169996,3.0
cv,fine_gray,10.0,e90_concordant,0.031066354667820345,17208.695182730953,30,0.0032267207287849393,2.0
cv,fine_gray,10.0,auc,0.012350157019919794,33541.51899871991,30,0.00568495845946712,2.0
cv,fine_gray,10.0,cindex,0.011747792528136864,34127.84741729973,30,0.00628304285267521,2.0
cv,fine_gray,10.0,auc_marginal_ipcw,0.009384560006533475,36320.385971722084,30,0.005733599829692427,2.0
cv,fine_gray,10.0,cindex_marginal_ipcw,0.011074605282938707,34772.16577983885,30,0.005574296283544352,2.0
cv,fine_gray,10.0,at_risk_fraction,4.860149189361204e-05,41148.00014579739,30,0.0023999912885427116,2.0
cv,fine_gray,10.0,nb_at_0.01,0.0016334848800173497,40937.17021961328,30,0.0011072646551529095,2.0
cv,fine_gray,10.0,nb_at_0.02,0.004116693202366331,40044.7765850258,30,0.0010846114436159377,2.0
cv,fine_gray,10.0,nb_at_0.03,0.005610471386530322,39209.28385029396,30,0.0010596523240433194,2.0
cv,fine_gray,10.0,nb_at_0.05,0.01246566581981443,33428.19844285139,30,0.000977998607374929,2.0
cv,fine_gray,10.0,nb_at_0.075,0.02370832201039,22661.02076782575,30,0.000870449136580647,2.0
cv,fine_gray,10.0,nb_at_0.2,0.09135283718575414,3219.562860855007,30,0.00036943599266371874,6.0
cv,fine_gray,10.0,frac_above_0.01,0.06220853567981404,6329.147191229857,30,0.002497201592111887,3.0
cv,fine_gray,10.0,frac_above_0.02,0.05993320830843227,6734.841676134879,30,0.0026791829923871516,3.0
cv,fine_gray,10.0,frac_above_0.03,0.07242957008049904,4876.972824395608,30,0.00258864565271424,4.0
cv,fine_gray,10.0,frac_above_0.05,0.07364055507517277,4737.459966307887,30,0.0022188206916788186,4.0
cv,fine_gray,10.0,frac_above_0.075,0.11651737639503515,2049.895795587675,30,0.0019252525768055173,8.0
cv,fine_gray,10.0,frac_above_0.2,0.10619774457452659,2438.5249612807656,30,0.0006298356941292763,7.0
cv,fine_gray,10.0,nb_all_at_0.01,4.860149189361204e-05,41148.00014579739,30,0.0011218565768040538,2.0
cv,fine_gray,10.0,nb_all_at_0.02,4.860149189361204e-05,41148.00014579739,30,0.0011333041013021766,2.0
cv,fine_gray,10.0,nb_all_at_0.03,4.860149189361204e-05,41148.00014579739,30,0.001144987595932287,2.0
cv,fine_gray,10.0,nb_all_at_0.05,4.860149189361204e-05,41148.00014579739,30,0.0011690925953551582,2.0
cv,fine_gray,10.0,nb_all_at_0.075,4.860149189361204e-05,41148.00014579739,30,0.0012006896463603893,2.0
cv,fine_gray,10.0,nb_all_at_0.2,4.860149189361204e-05,41148.00014579739,30,0.001388297690177076,2.0
cv,fine_gray,15.0,mean_pred,0.0312778111148719,17074.59537283472,30,0.00042303487694778,2.0
cv,fine_gray,15.0,obs_cif,4.860149189361204e-05,41148.00014579739,30,0.0017197974801951507,2.0
cv,fine_gray,15.0,eo,0.002025861772687419,40840.63284738278,30,0.026168224712588485,2.0
cv,fine_gray,15.0,calib_intercept,0.004784168506961387,39696.99409382465,30,0.03546514586016819,2.0
cv,fine_gray,15.0,calib_slope,0.018855053527084102,27077.5907149205,30,0.026895660872756886,2.0
cv,fine_gray,15.0,ici,0.045493735823187005,10392.673578052003,30,0.0023308405533478227,3.0
cv,fine_gray,15.0,e50,0.04802166852625136,9582.823424068076,30,0.0020350802731288263,3.0
cv,fine_gray,15.0,e90,0.027835220535010818,19411.618829348845,30,0.005515021160601153,2.0
cv,fine_gray,15.0,obs_concordant,4.860149189361204e-05,41148.00014579739,30,0.0017197974801951507,2.0
cv,fine_gray,15.0,eo_concordant,0.002025861772687419,40840.63284738278,30,0.026168224712588485,2.0
cv,fine_gray,15.0,calib_intercept_concordant,0.004784168506961387,39696.99409382465,30,0.03546514586016819,2.0
cv,fine_gray,15.0,calib_slope_concordant,0.018855053527084102,27077.5907149205,30,0.026895660872756886,2.0
cv,fine_gray,15.0,ici_concordant,0.045493735823187005,10392.673578052003,30,0.0023308405533478227,3.0
cv,fine_gray,15.0,e50_concordant,0.04802166852625136,9582.823424068076,30,0.0020350802731288263,3.0
cv,fine_gray,15.0,e90_concordant,0.027835220535010818,19411.618829348845,30,0.005515021160601153,2.0
cv,fine_gray,15.0,auc,0.011116849173177118,34732.12304683167,30,0.0056654619930262265,2.0
cv,fine_gray,15.0,cindex,0.018514088040235667,27407.9006675907,30,0.005737597117963937,2.0
cv,fine_gray,15.0,auc_marginal_ipcw,0.005144029041172935,39492.12079248573,30,0.0055947027157682485,2.0
cv,fine_gray,15.0,cindex_marginal_ipcw,0.005077628916614718,39530.8124271529,30,0.005229226190209375,2.0
cv,fine_gray,15.0,at_risk_fraction,4.860149189361204e-05,41148.00014579739,30,0.0023392404352275465,2.0
cv,fine_gray,15.0,nb_at_0.01,0.0010893904441260397,41042.17758917415,30,0.00173205233158987,2.0
cv,fine_gray,15.0,nb_at_0.02,0.0022295640374852214,40783.73097969919,30,0.0017228087693536267,2.0
cv,fine_gray,15.0,nb_at_0.03,0.0021783932356787923,40798.457884336414,30,0.0017087207710091198,2.0
cv,fine_gray,15.0,nb_at_0.05,0.004223753654546029,39991.88846654355,30,0.0016513378388996465,2.0
cv,fine_gray,15.0,nb_at_0.075,0.011124960070252762,34724.42841263769,30,0.0015744798223099714,2.0
cv,fine_gray,15.0,nb_at_0.2,0.05175840109675643,8534.942474093355,30,0.0010258199045483595,3.0
cv,fine_gray,15.0,frac_above_0.01,0.2727248654460478,399.1552738773058,30,0.0024407369972696846,31.0
cv,fine_gray,15.0,frac_above_0.02,0.05806740875895836,7095.359771923237,30,0.0025190509567299176,3.0
cv,fine_gray,15.0,frac_above_0.03,0.056141013603464726,7496.594398635678,30,0.0026870491892790034,3.0
cv,fine_gray,15.0,frac_above_0.05,0.08695072600470864,3522.1964805654447,30,0.002617987029959795,5.0
cv,fine_gray,15.0,frac_above_0.075,0.055729273600722364,7586.442254971835,30,0.002331305998035886,3.0
cv,fine_gray,15.0,frac_above_0.2,0.07695744432344181,4383.554407445294,30,0.001290851048455106,4.0
cv,fine_gray,15.0,nb_all_at_0.01,4.860149189361204e-05,41148.00014579739,30,0.0017371690759822298,2.0
cv,fine_gray,15.0,nb_all_at_0.02,4.860149189361204e-05,41148.00014579739,30,0.0017548952362100268,2.0
cv,fine_gray,15.0,nb_all_at_0.03,4.860149189361204e-05,41148.00014579739,30,0.0017729870634419869,2.0
cv,fine_gray,15.0,nb_all_at_0.05,4.860149189361204e-05,41148.00014579739,30,0.001810313009012997,2.0
cv,fine_gray,15.0,nb_all_at_0.075,4.860149189361204e-05,41148.00014579739,30,0.0018592403611930551,2.0
cv,fine_gray,15.0,nb_all_at_0.2,4.860149189361204e-05,41148.00014579739,30,0.002149746595740512,2.0
cv,rsf_cr,5.0,mean_pred,0.01317144693390645,32730.756322814123,30,0.00012594786750261353,2.0
cv,rsf_cr,5.0,obs_cif,4.860149189361204e-05,41148.00014579739,30,0.000629099690450189,2.0
cv,rsf_cr,5.0,eo,0.0005837338219724191,41109.29048073838,30,0.03930620891208301,2.0
cv,rsf_cr,5.0,calib_intercept,0.018075892783816536,27835.362440229153,30,0.049081417882597615,2.0
cv,rsf_cr,5.0,calib_slope,0.08932420086437197,3354.1007010520007,30,0.0655877775914311,5.0
cv,rsf_cr,5.0,ici,0.05716006306258534,7280.506718111693,30,0.00048429658406884933,3.0
cv,rsf_cr,5.0,e50,0.09359021856669193,3080.1533028563435,30,0.00038540645738293304,6.0
cv,rsf_cr,5.0,e90,0.03612786767266182,14312.288668448991,30,0.0012276735193097919,2.0
cv,rsf_cr,5.0,obs_concordant,4.860149189361204e-05,41148.00014579739,30,0.000629099690450189,2.0
cv,rsf_cr,5.0,eo_concordant,0.0005837338219724191,41109.29048073838,30,0.03930620891208301,2.0
cv,rsf_cr,5.0,calib_intercept_concordant,0.018075892783816536,27835.362440229153,30,0.049081417882597615,2.0
cv,rsf_cr,5.0,calib_slope_concordant,0.08932420086437197,3354.1007010520007,30,0.0655877775914311,5.0
cv,rsf_cr,5.0,ici_concordant,0.05716006306258534,7280.506718111693,30,0.00048429658406884933,3.0
cv,rsf_cr,5.0,e50_concordant,0.09359021856669193,3080.1533028563435,30,0.00038540645738293304,6.0
cv,rsf_cr,5.0,e90_concordant,0.03612786767266182,14312.288668448991,30,0.0012276735193097919,2.0
cv,rsf_cr,5.0,auc,0.07035095083754184,5130.581481137618,30,0.00757443421350306,4.0
cv,rsf_cr,5.0,cindex,0.06115007342031257,6513.455908685677,30,0.008149792539805396,3.0
cv,rsf_cr,5.0,auc_marginal_ipcw,0.06956261262060413,5231.727999834386,30,0.007668002277823109,4.0
cv,rsf_cr,5.0,cindex_marginal_ipcw,0.06957009029053972,5230.755215316029,30,0.007630522760302553,4.0
cv,rsf_cr,5.0,at_risk_fraction,4.860149189361204e-05,41148.00014579739,30,0.0019620496140070115,2.0
cv,rsf_cr,5.0,nb_at_0.01,0.016054624532870723,29840.69140630048,30,0.0006036408009014334,2.0
cv,rsf_cr,5.0,nb_at_0.02,0.021975682970478153,24169.708616042273,30,0.0005722298710933876,2.0
cv,rsf_cr,5.0,nb_at_0.03,0.031097030503656153,17189.166763811336,30,0.0005394635112200588,2.0
cv,rsf_cr,5.0,nb_at_0.05,0.06360575210857879,6096.955424772133,30,0.0004572592366814359,4.0
cv,rsf_cr,5.0,nb_at_0.075,0.1499305807510646,1269.8125462834282,30,0.0003520442136121099,12.0
cv,rsf_cr,5.0,nb_at_0.2,0.21392340160388645,639.6892201539094,30,2.17095415973812e-05,21.0
cv,rsf_cr,5.0,frac_above_0.01,0.46294982530582623,142.79459828907883,30,0.0033620882827017262,71.0
cv,rsf_cr,5.0,frac_above_0.02,0.25429424452569743,457.3100308662757,30,0.0024980136695695516,28.0
cv,rsf_cr,5.0,frac_above_0.03,0.31248633311786,306.34521549203646,30,0.002233097195951729,38.0
cv,rsf_cr,5.0,frac_above_0.05,0.3693322138580978,221.368496885915,30,0.0017227734798337022,50.0
cv,rsf_cr,5.0,frac_above_0.075,0.3772453324531055,212.4370557945214,30,0.0011555612402940868,52.0
cv,rsf_cr,5.0,frac_above_0.2,0.5704581842239159,95.3327751504092,30,5.207847693377693e-05,96.0
cv,rsf_cr,5.0,nb_all_at_0.01,4.860149189361204e-05,41148.00014579739,30,0.0006354542394474852,2.0
cv,rsf_cr,5.0,nb_all_at_0.02,4.860149189361204e-05,41148.00014579739,30,0.0006419384490491791,2.0
cv,rsf_cr,5.0,nb_all_at_0.03,4.860149189361204e-05,41148.00014579739,30,0.0006485563622315248,2.0
cv,rsf_cr,5.0,nb_all_at_0.05,4.860149189361204e-05,41148.00014579739,30,0.000662210189357622,2.0
cv,rsf_cr,5.0,nb_all_at_0.075,4.860149189361204e-05,41148.00014579739,30,0.0006801078130975923,2.0
cv,rsf_cr,5.0,nb_all_at_0.2,4.860149189361204e-05,41148.00014579739,30,0.0007863746300046314,2.0
cv,rsf_cr,10.0,mean_pred,0.020295703608317405,25707.3936413618,30,0.0002614716387777552,2.0
cv,rsf_cr,10.0,obs_cif,4.860149189361204e-05,41148.00014579739,30,0.0011106379883628879,2.0
cv,rsf_cr,10.0,eo,0.0012220563875902123,41019.69094625072,30,0.02950847271545645,2.0
cv,rsf_cr,10.0,calib_intercept,0.012720447023867947,33177.366050508914,30,0.03555139423110165,2.0
cv,rsf_cr,10.0,calib_slope,0.06631559463798864,5679.870711917689,30,0.04434862607159305,4.0
cv,rsf_cr,10.0,ici,0.026635116230516395,20305.58962888637,30,0.0008187451942243651,2.0
cv,rsf_cr,10.0,e50,0.027850903745613498,19400.212155451685,30,0.0007182776321594351,2.0
cv,rsf_cr,10.0,e90,0.013312194041700967,32590.794534917466,30,0.0019998069275392314,2.0
cv,rsf_cr,10.0,obs_concordant,4.860149189361204e-05,41148.00014579739,30,0.0011106379883628879,2.0
cv,rsf_cr,10.0,eo_concordant,0.0012220563875902123,41019.69094625072,30,0.02950847271545645,2.0
cv,rsf_cr,10.0,calib_intercept_concordant,0.012720447023867947,33177.366050508914,30,0.03555139423110165,2.0
cv,rsf_cr,10.0,calib_slope_concordant,0.06631559463798864,5679.870711917689,30,0.04434862607159305,4.0
cv,rsf_cr,10.0,ici_concordant,0.026635116230516395,20305.58962888637,30,0.0008187451942243651,2.0
cv,rsf_cr,10.0,e50_concordant,0.027850903745613498,19400.212155451685,30,0.0007182776321594351,2.0
cv,rsf_cr,10.0,e90_concordant,0.013312194041700967,32590.794534917466,30,0.0019998069275392314,2.0
cv,rsf_cr,10.0,auc,0.04051255092266548,12275.126675409247,30,0.005676880825617834,2.0
cv,rsf_cr,10.0,cindex,0.04029281118552952,12368.069221980293,30,0.0060815772361708775,2.0
cv,rsf_cr,10.0,auc_marginal_ipcw,0.0378466430054223,13466.240561553856,30,0.005805735536021552,2.0
cv,rsf_cr,10.0,cindex_marginal_ipcw,0.04004723117798095,12473.017599416164,30,0.005661688387241832,2.0
cv,rsf_cr,10.0,at_risk_fraction,4.860149189361204e-05,41148.00014579739,30,0.0023999912885427116,2.0
cv,rsf_cr,10.0,nb_at_0.01,0.008792555462883548,36832.740678823946,30,0.0011004197180532794,2.0
cv,rsf_cr,10.0,nb_at_0.02,0.009530571359394321,36191.35118175384,30,0.0010717442485204144,2.0
cv,rsf_cr,10.0,nb_at_0.03,0.01776496009683415,28140.538367116656,30,0.0010543787594565798,2.0
cv,rsf_cr,10.0,nb_at_0.05,0.037653067674085876,13558.3381340821,30,0.000996857270902293,2.0
cv,rsf_cr,10.0,nb_at_0.075,0.04415376609895962,10859.322948072764,30,0.0009113713908063674,3.0
cv,rsf_cr,10.0,nb_at_0.2,0.23669528229639522,525.6776787296637,30,0.00038146369967347835,25.0
cv,rsf_cr,10.0,frac_above_0.01,0.44477624195789184,154.32122034548937,30,0.003273143122440279,67.0
cv,rsf_cr,10.0,frac_above_0.02,0.30852819448279667,314.0336939281521,30,0.003037902026105897,38.0
cv,rsf_cr,10.0,frac_above_0.03,0.35891764367613344,234.02010769843938,30,0.0030454859843271087,48.0
cv,rsf_cr,10.0,frac_above_0.05,0.19539981004104737,762.3596259281666,30,0.0024300823703152902,18.0
cv,rsf_cr,10.0,frac_above_0.075,0.14034581325559697,1440.7402903334125,30,0.0019883279187686387,11.0
cv,rsf_cr,10.0,frac_above_0.2,0.4290843482723564,165.45436898541567,30,0.0007366925968654986,63.0
cv,rsf_cr,10.0,nb_all_at_0.01,4.860149189361204e-05,41148.00014579739,30,0.0011218565768040538,2.0
cv,rsf_cr,10.0,nb_all_at_0.02,4.860149189361204e-05,41148.00014579739,30,0.0011333041013021766,2.0
cv,rsf_cr,10.0,nb_all_at_0.03,4.860149189361204e-05,41148.00014579739,30,0.001144987595932287,2.0
cv,rsf_cr,10.0,nb_all_at_0.05,4.860149189361204e-05,41148.00014579739,30,0.0011690925953551582,2.0
cv,rsf_cr,10.0,nb_all_at_0.075,4.860149189361204e-05,41148.00014579739,30,0.0012006896463603893,2.0
cv,rsf_cr,10.0,nb_all_at_0.2,4.860149189361204e-05,41148.00014579739,30,0.001388297690177076,2.0
cv,rsf_cr,15.0,mean_pred,0.04003026396025858,12480.310790061721,30,0.00042072820685275475,2.0
cv,rsf_cr,15.0,obs_cif,4.860149189361204e-05,41148.00014579739,30,0.0017197974801951507,2.0
cv,rsf_cr,15.0,eo,0.0025339927539172378,40690.15682824614,30,0.026258582352167652,2.0
cv,rsf_cr,15.0,calib_intercept,0.015213831079051082,30684.731337352463,30,0.03213876947204678,2.0
cv,rsf_cr,15.0,calib_slope,0.10622221058798755,2437.4788026217225,30,0.04097540411717695,7.0
cv,rsf_cr,15.0,ici,0.14738065432285619,1312.2018628052679,30,0.0013595097779248485,11.0
cv,rsf_cr,15.0,e50,0.1359597468471554,1530.618910747118,30,0.001207368471145966,10.0
cv,rsf_cr,15.0,e90,0.045586708138201364,10361.294611283287,30,0.0030917227310376535,3.0
cv,rsf_cr,15.0,obs_concordant,4.860149189361204e-05,41148.00014579739,30,0.0017197974801951507,2.0
cv,rsf_cr,15.0,eo_concordant,0.0025339927539172378,40690.15682824614,30,0.026258582352167652,2.0
cv,rsf_cr,15.0,calib_intercept_concordant,0.015213831079051082,30684.731337352463,30,0.03213876947204678,2.0
cv,rsf_cr,15.0,calib_slope_concordant,0.10622221058798755,2437.4788026217225,30,0.04097540411717695,7.0
cv,rsf_cr,15.0,ici_concordant,0.14738065432285619,1312.2018628052679,30,0.0013595097779248485,11.0
cv,rsf_cr,15.0,e50_concordant,0.1359597468471554,1530.618910747118,30,0.001207368471145966,10.0
cv,rsf_cr,15.0,e90_concordant,0.045586708138201364,10361.294611283287,30,0.0030917227310376535,3.0
cv,rsf_cr,15.0,auc,0.04172643679434771,11777.666116644878,30,0.005572109950732984,2.0
cv,rsf_cr,15.0,cindex,0.04635130605265981,10107.979903731895,30,0.0054651371310357084,3.0
cv,rsf_cr,15.0,auc_marginal_ipcw,0.038976568522035404,12944.152396300857,30,0.005656731057792156,2.0
cv,rsf_cr,15.0,cindex_marginal_ipcw,0.040764832861641245,12169.529122710539,30,0.0053250865778181975,2.0
cv,rsf_cr,15.0,at_risk_fraction,4.860149189361204e-05,41148.00014579739,30,0.0023392404352275465,2.0
cv,rsf_cr,15.0,nb_at_0.01,0.0069805672893345355,38274.15032611801,30,0.0017348803551271862,2.0
cv,rsf_cr,15.0,nb_at_0.02,0.012010692663407704,33872.95951154619,30,0.0017251485197824934,2.0
cv,rsf_cr,15.0,nb_at_0.03,0.011861962677926153,34017.36172609691,30,0.0016979036602746576,2.0
cv,rsf_cr,15.0,nb_at_0.05,0.012834221384662408,33064.99320784237,30,0.0016572784025418166,2.0
cv,rsf_cr,15.0,nb_at_0.075,0.02426059587798756,22197.674608708567,30,0.0015951116634575417,2.0
cv,rsf_cr,15.0,nb_at_0.2,0.08476722949841448,3687.923625075637,30,0.0010779031111446717,5.0
cv,rsf_cr,15.0,frac_above_0.01,0.7105063149452345,62.43010118260815,30,0.004001001790757917,130.0
cv,rsf_cr,15.0,frac_above_0.02,0.4782003186864062,134.10357453262253,30,0.003401520168391064,74.0
cv,rsf_cr,15.0,frac_above_0.03,0.3570317915009944,236.42820147942672,30,0.003165243239097732,47.0
cv,rsf_cr,15.0,frac_above_0.05,0.3050752060071344,320.98228627603345,30,0.0029944104934174426,37.0
cv,rsf_cr,15.0,frac_above_0.075,0.2767914454438041,387.83267681754984,30,0.0027452969030164333,32.0
cv,rsf_cr,15.0,frac_above_0.2,0.22400417646565415,585.0319976295336,30,0.0014900993280019459,22.0
cv,rsf_cr,15.0,nb_all_at_0.01,4.860149189361204e-05,41148.00014579739,30,0.0017371690759822298,2.0
cv,rsf_cr,15.0,nb_all_at_0.02,4.860149189361204e-05,41148.00014579739,30,0.0017548952362100268,2.0
cv,rsf_cr,15.0,nb_all_at_0.03,4.860149189361204e-05,41148.00014579739,30,0.0017729870634419869,2.0
cv,rsf_cr,15.0,nb_all_at_0.05,4.860149189361204e-05,41148.00014579739,30,0.001810313009012997,2.0
cv,rsf_cr,15.0,nb_all_at_0.075,4.860149189361204e-05,41148.00014579739,30,0.0018592403611930551,2.0
cv,rsf_cr,15.0,nb_all_at_0.2,4.860149189361204e-05,41148.00014579739,30,0.002149746595740512,2.0
cv,deephit,5.0,mean_pred,0.29900215790058754,333.78142003599277,30,0.00014766520434237934,36.0
cv,deephit,5.0,obs_cif,4.860149189361204e-05,41148.00014579739,30,0.000629099690450189,2.0
cv,deephit,5.0,eo,0.014847678413652272,31052.790772928478,30,0.0414520973028851,2.0
cv,deephit,5.0,calib_intercept,0.020673102661407098,25355.96745016232,30,0.04776647901388816,2.0
cv,deephit,5.0,calib_slope,0.052538971720077966,8336.050310386674,30,0.08391724794682978,3.0
cv,deephit,5.0,ici,0.07090866083107697,5060.710866555259,30,0.0006814259265784135,4.0
cv,deephit,5.0,e50,0.07451311813719386,4640.47179115567,30,0.0003705853861015678,4.0
cv,deephit,5.0,e90,0.06343877134709815,6124.063336646159,30,0.0016029538947597022,4.0
cv,deephit,5.0,obs_concordant,4.860149189361204e-05,41148.00014579739,30,0.000629099690450189,2.0
cv,deephit,5.0,eo_concordant,0.014847678413652272,31052.790772928478,30,0.0414520973028851,2.0
cv,deephit,5.0,calib_intercept_concordant,0.020673102661407098,25355.96745016232,30,0.04776647901388816,2.0
cv,deephit,5.0,calib_slope_concordant,0.052538971720077966,8336.050310386674,30,0.08391724794682978,3.0
cv,deephit,5.0,ici_concordant,0.07090866083107697,5060.710866555259,30,0.0006814259265784135,4.0
cv,deephit,5.0,e50_concordant,0.07451311813719386,4640.47179115567,30,0.0003705853861015678,4.0
cv,deephit,5.0,e90_concordant,0.06343877134709815,6124.063336646159,30,0.0016029538947597022,4.0
cv,deephit,5.0,auc,0.025440988577901124,21236.663972847582,30,0.007120850343302106,2.0
cv,deephit,5.0,cindex,0.025917973876214057,20859.775870531535,30,0.007045633334939632,2.0
cv,deephit,5.0,auc_marginal_ipcw,0.023044748757959446,23229.101682094828,30,0.007189130249604798,2.0
cv,deephit,5.0,cindex_marginal_ipcw,0.023539337674127202,22804.51892099197,30,0.0071666428807924745,2.0
cv,deephit,5.0,at_risk_fraction,4.860149189361204e-05,41148.00014579739,30,0.0019620496140070115,2.0
cv,deephit,5.0,nb_at_0.01,0.006812908908010549,38396.40492213349,30,0.0006092212289889995,2.0
cv,deephit,5.0,nb_at_0.02,0.013469295047352996,32434.28788407555,30,0.000582930698440477,2.0
cv,deephit,5.0,nb_at_0.03,0.01668219774854628,29213.368584385185,30,0.0005540876933233737,2.0
cv,deephit,5.0,nb_at_0.05,0.051213893375283266,8677.563901132613,30,0.0004951885993414052,3.0
cv,deephit,5.0,nb_at_0.075,0.08818927349181747,3432.982181972049,30,0.00035708894787305254,5.0
cv,deephit,5.0,nb_at_0.2,0.4069260035556729,183.38404914562045,30,1.288689591309578e-05,58.0
cv,deephit,5.0,frac_above_0.01,0.4566648837438953,146.62797333054283,30,0.003321228313856601,69.0
cv,deephit,5.0,frac_above_0.02,0.449737423754629,151.03775596693802,30,0.0029478310666021805,68.0
cv,deephit,5.0,frac_above_0.03,0.38385805962545977,205.38646331634385,30,0.0025075559849350687,53.0
cv,deephit,5.0,frac_above_0.05,0.4714172060434588,137.86675882802518,30,0.0020180821087176248,73.0
cv,deephit,5.0,frac_above_0.075,0.5630869398103708,97.75832839274408,30,0.0013839122503947236,94.0
cv,deephit,5.0,frac_above_0.2,0.5710173957723748,95.15252149347208,30,3.608628734255568e-05,96.0
cv,deephit,5.0,nb_all_at_0.01,4.860149189361204e-05,41148.00014579739,30,0.0006354542394474852,2.0
cv,deephit,5.0,nb_all_at_0.02,4.860149189361204e-05,41148.00014579739,30,0.0006419384490491791,2.0
cv,deephit,5.0,nb_all_at_0.03,4.860149189361204e-05,41148.00014579739,30,0.0006485563622315248,2.0
cv,deephit,5.0,nb_all_at_0.05,4.860149189361204e-05,41148.00014579739,30,0.000662210189357622,2.0
cv,deephit,5.0,nb_all_at_0.075,4.860149189361204e-05,41148.00014579739,30,0.0006801078130975923,2.0
cv,deephit,5.0,nb_all_at_0.2,4.860149189361204e-05,41148.00014579739,30,0.0007863746300046314,2.0
cv,deephit,10.0,mean_pred,0.27479281777343423,393.33590258954257,30,0.00030031561633711204,31.0
cv,deephit,10.0,obs_cif,4.860149189361204e-05,41148.00014579739,30,0.0011106379883628879,2.0
cv,deephit,10.0,eo,0.019055143359352784,26884.755494475008,30,0.0307790426016092,2.0
cv,deephit,10.0,calib_intercept,0.027463568110074114,19684.00597754714,30,0.034796591957988066,2.0
cv,deephit,10.0,calib_slope,0.04033155096352832,12351.617841400568,30,0.059863851932026285,2.0
cv,deephit,10.0,ici,0.04473258529599915,10654.397463027351,30,0.0010120401957794372,3.0
cv,deephit,10.0,e50,0.03858654079618948,13121.41684022028,30,0.0006065518994569154,2.0
cv,deephit,10.0,e90,0.04021985661824336,12399.127140047485,30,0.002337358444728423,2.0
cv,deephit,10.0,obs_concordant,4.860149189361204e-05,41148.00014579739,30,0.0011106379883628879,2.0
cv,deephit,10.0,eo_concordant,0.019055143359352784,26884.755494475008,30,0.0307790426016092,2.0
cv,deephit,10.0,calib_intercept_concordant,0.027463568110074114,19684.00597754714,30,0.034796591957988066,2.0
cv,deephit,10.0,calib_slope_concordant,0.04033155096352832,12351.617841400568,30,0.059863851932026285,2.0
cv,deephit,10.0,ici_concordant,0.04473258529599915,10654.397463027351,30,0.0010120401957794372,3.0
cv,deephit,10.0,e50_concordant,0.03858654079618948,13121.41684022028,30,0.0006065518994569154,2.0
cv,deephit,10.0,e90_concordant,0.04021985661824336,12399.127140047485,30,0.002337358444728423,2.0
cv,deephit,10.0,auc,0.015169817702820922,30728.97097107415,30,0.005485569281604857,2.0
cv,deephit,10.0,cindex,0.015489777223028538,30407.444272595207,30,0.005754236184725254,2.0
cv,deephit,10.0,auc_marginal_ipcw,0.012680104748379406,33217.15956776167,30,0.005560127946525778,2.0
cv,deephit,10.0,cindex_marginal_ipcw,0.014129732996424314,31773.751751531363,30,0.005419559120485991,2.0
cv,deephit,10.0,at_risk_fraction,4.860149189361204e-05,41148.00014579739,30,0.0023999912885427116,2.0
cv,deephit,10.0,nb_at_0.01,0.0019341140972731821,40864.752842537484,30,0.0011008788817603596,2.0
cv,deephit,10.0,nb_at_0.02,0.0037723950640461083,40207.15760867483,30,0.001084723556600129,2.0
cv,deephit,10.0,nb_at_0.03,0.0027461292453537754,40618.97194597991,30,0.0010583417482384313,2.0
cv,deephit,10.0,nb_at_0.05,0.012456020454009228,33437.670964339726,30,0.0010180327701416652,2.0
cv,deephit,10.0,nb_at_0.075,0.023440273054581337,22889.015386140738,30,0.0009546211815354063,2.0
cv,deephit,10.0,nb_at_0.2,0.12488258740291196,1798.56738620375,30,0.00032694905819954034,9.0
cv,deephit,10.0,frac_above_0.01,0.4802941246245608,132.97352772696152,30,0.003352668006675255,75.0
cv,deephit,10.0,frac_above_0.02,0.34160065936831213,257.6283002006766,30,0.0030951149182176538,44.0
cv,deephit,10.0,frac_above_0.03,0.3495508097894917,246.36133003069898,30,0.0030063789061832167,46.0
cv,deephit,10.0,frac_above_0.05,0.3422793412320984,256.63624699624745,30,0.002730387927976499,44.0
cv,deephit,10.0,frac_above_0.075,0.32968745394433974,276.0344282718402,30,0.0024107397704852106,42.0
cv,deephit,10.0,frac_above_0.2,0.733572022564102,58.706317448017074,30,0.0009476437762251733,136.0
cv,deephit,10.0,nb_all_at_0.01,4.860149189361204e-05,41148.00014579739,30,0.0011218565768040538,2.0
cv,deephit,10.0,nb_all_at_0.02,4.860149189361204e-05,41148.00014579739,30,0.0011333041013021766,2.0
cv,deephit,10.0,nb_all_at_0.03,4.860149189361204e-05,41148.00014579739,30,0.001144987595932287,2.0
cv,deephit,10.0,nb_all_at_0.05,4.860149189361204e-05,41148.00014579739,30,0.0011690925953551582,2.0
cv,deephit,10.0,nb_all_at_0.075,4.860149189361204e-05,41148.00014579739,30,0.0012006896463603893,2.0
cv,deephit,10.0,nb_all_at_0.2,4.860149189361204e-05,41148.00014579739,30,0.001388297690177076,2.0
cv,deephit,15.0,mean_pred,0.3327770600520461,271.07383465618284,30,0.0004881301524976882,42.0
cv,deephit,15.0,obs_cif,4.860149189361204e-05,41148.00014579739,30,0.0017197974801951507,2.0
cv,deephit,15.0,eo,0.025569910069377644,21134.14490157941,30,0.02718475211063278,2.0
cv,deephit,15.0,calib_intercept,0.031046964791542436,17221.051989544958,30,0.03148737293530968,2.0
cv,deephit,15.0,calib_slope,0.03668259540564857,14032.162108525745,30,0.051272804705605274,2.0
cv,deephit,15.0,ici,0.04610375161045488,10189.07896261158,30,0.0013411512887112436,3.0
cv,deephit,15.0,e50,0.03253610524232114,16301.17096546478,30,0.0009542449960632326,2.0
cv,deephit,15.0,e90,0.048044001220568566,9576.054201800282,30,0.00328245447171587,3.0
cv,deephit,15.0,obs_concordant,4.860149189361204e-05,41148.00014579739,30,0.0017197974801951507,2.0
cv,deephit,15.0,eo_concordant,0.025569910069377644,21134.14490157941,30,0.02718475211063278,2.0
cv,deephit,15.0,calib_intercept_concordant,0.031046964791542436,17221.051989544958,30,0.03148737293530968,2.0
cv,deephit,15.0,calib_slope_concordant,0.03668259540564857,14032.162108525745,30,0.051272804705605274,2.0
cv,deephit,15.0,ici_concordant,0.04610375161045488,10189.07896261158,30,0.0013411512887112436,3.0
cv,deephit,15.0,e50_concordant,0.03253610524232114,16301.17096546478,30,0.0009542449960632326,2.0
cv,deephit,15.0,e90_concordant,0.048044001220568566,9576.054201800282,30,0.00328245447171587,3.0
cv,deephit,15.0,auc,0.014470443258495665,31431.836616386965,30,0.005401250113187324,2.0
cv,deephit,15.0,cindex,0.023689599292346153,22676.88014064864,30,0.004922278095565035,2.0
cv,deephit,15.0,auc_marginal_ipcw,0.010914655125706623,34923.26707640928,30,0.0054066405186157076,2.0
cv,deephit,15.0,cindex_marginal_ipcw,0.012910392418961445,32989.64449191795,30,0.005074682966034045,2.0
cv,deephit,15.0,at_risk_fraction,4.860149189361204e-05,41148.00014579739,30,0.0023392404352275465,2.0
cv,deephit,15.0,nb_at_0.01,0.003318652765224594,40402.8045391601,30,0.0017349342040248984,2.0
cv,deephit,15.0,nb_at_0.02,0.0023999472645168806,40732.61236144875,30,0.0017228571136419125,2.0
cv,deephit,15.0,nb_at_0.03,0.0037444183797675852,40219.82972558601,30,0.001700654628413735,2.0
cv,deephit,15.0,nb_at_0.05,0.0056199607202758045,39203.33288904219,30,0.0016680506737669076,2.0
cv,deephit,15.0,nb_at_0.075,0.008012925474524646,37478.2372666272,30,0.001635933810051571,2.0
cv,deephit,15.0,nb_at_0.2,0.046854594357474626,9945.75353622989,30,0.0011522708843856148,3.0
cv,deephit,15.0,frac_above_0.01,0.6840248113425964,67.16778227431838,30,0.003862266405439424,124.0
cv,deephit,15.0,frac_above_0.02,0.44158397444017305,156.49177761310486,30,0.0032540400576666242,66.0
cv,deephit,15.0,frac_above_0.03,0.36566018435194253,225.70809293815427,30,0.0031841854601428582,49.0
cv,deephit,15.0,frac_above_0.05,0.34643918073467106,250.680383364905,30,0.0030460529244225516,45.0
cv,deephit,15.0,frac_above_0.075,0.3945635008141133,194.70314985540918,30,0.0029692614323456224,55.0
cv,deephit,15.0,frac_above_0.2,0.6724546586954421,69.4118091932933,30,0.002375781673670111,121.0
cv,deephit,15.0,nb_all_at_0.01,4.860149189361204e-05,41148.00014579739,30,0.0017371690759822298,2.0
cv,deephit,15.0,nb_all_at_0.02,4.860149189361204e-05,41148.00014579739,30,0.0017548952362100268,2.0
cv,deephit,15.0,nb_all_at_0.03,4.860149189361204e-05,41148.00014579739,30,0.0017729870634419869,2.0
cv,deephit,15.0,nb_all_at_0.05,4.860149189361204e-05,41148.00014579739,30,0.001810313009012997,2.0
cv,deephit,15.0,nb_all_at_0.075,4.860149189361204e-05,41148.00014579739,30,0.0018592403611930551,2.0
cv,deephit,15.0,nb_all_at_0.2,4.860149189361204e-05,41148.00014579739,30,0.002149746595740512,2.0
cv,nfg,5.0,mean_pred,0.2917582247285813,350.08548057394086,30,0.00013948461646512346,34.0
cv,nfg,5.0,obs_cif,4.860149189361204e-05,41148.00014579739,30,0.000629099690450189,2.0
cv,nfg,5.0,eo,0.017647941615038347,28255.761093101657,30,0.03547970002823194,2.0
cv,nfg,5.0,calib_intercept,0.022933977946071882,23325.12268070669,30,0.04918246574966471,2.0
cv,nfg,5.0,calib_slope,0.04896705480448742,9301.843297185533,30,0.08053170784710874,3.0
cv,nfg,5.0,ici,0.027760358645801227,19466.164924305336,30,0.0005511894620795311,2.0
cv,nfg,5.0,e50,0.039170069968103974,12857.33937693592,30,0.0002873194189514316,2.0
cv,nfg,5.0,e90,0.039181755853611604,12852.120411422105,30,0.0016548542220740747,2.0
cv,nfg,5.0,obs_concordant,4.860149189361204e-05,41148.00014579739,30,0.000629099690450189,2.0
cv,nfg,5.0,eo_concordant,0.017647941615038347,28255.761093101657,30,0.03547970002823194,2.0
cv,nfg,5.0,calib_intercept_concordant,0.022933977946071882,23325.12268070669,30,0.04918246574966471,2.0
cv,nfg,5.0,calib_slope_concordant,0.04896705480448742,9301.843297185533,30,0.08053170784710874,3.0
cv,nfg,5.0,ici_concordant,0.027760358645801227,19466.164924305336,30,0.0005511894620795311,2.0
cv,nfg,5.0,e50_concordant,0.039170069968103974,12857.33937693592,30,0.0002873194189514316,2.0
cv,nfg,5.0,e90_concordant,0.039181755853611604,12852.120411422105,30,0.0016548542220740747,2.0
cv,nfg,5.0,auc,0.03661332015159907,14066.770276908206,30,0.007348364599360316,2.0
cv,nfg,5.0,cindex,0.03734187634891015,13708.060831853,30,0.007241612893293839,2.0
cv,nfg,5.0,auc_marginal_ipcw,0.034102428656486994,15395.300534154909,30,0.007417573290193407,2.0
cv,nfg,5.0,cindex_marginal_ipcw,0.034100270360069504,15396.506726521093,30,0.007386788492233206,2.0
cv,nfg,5.0,at_risk_fraction,4.860149189361204e-05,41148.00014579739,30,0.0019620496140070115,2.0
cv,nfg,5.0,nb_at_0.01,0.0073665641507585046,37985.01256239369,30,0.0005967614059990029,2.0
cv,nfg,5.0,nb_at_0.02,0.01593597083585878,29959.61448533595,30,0.000559962878318711,2.0
cv,nfg,5.0,nb_at_0.03,0.030276518403863237,17720.313624236984,30,0.000532933598054136,2.0
cv,nfg,5.0,nb_at_0.05,0.034046882016423564,15426.379773004015,30,0.00046145178649820276,2.0
cv,nfg,5.0,nb_at_0.075,0.0499564377151107,9019.637229172866,30,0.00034927444765144445,3.0
cv,nfg,5.0,nb_at_0.2,0.4330067325621794,162.55953753529326,30,2.317153668548575e-06,64.0
cv,nfg,5.0,frac_above_0.01,0.5833801678928063,91.29677112892475,30,0.003522554715488084,99.0
cv,nfg,5.0,frac_above_0.02,0.6199539561168893,81.1877305584315,30,0.003226773131018546,108.0
cv,nfg,5.0,frac_above_0.03,0.5250815211247947,111.89775596767011,30,0.0025748735219028266,85.0
cv,nfg,5.0,frac_above_0.05,0.4282442736830762,166.08456660961303,30,0.0018068343973245968,63.0
cv,nfg,5.0,frac_above_0.075,0.6139003434869614,82.73923237019268,30,0.0014501265417011869,107.0
cv,nfg,5.0,frac_above_0.2,0.4330067325621794,162.55953753529326,30,9.2686146741943e-06,64.0
cv,nfg,5.0,nb_all_at_0.01,4.860149189361204e-05,41148.00014579739,30,0.0006354542394474852,2.0
cv,nfg,5.0,nb_all_at_0.02,4.860149189361204e-05,41148.00014579739,30,0.0006419384490491791,2.0
cv,nfg,5.0,nb_all_at_0.03,4.860149189361204e-05,41148.00014579739,30,0.0006485563622315248,2.0
cv,nfg,5.0,nb_all_at_0.05,4.860149189361204e-05,41148.00014579739,30,0.000662210189357622,2.0
cv,nfg,5.0,nb_all_at_0.075,4.860149189361204e-05,41148.00014579739,30,0.0006801078130975923,2.0
cv,nfg,5.0,nb_all_at_0.2,4.860149189361204e-05,41148.00014579739,30,0.0007863746300046314,2.0
cv,nfg,10.0,mean_pred,0.2855010233454778,365.15944581608403,30,0.00028778270379724346,33.0
cv,nfg,10.0,obs_cif,4.860149189361204e-05,41148.00014579739,30,0.0011106379883628879,2.0
cv,nfg,10.0,eo,0.023497684864330466,22840.012892789673,30,0.027061388707440816,2.0
cv,nfg,10.0,calib_intercept,0.022997897114395066,23269.673521895864,30,0.03572582121999387,2.0
cv,nfg,10.0,calib_slope,0.024147638079473847,22291.738381189094,30,0.04890267085888316,2.0
cv,nfg,10.0,ici,0.02499231795907387,21597.208130211293,30,0.0010159086812260075,2.0
cv,nfg,10.0,e50,0.013882682102076039,32021.257670197752,30,0.0005717336547996631,2.0
cv,nfg,10.0,e90,0.023515495789314965,22824.8295611944,30,0.0036342913227507124,2.0
cv,nfg,10.0,obs_concordant,4.860149189361204e-05,41148.00014579739,30,0.0011106379883628879,2.0
cv,nfg,10.0,eo_concordant,0.023497684864330466,22840.012892789673,30,0.027061388707440816,2.0
cv,nfg,10.0,calib_intercept_concordant,0.022997897114395066,23269.673521895864,30,0.03572582121999387,2.0
cv,nfg,10.0,calib_slope_concordant,0.024147638079473847,22291.738381189094,30,0.04890267085888316,2.0
cv,nfg,10.0,ici_concordant,0.02499231795907387,21597.208130211293,30,0.0010159086812260075,2.0
cv,nfg,10.0,e50_concordant,0.013882682102076039,32021.257670197752,30,0.0005717336547996631,2.0
cv,nfg,10.0,e90_concordant,0.023515495789314965,22824.8295611944,30,0.0036342913227507124,2.0
cv,nfg,10.0,auc,0.025452289916347716,21227.657782819148,30,0.005659160065216876,2.0
cv,nfg,10.0,cindex,0.025697803629791897,21032.920483207745,30,0.005938919850130581,2.0
cv,nfg,10.0,auc_marginal_ipcw,0.022948516401668447,23312.500865028956,30,0.005742898578359619,2.0
cv,nfg,10.0,cindex_marginal_ipcw,0.024494184145569184,22004.315142517058,30,0.005605710939086003,2.0
cv,nfg,10.0,at_risk_fraction,4.860149189361204e-05,41148.00014579739,30,0.0023999912885427116,2.0
cv,nfg,10.0,nb_at_0.01,0.002372641901841707,40741.01945161139,30,0.001087208561781717,2.0
cv,nfg,10.0,nb_at_0.02,0.007345478283232232,38001.076687764755,30,0.001061599497289852,2.0
cv,nfg,10.0,nb_at_0.03,0.00940009205286848,36306.70791581177,30,0.0010353643065939755,2.0
cv,nfg,10.0,nb_at_0.05,0.019357606561900158,26594.73614722725,30,0.0009765557534522843,2.0
cv,nfg,10.0,nb_at_0.075,0.030864205634148552,17338.020481266216,30,0.0008995336443250056,2.0
cv,nfg,10.0,nb_at_0.2,0.14149658969967338,1418.4618214115478,30,0.00032383611757515955,11.0
cv,nfg,10.0,frac_above_0.01,0.7112719643289808,62.300779912335145,30,0.004452429710840787,131.0
cv,nfg,10.0,frac_above_0.02,0.5962236630372315,87.53812752347409,30,0.003762691349342753,102.0
cv,nfg,10.0,frac_above_0.03,0.5828834685224222,91.44705034460767,30,0.0034861809570595676,99.0
cv,nfg,10.0,frac_above_0.05,0.6060171032993994,84.82847242064192,30,0.0032258105633948164,105.0
cv,nfg,10.0,frac_above_0.075,0.5307319948175979,109.60513515869204,30,0.0025948044242524054,87.0
cv,nfg,10.0,frac_above_0.2,0.7634124435165479,54.3699493257027,30,0.0009716746543121465,143.0
cv,nfg,10.0,nb_all_at_0.01,4.860149189361204e-05,41148.00014579739,30,0.0011218565768040538,2.0
cv,nfg,10.0,nb_all_at_0.02,4.860149189361204e-05,41148.00014579739,30,0.0011333041013021766,2.0
cv,nfg,10.0,nb_all_at_0.03,4.860149189361204e-05,41148.00014579739,30,0.001144987595932287,2.0
cv,nfg,10.0,nb_all_at_0.05,4.860149189361204e-05,41148.00014579739,30,0.0011690925953551582,2.0
cv,nfg,10.0,nb_all_at_0.075,4.860149189361204e-05,41148.00014579739,30,0.0012006896463603893,2.0
cv,nfg,10.0,nb_all_at_0.2,4.860149189361204e-05,41148.00014579739,30,0.001388297690177076,2.0
cv,nfg,15.0,mean_pred,0.2849350666993499,366.5711002005399,30,0.0004422395120403354,33.0
cv,nfg,15.0,obs_cif,4.860149189361204e-05,41148.00014579739,30,0.0017197974801951507,2.0
cv,nfg,15.0,eo,0.02152083052505834,24579.085015809636,30,0.024879836891124003,2.0
cv,nfg,15.0,calib_intercept,0.026040618180484577,20763.938635911232,30,0.0320035448617241,2.0
cv,nfg,15.0,calib_slope,0.03578118535621682,14490.876093512814,30,0.04022528399534894,2.0
cv,nfg,15.0,ici,0.03295717998019968,16051.55978610564,30,0.001745215344621942,2.0
cv,nfg,15.0,e50,0.03688422863863951,13932.03312568708,30,0.0010679211033772695,2.0
cv,nfg,15.0,e90,0.026884396627561313,20116.458965705922,30,0.005633210666938631,2.0
cv,nfg,15.0,obs_concordant,4.860149189361204e-05,41148.00014579739,30,0.0017197974801951507,2.0
cv,nfg,15.0,eo_concordant,0.02152083052505834,24579.085015809636,30,0.024879836891124003,2.0
cv,nfg,15.0,calib_intercept_concordant,0.026040618180484577,20763.938635911232,30,0.0320035448617241,2.0
cv,nfg,15.0,calib_slope_concordant,0.03578118535621682,14490.876093512814,30,0.04022528399534894,2.0
cv,nfg,15.0,ici_concordant,0.03295717998019968,16051.55978610564,30,0.001745215344621942,2.0
cv,nfg,15.0,e50_concordant,0.03688422863863951,13932.03312568708,30,0.0010679211033772695,2.0
cv,nfg,15.0,e90_concordant,0.026884396627561313,20116.458965705922,30,0.005633210666938631,2.0
cv,nfg,15.0,auc,0.01786950702624545,28037.764022468986,30,0.005476763602846397,2.0
cv,nfg,15.0,cindex,0.0385966774036758,13116.770904455054,30,0.005207335182460156,2.0
cv,nfg,15.0,auc_marginal_ipcw,0.015177030552639276,30721.720894983933,30,0.005445016801564845,2.0
cv,nfg,15.0,cindex_marginal_ipcw,0.01852595720599475,27396.36748542754,30,0.005130133074769503,2.0
cv,nfg,15.0,at_risk_fraction,4.860149189361204e-05,41148.00014579739,30,0.0023392404352275465,2.0
cv,nfg,15.0,nb_at_0.01,0.003451408931366544,40347.755186586146,30,0.0017264228979773967,2.0
cv,nfg,15.0,nb_at_0.02,0.005284864950739241,39408.74461351781,30,0.0016990178075766854,2.0
cv,nfg,15.0,nb_at_0.03,0.004178640493238566,40014.31155638746,30,0.0016802781085109152,2.0
cv,nfg,15.0,nb_at_0.05,0.007619598941268181,37789.88626922553,30,0.001643757472000724,2.0
cv,nfg,15.0,nb_at_0.075,0.01629452853668433,29600.520474263387,30,0.0016107807791035194,2.0
cv,nfg,15.0,nb_at_0.2,0.05136057720841838,8638.82357057189,30,0.001062603561844789,3.0
cv,nfg,15.0,frac_above_0.01,0.8130449635130922,48.16292712219552,30,0.004827400231785577,156.0
cv,nfg,15.0,frac_above_0.02,0.6603079628193691,71.89311634346936,30,0.004111774041594134,118.0
cv,nfg,15.0,frac_above_0.03,0.70935563019492,62.62522774546502,30,0.004453926065260565,130.0
cv,nfg,15.0,frac_above_0.05,0.5628924583423759,97.8235944706256,30,0.0035795421490197785,94.0
cv,nfg,15.0,frac_above_0.075,0.5577378615536319,99.57795831408411,30,0.003320030268685095,93.0
cv,nfg,15.0,frac_above_0.2,0.6090175355713244,84.02389445111713,30,0.0020216193804669922,105.0
cv,nfg,15.0,nb_all_at_0.01,4.860149189361204e-05,41148.00014579739,30,0.0017371690759822298,2.0
cv,nfg,15.0,nb_all_at_0.02,4.860149189361204e-05,41148.00014579739,30,0.0017548952362100268,2.0
cv,nfg,15.0,nb_all_at_0.03,4.860149189361204e-05,41148.00014579739,30,0.0017729870634419869,2.0
cv,nfg,15.0,nb_all_at_0.05,4.860149189361204e-05,41148.00014579739,30,0.001810313009012997,2.0
cv,nfg,15.0,nb_all_at_0.075,4.860149189361204e-05,41148.00014579739,30,0.0018592403611930551,2.0
cv,nfg,15.0,nb_all_at_0.2,4.860149189361204e-05,41148.00014579739,30,0.002149746595740512,2.0
temporal,logistic,5.0,mean_pred,0.17542444641552432,859.8592674206119,30,0.00043387417729593016,15.0
temporal,logistic,5.0,obs_cif,0.00021438523551789654,9326.000643017896,30,0.0012222345625290214,2.0
temporal,logistic,5.0,eo,0.009239891080615101,9008.430834013065,30,0.1374714463140221,2.0
temporal,logistic,5.0,calib_intercept,0.0391242505247425,6117.698314388683,30,0.13962173993696084,2.0
temporal,logistic,5.0,calib_slope,0.06446795007287828,3912.2736146757047,30,0.06518883467079142,4.0
temporal,logistic,5.0,ici,0.03654237338700309,6388.995148844786,30,0.0010861385824686629,2.0
temporal,logistic,5.0,e50,0.05980636684492667,4248.1602243908965,30,0.0008363707354856669,3.0
temporal,logistic,5.0,e90,0.03751577218853768,6286.039540899688,30,0.004105318594772345,2.0
temporal,logistic,5.0,obs_concordant,0.00021438523551789654,9326.000643017896,30,0.0012478129189112167,2.0
temporal,logistic,5.0,eo_concordant,0.009255533210116762,9007.503531430057,30,0.1345367632924445,2.0
temporal,logistic,5.0,calib_intercept_concordant,0.03816748705474526,6217.548293537841,30,0.13841120641652432,2.0
temporal,logistic,5.0,calib_slope_concordant,0.06438289598502024,3918.1271546692205,30,0.0647116121381542,4.0
temporal,logistic,5.0,ici_concordant,0.036033186461120116,6443.138828339356,30,0.0010693302817216576,2.0
temporal,logistic,5.0,e50_concordant,0.05947490755044453,4273.233305611654,30,0.0007778607400924771,3.0
temporal,logistic,5.0,e90_concordant,0.0390907970442872,6121.174846887191,30,0.004064403668266303,2.0
temporal,logistic,5.0,auc,0.026882966400879532,7430.3589237217075,30,0.014212895290673733,2.0
temporal,logistic,5.0,cindex,0.027202568829979457,7396.0744670569475,30,0.014104400800748502,2.0
temporal,logistic,5.0,auc_marginal_ipcw,0.026882966400879532,7430.3589237217075,30,0.014212895290673733,2.0
temporal,logistic,5.0,cindex_marginal_ipcw,0.027202568829979457,7396.0744670569475,30,0.014104400800748502,2.0
temporal,logistic,5.0,at_risk_fraction,0.00021438523551789654,9326.000643017896,30,0.0,2.0
temporal,logistic,5.0,nb_at_0.01,0.008330250851592672,9060.306264461327,30,0.0011857415565222453,2.0
temporal,logistic,5.0,nb_at_0.02,0.024746854345250563,7657.391126691649,30,0.0011198058400708165,2.0
temporal,logistic,5.0,nb_at_0.03,0.03544659267896868,6505.735112250857,30,0.0010302004801395316,2.0
temporal,logistic,5.0,nb_at_0.05,0.053009751094153824,4794.799873025544,30,0.000914074697362891,3.0
temporal,logistic,5.0,nb_at_0.075,0.07896350088159931,3050.700927529961,30,0.0008019489210159153,5.0
temporal,logistic,5.0,nb_at_0.2,0.13216230589859645,1402.987389030964,30,0.00035708227006106796,10.0
temporal,logistic,5.0,frac_above_0.01,0.28097392680918415,361.6575582246665,30,0.005910471059395318,32.0
temporal,logistic,5.0,frac_above_0.02,0.22313168092696917,555.6898340844454,30,0.005219210860127734,22.0
temporal,logistic,5.0,frac_above_0.03,0.15490963526199777,1070.3219021092996,30,0.004615004786100487,12.0
temporal,logistic,5.0,frac_above_0.05,0.21359605046621394,602.1594943034308,30,0.0038268236900345816,21.0
temporal,logistic,5.0,frac_above_0.075,0.19791752886131878,692.0634837725443,30,0.0028580244393414944,18.0
temporal,logistic,5.0,frac_above_0.2,0.18228017426492965,802.9071561192114,30,0.000981980199049925,16.0
temporal,logistic,5.0,nb_all_at_0.01,0.00021438523551789654,9326.000643017896,30,0.0012345803469536207,2.0
temporal,logistic,5.0,nb_all_at_0.02,0.00021438523551789654,9326.000643017896,30,0.0012471780929677178,2.0
temporal,logistic,5.0,nb_all_at_0.03,0.00021438523551789654,9326.000643017896,30,0.0012600356266929851,2.0
temporal,logistic,5.0,nb_all_at_0.05,0.00021438523551789654,9326.000643017896,30,0.0012865626773271902,2.0
temporal,logistic,5.0,nb_all_at_0.075,0.00021438523551789654,9326.000643017896,30,0.001321334780222741,2.0
temporal,logistic,5.0,nb_all_at_0.2,0.00021438523551789654,9326.000643017896,30,0.0015277938449685367,2.0
temporal,logistic,10.0,mean_pred,0.09951337904405345,2201.4855594647643,30,0.0009399378344110263,6.0
temporal,logistic,10.0,obs_cif,0.00021438523551789654,9326.000643017896,30,0.0018554273645042592,2.0
temporal,logistic,10.0,eo,0.01044452813697847,8933.633328888945,30,0.0885753592957805,2.0
temporal,logistic,10.0,calib_intercept,0.021686625087804282,7973.167034202482,30,0.08410880300247288,2.0
temporal,logistic,10.0,calib_slope,0.03296705760962454,6772.433945003769,30,0.046422482869132566,2.0
temporal,logistic,10.0,ici,0.0268019983777043,7439.033684948171,30,0.0017844458740246644,2.0
temporal,logistic,10.0,e50,0.03896843034156324,6133.900681082808,30,0.0017287791553770792,2.0
temporal,logistic,10.0,e90,0.037134645537903715,6326.260913197495,30,0.006924832593768437,2.0
temporal,logistic,10.0,obs_concordant,0.00021438523551789654,9326.000643017896,30,0.0019496747201633983,2.0
temporal,logistic,10.0,eo_concordant,0.010493706415526103,8930.436847005358,30,0.08416924747740084,2.0
temporal,logistic,10.0,calib_intercept_concordant,0.02072206743941687,8069.49611187477,30,0.08249442607128726,2.0
temporal,logistic,10.0,calib_slope_concordant,0.034321446763075664,6626.385995680868,30,0.045575196723513144,2.0
temporal,logistic,10.0,ici_concordant,0.027851576960001498,7326.264585270221,30,0.0017483074642763734,2.0
temporal,logistic,10.0,e50_concordant,0.03829086225219522,6204.624647389701,30,0.0013795395687542509,2.0
temporal,logistic,10.0,e90_concordant,0.033787768547220674,6683.842955814329,30,0.007292169483440298,2.0
temporal,logistic,10.0,auc,0.01002754221920852,8960.291438782766,30,0.010368792169631554,2.0
temporal,logistic,10.0,cindex,0.010632854880237444,8921.333079196773,30,0.00997573752760342,2.0
temporal,logistic,10.0,auc_marginal_ipcw,0.010003067300283233,8961.831199405118,30,0.01028850257778563,2.0
temporal,logistic,10.0,cindex_marginal_ipcw,0.010764334977927224,8912.65075592004,30,0.009895846603169467,2.0
temporal,logistic,10.0,at_risk_fraction,0.00021438523551789654,9326.000643017896,30,0.004296732615352394,2.0
temporal,logistic,10.0,nb_at_0.01,0.0013070341965362071,9312.244220291212,30,0.0018264506179859377,2.0
temporal,logistic,10.0,nb_at_0.02,0.0029818387367341395,9277.433528575,30,0.0018030781795152298,2.0
temporal,logistic,10.0,nb_at_0.03,0.004728969640547182,9223.799381975412,30,0.0017889411059745224,2.0
temporal,logistic,10.0,nb_at_0.05,0.016109859488515586,8500.036045489245,30,0.0017327218765888304,2.0
temporal,logistic,10.0,nb_at_0.075,0.016187897759729234,8493.245613136862,30,0.0016278558581801755,2.0
temporal,logistic,10.0,nb_at_0.2,0.0792662728374932,3035.3463324950144,30,0.0012701348567160124,5.0
temporal,logistic,10.0,frac_above_0.01,0.15380848303375133,1083.662695734258,30,0.005545799410275078,12.0
temporal,logistic,10.0,frac_above_0.02,0.14448179395397734,1206.935293720155,30,0.005493077916403185,11.0
temporal,logistic,10.0,frac_above_0.03,0.17713379971133833,845.1189885896384,30,0.005452976024801328,15.0
temporal,logistic,10.0,frac_above_0.05,0.0945705765659884,2373.8700014115384,30,0.0049145062869992715,6.0
temporal,logistic,10.0,frac_above_0.075,0.10860528390930489,1926.219127173537,30,0.004612211219526501,7.0
temporal,logistic,10.0,frac_above_0.2,0.15069064607920002,1122.7658884779946,30,0.0027917179232734794,12.0
temporal,logistic,10.0,nb_all_at_0.01,0.00021438523551789654,9326.000643017896,30,0.0018741690066556508,2.0
temporal,logistic,10.0,nb_all_at_0.02,0.00021438523551789654,9326.000643017896,30,0.0018932932105291376,2.0
temporal,logistic,10.0,nb_all_at_0.03,0.00021438523551789654,9326.000643017896,30,0.001912811740511758,2.0
temporal,logistic,10.0,nb_all_at_0.05,0.00021438523551789654,9326.000643017896,30,0.0019530814601843335,2.0
temporal,logistic,10.0,nb_all_at_0.075,0.00021438523551789654,9326.000643017896,30,0.002005867522102654,2.0
temporal,logistic,10.0,nb_all_at_0.2,0.00021438523551789654,9326.000643017896,30,0.002319284076957884,2.0
temporal,cox_naive,5.0,mean_pred,0.06775799204605212,3693.429935364505,30,0.00036975290915606764,4.0
temporal,cox_naive,5.0,obs_cif,0.00021438523551789654,9326.000643017896,30,0.0012222345625290214,2.0
temporal,cox_naive,5.0,eo,0.002843254756193592,9280.937409480743,30,0.1352374974607579,2.0
temporal,cox_naive,5.0,calib_intercept,0.013182678182344736,8739.678737018756,30,0.1213032962967175,2.0
temporal,cox_naive,5.0,calib_slope,0.025290456195201955,7600.020078339848,30,0.0768119039711476,2.0
temporal,cox_naive,5.0,ici,0.010597543299834785,8923.651627132855,30,0.0011480441838860784,2.0
temporal,cox_naive,5.0,e50,0.02945447215495645,7153.050544820603,30,0.0009438128872074037,2.0
temporal,cox_naive,5.0,e90,0.01618036410991646,8493.901990124972,30,0.00413518425433506,2.0
temporal,cox_naive,5.0,obs_concordant,0.00021438523551789654,9326.000643017896,30,0.0012478129189112167,2.0
temporal,cox_naive,5.0,eo_concordant,0.0028471713648684054,9280.839916492387,30,0.1323667039584293,2.0
temporal,cox_naive,5.0,calib_intercept_concordant,0.012862571617993594,8763.962093495997,30,0.12069952665794488,2.0
temporal,cox_naive,5.0,calib_slope_concordant,0.025238679653258586,7605.497850089101,30,0.07650578348760177,2.0
temporal,cox_naive,5.0,ici_concordant,0.010363740538498275,8938.860437065689,30,0.0011475203819590817,2.0
temporal,cox_naive,5.0,e50_concordant,0.02463414338987755,7669.246166689524,30,0.0008861211912573704,2.0
temporal,cox_naive,5.0,e90_concordant,0.0157058875890095,8534.874394152905,30,0.0042349897994229955,2.0
temporal,cox_naive,5.0,auc,0.013657071980198575,8702.955846700112,30,0.013225010104084452,2.0
temporal,cox_naive,5.0,cindex,0.013962115630457435,8678.889180366625,30,0.013122035969384804,2.0
temporal,cox_naive,5.0,auc_marginal_ipcw,0.013657071980198575,8702.955846700112,30,0.013225010104084452,2.0
temporal,cox_naive,5.0,cindex_marginal_ipcw,0.013962115630457435,8678.889180366625,30,0.013122035969384804,2.0
temporal,cox_naive,5.0,at_risk_fraction,0.00021438523551789654,9326.000643017896,30,0.0,2.0
temporal,cox_naive,5.0,nb_at_0.01,0.0013032620551099465,9312.303950669528,30,0.0011872475012297398,2.0
temporal,cox_naive,5.0,nb_at_0.02,0.013936547970497317,8680.91976135326,30,0.0011222780989104543,2.0
temporal,cox_naive,5.0,nb_at_0.03,0.01729610630432905,8394.79102182646,30,0.0010113532618551855,2.0
temporal,cox_naive,5.0,nb_at_0.05,0.022782955771497464,7861.644816224664,30,0.0009061597672763001,2.0
temporal,cox_naive,5.0,nb_at_0.075,0.06643583125980965,3779.6168709471085,30,0.0008354075776073279,4.0
temporal,cox_naive,5.0,nb_at_0.2,0.13769410404590535,1309.7171132620415,30,0.00024838192209202393,10.0
temporal,cox_naive,5.0,frac_above_0.01,0.07743980006022562,3129.4791371283536,30,0.0052773561605869174,4.0
temporal,cox_naive,5.0,frac_above_0.02,0.09796452996897097,2253.6344953539956,30,0.004944537753409023,6.0
temporal,cox_naive,5.0,frac_above_0.03,0.12400754736024293,1558.5973699740932,30,0.004624536886424151,9.0
temporal,cox_naive,5.0,frac_above_0.05,0.1136931714027327,1792.5388963144119,30,0.0037481521169296468,8.0
temporal,cox_naive,5.0,frac_above_0.075,0.09981760367998486,2191.434780309692,30,0.002771039010961834,6.0
temporal,cox_naive,5.0,frac_above_0.2,0.14475662489833438,1203.0205751370033,30,0.0007313932685200688,11.0
temporal,cox_naive,5.0,nb_all_at_0.01,0.00021438523551789654,9326.000643017896,30,0.0012345803469536207,2.0
temporal,cox_naive,5.0,nb_all_at_0.02,0.00021438523551789654,9326.000643017896,30,0.0012471780929677178,2.0
temporal,cox_naive,5.0,nb_all_at_0.03,0.00021438523551789654,9326.000643017896,30,0.0012600356266929851,2.0
temporal,cox_naive,5.0,nb_all_at_0.05,0.00021438523551789654,9326.000643017896,30,0.0012865626773271902,2.0
temporal,cox_naive,5.0,nb_all_at_0.075,0.00021438523551789654,9326.000643017896,30,0.001321334780222741,2.0
temporal,cox_naive,5.0,nb_all_at_0.2,0.00021438523551789654,9326.000643017896,30,0.0015277938449685367,2.0
temporal,cox_naive,10.0,mean_pred,0.06632799194217263,3786.749854758387,30,0.0007945201437524977,4.0
temporal,cox_naive,10.0,obs_cif,0.00021438523551789654,9326.000643017896,30,0.0018554273645042592,2.0
temporal,cox_naive,10.0,eo,0.00607170022101086,9170.942589174443,30,0.08081763568090322,2.0
temporal,cox_naive,10.0,calib_intercept,0.012524868749012295,8789.136802662988,30,0.08095372605600758,2.0
temporal,cox_naive,10.0,calib_slope,0.02586947735994139,7538.584635894639,30,0.04989323969243541,2.0
temporal,cox_naive,10.0,ici,0.014121114075725524,8666.207068469592,30,0.0017244976759557286,2.0
temporal,cox_naive,10.0,e50,0.028408658777158553,7266.172396555633,30,0.0015430827485028496,2.0
temporal,cox_naive,10.0,e90,0.030749243617172926,7012.692294942085,30,0.006665469286871869,2.0
temporal,cox_naive,10.0,obs_concordant,0.00021438523551789654,9326.000643017896,30,0.0019496747201633983,2.0
temporal,cox_naive,10.0,eo_concordant,0.006097367981683481,9169.836203964585,30,0.07681363033692838,2.0
temporal,cox_naive,10.0,calib_intercept_concordant,0.011948487169716346,8831.02645406136,30,0.07940898390377019,2.0
temporal,cox_naive,10.0,calib_slope_concordant,0.02695804163547512,7422.311490651304,30,0.04894624143948033,2.0
temporal,cox_naive,10.0,ici_concordant,0.013433432528798072,8720.37590774293,30,0.0016570952275056262,2.0
temporal,cox_naive,10.0,e50_concordant,0.024355117002981135,7698.531186362304,30,0.0012336921177175946,2.0
temporal,cox_naive,10.0,e90_concordant,0.02908873992143104,7192.647438254136,30,0.006973916171214172,2.0
temporal,cox_naive,10.0,auc,0.0087032944569484,9039.523476434839,30,0.010387368966105176,2.0
temporal,cox_naive,10.0,cindex,0.008895695053965992,9028.5362739424,30,0.010015161203899333,2.0
temporal,cox_naive,10.0,auc_marginal_ipcw,0.008589757156165808,9045.92176081158,30,0.010305811969015841,2.0
temporal,cox_naive,10.0,cindex_marginal_ipcw,0.009014261691505623,9021.675342080984,30,0.009930159368004073,2.0
temporal,cox_naive,10.0,at_risk_fraction,0.00021438523551789654,9326.000643017896,30,0.004296732615352394,2.0
temporal,cox_naive,10.0,nb_at_0.01,0.001366865248141393,9311.285521635951,30,0.0018319637403071093,2.0
temporal,cox_naive,10.0,nb_at_0.02,0.000990995985849381,9316.955197977415,30,0.001805652643522445,2.0
temporal,cox_naive,10.0,nb_at_0.03,0.002897415253986909,9279.581325954987,30,0.0017897918296654865,2.0
temporal,cox_naive,10.0,nb_at_0.05,0.01701690409159348,8419.943364320941,30,0.0017204959541164144,2.0
temporal,cox_naive,10.0,nb_at_0.075,0.012194062552548464,8813.347129835685,30,0.0015633455937261614,2.0
temporal,cox_naive,10.0,nb_at_0.2,0.04050561807720684,5975.1387338417935,30,0.0010960939781242457,2.0
temporal,cox_naive,10.0,frac_above_0.01,0.0686825639964547,3634.535551087592,30,0.005169910167068179,4.0
temporal,cox_naive,10.0,frac_above_0.02,0.08114628123666275,2942.169297874175,30,0.00532654507735459,5.0
temporal,cox_naive,10.0,frac_above_0.03,0.09010739923371702,2545.3978208846465,30,0.005255300721924908,5.0
temporal,cox_naive,10.0,frac_above_0.05,0.05793978923650229,4391.458179475728,30,0.004792119067050566,3.0
temporal,cox_naive,10.0,frac_above_0.075,0.09257165415114561,2448.728802687355,30,0.004466446428453505,6.0
temporal,cox_naive,10.0,frac_above_0.2,0.23504181507731603,504.7622055309698,30,0.0025352857095402186,24.0
temporal,cox_naive,10.0,nb_all_at_0.01,0.00021438523551789654,9326.000643017896,30,0.0018741690066556508,2.0
temporal,cox_naive,10.0,nb_all_at_0.02,0.00021438523551789654,9326.000643017896,30,0.0018932932105291376,2.0
temporal,cox_naive,10.0,nb_all_at_0.03,0.00021438523551789654,9326.000643017896,30,0.001912811740511758,2.0
temporal,cox_naive,10.0,nb_all_at_0.05,0.00021438523551789654,9326.000643017896,30,0.0019530814601843335,2.0
temporal,cox_naive,10.0,nb_all_at_0.075,0.00021438523551789654,9326.000643017896,30,0.002005867522102654,2.0
temporal,cox_naive,10.0,nb_all_at_0.2,0.00021438523551789654,9326.000643017896,30,0.002319284076957884,2.0
temporal,rsf_naive,5.0,mean_pred,0.15345566828452567,1087.9880164042886,30,0.0003682560404683014,12.0
temporal,rsf_naive,5.0,obs_cif,0.00021438523551789654,9326.000643017896,30,0.0012222345625290214,2.0
temporal,rsf_naive,5.0,eo,0.005860514670909356,9179.910321410596,30,0.13804883227480158,2.0
temporal,rsf_naive,5.0,calib_intercept,0.019672287021384044,8172.172279849623,30,0.1093537480542913,2.0
temporal,rsf_naive,5.0,calib_slope,0.05209085788050031,4873.989257425851,30,0.14717497736118265,3.0
temporal,rsf_naive,5.0,ici,0.014480071042098872,8637.234821386983,30,0.0012742604834558053,2.0
temporal,rsf_naive,5.0,e50,0.04409325986316756,5614.976317988922,30,0.0011965520838527546,3.0
temporal,rsf_naive,5.0,e90,0.03000737970814318,7093.136474341824,30,0.004161558825629874,2.0
temporal,rsf_naive,5.0,obs_concordant,0.00021438523551789654,9326.000643017896,30,0.0012478129189112167,2.0
temporal,rsf_naive,5.0,eo_concordant,0.005868133312640976,9179.591007416733,30,0.13512764782728517,2.0
temporal,rsf_naive,5.0,calib_intercept_concordant,0.0192140885436996,8216.211187124207,30,0.10887659794396354,2.0
temporal,rsf_naive,5.0,calib_slope_concordant,0.05288987539600089,4805.05924511867,30,0.14584446944095394,3.0
temporal,rsf_naive,5.0,ici_concordant,0.014437475217733278,8640.697275970935,30,0.0013016108383274395,2.0
temporal,rsf_naive,5.0,e50_concordant,0.04939875293534651,5113.19424294395,30,0.0011875019181664976,3.0
temporal,rsf_naive,5.0,e90_concordant,0.029451229074451975,7153.401804107506,30,0.004281236081974766,2.0
temporal,rsf_naive,5.0,auc,0.048133577692507,5229.26853697148,30,0.013894189722654104,3.0
temporal,rsf_naive,5.0,cindex,0.04814345859948186,5228.353087401047,30,0.013789430031280402,3.0
temporal,rsf_naive,5.0,auc_marginal_ipcw,0.048133577692507,5229.26853697148,30,0.013894189722654104,3.0
temporal,rsf_naive,5.0,cindex_marginal_ipcw,0.04814345859948186,5228.353087401047,30,0.013789430031280402,3.0
temporal,rsf_naive,5.0,at_risk_fraction,0.00021438523551789654,9326.000643017896,30,0.0,2.0
temporal,rsf_naive,5.0,nb_at_0.01,0.020203661699601732,8120.498324193113,30,0.0012013827872597825,2.0
temporal,rsf_naive,5.0,nb_at_0.02,0.016110831537531057,8499.951582600292,30,0.0011396471661509048,2.0
temporal,rsf_naive,5.0,nb_at_0.03,0.052339524097681625,4852.435262461526,30,0.0010960238602152153,3.0
temporal,rsf_naive,5.0,nb_at_0.05,0.044224780842958285,5602.074508812021,30,0.0009869798967314363,3.0
temporal,rsf_naive,5.0,nb_at_0.075,0.1168113764672309,1716.9095278943719,30,0.00084071970085394,8.0
temporal,rsf_naive,5.0,nb_at_0.2,0.3931298687298781,191.29046195237495,30,0.00020225322768036743,55.0
temporal,rsf_naive,5.0,frac_above_0.01,0.5350000877470212,106.08084960870447,30,0.00732578005570092,88.0
temporal,rsf_naive,5.0,frac_above_0.02,0.27667390365280625,372.29347556351877,30,0.005577640310301634,32.0
temporal,rsf_naive,5.0,frac_above_0.03,0.33286998686699654,262.5521403526398,30,0.005384321083137948,43.0
temporal,rsf_naive,5.0,frac_above_0.05,0.2717114547281387,385.1599720307441,30,0.004293720046823789,31.0
temporal,rsf_naive,5.0,frac_above_0.075,0.3375678010208106,255.66068083611867,30,0.0033920198747750567,43.0
temporal,rsf_naive,5.0,frac_above_0.2,0.5674637221345142,94.74752847640313,30,0.0005906931620457898,95.0
temporal,rsf_naive,5.0,nb_all_at_0.01,0.00021438523551789654,9326.000643017896,30,0.0012345803469536207,2.0
temporal,rsf_naive,5.0,nb_all_at_0.02,0.00021438523551789654,9326.000643017896,30,0.0012471780929677178,2.0
temporal,rsf_naive,5.0,nb_all_at_0.03,0.00021438523551789654,9326.000643017896,30,0.0012600356266929851,2.0
temporal,rsf_naive,5.0,nb_all_at_0.05,0.00021438523551789654,9326.000643017896,30,0.0012865626773271902,2.0
temporal,rsf_naive,5.0,nb_all_at_0.075,0.00021438523551789654,9326.000643017896,30,0.001321334780222741,2.0
temporal,rsf_naive,5.0,nb_all_at_0.2,0.00021438523551789654,9326.000643017896,30,0.0015277938449685367,2.0
temporal,rsf_naive,10.0,mean_pred,0.09313451238711859,2427.3352981021458,30,0.0007662781984587285,6.0
temporal,rsf_naive,10.0,obs_cif,0.00021438523551789654,9326.000643017896,30,0.0018554273645042592,2.0
temporal,rsf_naive,10.0,eo,0.007696180935389744,9094.031301562949,30,0.08169068642503287,2.0
temporal,rsf_naive,10.0,calib_intercept,0.02418096391155391,7716.762045445622,30,0.07067213543989566,2.0
temporal,rsf_naive,10.0,calib_slope,0.05859813144939187,4340.332320086343,30,0.07681663071632347,3.0
temporal,rsf_naive,10.0,ici,0.018975081733046163,8238.983755089615,30,0.001839112800137673,2.0
temporal,rsf_naive,10.0,e50,0.051609380545760024,4915.984324679697,30,0.0020652686718053157,3.0
temporal,rsf_naive,10.0,e90,0.045039219256053926,5522.684332154724,30,0.006198109032533503,3.0
temporal,rsf_naive,10.0,obs_concordant,0.00021438523551789654,9326.000643017896,30,0.0019496747201633983,2.0
temporal,rsf_naive,10.0,eo_concordant,0.007726102618373513,9092.485677981795,30,0.0776584272203652,2.0
temporal,rsf_naive,10.0,calib_intercept_concordant,0.023695191913957515,7767.411219991658,30,0.06974418999086522,2.0
temporal,rsf_naive,10.0,calib_slope_concordant,0.06025677706030275,4214.345872313723,30,0.07455290546558696,3.0
temporal,rsf_naive,10.0,ici_concordant,0.0194684747045217,8191.822231937337,30,0.0019261014476499739,2.0
temporal,rsf_naive,10.0,e50_concordant,0.08082942216411547,2957.6156180271482,30,0.0021436182612340825,5.0
temporal,rsf_naive,10.0,e90_concordant,0.04100201540803908,5924.405858536397,30,0.006594428049266731,2.0
temporal,rsf_naive,10.0,auc,0.030447948896068715,7045.36719665733,30,0.010779813706238319,2.0
temporal,rsf_naive,10.0,cindex,0.029128006340896736,7188.3978005517165,30,0.010427866381408931,2.0
temporal,rsf_naive,10.0,auc_marginal_ipcw,0.031611083805735844,6919.239701537504,30,0.010613223385149617,2.0
temporal,rsf_naive,10.0,cindex_marginal_ipcw,0.030721504724657848,7015.70061162699,30,0.010207219044996996,2.0
temporal,rsf_naive,10.0,at_risk_fraction,0.00021438523551789654,9326.000643017896,30,0.004296732615352394,2.0
temporal,rsf_naive,10.0,nb_at_0.01,0.012768979543216007,8770.985087130566,30,0.0018406971746280077,2.0
temporal,rsf_naive,10.0,nb_at_0.02,0.009662912439957455,8982.941233820513,30,0.0018077453249679206,2.0
temporal,rsf_naive,10.0,nb_at_0.03,0.007822990950392236,9087.449485594085,30,0.0017781746158161383,2.0
temporal,rsf_naive,10.0,nb_at_0.05,0.03628311994927994,6416.539192391959,30,0.0017542351420515195,2.0
temporal,rsf_naive,10.0,nb_at_0.075,0.030924266359365207,6993.710931701632,30,0.0016550749497490395,2.0
temporal,rsf_naive,10.0,nb_at_0.2,0.08074092700204988,2961.948082436717,30,0.0011799782538643613,5.0
temporal,rsf_naive,10.0,frac_above_0.01,0.4906468958906707,125.21875649960445,30,0.006955834093600138,77.0
temporal,rsf_naive,10.0,frac_above_0.02,0.3834176966403782,200.63866295482995,30,0.0064482933597803565,53.0
temporal,rsf_naive,10.0,frac_above_0.03,0.3159576756698445,289.82365672549366,30,0.0060282082990775485,39.0
temporal,rsf_naive,10.0,frac_above_0.05,0.16808214918522635,927.6433613444443,30,0.005214226017497289,14.0
temporal,rsf_naive,10.0,frac_above_0.075,0.22929389252713508,528.4341327929612,30,0.005043497863896036,23.0
temporal,rsf_naive,10.0,frac_above_0.2,0.21134908569192007,613.9459356653786,30,0.0027101831478648416,20.0
temporal,rsf_naive,10.0,nb_all_at_0.01,0.00021438523551789654,9326.000643017896,30,0.0018741690066556508,2.0
temporal,rsf_naive,10.0,nb_all_at_0.02,0.00021438523551789654,9326.000643017896,30,0.0018932932105291376,2.0
temporal,rsf_naive,10.0,nb_all_at_0.03,0.00021438523551789654,9326.000643017896,30,0.001912811740511758,2.0
temporal,rsf_naive,10.0,nb_all_at_0.05,0.00021438523551789654,9326.000643017896,30,0.0019530814601843335,2.0
temporal,rsf_naive,10.0,nb_all_at_0.075,0.00021438523551789654,9326.000643017896,30,0.002005867522102654,2.0
temporal,rsf_naive,10.0,nb_all_at_0.2,0.00021438523551789654,9326.000643017896,30,0.002319284076957884,2.0
temporal,gbs_naive,5.0,mean_pred,0.21492829468499738,595.3286598835767,30,0.0004827198372229132,21.0
temporal,gbs_naive,5.0,obs_cif,0.00021438523551789654,9326.000643017896,30,0.0012222345625290214,2.0
temporal,gbs_naive,5.0,eo,0.01361542500855032,8706.214352271978,30,0.13879108112114547,2.0
temporal,gbs_naive,5.0,calib_intercept,0.07949542207291392,3023.7904320278635,30,0.14787458922437552,5.0
temporal,gbs_naive,5.0,calib_slope,0.10156352628176749,2134.9412429908957,30,0.10431909960202003,6.0
temporal,gbs_naive,5.0,ici,0.04473861349919775,5551.885199921346,30,0.0011529611787920939,3.0
temporal,gbs_naive,5.0,e50,0.08583746473003342,2725.1551966785496,30,0.0007518570015544483,5.0
temporal,gbs_naive,5.0,e90,0.05489298967484301,4636.444116805436,30,0.004395037977680261,3.0
temporal,gbs_naive,5.0,obs_concordant,0.00021438523551789654,9326.000643017896,30,0.0012478129189112167,2.0
temporal,gbs_naive,5.0,eo_concordant,0.013636470375732526,8704.568563774274,30,0.1358393272834018,2.0
temporal,gbs_naive,5.0,calib_intercept_concordant,0.07780001900959681,3110.6260272726895,30,0.14633825733926328,5.0
temporal,gbs_naive,5.0,calib_slope_concordant,0.10223236557518171,2113.823725174526,30,0.10324534183075466,7.0
temporal,gbs_naive,5.0,ici_concordant,0.04594298136735918,5435.622018028219,30,0.001160159284975017,3.0
temporal,gbs_naive,5.0,e50_concordant,0.07886703601008214,3055.6136276389816,30,0.0007250886084373943,5.0
temporal,gbs_naive,5.0,e90_concordant,0.05352229605863704,4751.176518833489,30,0.004509833260989586,3.0
temporal,gbs_naive,5.0,auc,0.027335393689212093,7381.806966338911,30,0.012367640389029143,2.0
temporal,gbs_naive,5.0,cindex,0.02736614381816021,7378.5023939427,30,0.012283484994510247,2.0
temporal,gbs_naive,5.0,auc_marginal_ipcw,0.027335393689212093,7381.806966338911,30,0.012367640389029143,2.0
temporal,gbs_naive,5.0,cindex_marginal_ipcw,0.02736614381816021,7378.5023939427,30,0.012283484994510247,2.0
temporal,gbs_naive,5.0,at_risk_fraction,0.00021438523551789654,9326.000643017896,30,0.0,2.0
temporal,gbs_naive,5.0,nb_at_0.01,0.012899960694574194,8761.146694348676,30,0.0011939649132469063,2.0
temporal,gbs_naive,5.0,nb_at_0.02,0.06130481984891818,4136.803109942181,30,0.0011336840097364766,3.0
temporal,gbs_naive,5.0,nb_at_0.03,0.04690030948869509,5344.616394913575,30,0.001068584188642709,3.0
temporal,gbs_naive,5.0,nb_at_0.05,0.0454582334784384,5482.182334063134,30,0.0009443374179237345,3.0
temporal,gbs_naive,5.0,nb_at_0.075,0.10121381412520894,2146.0972263418644,30,0.0008421541656686779,6.0
temporal,gbs_naive,5.0,nb_at_0.2,0.15132798708392806,1114.608694764133,30,0.00047588960004010924,12.0
temporal,gbs_naive,5.0,frac_above_0.01,0.23627547915730135,499.8872552150278,30,0.0057263810692450645,25.0
temporal,gbs_naive,5.0,frac_above_0.02,0.1844461589155936,786.0605541671016,30,0.005099066102575372,16.0
temporal,gbs_naive,5.0,frac_above_0.03,0.17277135852986597,883.4924561078874,30,0.004662405007228268,15.0
temporal,gbs_naive,5.0,frac_above_0.05,0.3568769071148049,230.01279002063322,30,0.004365459613900476,47.0
temporal,gbs_naive,5.0,frac_above_0.075,0.21148706598178205,613.2123678617062,30,0.003070050744468023,20.0
temporal,gbs_naive,5.0,frac_above_0.2,0.4017282699637395,183.5525242262935,30,0.001281128817996591,57.0
temporal,gbs_naive,5.0,nb_all_at_0.01,0.00021438523551789654,9326.000643017896,30,0.0012345803469536207,2.0
temporal,gbs_naive,5.0,nb_all_at_0.02,0.00021438523551789654,9326.000643017896,30,0.0012471780929677178,2.0
temporal,gbs_naive,5.0,nb_all_at_0.03,0.00021438523551789654,9326.000643017896,30,0.0012600356266929851,2.0
temporal,gbs_naive,5.0,nb_all_at_0.05,0.00021438523551789654,9326.000643017896,30,0.0012865626773271902,2.0
temporal,gbs_naive,5.0,nb_all_at_0.075,0.00021438523551789654,9326.000643017896,30,0.001321334780222741,2.0
temporal,gbs_naive,5.0,nb_all_at_0.2,0.00021438523551789654,9326.000643017896,30,0.0015277938449685367,2.0
temporal,gbs_naive,10.0,mean_pred,0.1865560193210374,770.1442729418927,30,0.0010035848641056,17.0
temporal,gbs_naive,10.0,obs_cif,0.00021438523551789654,9326.000643017896,30,0.0018554273645042592,2.0
temporal,gbs_naive,10.0,eo,0.02364442567944583,7772.6864321453295,30,0.08539645157499381,2.0
temporal,gbs_naive,10.0,calib_intercept,0.11216678827802616,1831.2565821854666,30,0.09765272668269678,8.0
temporal,gbs_naive,10.0,calib_slope,0.15577798706585685,1059.9684387338834,30,0.04861502255609939,12.0
temporal,gbs_naive,10.0,ici,0.09581972984451843,2328.6370831723907,30,0.0016349337594145199,6.0
temporal,gbs_naive,10.0,e50,0.09094098830837508,2512.1403656083007,30,0.0012614182629110226,6.0
temporal,gbs_naive,10.0,e90,0.06216917205038724,4074.0406101401472,30,0.006866410466422143,3.0
temporal,gbs_naive,10.0,obs_concordant,0.00021438523551789654,9326.000643017896,30,0.0019496747201633983,2.0
temporal,gbs_naive,10.0,eo_concordant,0.023755052148374093,7761.1865669444405,30,0.08115224508033665,2.0
temporal,gbs_naive,10.0,calib_intercept_concordant,0.10734237433433827,1961.526128581297,30,0.09461180638257369,7.0
temporal,gbs_naive,10.0,calib_slope_concordant,0.1617069507897993,993.0041521274479,30,0.047098476982319344,13.0
temporal,gbs_naive,10.0,ici_concordant,0.12107193909805299,1620.5979426400345,30,0.0016398999383356286,8.0
temporal,gbs_naive,10.0,e50_concordant,0.17871405941529553,831.8183541047932,30,0.0012363917102131527,16.0
temporal,gbs_naive,10.0,e90_concordant,0.05622117862474237,4527.947943092496,30,0.00721512661606143,3.0
temporal,gbs_naive,10.0,auc,0.04440023858064042,5584.897607373336,30,0.010168458928791799,3.0
temporal,gbs_naive,10.0,cindex,0.04114882032489143,5909.454593685966,30,0.00980090739955142,2.0
temporal,gbs_naive,10.0,auc_marginal_ipcw,0.043978200060572445,5626.2816665230985,30,0.010034763657657642,3.0
temporal,gbs_naive,10.0,cindex_marginal_ipcw,0.041506651811425745,5873.113860519776,30,0.009663299058853993,2.0
temporal,gbs_naive,10.0,at_risk_fraction,0.00021438523551789654,9326.000643017896,30,0.004296732615352394,2.0
temporal,gbs_naive,10.0,nb_at_0.01,0.004643897503292017,9226.812028756483,30,0.001831493266407885,2.0
temporal,gbs_naive,10.0,nb_at_0.02,0.010516512311052682,8928.950783677645,30,0.0018104060196587556,2.0
temporal,gbs_naive,10.0,nb_at_0.03,0.03193779542302126,6883.832729630262,30,0.0018014590934598048,2.0
temporal,gbs_naive,10.0,nb_at_0.05,0.034769239455595576,6578.283837891828,30,0.0017126192993691608,2.0
temporal,gbs_naive,10.0,nb_at_0.075,0.048026731361508805,5239.176577598679,30,0.001616679394447064,3.0
temporal,gbs_naive,10.0,nb_at_0.2,0.17616191070757584,853.4541488120333,30,0.0012499371181386423,15.0
temporal,gbs_naive,10.0,frac_above_0.01,0.437173084723981,156.16913632294828,30,0.006719576673746339,65.0
temporal,gbs_naive,10.0,frac_above_0.02,0.22426696207912813,550.5140205131021,30,0.005781112268761768,23.0
temporal,gbs_naive,10.0,frac_above_0.03,0.24646897572413864,462.1567930540106,30,0.005647008573016159,26.0
temporal,gbs_naive,10.0,frac_above_0.05,0.14886697897039408,1146.5879406339498,30,0.00498522672980912,12.0
temporal,gbs_naive,10.0,frac_above_0.075,0.13865766937387325,1294.380611595523,30,0.0045512862502103055,10.0
temporal,gbs_naive,10.0,frac_above_0.2,0.22905970213241486,529.4333386821585,30,0.002798913875427038,23.0
temporal,gbs_naive,10.0,nb_all_at_0.01,0.00021438523551789654,9326.000643017896,30,0.0018741690066556508,2.0
temporal,gbs_naive,10.0,nb_all_at_0.02,0.00021438523551789654,9326.000643017896,30,0.0018932932105291376,2.0
temporal,gbs_naive,10.0,nb_all_at_0.03,0.00021438523551789654,9326.000643017896,30,0.001912811740511758,2.0
temporal,gbs_naive,10.0,nb_all_at_0.05,0.00021438523551789654,9326.000643017896,30,0.0019530814601843335,2.0
temporal,gbs_naive,10.0,nb_all_at_0.075,0.00021438523551789654,9326.000643017896,30,0.002005867522102654,2.0
temporal,gbs_naive,10.0,nb_all_at_0.2,0.00021438523551789654,9326.000643017896,30,0.002319284076957884,2.0
temporal,logistic_cr,5.0,mean_pred,0.18760216519069164,762.4272999083041,30,0.00036768468054815235,17.0
temporal,logistic_cr,5.0,obs_cif,0.00021438523551789654,9326.000643017896,30,0.0012222345625290214,2.0
temporal,logistic_cr,5.0,eo,0.00868368245013923,9040.633231939122,30,0.12432100218853503,2.0
temporal,logistic_cr,5.0,calib_intercept,0.031215049990610807,6962.177192496947,30,0.13178651679808573,2.0
temporal,logistic_cr,5.0,calib_slope,0.057742051256357514,4406.939215218345,30,0.06926802851733635,3.0
temporal,logistic_cr,5.0,ici,0.038862973757399236,6144.879556936893,30,0.0009780706403659197,2.0
temporal,logistic_cr,5.0,e50,0.05392832260979801,4716.897718115747,30,0.0006985952125960769,3.0
temporal,logistic_cr,5.0,e90,0.053033921256771054,4792.733906098004,30,0.0032021710318613167,3.0
temporal,logistic_cr,5.0,obs_concordant,0.00021438523551789654,9326.000643017896,30,0.0012222345625290214,2.0
temporal,logistic_cr,5.0,eo_concordant,0.00868368245013923,9040.633231939122,30,0.12432100218853503,2.0
temporal,logistic_cr,5.0,calib_intercept_concordant,0.031215049990610807,6962.177192496947,30,0.13178651679808573,2.0
temporal,logistic_cr,5.0,calib_slope_concordant,0.057742051256357514,4406.939215218345,30,0.06926802851733635,3.0
temporal,logistic_cr,5.0,ici_concordant,0.038862973757399236,6144.879556936893,30,0.0009780706403659197,2.0
temporal,logistic_cr,5.0,e50_concordant,0.05392832260979801,4716.897718115747,30,0.0006985952125960769,3.0
temporal,logistic_cr,5.0,e90_concordant,0.053033921256771054,4792.733906098004,30,0.0032021710318613167,3.0
temporal,logistic_cr,5.0,auc,0.024983870597617124,7632.415452915095,30,0.01412023133195585,2.0
temporal,logistic_cr,5.0,cindex,0.025513800061352503,7576.360554800753,30,0.014012708196925653,2.0
temporal,logistic_cr,5.0,auc_marginal_ipcw,0.024983870597617124,7632.415452915095,30,0.01412023133195585,2.0
temporal,logistic_cr,5.0,cindex_marginal_ipcw,0.025513800061352503,7576.360554800753,30,0.014012708196925653,2.0
temporal,logistic_cr,5.0,at_risk_fraction,0.00021438523551789654,9326.000643017896,30,0.0,2.0
temporal,logistic_cr,5.0,nb_at_0.01,0.010126031538498803,8954.067214343799,30,0.00118653464793632,2.0
temporal,logistic_cr,5.0,nb_at_0.02,0.0255194940640592,7575.756735417302,30,0.0011038328362752408,2.0
temporal,logistic_cr,5.0,nb_at_0.03,0.022521164327909654,7888.456332647125,30,0.0010030650086078905,2.0
temporal,logistic_cr,5.0,nb_at_0.05,0.04692406440260798,5342.374363551033,30,0.0008618710991980809,3.0
temporal,logistic_cr,5.0,nb_at_0.075,0.04805938085404664,5236.147205965872,30,0.0007533237516767136,3.0
temporal,logistic_cr,5.0,nb_at_0.2,0.15092254373814878,1119.7879401590644,30,0.0002925923652937666,12.0
temporal,logistic_cr,5.0,frac_above_0.01,0.22376004224231072,552.8162242938439,30,0.005703311806402693,22.0
temporal,logistic_cr,5.0,frac_above_0.02,0.22239863972821186,559.0702437988089,30,0.005139976050310935,22.0
temporal,logistic_cr,5.0,frac_above_0.03,0.19711217998922698,697.2055928781164,30,0.00462628690862393,18.0
temporal,logistic_cr,5.0,frac_above_0.05,0.2961071267112993,327.6326445469509,30,0.003781114105694487,35.0
temporal,logistic_cr,5.0,frac_above_0.075,0.2516833525287929,444.4754475384859,30,0.002614274812447366,27.0
temporal,logistic_cr,5.0,frac_above_0.2,0.26016595323229436,417.79472341019846,30,0.0008160799187031865,29.0
temporal,logistic_cr,5.0,nb_all_at_0.01,0.00021438523551789654,9326.000643017896,30,0.0012345803469536207,2.0
temporal,logistic_cr,5.0,nb_all_at_0.02,0.00021438523551789654,9326.000643017896,30,0.0012471780929677178,2.0
temporal,logistic_cr,5.0,nb_all_at_0.03,0.00021438523551789654,9326.000643017896,30,0.0012600356266929851,2.0
temporal,logistic_cr,5.0,nb_all_at_0.05,0.00021438523551789654,9326.000643017896,30,0.0012865626773271902,2.0
temporal,logistic_cr,5.0,nb_all_at_0.075,0.00021438523551789654,9326.000643017896,30,0.001321334780222741,2.0
temporal,logistic_cr,5.0,nb_all_at_0.2,0.00021438523551789654,9326.000643017896,30,0.0015277938449685367,2.0
temporal,logistic_cr,10.0,mean_pred,0.10091533491894751,2155.6816282333484,30,0.0006606587670884168,6.0
temporal,logistic_cr,10.0,obs_cif,0.00021438523551789654,9326.000643017896,30,0.0018554273645042592,2.0
temporal,logistic_cr,10.0,eo,0.00841423945900962,9055.687398283719,30,0.07001995952593532,2.0
temporal,logistic_cr,10.0,calib_intercept,0.010282692009500376,8944.0744552419,30,0.07643794209875382,2.0
temporal,logistic_cr,10.0,calib_slope,0.03554166266135347,6495.574785383811,30,0.05211184464157544,2.0
temporal,logistic_cr,10.0,ici,0.024606020386077246,7672.201914109276,30,0.001504440901745069,2.0
temporal,logistic_cr,10.0,e50,0.04635777363793079,5396.035611908603,30,0.0012201942944072516,3.0
temporal,logistic_cr,10.0,e90,0.0452800000020916,5499.381647279912,30,0.005153460177416948,3.0
temporal,logistic_cr,10.0,obs_concordant,0.00021438523551789654,9326.000643017896,30,0.0018554273645042592,2.0
temporal,logistic_cr,10.0,eo_concordant,0.00841423945900962,9055.687398283719,30,0.07001995952593532,2.0
temporal,logistic_cr,10.0,calib_intercept_concordant,0.010282692009500376,8944.0744552419,30,0.07643794209875382,2.0
temporal,logistic_cr,10.0,calib_slope_concordant,0.03554166266135347,6495.574785383811,30,0.05211184464157544,2.0
temporal,logistic_cr,10.0,ici_concordant,0.024606020386077246,7672.201914109276,30,0.001504440901745069,2.0
temporal,logistic_cr,10.0,e50_concordant,0.04635777363793079,5396.035611908603,30,0.0012201942944072516,3.0
temporal,logistic_cr,10.0,e90_concordant,0.0452800000020916,5499.381647279912,30,0.005153460177416948,3.0
temporal,logistic_cr,10.0,auc,0.009277756102886954,9006.184083073611,30,0.010277114448342593,2.0
temporal,logistic_cr,10.0,cindex,0.0099127250692933,8967.490653611063,30,0.00988051437470606,2.0
temporal,logistic_cr,10.0,auc_marginal_ipcw,0.009254685712986908,9007.55380321896,30,0.010197927278249306,2.0
temporal,logistic_cr,10.0,cindex_marginal_ipcw,0.010108434433526393,8955.182593488013,30,0.009799481483573982,2.0
temporal,logistic_cr,10.0,at_risk_fraction,0.00021438523551789654,9326.000643017896,30,0.004296732615352394,2.0
temporal,logistic_cr,10.0,nb_at_0.01,0.001864045127941125,9302.498571201471,30,0.0018287201393058065,2.0
temporal,logistic_cr,10.0,nb_at_0.02,0.004109801379776364,9244.795538743476,30,0.0018071741040520681,2.0
temporal,logistic_cr,10.0,nb_at_0.03,0.005111124018800452,9209.767864841036,30,0.0017838796751899295,2.0
temporal,logistic_cr,10.0,nb_at_0.05,0.030649218859072645,7023.5400632180235,30,0.0016993208067996978,2.0
temporal,logistic_cr,10.0,nb_at_0.075,0.023706221459701634,7766.264658779445,30,0.001527645254570828,2.0
temporal,logistic_cr,10.0,nb_at_0.2,0.07702213786721324,3151.518667853954,30,0.0008732170447261074,4.0
temporal,logistic_cr,10.0,frac_above_0.01,0.17546074261189573,859.5423817124342,30,0.005531476881231206,15.0
temporal,logistic_cr,10.0,frac_above_0.02,0.12789766936290584,1481.4722827924197,30,0.005468898868688241,9.0
temporal,logistic_cr,10.0,frac_above_0.03,0.15397874260231073,1081.5842912392177,30,0.005366408047102399,12.0
temporal,logistic_cr,10.0,frac_above_0.05,0.1455277327470197,1192.1337586535672,30,0.004926578120208226,11.0
temporal,logistic_cr,10.0,frac_above_0.075,0.1755205025376488,859.02101650445,30,0.0044597414577871395,15.0
temporal,logistic_cr,10.0,frac_above_0.2,0.17348576287697406,877.0362376005677,30,0.0019049216730162438,15.0
temporal,logistic_cr,10.0,nb_all_at_0.01,0.00021438523551789654,9326.000643017896,30,0.0018741690066556508,2.0
temporal,logistic_cr,10.0,nb_all_at_0.02,0.00021438523551789654,9326.000643017896,30,0.0018932932105291376,2.0
temporal,logistic_cr,10.0,nb_all_at_0.03,0.00021438523551789654,9326.000643017896,30,0.001912811740511758,2.0
temporal,logistic_cr,10.0,nb_all_at_0.05,0.00021438523551789654,9326.000643017896,30,0.0019530814601843335,2.0
temporal,logistic_cr,10.0,nb_all_at_0.075,0.00021438523551789654,9326.000643017896,30,0.002005867522102654,2.0
temporal,logistic_cr,10.0,nb_all_at_0.2,0.00021438523551789654,9326.000643017896,30,0.002319284076957884,2.0
temporal,csc_cox,5.0,mean_pred,0.07287252145463795,3381.337317592722,30,0.00033136340345139674,4.0
temporal,csc_cox,5.0,obs_cif,0.00021438523551789654,9326.000643017896,30,0.0012222345625290214,2.0
temporal,csc_cox,5.0,eo,0.0027811849112758685,9282.4705512868,30,0.12718976916569952,2.0
temporal,csc_cox,5.0,calib_intercept,0.011762151642926131,8844.271828914769,30,0.11468042024479286,2.0
temporal,csc_cox,5.0,calib_slope,0.027255852640034234,7390.352234584703,30,0.08612673058521343,2.0
temporal,csc_cox,5.0,ici,0.009760838990795283,8976.919538571023,30,0.001127536410604902,2.0
temporal,csc_cox,5.0,e50,0.030091843825429725,7083.979769663461,30,0.0008880997687511724,2.0
temporal,csc_cox,5.0,e90,0.014715170797817737,8618.007611248246,30,0.004057003768660889,2.0
temporal,csc_cox,5.0,obs_concordant,0.00021438523551789654,9326.000643017896,30,0.0012222345625290214,2.0
temporal,csc_cox,5.0,eo_concordant,0.0027811849112758685,9282.4705512868,30,0.12718976916569952,2.0
temporal,csc_cox,5.0,calib_intercept_concordant,0.011762151642926131,8844.271828914769,30,0.11468042024479286,2.0
temporal,csc_cox,5.0,calib_slope_concordant,0.027255852640034234,7390.352234584703,30,0.08612673058521343,2.0
temporal,csc_cox,5.0,ici_concordant,0.009760838990795283,8976.919538571023,30,0.001127536410604902,2.0
temporal,csc_cox,5.0,e50_concordant,0.030091843825429725,7083.979769663461,30,0.0008880997687511724,2.0
temporal,csc_cox,5.0,e90_concordant,0.014715170797817737,8618.007611248246,30,0.004057003768660889,2.0
temporal,csc_cox,5.0,auc,0.013988707412920904,8676.774681556335,30,0.013213137905276671,2.0
temporal,csc_cox,5.0,cindex,0.014179152615972173,8661.554514220537,30,0.013109935460696442,2.0
temporal,csc_cox,5.0,auc_marginal_ipcw,0.013988707412920904,8676.774681556335,30,0.013213137905276671,2.0
temporal,csc_cox,5.0,cindex_marginal_ipcw,0.014179152615972173,8661.554514220537,30,0.013109935460696442,2.0
temporal,csc_cox,5.0,at_risk_fraction,0.00021438523551789654,9326.000643017896,30,0.0,2.0
temporal,csc_cox,5.0,nb_at_0.01,0.001233259679400637,9313.397071703563,30,0.001187103999409579,2.0
temporal,csc_cox,5.0,nb_at_0.02,0.018227154841064925,8309.320006990798,30,0.001118780485176701,2.0
temporal,csc_cox,5.0,nb_at_0.03,0.02280960116891982,7858.909868320222,30,0.0010071930974310441,2.0
temporal,csc_cox,5.0,nb_at_0.05,0.026970713943088608,7420.9527510333755,30,0.000893040557845385,2.0
temporal,csc_cox,5.0,nb_at_0.075,0.06068081016478286,4182.781119473629,30,0.000787476093274113,3.0
temporal,csc_cox,5.0,nb_at_0.2,0.1188895038287556,1668.9595165104934,30,0.0001756266575829525,8.0
temporal,csc_cox,5.0,frac_above_0.01,0.055141451894336384,4615.947581540066,30,0.005210776499009917,3.0
temporal,csc_cox,5.0,frac_above_0.02,0.09576831216871168,2330.476051446676,30,0.004917370670697364,6.0
temporal,csc_cox,5.0,frac_above_0.03,0.1021472089666557,2116.496561711228,30,0.004521508384108468,7.0
temporal,csc_cox,5.0,frac_above_0.05,0.10695119706198482,1972.6428463953653,30,0.0036413851639382415,7.0
temporal,csc_cox,5.0,frac_above_0.075,0.12890342669777677,1462.4119757056505,30,0.002630322114913941,9.0
temporal,csc_cox,5.0,frac_above_0.2,0.1910984580913008,737.4446277407412,30,0.0005490184247274957,17.0
temporal,csc_cox,5.0,nb_all_at_0.01,0.00021438523551789654,9326.000643017896,30,0.0012345803469536207,2.0
temporal,csc_cox,5.0,nb_all_at_0.02,0.00021438523551789654,9326.000643017896,30,0.0012471780929677178,2.0
temporal,csc_cox,5.0,nb_all_at_0.03,0.00021438523551789654,9326.000643017896,30,0.0012600356266929851,2.0
temporal,csc_cox,5.0,nb_all_at_0.05,0.00021438523551789654,9326.000643017896,30,0.0012865626773271902,2.0
temporal,csc_cox,5.0,nb_all_at_0.075,0.00021438523551789654,9326.000643017896,30,0.001321334780222741,2.0
temporal,csc_cox,5.0,nb_all_at_0.2,0.00021438523551789654,9326.000643017896,30,0.0015277938449685367,2.0
temporal,csc_cox,10.0,mean_pred,0.07746862679113907,3127.9651305172756,30,0.0006219191154402852,4.0
temporal,csc_cox,10.0,obs_cif,0.00021438523551789654,9326.000643017896,30,0.0018554273645042592,2.0
temporal,csc_cox,10.0,eo,0.005860976198859259,9179.890986729684,30,0.06962085398520156,2.0
temporal,csc_cox,10.0,calib_intercept,0.010063827981008648,8958.00351896041,30,0.0709510890388196,2.0
temporal,csc_cox,10.0,calib_slope,0.030936290409883997,6992.406930141723,30,0.0620867845835686,2.0
temporal,csc_cox,10.0,ici,0.01471940829540825,8617.659252039091,30,0.0016653529657926053,2.0
temporal,csc_cox,10.0,e50,0.02913897939843006,7187.210157766902,30,0.0013770287839542166,2.0
temporal,csc_cox,10.0,e90,0.030600888443218118,7028.781476002449,30,0.005950239756323933,2.0
temporal,csc_cox,10.0,obs_concordant,0.00021438523551789654,9326.000643017896,30,0.0018554273645042592,2.0
temporal,csc_cox,10.0,eo_concordant,0.005860976198859259,9179.890986729684,30,0.06962085398520156,2.0
temporal,csc_cox,10.0,calib_intercept_concordant,0.010063827981008648,8958.00351896041,30,0.0709510890388196,2.0
temporal,csc_cox,10.0,calib_slope_concordant,0.030936290409883997,6992.406930141723,30,0.0620867845835686,2.0
temporal,csc_cox,10.0,ici_concordant,0.01471940829540825,8617.659252039091,30,0.0016653529657926053,2.0
temporal,csc_cox,10.0,e50_concordant,0.02913897939843006,7187.210157766902,30,0.0013770287839542166,2.0
temporal,csc_cox,10.0,e90_concordant,0.030600888443218118,7028.781476002449,30,0.005950239756323933,2.0
temporal,csc_cox,10.0,auc,0.00912261739464693,9015.345547986626,30,0.01037972684457712,2.0
temporal,csc_cox,10.0,cindex,0.009542920133761408,8990.258039575838,30,0.01000288971602815,2.0
temporal,csc_cox,10.0,auc_marginal_ipcw,0.00904411074727381,9019.93733563589,30,0.010296492138691583,2.0
temporal,csc_cox,10.0,cindex_marginal_ipcw,0.00966252262791033,8982.96511377529,30,0.009915984943999728,2.0
temporal,csc_cox,10.0,at_risk_fraction,0.00021438523551789654,9326.000643017896,30,0.004296732615352394,2.0
temporal,csc_cox,10.0,nb_at_0.01,0.0020930626257961867,9297.959860034092,30,0.0018323004036403384,2.0
temporal,csc_cox,10.0,nb_at_0.02,0.002411590350705924,9291.134504233089,30,0.0018033442780166192,2.0
temporal,csc_cox,10.0,nb_at_0.03,0.0032324858603675426,9270.813487693753,30,0.0017856925953816352,2.0
temporal,csc_cox,10.0,nb_at_0.05,0.021693486996084685,7972.475461564562,30,0.0017101958890827378,2.0
temporal,csc_cox,10.0,nb_at_0.075,0.04730398589513997,5306.624089243464,30,0.0015517121643263414,3.0
temporal,csc_cox,10.0,nb_at_0.2,0.06805969391099492,3674.0884514076033,30,0.0008528382171799663,4.0
temporal,csc_cox,10.0,frac_above_0.01,0.07664574592901782,3171.547259318713,30,0.005216754485635588,4.0
temporal,csc_cox,10.0,frac_above_0.02,0.07475434601445505,3274.63021138197,30,0.005301052769469601,4.0
temporal,csc_cox,10.0,frac_above_0.03,0.09639684353952624,2308.1294814952066,30,0.0052429735534166595,6.0
temporal,csc_cox,10.0,frac_above_0.05,0.07175035631595722,3446.998819980938,30,0.004735400065409488,4.0
temporal,csc_cox,10.0,frac_above_0.075,0.11057144738876305,1872.974336792881,30,0.0043801083951536405,7.0
temporal,csc_cox,10.0,frac_above_0.2,0.21210242880905716,609.9565413299952,30,0.001905616139202525,21.0
temporal,csc_cox,10.0,nb_all_at_0.01,0.00021438523551789654,9326.000643017896,30,0.0018741690066556508,2.0
temporal,csc_cox,10.0,nb_all_at_0.02,0.00021438523551789654,9326.000643017896,30,0.0018932932105291376,2.0
temporal,csc_cox,10.0,nb_all_at_0.03,0.00021438523551789654,9326.000643017896,30,0.001912811740511758,2.0
temporal,csc_cox,10.0,nb_all_at_0.05,0.00021438523551789654,9326.000643017896,30,0.0019530814601843335,2.0
temporal,csc_cox,10.0,nb_all_at_0.075,0.00021438523551789654,9326.000643017896,30,0.002005867522102654,2.0
temporal,csc_cox,10.0,nb_all_at_0.2,0.00021438523551789654,9326.000643017896,30,0.002319284076957884,2.0
temporal,fine_gray,5.0,mean_pred,0.08251577546273882,2876.5838218551894,30,0.0002852054217453083,5.0
temporal,fine_gray,5.0,obs_cif,0.00021438523551789654,9326.000643017896,30,0.0012222345625290214,2.0
temporal,fine_gray,5.0,eo,0.002323371351274685,9293.084445356886,30,0.1284926806909344,2.0
temporal,fine_gray,5.0,calib_intercept,0.007883871186118819,9084.260508001367,30,0.10789488861012825,2.0
temporal,fine_gray,5.0,calib_slope,0.022786111061518628,7861.321007186455,30,0.09856788089373787,2.0
temporal,fine_gray,5.0,ici,0.006261662663669623,9162.670392494625,30,0.0011714252713086815,2.0
temporal,fine_gray,5.0,e50,0.015221173580297523,8575.96620863805,30,0.0010308949859811512,2.0
temporal,fine_gray,5.0,e90,0.01538664058823391,8562.027311909438,30,0.0037732881563994187,2.0
temporal,fine_gray,5.0,obs_concordant,0.00021438523551789654,9326.000643017896,30,0.0012222345625290214,2.0
temporal,fine_gray,5.0,eo_concordant,0.002323371351274685,9293.084445356886,30,0.1284926806909344,2.0
temporal,fine_gray,5.0,calib_intercept_concordant,0.007883871186118819,9084.260508001367,30,0.10789488861012825,2.0
temporal,fine_gray,5.0,calib_slope_concordant,0.022786111061518628,7861.321007186455,30,0.09856788089373787,2.0
temporal,fine_gray,5.0,ici_concordant,0.006261662663669623,9162.670392494625,30,0.0011714252713086815,2.0
temporal,fine_gray,5.0,e50_concordant,0.015221173580297523,8575.96620863805,30,0.0010308949859811512,2.0
temporal,fine_gray,5.0,e90_concordant,0.01538664058823391,8562.027311909438,30,0.0037732881563994187,2.0
temporal,fine_gray,5.0,auc,0.014254796765352691,8655.472090830954,30,0.013030850511721462,2.0
temporal,fine_gray,5.0,cindex,0.014443494066643867,8640.208422802929,30,0.012927307742191705,2.0
temporal,fine_gray,5.0,auc_marginal_ipcw,0.014254796765352691,8655.472090830954,30,0.013030850511721462,2.0
temporal,fine_gray,5.0,cindex_marginal_ipcw,0.014443494066643867,8640.208422802929,30,0.012927307742191705,2.0
temporal,fine_gray,5.0,at_risk_fraction,0.00021438523551789654,9326.000643017896,30,0.0,2.0
temporal,fine_gray,5.0,nb_at_0.01,0.0003765569967168604,9324.409756151841,30,0.0011998148141325038,2.0
temporal,fine_gray,5.0,nb_at_0.02,0.013209824310381998,8737.600865439526,30,0.0011454747495846618,2.0
temporal,fine_gray,5.0,nb_at_0.03,0.028847389904177137,7218.757889029683,30,0.0010300669409743564,2.0
temporal,fine_gray,5.0,nb_at_0.05,0.02044324749637957,8096.997464812211,30,0.0008813144572257714,2.0
temporal,fine_gray,5.0,nb_at_0.075,0.08753543940471233,2651.7403522753893,30,0.0007011022969582363,5.0
temporal,fine_gray,5.0,nb_at_0.2,0.07687008094596294,3159.5908151761487,30,0.00014210823769260117,4.0
temporal,fine_gray,5.0,frac_above_0.01,0.08166269245239587,2917.2154179498684,30,0.005315044281666056,5.0
temporal,fine_gray,5.0,frac_above_0.02,0.09461296145019957,2372.3160091365407,30,0.005034380748460924,6.0
temporal,fine_gray,5.0,frac_above_0.03,0.10075906509008319,2160.7227781391084,30,0.004610888739833619,6.0
temporal,fine_gray,5.0,frac_above_0.05,0.07413309873703318,3309.392798211791,30,0.003498534380692216,4.0
temporal,fine_gray,5.0,frac_above_0.075,0.17334880070736833,878.2686435585941,30,0.0023788961900110916,15.0
temporal,fine_gray,5.0,frac_above_0.2,0.17294258286831826,881.9387596273766,30,0.0003799002717904808,15.0
temporal,fine_gray,5.0,nb_all_at_0.01,0.00021438523551789654,9326.000643017896,30,0.0012345803469536207,2.0
temporal,fine_gray,5.0,nb_all_at_0.02,0.00021438523551789654,9326.000643017896,30,0.0012471780929677178,2.0
temporal,fine_gray,5.0,nb_all_at_0.03,0.00021438523551789654,9326.000643017896,30,0.0012600356266929851,2.0
temporal,fine_gray,5.0,nb_all_at_0.05,0.00021438523551789654,9326.000643017896,30,0.0012865626773271902,2.0
temporal,fine_gray,5.0,nb_all_at_0.075,0.00021438523551789654,9326.000643017896,30,0.001321334780222741,2.0
temporal,fine_gray,5.0,nb_all_at_0.2,0.00021438523551789654,9326.000643017896,30,0.0015277938449685367,2.0
temporal,fine_gray,10.0,mean_pred,0.07957523655413686,3019.7785228275616,30,0.0005794979811235231,5.0
temporal,fine_gray,10.0,obs_cif,0.00021438523551789654,9326.000643017896,30,0.0018554273645042592,2.0
temporal,fine_gray,10.0,eo,0.005113607469930643,9209.674024571927,30,0.07058083922080428,2.0
temporal,fine_gray,10.0,calib_intercept,0.0075499828304881715,9101.517310653533,30,0.07057769150141105,2.0
temporal,fine_gray,10.0,calib_slope,0.03207805848973551,6868.6373606356,30,0.061042312355285726,2.0
temporal,fine_gray,10.0,ici,0.014170604231410493,8662.240557378827,30,0.0016287360539900602,2.0
temporal,fine_gray,10.0,e50,0.014441500168960751,8640.370382386347,30,0.0012196519008465707,2.0
temporal,fine_gray,10.0,e90,0.03683490661435214,6357.975635559324,30,0.004202646310966535,2.0
temporal,fine_gray,10.0,obs_concordant,0.00021438523551789654,9326.000643017896,30,0.0018554273645042592,2.0
temporal,fine_gray,10.0,eo_concordant,0.005113607469930643,9209.674024571927,30,0.07058083922080428,2.0
temporal,fine_gray,10.0,calib_intercept_concordant,0.0075499828304881715,9101.517310653533,30,0.07057769150141105,2.0
temporal,fine_gray,10.0,calib_slope_concordant,0.03207805848973551,6868.6373606356,30,0.061042312355285726,2.0
temporal,fine_gray,10.0,ici_concordant,0.014170604231410493,8662.240557378827,30,0.0016287360539900602,2.0
temporal,fine_gray,10.0,e50_concordant,0.014441500168960751,8640.370382386347,30,0.0012196519008465707,2.0
temporal,fine_gray,10.0,e90_concordant,0.03683490661435214,6357.975635559324,30,0.004202646310966535,2.0
temporal,fine_gray,10.0,auc,0.009104289511846574,9016.420200453336,30,0.010302264165259497,2.0
temporal,fine_gray,10.0,cindex,0.009185696749059249,9011.634493901387,30,0.009924488712263773,2.0
temporal,fine_gray,10.0,auc_marginal_ipcw,0.008966113189354757,9024.469738520907,30,0.010218923572634679,2.0
temporal,fine_gray,10.0,cindex_marginal_ipcw,0.009412116412174588,8998.156215650613,30,0.009836758276032307,2.0
temporal,fine_gray,10.0,at_risk_fraction,0.00021438523551789654,9326.000643017896,30,0.004296732615352394,2.0
temporal,fine_gray,10.0,nb_at_0.01,0.0023190727812272068,9293.178293106987,30,0.0018518295420600652,2.0
temporal,fine_gray,10.0,nb_at_0.02,0.0010879734789307827,9315.572813531591,30,0.0018121490873631682,2.0
temporal,fine_gray,10.0,nb_at_0.03,0.0028257187280411227,9281.372825796308,30,0.0017929141731932363,2.0
temporal,fine_gray,10.0,nb_at_0.05,0.016093200860480755,8501.483072082852,30,0.0017082819072368964,2.0
temporal,fine_gray,10.0,nb_at_0.075,0.03914067231766528,6115.99214073746,30,0.0015372458731169527,2.0
temporal,fine_gray,10.0,nb_at_0.2,0.07254942461813554,3400.0851431664037,30,0.0007412500961818568,4.0
temporal,fine_gray,10.0,frac_above_0.01,0.06693280133642028,3746.9472292135083,30,0.004964030807868993,4.0
temporal,fine_gray,10.0,frac_above_0.02,0.06143232683683532,4127.477217892365,30,0.005243681486333634,3.0
temporal,fine_gray,10.0,frac_above_0.03,0.09729197758564143,2276.798766318323,30,0.005322098261840417,6.0
temporal,fine_gray,10.0,frac_above_0.05,0.07332216976515815,3355.4563772635,30,0.004815945178626283,4.0
temporal,fine_gray,10.0,frac_above_0.075,0.12084572920004433,1625.518590646098,30,0.0043676841336958115,8.0
temporal,fine_gray,10.0,frac_above_0.2,0.10568146031321538,2009.3293586422594,30,0.0015854141394036193,7.0
temporal,fine_gray,10.0,nb_all_at_0.01,0.00021438523551789654,9326.000643017896,30,0.0018741690066556508,2.0
temporal,fine_gray,10.0,nb_all_at_0.02,0.00021438523551789654,9326.000643017896,30,0.0018932932105291376,2.0
temporal,fine_gray,10.0,nb_all_at_0.03,0.00021438523551789654,9326.000643017896,30,0.001912811740511758,2.0
temporal,fine_gray,10.0,nb_all_at_0.05,0.00021438523551789654,9326.000643017896,30,0.0019530814601843335,2.0
temporal,fine_gray,10.0,nb_all_at_0.075,0.00021438523551789654,9326.000643017896,30,0.002005867522102654,2.0
temporal,fine_gray,10.0,nb_all_at_0.2,0.00021438523551789654,9326.000643017896,30,0.002319284076957884,2.0
temporal,rsf_cr,5.0,mean_pred,0.18808765858599394,758.8845449133762,30,0.0003268872632317604,17.0
temporal,rsf_cr,5.0,obs_cif,0.00021438523551789654,9326.000643017896,30,0.0012222345625290214,2.0
temporal,rsf_cr,5.0,eo,0.006382805810895741,9157.293839844211,30,0.1296653492452482,2.0
temporal,rsf_cr,5.0,calib_intercept,0.030827411598237486,7004.214876699871,30,0.10608730894135644,2.0
temporal,rsf_cr,5.0,calib_slope,0.08078526828175654,2959.7762517390224,30,0.18491822309259068,5.0
temporal,rsf_cr,5.0,ici,0.015677637644388807,8537.290772812228,30,0.001294987953032535,2.0
temporal,rsf_cr,5.0,e50,0.0503278075466062,5029.437910670686,30,0.0011858789919105646,3.0
temporal,rsf_cr,5.0,e90,0.028094812380490813,7300.0441233026395,30,0.004178345226480769,2.0
temporal,rsf_cr,5.0,obs_concordant,0.00021438523551789654,9326.000643017896,30,0.0012222345625290214,2.0
temporal,rsf_cr,5.0,eo_concordant,0.006382805810895741,9157.293839844211,30,0.1296653492452482,2.0
temporal,rsf_cr,5.0,calib_intercept_concordant,0.030827411598237486,7004.214876699871,30,0.10608730894135644,2.0
temporal,rsf_cr,5.0,calib_slope_concordant,0.08078526828175654,2959.7762517390224,30,0.18491822309259068,5.0
temporal,rsf_cr,5.0,ici_concordant,0.015677637644388807,8537.290772812228,30,0.001294987953032535,2.0
temporal,rsf_cr,5.0,e50_concordant,0.0503278075466062,5029.437910670686,30,0.0011858789919105646,3.0
temporal,rsf_cr,5.0,e90_concordant,0.028094812380490813,7300.0441233026395,30,0.004178345226480769,2.0
temporal,rsf_cr,5.0,auc,0.05667559930709784,4491.431647177624,30,0.013819301822629854,3.0
temporal,rsf_cr,5.0,cindex,0.056792686963479604,4482.072529027281,30,0.01371332469422134,3.0
temporal,rsf_cr,5.0,auc_marginal_ipcw,0.05667559930709784,4491.431647177624,30,0.013819301822629854,3.0
temporal,rsf_cr,5.0,cindex_marginal_ipcw,0.056792686963479604,4482.072529027281,30,0.01371332469422134,3.0
temporal,rsf_cr,5.0,at_risk_fraction,0.00021438523551789654,9326.000643017896,30,0.0,2.0
temporal,rsf_cr,5.0,nb_at_0.01,0.011709585223158276,8847.981794462004,30,0.0011995906547667512,2.0
temporal,rsf_cr,5.0,nb_at_0.02,0.03380438644557303,6682.0518933382755,30,0.0011587066847812486,2.0
temporal,rsf_cr,5.0,nb_at_0.03,0.04949029277991983,5104.885739296732,30,0.0010922466962537695,3.0
temporal,rsf_cr,5.0,nb_at_0.05,0.06444619013805755,3913.7702087219222,30,0.0009639254972740657,4.0
temporal,rsf_cr,5.0,nb_at_0.075,0.12750606875807557,1488.9887735957648,30,0.0007952900840690685,9.0
temporal,rsf_cr,5.0,nb_at_0.2,0.35017172451887846,238.46137680743044,30,6.598128517302407e-05,46.0
temporal,rsf_cr,5.0,frac_above_0.01,0.5404375347291474,104.04376337257004,30,0.00740197995429646,89.0
temporal,rsf_cr,5.0,frac_above_0.02,0.28636977792462104,348.9426800464883,30,0.0056272786009556605,33.0
temporal,rsf_cr,5.0,frac_above_0.03,0.2886908988747429,343.6782593790308,30,0.00520252064274229,34.0
temporal,rsf_cr,5.0,frac_above_0.05,0.3489296664780654,240.07764287422413,30,0.004389438511239404,46.0
temporal,rsf_cr,5.0,frac_above_0.075,0.4131061234286914,174.01956803827733,30,0.003322451690807025,60.0
temporal,rsf_cr,5.0,frac_above_0.2,0.315856514993762,289.9993861610202,30,0.00016547052229085073,39.0
temporal,rsf_cr,5.0,nb_all_at_0.01,0.00021438523551789654,9326.000643017896,30,0.0012345803469536207,2.0
temporal,rsf_cr,5.0,nb_all_at_0.02,0.00021438523551789654,9326.000643017896,30,0.0012471780929677178,2.0
temporal,rsf_cr,5.0,nb_all_at_0.03,0.00021438523551789654,9326.000643017896,30,0.0012600356266929851,2.0
temporal,rsf_cr,5.0,nb_all_at_0.05,0.00021438523551789654,9326.000643017896,30,0.0012865626773271902,2.0
temporal,rsf_cr,5.0,nb_all_at_0.075,0.00021438523551789654,9326.000643017896,30,0.001321334780222741,2.0
temporal,rsf_cr,5.0,nb_all_at_0.2,0.00021438523551789654,9326.000643017896,30,0.0015277938449685367,2.0
temporal,rsf_cr,10.0,mean_pred,0.11160424766809242,1845.818560661519,30,0.0006184115529234837,7.0
temporal,rsf_cr,10.0,obs_cif,0.00021438523551789654,9326.000643017896,30,0.0018554273645042592,2.0
temporal,rsf_cr,10.0,eo,0.007912346578597948,9082.762468354485,30,0.07111807487311134,2.0
temporal,rsf_cr,10.0,calib_intercept,0.024850539377003454,7646.472859544716,30,0.06738687242382958,2.0
temporal,rsf_cr,10.0,calib_slope,0.08423214585398553,2797.016054451624,30,0.09668364387161334,5.0
temporal,rsf_cr,10.0,ici,0.015272498969017527,8571.652507163964,30,0.0018247901707489583,2.0
temporal,rsf_cr,10.0,e50,0.04909481119706543,5140.868508176717,30,0.0018518990479106747,3.0
temporal,rsf_cr,10.0,e90,0.028280146520065524,7280.047091807438,30,0.006060406801948872,2.0
temporal,rsf_cr,10.0,obs_concordant,0.00021438523551789654,9326.000643017896,30,0.0018554273645042592,2.0
temporal,rsf_cr,10.0,eo_concordant,0.007912346578597948,9082.762468354485,30,0.07111807487311134,2.0
temporal,rsf_cr,10.0,calib_intercept_concordant,0.024850539377003454,7646.472859544716,30,0.06738687242382958,2.0
temporal,rsf_cr,10.0,calib_slope_concordant,0.08423214585398553,2797.016054451624,30,0.09668364387161334,5.0
temporal,rsf_cr,10.0,ici_concordant,0.015272498969017527,8571.652507163964,30,0.0018247901707489583,2.0
temporal,rsf_cr,10.0,e50_concordant,0.04909481119706543,5140.868508176717,30,0.0018518990479106747,3.0
temporal,rsf_cr,10.0,e90_concordant,0.028280146520065524,7280.047091807438,30,0.006060406801948872,2.0
temporal,rsf_cr,10.0,auc,0.029435957752430648,7155.055816127426,30,0.010761776138803997,2.0
temporal,rsf_cr,10.0,cindex,0.02895968736117003,7206.611164627641,30,0.010393953124773559,2.0
temporal,rsf_cr,10.0,auc_marginal_ipcw,0.0306345855997535,7025.127039578086,30,0.010591332637683859,2.0
temporal,rsf_cr,10.0,cindex_marginal_ipcw,0.029454058441517106,7153.095354407558,30,0.010168318716562803,2.0
temporal,rsf_cr,10.0,at_risk_fraction,0.00021438523551789654,9326.000643017896,30,0.004296732615352394,2.0
temporal,rsf_cr,10.0,nb_at_0.01,0.009925264257940778,8966.707414610812,30,0.0018376746661698342,2.0
temporal,rsf_cr,10.0,nb_at_0.02,0.011079943726751754,8891.494269775172,30,0.0018126713476684876,2.0
temporal,rsf_cr,10.0,nb_at_0.03,0.01407808193313876,8669.648653172055,30,0.001780276879111301,2.0
temporal,rsf_cr,10.0,nb_at_0.05,0.030380889049068615,7052.6392372543505,30,0.0017352281304604646,2.0
temporal,rsf_cr,10.0,nb_at_0.075,0.056326481735165156,4519.458628883297,30,0.0016311144545427452,3.0
temporal,rsf_cr,10.0,nb_at_0.2,0.20431266297065478,653.144948839502,30,0.0008525569668554714,19.0
temporal,rsf_cr,10.0,frac_above_0.01,0.507801283660286,117.23943909934673,30,0.0070453150577535475,81.0
temporal,rsf_cr,10.0,frac_above_0.02,0.3046250629531725,310.55182418015613,30,0.0060969370728995945,37.0
temporal,rsf_cr,10.0,frac_above_0.03,0.3301979891890073,266.5972767962393,30,0.00609472859640246,42.0
temporal,rsf_cr,10.0,frac_above_0.05,0.173875976055592,873.5388567039313,30,0.00518814794563693,15.0
temporal,rsf_cr,10.0,frac_above_0.075,0.21510554717513156,594.428483321748,30,0.004825497390294419,21.0
temporal,rsf_cr,10.0,frac_above_0.2,0.38448062755721835,199.58232684038933,30,0.0019703909506639137,53.0
temporal,rsf_cr,10.0,nb_all_at_0.01,0.00021438523551789654,9326.000643017896,30,0.0018741690066556508,2.0
temporal,rsf_cr,10.0,nb_all_at_0.02,0.00021438523551789654,9326.000643017896,30,0.0018932932105291376,2.0
temporal,rsf_cr,10.0,nb_all_at_0.03,0.00021438523551789654,9326.000643017896,30,0.001912811740511758,2.0
temporal,rsf_cr,10.0,nb_all_at_0.05,0.00021438523551789654,9326.000643017896,30,0.0019530814601843335,2.0
temporal,rsf_cr,10.0,nb_all_at_0.075,0.00021438523551789654,9326.000643017896,30,0.002005867522102654,2.0
temporal,rsf_cr,10.0,nb_all_at_0.2,0.00021438523551789654,9326.000643017896,30,0.002319284076957884,2.0
temporal,deephit,5.0,mean_pred,0.6666499038080047,69.53824800791377,30,0.0005324334307845137,120.0
temporal,deephit,5.0,obs_cif,0.00021438523551789654,9326.000643017896,30,0.0012222345625290214,2.0
temporal,deephit,5.0,eo,0.05001395699987274,5057.590971113057,30,0.13818627779725184,3.0
temporal,deephit,5.0,calib_intercept,0.05160938590307038,4915.9838554929265,30,0.10662661732953825,3.0
temporal,deephit,5.0,calib_slope,0.10556317084406455,2012.7946500704259,30,0.13910748551739355,7.0
temporal,deephit,5.0,ici,0.10810992851633515,1939.962536093593,30,0.0013020402605302842,7.0
temporal,deephit,5.0,e50,0.10661544943211716,1982.2535293691967,30,0.0009151986430586182,7.0
temporal,deephit,5.0,e90,0.11839691597068225,1680.1542740007612,30,0.004411005053868657,8.0
temporal,deephit,5.0,obs_concordant,0.00021438523551789654,9326.000643017896,30,0.0012222345625290214,2.0
temporal,deephit,5.0,eo_concordant,0.05001395699987274,5057.590971113057,30,0.13818627779725184,3.0
temporal,deephit,5.0,calib_intercept_concordant,0.05160938590307038,4915.9838554929265,30,0.10662661732953825,3.0
temporal,deephit,5.0,calib_slope_concordant,0.10556317084406455,2012.7946500704259,30,0.13910748551739355,7.0
temporal,deephit,5.0,ici_concordant,0.10810992851633515,1939.962536093593,30,0.0013020402605302842,7.0
temporal,deephit,5.0,e50_concordant,0.10661544943211716,1982.2535293691967,30,0.0009151986430586182,7.0
temporal,deephit,5.0,e90_concordant,0.11839691597068225,1680.1542740007612,30,0.004411005053868657,8.0
temporal,deephit,5.0,auc,0.02103212270079986,8038.72791176969,30,0.012666904252047435,2.0
temporal,deephit,5.0,cindex,0.021504865419794756,7991.454301391878,30,0.012565356824728703,2.0
temporal,deephit,5.0,auc_marginal_ipcw,0.02103212270079986,8038.72791176969,30,0.012666904252047435,2.0
temporal,deephit,5.0,cindex_marginal_ipcw,0.021504865419794756,7991.454301391878,30,0.012565356824728703,2.0
temporal,deephit,5.0,at_risk_fraction,0.00021438523551789654,9326.000643017896,30,0.0,2.0
temporal,deephit,5.0,nb_at_0.01,0.00826885102345213,9063.66059989206,30,0.001187611374863925,2.0
temporal,deephit,5.0,nb_at_0.02,0.030200538235637692,7072.195137492964,30,0.00114303113948781,2.0
temporal,deephit,5.0,nb_at_0.03,0.017992319399444862,8331.103005085948,30,0.001081639959688473,2.0
temporal,deephit,5.0,nb_at_0.05,0.029422955637635542,7156.464013769712,30,0.000994049962976719,2.0
temporal,deephit,5.0,nb_at_0.075,0.06344877696153779,3983.0773456148513,30,0.00086859018183733,4.0
temporal,deephit,5.0,nb_at_0.2,0.7417895720986737,56.61179795428444,30,0.00011113850279586391,138.0
temporal,deephit,5.0,frac_above_0.01,0.6369282213833961,75.90851440436226,30,0.008113126299050635,112.0
temporal,deephit,5.0,frac_above_0.02,0.43611706535590905,156.8930774521992,30,0.006204329511333408,65.0
temporal,deephit,5.0,frac_above_0.03,0.5279045617161606,108.83138010022445,30,0.00645838566294333,86.0
temporal,deephit,5.0,frac_above_0.05,0.5711583904827697,93.57515001668996,30,0.0056920776447537185,96.0
temporal,deephit,5.0,frac_above_0.075,0.7331442579803271,57.90665703154277,30,0.005077162821934195,136.0
temporal,deephit,5.0,frac_above_0.2,0.7417895720986737,56.61179795428444,30,0.00044455401118345564,138.0
temporal,deephit,5.0,nb_all_at_0.01,0.00021438523551789654,9326.000643017896,30,0.0012345803469536207,2.0
temporal,deephit,5.0,nb_all_at_0.02,0.00021438523551789654,9326.000643017896,30,0.0012471780929677178,2.0
temporal,deephit,5.0,nb_all_at_0.03,0.00021438523551789654,9326.000643017896,30,0.0012600356266929851,2.0
temporal,deephit,5.0,nb_all_at_0.05,0.00021438523551789654,9326.000643017896,30,0.0012865626773271902,2.0
temporal,deephit,5.0,nb_all_at_0.075,0.00021438523551789654,9326.000643017896,30,0.001321334780222741,2.0
temporal,deephit,5.0,nb_all_at_0.2,0.00021438523551789654,9326.000643017896,30,0.0015277938449685367,2.0
temporal,deephit,10.0,mean_pred,0.5647350645352422,95.62773371155258,30,0.0008934886547781208,95.0
temporal,deephit,10.0,obs_cif,0.00021438523551789654,9326.000643017896,30,0.0018554273645042592,2.0
temporal,deephit,10.0,eo,0.07174054769927897,3447.579565416054,30,0.0749811615962379,4.0
temporal,deephit,10.0,calib_intercept,0.07730458214818488,3136.5931979121947,30,0.06822322499304005,4.0
temporal,deephit,10.0,calib_slope,0.06096605731411429,4161.693952050469,30,0.10403246148297403,3.0
temporal,deephit,10.0,ici,0.11591428118397237,1738.2046901430513,30,0.001915197347049553,8.0
temporal,deephit,10.0,e50,0.1128680984805644,1813.324649713884,30,0.0015561168516101962,8.0
temporal,deephit,10.0,e90,0.13829785328377012,1300.0774122038263,30,0.006601974974737258,10.0
temporal,deephit,10.0,obs_concordant,0.00021438523551789654,9326.000643017896,30,0.0018554273645042592,2.0
temporal,deephit,10.0,eo_concordant,0.07174054769927897,3447.579565416054,30,0.0749811615962379,4.0
temporal,deephit,10.0,calib_intercept_concordant,0.07730458214818488,3136.5931979121947,30,0.06822322499304005,4.0
temporal,deephit,10.0,calib_slope_concordant,0.06096605731411429,4161.693952050469,30,0.10403246148297403,3.0
temporal,deephit,10.0,ici_concordant,0.11591428118397237,1738.2046901430513,30,0.001915197347049553,8.0
temporal,deephit,10.0,e50_concordant,0.1128680984805644,1813.324649713884,30,0.0015561168516101962,8.0
temporal,deephit,10.0,e90_concordant,0.13829785328377012,1300.0774122038263,30,0.006601974974737258,10.0
temporal,deephit,10.0,auc,0.018043281019284433,8326.388476160744,30,0.009981324799726693,2.0
temporal,deephit,10.0,cindex,0.019029484063904686,8233.812568936672,30,0.009620277985694125,2.0
temporal,deephit,10.0,auc_marginal_ipcw,0.01818186069874845,8313.532918667397,30,0.009909049120344411,2.0
temporal,deephit,10.0,cindex_marginal_ipcw,0.019220979381598773,8215.552571711783,30,0.009541443403724117,2.0
temporal,deephit,10.0,at_risk_fraction,0.00021438523551789654,9326.000643017896,30,0.004296732615352394,2.0
temporal,deephit,10.0,nb_at_0.01,0.004161217558709309,9243.134431786499,30,0.001838271091669438,2.0
temporal,deephit,10.0,nb_at_0.02,0.006595778883488036,9147.651669333176,30,0.0018090399710823238,2.0
temporal,deephit,10.0,nb_at_0.03,0.012304594061970065,8805.307900278398,30,0.0017893416956064685,2.0
temporal,deephit,10.0,nb_at_0.05,0.03144108847857621,6937.668466813219,30,0.0017498485395967406,2.0
temporal,deephit,10.0,nb_at_0.075,0.03946593074931186,6082.253902370982,30,0.0016554474017418082,2.0
temporal,deephit,10.0,nb_at_0.2,0.15150133953304798,1112.4047891956639,30,0.0008514301579354567,12.0
temporal,deephit,10.0,frac_above_0.01,0.7942015128908946,49.60910842918091,30,0.010265398998021844,151.0
temporal,deephit,10.0,frac_above_0.02,0.6070819606643222,83.23747977237923,30,0.007907107795887153,105.0
temporal,deephit,10.0,frac_above_0.03,0.41298165315871976,174.11976967372206,30,0.006397024934302232,60.0
temporal,deephit,10.0,frac_above_0.05,0.33704307743152806,256.41683155966786,30,0.005715633638246841,43.0
temporal,deephit,10.0,frac_above_0.075,0.4758420681053678,132.78652958512754,30,0.006020707388180011,74.0
temporal,deephit,10.0,frac_above_0.2,0.8045478306195226,48.37827277507888,30,0.0032179896087399843,154.0
temporal,deephit,10.0,nb_all_at_0.01,0.00021438523551789654,9326.000643017896,30,0.0018741690066556508,2.0
temporal,deephit,10.0,nb_all_at_0.02,0.00021438523551789654,9326.000643017896,30,0.0018932932105291376,2.0
temporal,deephit,10.0,nb_all_at_0.03,0.00021438523551789654,9326.000643017896,30,0.001912811740511758,2.0
temporal,deephit,10.0,nb_all_at_0.05,0.00021438523551789654,9326.000643017896,30,0.0019530814601843335,2.0
temporal,deephit,10.0,nb_all_at_0.075,0.00021438523551789654,9326.000643017896,30,0.002005867522102654,2.0
temporal,deephit,10.0,nb_all_at_0.2,0.00021438523551789654,9326.000643017896,30,0.002319284076957884,2.0
temporal,nfg,5.0,mean_pred,0.6124418596734775,81.8444763463517,30,0.00045788003380204826,106.0
temporal,nfg,5.0,obs_cif,0.00021438523551789654,9326.000643017896,30,0.0012222345625290214,2.0
temporal,nfg,5.0,eo,0.052917638874811296,4802.681243407706,30,0.11089725708378981,3.0
temporal,nfg,5.0,calib_intercept,0.043173455692499314,5705.825031657489,30,0.10958515921805723,2.0
temporal,nfg,5.0,calib_slope,0.09615074570110786,2316.8447222265895,30,0.14749411325871523,6.0
temporal,nfg,5.0,ici,0.11992543267497512,1645.755119102438,30,0.001144095786871729,8.0
temporal,nfg,5.0,e50,0.14664694627934013,1176.5825951091515,30,0.000422911938933999,11.0
temporal,nfg,5.0,e90,0.10058189823040176,2166.4574346641384,30,0.004472418373428012,6.0
temporal,nfg,5.0,obs_concordant,0.00021438523551789654,9326.000643017896,30,0.0012222345625290214,2.0
temporal,nfg,5.0,eo_concordant,0.052917638874811296,4802.681243407706,30,0.11089725708378981,3.0
temporal,nfg,5.0,calib_intercept_concordant,0.043173455692499314,5705.825031657489,30,0.10958515921805723,2.0
temporal,nfg,5.0,calib_slope_concordant,0.09615074570110786,2316.8447222265895,30,0.14749411325871523,6.0
temporal,nfg,5.0,ici_concordant,0.11992543267497512,1645.755119102438,30,0.001144095786871729,8.0
temporal,nfg,5.0,e50_concordant,0.14664694627934013,1176.5825951091515,30,0.000422911938933999,11.0
temporal,nfg,5.0,e90_concordant,0.10058189823040176,2166.4574346641384,30,0.004472418373428012,6.0
temporal,nfg,5.0,auc,0.021725516770898363,7969.246238251823,30,0.013485592155698788,2.0
temporal,nfg,5.0,cindex,0.02189648840729337,7951.9779231724815,30,0.013374831313346462,2.0
temporal,nfg,5.0,auc_marginal_ipcw,0.021725516770898363,7969.246238251823,30,0.013485592155698788,2.0
temporal,nfg,5.0,cindex_marginal_ipcw,0.02189648840729337,7951.9779231724815,30,0.013374831313346462,2.0
temporal,nfg,5.0,at_risk_fraction,0.00021438523551789654,9326.000643017896,30,0.0,2.0
temporal,nfg,5.0,nb_at_0.01,0.016414166833162925,8473.44840256009,30,0.0011500879231772577,2.0
temporal,nfg,5.0,nb_at_0.02,0.015027882483436387,8592.130683908199,30,0.001081484374669656,2.0
temporal,nfg,5.0,nb_at_0.03,0.04047877557357686,5977.889799884784,30,0.0010559462783952902,2.0
temporal,nfg,5.0,nb_at_0.05,0.031056980432562293,6979.318412228743,30,0.0009332236896607143,2.0
temporal,nfg,5.0,nb_at_0.075,0.062034824807538,4083.7257214718343,30,0.0008322399735722526,3.0
temporal,nfg,5.0,nb_at_0.2,0.21939725671259122,573.2339395489757,30,2.703326178820726e-05,22.0
temporal,nfg,5.0,frac_above_0.01,0.741775603915707,56.613855074479986,30,0.008889002445269358,138.0
temporal,nfg,5.0,frac_above_0.02,0.5684060222703651,94.44641457751044,30,0.0066669733724952435,96.0
temporal,nfg,5.0,frac_above_0.03,0.5413587007923556,103.7045387825894,30,0.005930217646820633,89.0
temporal,nfg,5.0,frac_above_0.05,0.6379350148709589,75.67853177701504,30,0.005585230300809327,113.0
temporal,nfg,5.0,frac_above_0.075,0.6672285685445011,69.42233992743836,30,0.00417930253663269,120.0
temporal,nfg,5.0,frac_above_0.2,0.21939725671259122,573.2339395489757,30,0.00010813304715282903,22.0
temporal,nfg,5.0,nb_all_at_0.01,0.00021438523551789654,9326.000643017896,30,0.0012345803469536207,2.0
temporal,nfg,5.0,nb_all_at_0.02,0.00021438523551789654,9326.000643017896,30,0.0012471780929677178,2.0
temporal,nfg,5.0,nb_all_at_0.03,0.00021438523551789654,9326.000643017896,30,0.0012600356266929851,2.0
temporal,nfg,5.0,nb_all_at_0.05,0.00021438523551789654,9326.000643017896,30,0.0012865626773271902,2.0
temporal,nfg,5.0,nb_all_at_0.075,0.00021438523551789654,9326.000643017896,30,0.001321334780222741,2.0
temporal,nfg,5.0,nb_all_at_0.2,0.00021438523551789654,9326.000643017896,30,0.0015277938449685367,2.0
temporal,nfg,10.0,mean_pred,0.6126663137914188,81.78691409333325,30,0.0008931051246741921,106.0
temporal,nfg,10.0,obs_cif,0.00021438523551789654,9326.000643017896,30,0.0018554273645042592,2.0
temporal,nfg,10.0,eo,0.1024568168354058,2106.8008038647918,30,0.0652738735800503,7.0
temporal,nfg,10.0,calib_intercept,0.0869799638557935,2675.4697819646904,30,0.07156978827145406,5.0
temporal,nfg,10.0,calib_slope,0.0725688468482993,3398.9545776525833,30,0.08643847263949356,4.0
temporal,nfg,10.0,ici,0.10498846369802768,2029.7478360346822,30,0.0016975484329374616,7.0
temporal,nfg,10.0,e50,0.19854552746748208,688.0924245389308,30,0.0008116562825482582,18.0
temporal,nfg,10.0,e90,0.13391494133075527,1372.439661798353,30,0.00664144603237641,10.0
temporal,nfg,10.0,obs_concordant,0.00021438523551789654,9326.000643017896,30,0.0018554273645042592,2.0
temporal,nfg,10.0,eo_concordant,0.1024568168354058,2106.8008038647918,30,0.0652738735800503,7.0
temporal,nfg,10.0,calib_intercept_concordant,0.0869799638557935,2675.4697819646904,30,0.07156978827145406,5.0
temporal,nfg,10.0,calib_slope_concordant,0.0725688468482993,3398.9545776525833,30,0.08643847263949356,4.0
temporal,nfg,10.0,ici_concordant,0.10498846369802768,2029.7478360346822,30,0.0016975484329374616,7.0
temporal,nfg,10.0,e50_concordant,0.19854552746748208,688.0924245389308,30,0.0008116562825482582,18.0
temporal,nfg,10.0,e90_concordant,0.13391494133075527,1372.439661798353,30,0.00664144603237641,10.0
temporal,nfg,10.0,auc,0.01713718572812392,8409.135566892863,30,0.010421104990961431,2.0
temporal,nfg,10.0,cindex,0.018353619785093842,8297.528464448955,30,0.010062682336850218,2.0
temporal,nfg,10.0,auc_marginal_ipcw,0.016977882631638887,8423.440429571552,30,0.010350045692883955,2.0
temporal,nfg,10.0,cindex_marginal_ipcw,0.018407976929853378,8292.44730896617,30,0.00999129567692269,2.0
temporal,nfg,10.0,at_risk_fraction,0.00021438523551789654,9326.000643017896,30,0.004296732615352394,2.0
temporal,nfg,10.0,nb_at_0.01,0.00520961808120939,9206.01996154055,30,0.0018154855255451544,2.0
temporal,nfg,10.0,nb_at_0.02,0.012625472575211153,8781.685252277583,30,0.0017781751598182263,2.0
temporal,nfg,10.0,nb_at_0.03,0.01925484852887256,8212.313752597078,30,0.0017333924996056143,2.0
temporal,nfg,10.0,nb_at_0.05,0.025863231035476227,7539.249042709091,30,0.001645514333113782,2.0
temporal,nfg,10.0,nb_at_0.075,0.04275684918945813,5747.322680267031,30,0.0015651264081774704,2.0
temporal,nfg,10.0,nb_at_0.2,0.17283667738253275,882.8992791640811,30,0.000821674892572334,15.0
temporal,nfg,10.0,frac_above_0.01,0.8532626058995856,43.13456310032924,30,0.011595796166483692,166.0
temporal,nfg,10.0,frac_above_0.02,0.7869699363152214,50.49673204882669,30,0.00986085494671158,149.0
temporal,nfg,10.0,frac_above_0.03,0.676741633011338,67.55788392775702,30,0.008015507072825947,122.0
temporal,nfg,10.0,frac_above_0.05,0.5419311453787079,103.49457709016629,30,0.006512306864823924,89.0
temporal,nfg,10.0,frac_above_0.075,0.538771334433481,104.6616403115841,30,0.005857489689046625,89.0
temporal,nfg,10.0,frac_above_0.2,0.8831300834663174,40.30318511250346,30,0.0036663852441836836,173.0
temporal,nfg,10.0,nb_all_at_0.01,0.00021438523551789654,9326.000643017896,30,0.0018741690066556508,2.0
temporal,nfg,10.0,nb_all_at_0.02,0.00021438523551789654,9326.000643017896,30,0.0018932932105291376,2.0
temporal,nfg,10.0,nb_all_at_0.03,0.00021438523551789654,9326.000643017896,30,0.001912811740511758,2.0
temporal,nfg,10.0,nb_all_at_0.05,0.00021438523551789654,9326.000643017896,30,0.0019530814601843335,2.0
temporal,nfg,10.0,nb_all_at_0.075,0.00021438523551789654,9326.000643017896,30,0.002005867522102654,2.0
temporal,nfg,10.0,nb_all_at_0.2,0.00021438523551789654,9326.000643017896,30,0.002319284076957884,2.0
